Owner ID,Owner Name,Property ID,House Number,Street Number,Area,Block,Rooms,Property Type,Property Owner,Previous Owner,Ownership Status,Taxes Status,Legal Check,Utilities Bill,Price (PKR)
8103,Rahim Mahsud,DEMO-KPT-8103,House No. DC-694,Street 5,Bahria Town,1,3,Apartment,Rahim Mahsud,Rafiq Khuhro,Pending,Paid,Issue Found,Due,10000000.0
8349,Kashaf Saeed,DEMO-KPT-8349,House No. DR-477,Street 8,Bahria Town,1,3,Apartment,Kashaf Saeed,Sitara Memon,Litigated,Paid,Under Review,Due,8300000.0
1685,Hoorain Bangash,DEMO-KPT-1685,House No. C-661,Street 13,Bahria Town,1,3,Apartment,Hoorain Bangash,Zafar Sandhu,Verified,Paid,Issue Found,Due,8000000.0
8062,Alam Bangash,DEMO-KPT-8062,House No. CC-605,Street 15,Bahria Town,1,3,Apartment,Alam Bangash,Saba Sahito,Verified,Paid,Clear,Paid,8800000.0
1476,Farzana Memon,DEMO-KPT-1476,House No. B-658,Street 27,Bahria Town,1,3,Apartment,Farzana Memon,Marium Javed,Pending,Paid,Issue Found,Paid,8700000.0
15287,Luqman Bijarani,DEMO-KPT-15287,House No. CRD-446,Street 28,Bahria Town,1,3,Apartment,Luqman Bijarani,Sahil Cheena,Pending,Paid,Under Review,Due,8700000.0
8375,Zia Ali,DEMO-KPT-8375,House No. BR-891,Street 29,Bahria Town,1,3,Apartment,Zia Ali,Shahab Shah,Litigated,Paid,Under Review,Paid,8400000.0
1894,Tahreem Kidwai,DEMO-KPT-1894,House No. C-663,Street 3,Bahria Town,2,3,Apartment,Tahreem Kidwai,Aun Minhas,Pending,Paid,Clear,Due,8300000.0
8741,Wahab Durrani,DEMO-KPT-8741,House No. RC-751,Street 3,Bahria Town,2,3,Apartment,Wahab Durrani,Omer Wazir,Pending,Paid,Under Review,Paid,9700000.0
8565,Sabahat Dogar,DEMO-KPT-8565,House No. DB-783,Street 4,Bahria Town,2,3,Apartment,Sabahat Dogar,Zunair Samo,Pending,Paid,Under Review,Due,8200000.0
15566,Manahil Afridi,DEMO-KPT-15566,House No. BRC-570,Street 5,Bahria Town,2,3,Apartment,Manahil Afridi,Azan Saeed,Litigated,Paid,Under Review,Paid,9800000.0
15706,Asifa Mahsud,DEMO-KPT-15706,House No. BDR-836,Street 9,Bahria Town,2,3,Apartment,Asifa Mahsud,Haroon Jaffri,Pending,Paid,Issue Found,Paid,9300000.0
15585,Zunaira Tarar,DEMO-KPT-15585,House No. RCD-387,Street 16,Bahria Town,2,3,Apartment,Zunaira Tarar,Zulekha Dawood,Verified,Due,Clear,Due,8100000.0
1867,Arooj Dahri,DEMO-KPT-1867,House No. D-515,Street 25,Bahria Town,2,3,Apartment,Arooj Dahri,Riaz Rabbani,Pending,Due,Issue Found,Paid,8000000.0
8685,Kanwal Virk,DEMO-KPT-8685,House No. CR-463,Street 26,Bahria Town,2,3,Apartment,Kanwal Virk,Sehrish Jogezai,Verified,Paid,Clear,Paid,8200000.0
15669,Qamar Kakar,DEMO-KPT-15669,House No. DRB-377,Street 28,Bahria Town,2,3,Apartment,Qamar Kakar,Nafisa Lashari,Litigated,Paid,Issue Found,Due,8600000.0
1907,Aun Randhawa,DEMO-KPT-1907,House No. B-659,Street 30,Bahria Town,2,3,Apartment,Aun Randhawa,Anas Shinwari,Verified,Paid,Issue Found,Due,8700000.0
16260,Urooj Pasha,DEMO-KPT-16260,House No. CDB-522,Street 1,Bahria Town,3,3,Apartment,Urooj Pasha,Asim Hanif,Pending,Paid,Issue Found,Due,9600000.0
16062,Rayyan Yousafzai,DEMO-KPT-16062,House No. CRD-350,Street 5,Bahria Town,3,3,Apartment,Rayyan Yousafzai,Athar Usmani,Pending,Paid,Under Review,Due,9900000.0
1968,Saeeda Sial,DEMO-KPT-1968,House No. B-452,Street 17,Bahria Town,3,3,Apartment,Saeeda Sial,Safa Cheena,Litigated,Due,Under Review,Due,8000000.0
2058,Ambreen Mohammadzai,DEMO-KPT-2058,House No. B-446,Street 23,Bahria Town,3,3,Apartment,Ambreen Mohammadzai,Firdous Sipra,Verified,Due,Under Review,Paid,9700000.0
9235,Sheeba Rajper,DEMO-KPT-9235,House No. CB-747,Street 24,Bahria Town,3,3,Apartment,Sheeba Rajper,Nabeel Ali,Litigated,Paid,Issue Found,Paid,8600000.0
9242,Amber Parvez,DEMO-KPT-9242,House No. BR-618,Street 26,Bahria Town,3,3,Apartment,Amber Parvez,Tamkeen Durrani,Verified,Due,Issue Found,Due,10000000.0
9629,Gohar Janjua,DEMO-KPT-9629,House No. RB-819,Street 3,Bahria Town,4,3,Apartment,Gohar Janjua,Hussam Hoti,Litigated,Paid,Issue Found,Due,9700000.0
2535,Yumna Bhittani,DEMO-KPT-2535,House No. D-488,Street 16,Bahria Town,4,3,Apartment,Yumna Bhittani,Ramsha Barakzai,Verified,Due,Clear,Due,9300000.0
16771,Mahnaz Zaman,DEMO-KPT-16771,House No. DRB-312,Street 16,Bahria Town,4,3,Apartment,Mahnaz Zaman,Tabish Jogezai,Verified,Paid,Issue Found,Paid,8700000.0
9618,Afshan Usmani,DEMO-KPT-9618,House No. RB-826,Street 17,Bahria Town,4,3,Apartment,Afshan Usmani,Batool Dogar,Litigated,Due,Under Review,Due,9400000.0
16717,Ayaz Mengal,DEMO-KPT-16717,House No. CDB-302,Street 25,Bahria Town,4,3,Apartment,Ayaz Mengal,Shoaib Sadiq,Pending,Due,Issue Found,Paid,9800000.0
2423,Zafar Yousaf,DEMO-KPT-2423,House No. R-716,Street 26,Bahria Town,4,3,Apartment,Zafar Yousaf,Zuha Tunio,Litigated,Due,Clear,Paid,8800000.0
9744,Sabika Saeed,DEMO-KPT-9744,House No. RB-861,Street 3,Bahria Town,5,3,Apartment,Sabika Saeed,Khurram Sultan,Litigated,Paid,Issue Found,Paid,8000000.0
9967,Adnan Sadiq,DEMO-KPT-9967,House No. BD-739,Street 25,Bahria Town,5,3,Apartment,Adnan Sadiq,Hassan Javed,Pending,Due,Issue Found,Paid,8500000.0
16925,Aleeza Aslam,DEMO-KPT-16925,House No. CBR-580,Street 29,Bahria Town,5,3,Apartment,Aleeza Aslam,Talha Shaikh,Litigated,Paid,Under Review,Paid,9300000.0
3244,Zeeshan Tanoli,DEMO-KPT-3244,House No. R-579,Street 3,Bahria Town,6,3,Apartment,Zeeshan Tanoli,Munir Pasha,Pending,Paid,Clear,Due,9000000.0
10417,Alam Mohmand,DEMO-KPT-10417,House No. DD-519,Street 25,Bahria Town,6,3,Apartment,Alam Mohmand,Haleema Mohammadzai,Pending,Due,Issue Found,Paid,8800000.0
3523,Abrar Rana,DEMO-KPT-3523,House No. C-441,Street 3,Bahria Town,7,3,Apartment,Abrar Rana,Zubia Afridi,Pending,Due,Under Review,Due,8400000.0
10522,Raza Ghazali,DEMO-KPT-10522,House No. RR-715,Street 5,Bahria Town,7,3,Apartment,Raza Ghazali,Mirza Bhurgri,Litigated,Due,Clear,Due,8600000.0
3402,Sohaib Barakzai,DEMO-KPT-3402,House No. R-457,Street 20,Bahria Town,7,3,Apartment,Sohaib Barakzai,Mahwish Jafri,Litigated,Due,Clear,Due,9000000.0
10423,Erum Tarar,DEMO-KPT-10423,House No. CB-632,Street 20,Bahria Town,7,3,Apartment,Erum Tarar,Fareed Virk,Pending,Due,Under Review,Due,8300000.0
10734,Emaad Bukhari,DEMO-KPT-10734,House No. RR-488,Street 24,Bahria Town,7,3,Apartment,Emaad Bukhari,Tahreem Farooqi,Verified,Paid,Under Review,Due,8200000.0
10485,Sajid Bhutto,DEMO-KPT-10485,House No. DD-820,Street 26,Bahria Town,7,3,Apartment,Sajid Bhutto,Nasrullah Gondal,Verified,Paid,Clear,Paid,9200000.0
10462,Rukhsana Bilgrami,DEMO-KPT-10462,House No. DB-843,Street 30,Bahria Town,7,3,Apartment,Rukhsana Bilgrami,Minahil Zardari,Verified,Due,Issue Found,Due,8300000.0
11009,Asad Shaikh,DEMO-KPT-11009,House No. BR-609,Street 1,Bahria Town,8,3,Apartment,Asad Shaikh,Naeem Haral,Litigated,Paid,Clear,Paid,9100000.0
10991,Sadia Tunio,DEMO-KPT-10991,House No. DC-443,Street 3,Bahria Town,8,3,Apartment,Sadia Tunio,Raees Sohu,Pending,Paid,Under Review,Paid,9100000.0
3775,Zehra Yaqoob,DEMO-KPT-3775,House No. B-488,Street 12,Bahria Town,8,3,Apartment,Zehra Yaqoob,Iffat Qazi,Pending,Paid,Under Review,Paid,9900000.0
3853,Osama Haral,DEMO-KPT-3853,House No. BD-430,Street 27,Bahria Town,8,3,Apartment,Osama Haral,Noshaba Lughmani,Litigated,Due,Clear,Paid,8800000.0
3935,Talat Rajput,DEMO-KPT-3935,House No. RB-628,Street 13,Bahria Town,9,3,Apartment,Talat Rajput,Batool Tanvir,Verified,Paid,Issue Found,Due,8100000.0
11135,Nabila Zafar,DEMO-KPT-11135,House No. CB-447,Street 13,Bahria Town,9,3,Apartment,Nabila Zafar,Haroon Bhutto,Verified,Paid,Issue Found,Due,9400000.0
4061,Khawar Nadeem,DEMO-KPT-4061,House No. CB-662,Street 15,Bahria Town,9,3,Apartment,Khawar Nadeem,Tasneem Janjua,Pending,Paid,Issue Found,Due,9700000.0
4094,Sami Parvez,DEMO-KPT-4094,House No. CB-528,Street 15,Bahria Town,9,3,Apartment,Sami Parvez,Faisal Jafri,Verified,Paid,Under Review,Due,8300000.0
11294,Zainab Panhwar,DEMO-KPT-11294,House No. CC-805,Street 15,Bahria Town,9,3,Apartment,Zainab Panhwar,Zaib Ansari,Verified,Paid,Under Review,Due,9200000.0
3986,Hadi Nawaz,DEMO-KPT-3986,House No. DC-748,Street 18,Bahria Town,9,3,Apartment,Hadi Nawaz,Benazir Khalid,Verified,Paid,Issue Found,Due,8200000.0
11116,Luqman Kamal,DEMO-KPT-11116,House No. BB-431,Street 26,Bahria Town,9,3,Apartment,Luqman Kamal,Urwa Kasi,Pending,Paid,Clear,Due,9700000.0
11126,Ahsan Dogar,DEMO-KPT-11126,House No. RD-895,Street 27,Bahria Town,9,3,Apartment,Ahsan Dogar,Mohsin Anwar,Verified,Due,Clear,Paid,8900000.0
4118,Kanwar Kazmi,DEMO-KPT-4118,House No. DD-744,Street 29,Bahria Town,9,3,Apartment,Kanwar Kazmi,Shanza Mirani,Verified,Due,Issue Found,Due,10000000.0
4306,Lina Ilyas,DEMO-KPT-4306,House No. RC-661,Street 4,Bahria Town,10,3,Apartment,Lina Ilyas,Murtaza Lari,Litigated,Due,Clear,Due,9900000.0
4163,Farhan Farooq,DEMO-KPT-4163,House No. BD-702,Street 10,Bahria Town,10,3,Apartment,Farhan Farooq,Bilawal Bajwa,Litigated,Due,Clear,Paid,9100000.0
4323,Zeeshan Naseem,DEMO-KPT-4323,House No. CD-830,Street 11,Bahria Town,10,3,Apartment,Zeeshan Naseem,Rukhsana Awan,Verified,Paid,Under Review,Due,9800000.0
4352,Wali Bangash,DEMO-KPT-4352,House No. DR-401,Street 11,Bahria Town,10,3,Apartment,Wali Bangash,Moiz Lari,Litigated,Due,Under Review,Due,8600000.0
11641,Salma Sultan,DEMO-KPT-11641,House No. BD-715,Street 22,Bahria Town,10,3,Apartment,Salma Sultan,Aqeel Shafiq,Verified,Due,Clear,Paid,8200000.0
11485,Farzana Sabri,DEMO-KPT-11485,House No. CC-574,Street 24,Bahria Town,10,3,Apartment,Farzana Sabri,Ihtisham Shakeel,Litigated,Paid,Issue Found,Paid,8100000.0
11732,Yameen Rabbani,DEMO-KPT-11732,House No. CC-890,Street 15,Bahria Town,11,3,Apartment,Yameen Rabbani,Lubna Bhat,Litigated,Due,Clear,Paid,8700000.0
4693,Hashir Jaffri,DEMO-KPT-4693,House No. RD-446,Street 23,Bahria Town,11,3,Apartment,Hashir Jaffri,Shayan Shafi,Pending,Due,Clear,Paid,8900000.0
4658,Tahir Lashari,DEMO-KPT-4658,House No. RC-418,Street 30,Bahria Town,11,3,Apartment,Tahir Lashari,Zuha Janjua,Litigated,Due,Under Review,Due,8200000.0
12073,Qayyum Yasin,DEMO-KPT-12073,House No. CB-697,Street 3,Bahria Town,12,3,Apartment,Qayyum Yasin,Inshal Chandio,Pending,Due,Under Review,Due,8700000.0
12148,Rashid Gakhar,DEMO-KPT-12148,House No. DD-681,Street 6,Bahria Town,12,3,Apartment,Rashid Gakhar,Salma Kasi,Litigated,Paid,Under Review,Paid,8300000.0
12180,Mehreen Yaqoob,DEMO-KPT-12180,House No. BC-324,Street 8,Bahria Town,12,3,Apartment,Mehreen Yaqoob,Daniyal Lodhi,Litigated,Due,Issue Found,Due,9200000.0
4773,Hussam Pirzada,DEMO-KPT-4773,House No. BD-885,Street 11,Bahria Town,12,3,Apartment,Hussam Pirzada,Nabila Ranjha,Verified,Paid,Under Review,Due,8800000.0
12161,Farzana Jogezai,DEMO-KPT-12161,House No. BR-531,Street 15,Bahria Town,12,3,Apartment,Farzana Jogezai,Kabir Mustafa,Pending,Paid,Issue Found,Due,9400000.0
4785,Rehman Kayani,DEMO-KPT-4785,House No. DD-484,Street 16,Bahria Town,12,3,Apartment,Rehman Kayani,Arbaz Palijo,Verified,Due,Clear,Due,10000000.0
12016,Farhan Rabbani,DEMO-KPT-12016,House No. RB-743,Street 26,Bahria Town,12,3,Apartment,Farhan Rabbani,Farah Mir,Pending,Paid,Clear,Due,9100000.0
12603,Saleha Shakir,DEMO-KPT-12603,House No. BB-873,Street 5,Bahria Town,13,3,Apartment,Saleha Shakir,Bashir Riaz,Pending,Paid,Issue Found,Due,8500000.0
5220,Husna Samo,DEMO-KPT-5220,House No. BR-430,Street 15,Bahria Town,13,3,Apartment,Husna Samo,Nawal Qadri,Pending,Paid,Clear,Paid,9100000.0
5071,Zahid Hayat,DEMO-KPT-5071,House No. BC-369,Street 16,Bahria Town,13,3,Apartment,Zahid Hayat,Mahwish Shakeel,Verified,Paid,Issue Found,Paid,9100000.0
5119,Ilyas Junejo,DEMO-KPT-5119,House No. RR-455,Street 19,Bahria Town,13,3,Apartment,Ilyas Junejo,Dawood Shafi,Pending,Due,Clear,Due,8600000.0
5773,Faizan Kamboh,DEMO-KPT-5773,House No. RC-491,Street 3,Bahria Town,14,3,Apartment,Faizan Kamboh,Munib Mengal,Pending,Due,Under Review,Due,8800000.0
5756,Hafiz Gilani,DEMO-KPT-5756,House No. BC-608,Street 17,Bahria Town,14,3,Apartment,Hafiz Gilani,Rukhsana Qazi,Pending,Paid,Under Review,Due,10000000.0
12667,Bareera Mian,DEMO-KPT-12667,House No. CD-874,Street 25,Bahria Town,14,3,Apartment,Bareera Mian,Asim Noor,Pending,Due,Issue Found,Paid,8200000.0
5830,Bisma Latif,DEMO-KPT-5830,House No. CB-412,Street 9,Bahria Town,15,3,Apartment,Bisma Latif,Javeria Tanvir,Verified,Due,Issue Found,Paid,9900000.0
13225,Haseeb Samo,DEMO-KPT-13225,House No. DC-661,Street 12,Bahria Town,15,3,Apartment,Haseeb Samo,Abrar Mahar,Pending,Paid,Under Review,Paid,10000000.0
6064,Malaika Marwat,DEMO-KPT-6064,House No. DC-597,Street 14,Bahria Town,15,3,Apartment,Malaika Marwat,Rohail Kazmi,Pending,Paid,Under Review,Due,8500000.0
13281,Firdous Shakeel,DEMO-KPT-13281,House No. RB-435,Street 18,Bahria Town,15,3,Apartment,Firdous Shakeel,Mahjabeen Abbasi,Verified,Paid,Clear,Paid,9700000.0
13176,Aneela Zubairi,DEMO-KPT-13176,House No. RC-345,Street 27,Bahria Town,15,3,Apartment,Aneela Zubairi,Sitara Sindhi,Pending,Paid,Issue Found,Paid,8700000.0
6280,Sajida Soomro,DEMO-KPT-6280,House No. DC-466,Street 9,Bahria Town,16,3,Apartment,Sajida Soomro,Nuzhat Sabri,Verified,Due,Issue Found,Paid,8500000.0
6266,Hussain Marri,DEMO-KPT-6266,House No. CR-589,Street 13,Bahria Town,16,3,Apartment,Hussain Marri,Mirha Mahsud,Pending,Due,Clear,Due,9400000.0
13466,Khawar Ghaffar,DEMO-KPT-13466,House No. CBR-855,Street 13,Bahria Town,16,3,Apartment,Khawar Ghaffar,Imad Kayani,Pending,Due,Clear,Due,9200000.0
13697,Jabbar Shafiq,DEMO-KPT-13697,House No. DRB-349,Street 16,Bahria Town,16,3,Apartment,Jabbar Shafiq,Shabbir Zubair,Pending,Paid,Under Review,Paid,8800000.0
13777,Laiba Mangi,DEMO-KPT-13777,House No. CRD-424,Street 9,Bahria Town,17,3,Apartment,Laiba Mangi,Sumbal Kamboh,Pending,Paid,Under Review,Due,10000000.0
13830,Rafiq Marwat,DEMO-KPT-13830,House No. CBR-884,Street 16,Bahria Town,17,3,Apartment,Rafiq Marwat,Mehwish Daudzai,Verified,Due,Clear,Paid,9700000.0
14019,Aziz Hayat,DEMO-KPT-14019,House No. RCB-407,Street 27,Bahria Town,17,3,Apartment,Aziz Hayat,Dawood Niazi,Litigated,Due,Under Review,Paid,8700000.0
14260,Mariam Virk,DEMO-KPT-14260,House No. CBR-527,Street 6,Bahria Town,18,3,Apartment,Mariam Virk,Jannat Afridi,Verified,Due,Issue Found,Due,9000000.0
14368,Sabih Hashmi,DEMO-KPT-14368,House No. DBC-784,Street 11,Bahria Town,18,3,Apartment,Sabih Hashmi,Shafay Randhawa,Pending,Paid,Issue Found,Paid,8100000.0
14131,Mehboob Talpur,DEMO-KPT-14131,House No. DBR-881,Street 14,Bahria Town,18,3,Apartment,Mehboob Talpur,Aamir Shafi,Verified,Due,Under Review,Paid,8700000.0
7307,Yousaf Buriro,DEMO-KPT-7307,House No. DD-384,Street 30,Bahria Town,18,3,Apartment,Yousaf Buriro,Benazir Qazi,Verified,Paid,Issue Found,Due,8100000.0
7510,Kafeel Cheema,DEMO-KPT-7510,House No. CB-420,Street 6,Bahria Town,19,3,Apartment,Kafeel Cheema,Armaghan Zaidi,Verified,Due,Issue Found,Due,9000000.0
7618,Parvez Daudzai,DEMO-KPT-7618,House No. CR-710,Street 11,Bahria Town,19,3,Apartment,Parvez Daudzai,Irfan Siddiqui,Pending,Paid,Issue Found,Paid,9200000.0
14882,Zehra Warsi,DEMO-KPT-14882,House No. DBR-839,Street 15,Bahria Town,19,3,Apartment,Zehra Warsi,Sameer Bhittani,Litigated,Due,Clear,Paid,8800000.0
7571,Warda Panezai,DEMO-KPT-7571,House No. BD-695,Street 17,Bahria Town,19,3,Apartment,Warda Panezai,Nosheen Dayo,Pending,Due,Clear,Paid,8200000.0
14791,Najma Hoti,DEMO-KPT-14791,House No. BCR-706,Street 22,Bahria Town,19,3,Apartment,Najma Hoti,Nigar Zubair,Verified,Due,Clear,Paid,8600000.0
7472,Khadija Unar,DEMO-KPT-7472,House No. BR-530,Street 26,Bahria Town,19,3,Apartment,Khadija Unar,Ghazanfar Kamal,Pending,Due,Under Review,Paid,9800000.0
7902,Nadia Kamal,DEMO-KPT-7902,House No. CD-754,Street 20,Bahria Town,20,3,Apartment,Nadia Kamal,Mahrukh Zahid,Litigated,Due,Clear,Due,9000000.0
1627,Batool Mahar,DEMO-KPT-1627,House No. R-413,Street 9,Clifton,1,3,Apartment,Batool Mahar,Mina Jafri,Pending,Paid,Under Review,Due,64500000.0
15602,Fayyaz Noor,DEMO-KPT-15602,House No. RBC-354,Street 11,Clifton,1,3,Apartment,Fayyaz Noor,Marium Umer,Litigated,Due,Under Review,Due,58000000.0
8962,Zaheer Sindhi,DEMO-KPT-8962,House No. RB-699,Street 15,Clifton,1,3,Apartment,Zaheer Sindhi,Madiha Dar,Verified,Paid,Clear,Paid,72400000.0
15765,Masood Sohu,DEMO-KPT-15765,House No. RDB-364,Street 4,Clifton,2,3,Apartment,Masood Sohu,Kanwar Sohu,Pending,Paid,Under Review,Due,77800000.0
15716,Kaleemullah Gandapur,DEMO-KPT-15716,House No. BCD-459,Street 13,Clifton,2,3,Apartment,Kaleemullah Gandapur,Nadia Jamal,Pending,Due,Clear,Due,65400000.0
1981,Haleema Ranjha,DEMO-KPT-1981,House No. B-787,Street 14,Clifton,2,3,Apartment,Haleema Ranjha,Mazhar Kidwai,Verified,Due,Under Review,Paid,77000000.0
9606,Shazia Jafri,DEMO-KPT-9606,House No. BD-423,Street 17,Clifton,2,3,Apartment,Shazia Jafri,Shafay Khattak,Verified,Due,Issue Found,Due,50400000.0
9956,Mehreen Sabri,DEMO-KPT-9956,House No. DC-515,Street 9,Clifton,3,3,Apartment,Mehreen Sabri,Rehman Randhawa,Verified,Due,Under Review,Paid,78300000.0
9868,Shahab Awan,DEMO-KPT-9868,House No. RC-562,Street 11,Clifton,3,3,Apartment,Shahab Awan,Farzana Hinjra,Pending,Paid,Issue Found,Paid,65300000.0
9965,Sultan Gill,DEMO-KPT-9965,House No. BD-473,Street 27,Clifton,3,3,Apartment,Sultan Gill,Kanwar Lashari,Pending,Paid,Issue Found,Due,55300000.0
15819,Riaz Bhutto,DEMO-KPT-15819,House No. RDB-750,Street 27,Clifton,3,3,Apartment,Riaz Bhutto,Qasim Sandhu,Litigated,Due,Under Review,Paid,56800000.0
9976,Khansa Sindhi,DEMO-KPT-9976,House No. DC-795,Street 29,Clifton,3,3,Apartment,Khansa Sindhi,Anam Sahito,Pending,Paid,Issue Found,Due,63500000.0
2357,Farwa Buriro,DEMO-KPT-2357,House No. R-642,Street 30,Clifton,3,3,Apartment,Farwa Buriro,Talal Gilani,Verified,Paid,Issue Found,Due,55900000.0
16680,Rashida Daudzai,DEMO-KPT-16680,House No. CBR-346,Street 8,Clifton,4,3,Apartment,Rashida Daudzai,Aqsa Jamali,Litigated,Due,Issue Found,Due,55400000.0
2464,Ayan Sheikh,DEMO-KPT-2464,House No. C-855,Street 14,Clifton,4,3,Apartment,Ayan Sheikh,Sheeba Niazi,Pending,Paid,Under Review,Due,78300000.0
10131,Madiha Zubairi,DEMO-KPT-10131,House No. RR-613,Street 18,Clifton,4,3,Apartment,Madiha Zubairi,Sabrina Randhawa,Verified,Paid,Clear,Paid,57900000.0
16273,Arbaz Khuhro,DEMO-KPT-16273,House No. RDC-891,Street 20,Clifton,4,3,Apartment,Arbaz Khuhro,Rehmat Popalzai,Pending,Due,Under Review,Due,63900000.0
16491,Iqbal Ranjha,DEMO-KPT-16491,House No. DBC-654,Street 20,Clifton,4,3,Apartment,Iqbal Ranjha,Zuha Swati,Litigated,Paid,Issue Found,Due,64400000.0
2771,Sohaib Swati,DEMO-KPT-2771,House No. B-762,Street 22,Clifton,4,3,Apartment,Sohaib Swati,Mubashra Shafiq,Verified,Paid,Under Review,Paid,60700000.0
16458,Rahila Yousafzai,DEMO-KPT-16458,House No. CRB-868,Street 23,Clifton,4,3,Apartment,Rahila Yousafzai,Aneeqa Riaz,Verified,Due,Under Review,Paid,67500000.0
3165,Aleena Shakeel,DEMO-KPT-3165,House No. R-690,Street 4,Clifton,5,3,Apartment,Aleena Shakeel,Shafay Zardari,Pending,Paid,Under Review,Due,60400000.0
10235,Faisal Panezai,DEMO-KPT-10235,House No. CD-881,Street 13,Clifton,5,3,Apartment,Faisal Panezai,Mehak Shakeel,Verified,Paid,Issue Found,Due,63500000.0
16864,Sarah Lone,DEMO-KPT-16864,House No. DCB-521,Street 14,Clifton,5,3,Apartment,Sarah Lone,Azeem Laghari,Pending,Paid,Under Review,Due,75800000.0
10286,Malaika Tanoli,DEMO-KPT-10286,House No. BD-354,Street 18,Clifton,5,3,Apartment,Malaika Tanoli,Maqsood Bhittani,Verified,Paid,Issue Found,Due,75000000.0
16833,Nasreen Sabri,DEMO-KPT-16833,House No. BRC-417,Street 26,Clifton,5,3,Apartment,Nasreen Sabri,Asifa Mansoor,Pending,Paid,Issue Found,Due,62800000.0
16966,Fatima Memon,DEMO-KPT-16966,House No. BCD-343,Street 26,Clifton,5,3,Apartment,Fatima Memon,Sharmeen Aslam,Pending,Paid,Clear,Due,52600000.0
3215,Sarah Mehmood,DEMO-KPT-3215,House No. D-680,Street 27,Clifton,5,3,Apartment,Sarah Mehmood,Sabir Dahri,Pending,Paid,Issue Found,Due,54700000.0
10444,Sadia Wazir,DEMO-KPT-10444,House No. DD-695,Street 3,Clifton,6,3,Apartment,Sadia Wazir,Hafsa Kakar,Pending,Paid,Clear,Due,71600000.0
3333,Rabia Hussain,DEMO-KPT-3333,House No. C-623,Street 26,Clifton,6,3,Apartment,Rabia Hussain,Sadaqat Nasar,Pending,Paid,Issue Found,Due,64100000.0
3707,Aqib Bhurgri,DEMO-KPT-3707,House No. D-595,Street 30,Clifton,7,3,Apartment,Aqib Bhurgri,Mushtaq Awan,Verified,Paid,Issue Found,Due,52200000.0
3894,Alina Kharal,DEMO-KPT-3894,House No. BR-589,Street 3,Clifton,8,3,Apartment,Alina Kharal,Saeeda Khuhro,Litigated,Paid,Issue Found,Paid,50100000.0
10748,Rameez Awan,DEMO-KPT-10748,House No. BR-393,Street 7,Clifton,8,3,Apartment,Rameez Awan,Shabana Tunio,Litigated,Due,Clear,Paid,67000000.0
3877,Aryan Shaikh,DEMO-KPT-3877,House No. BD-351,Street 9,Clifton,8,3,Apartment,Aryan Shaikh,Inshal Dar,Pending,Paid,Under Review,Due,56600000.0
4613,Sania Lughmani,DEMO-KPT-4613,House No. RR-758,Street 10,Clifton,9,3,Apartment,Sania Lughmani,Bakhtiar Zafar,Litigated,Due,Clear,Paid,63400000.0
4302,Tabish Sandhu,DEMO-KPT-4302,House No. RC-397,Street 20,Clifton,9,3,Apartment,Tabish Sandhu,Zaynab Hanif,Litigated,Due,Clear,Due,58200000.0
11323,Sahar Sindhi,DEMO-KPT-11323,House No. CD-612,Street 20,Clifton,9,3,Apartment,Sahar Sindhi,Ilyas Palijo,Pending,Due,Under Review,Due,72600000.0
4441,Neelam Farooqi,DEMO-KPT-4441,House No. RD-639,Street 22,Clifton,9,3,Apartment,Neelam Farooqi,Saima Tariq,Verified,Due,Clear,Paid,78200000.0
11376,Khizar Dahri,DEMO-KPT-11376,House No. BC-390,Street 27,Clifton,9,3,Apartment,Khizar Dahri,Yousaf Ansari,Pending,Paid,Issue Found,Paid,71800000.0
4576,Farheen Kamal,DEMO-KPT-4576,House No. DD-620,Street 29,Clifton,9,3,Apartment,Farheen Kamal,Abbas Popalzai,Pending,Paid,Issue Found,Due,78700000.0
12079,Hira Naqvi,DEMO-KPT-12079,House No. BC-616,Street 1,Clifton,10,3,Apartment,Hira Naqvi,Rustam Naseem,Pending,Due,Clear,Due,50400000.0
4771,Nihal Qadri,DEMO-KPT-4771,House No. DD-832,Street 7,Clifton,10,3,Apartment,Nihal Qadri,Suleman Zubairi,Litigated,Paid,Under Review,Due,55700000.0
11711,Saba Shinwari,DEMO-KPT-11711,House No. CB-384,Street 15,Clifton,10,3,Apartment,Saba Shinwari,Yusuf Lashari,Pending,Paid,Issue Found,Due,53800000.0
12112,Sahar Waheed,DEMO-KPT-12112,House No. DR-368,Street 15,Clifton,10,3,Apartment,Sahar Waheed,Tabassum Samo,Verified,Paid,Clear,Paid,57600000.0
11767,Arham Ijaz,DEMO-KPT-11767,House No. CC-358,Street 25,Clifton,10,3,Apartment,Arham Ijaz,Zarar Kasi,Pending,Due,Issue Found,Paid,77900000.0
11768,Hafiz Korai,DEMO-KPT-11768,House No. DD-317,Street 29,Clifton,10,3,Apartment,Hafiz Korai,Rayyan Saleem,Verified,Due,Issue Found,Due,51800000.0
5053,Warda Bugti,DEMO-KPT-5053,House No. DB-330,Street 1,Clifton,11,3,Apartment,Warda Bugti,Nargis Sipra,Verified,Paid,Clear,Paid,68900000.0
5106,Sabih Baloch,DEMO-KPT-5106,House No. RB-895,Street 17,Clifton,11,3,Apartment,Sabih Baloch,Eman Lone,Verified,Due,Issue Found,Due,79800000.0
12221,Ilyas Bangash,DEMO-KPT-12221,House No. RC-710,Street 22,Clifton,11,3,Apartment,Ilyas Bangash,Abid Shafi,Verified,Paid,Under Review,Paid,78200000.0
12619,Sajjad Talpur,DEMO-KPT-12619,House No. DC-875,Street 14,Clifton,12,3,Apartment,Sajjad Talpur,Huma Tareen,Litigated,Due,Clear,Paid,57500000.0
12464,Tayyeb Malik,DEMO-KPT-12464,House No. DD-601,Street 21,Clifton,12,3,Apartment,Tayyeb Malik,Marwa Marri,Pending,Paid,Issue Found,Paid,72000000.0
5583,Ghazala Toor,DEMO-KPT-5583,House No. CB-701,Street 26,Clifton,12,3,Apartment,Ghazala Toor,Mehmood Mirani,Pending,Paid,Issue Found,Due,56500000.0
12511,Anum Mahesar,DEMO-KPT-12511,House No. DC-312,Street 26,Clifton,12,3,Apartment,Anum Mahesar,Esha Rabbani,Verified,Paid,Clear,Paid,52100000.0
12809,Rustam Ghaffar,DEMO-KPT-12809,House No. DB-382,Street 1,Clifton,13,3,Apartment,Rustam Ghaffar,Aiman Bhittani,Litigated,Paid,Clear,Paid,65700000.0
5832,Urooj Kalhoro,DEMO-KPT-5832,House No. DD-445,Street 14,Clifton,13,3,Apartment,Urooj Kalhoro,Muzammil Lakhani,Verified,Due,Issue Found,Due,68600000.0
12885,Nadia Imran,DEMO-KPT-12885,House No. RB-676,Street 16,Clifton,13,3,Apartment,Nadia Imran,Hamza Laghari,Verified,Due,Clear,Due,52000000.0
12875,Sajid Sohu,DEMO-KPT-12875,House No. BB-380,Street 29,Clifton,13,3,Apartment,Sajid Sohu,Malaika Joiya,Litigated,Paid,Under Review,Paid,68300000.0
13144,Firdous Sabri,DEMO-KPT-13144,House No. BD-693,Street 3,Clifton,14,3,Apartment,Firdous Sabri,Ramsha Bhat,Pending,Paid,Clear,Due,60700000.0
6344,Saher Hafeez,DEMO-KPT-6344,House No. CD-629,Street 15,Clifton,14,3,Apartment,Saher Hafeez,Amna Pasha,Verified,Paid,Under Review,Due,62700000.0
6421,Uzma Khokhar,DEMO-KPT-6421,House No. BD-356,Street 16,Clifton,14,3,Apartment,Uzma Khokhar,Aashir Sheikh,Verified,Paid,Issue Found,Paid,55200000.0
6468,Ashraf Tahir,DEMO-KPT-6468,House No. CB-809,Street 17,Clifton,14,3,Apartment,Ashraf Tahir,Batool Farooq,Litigated,Due,Under Review,Due,68100000.0
6373,Amjad Mansoor,DEMO-KPT-6373,House No. BB-770,Street 20,Clifton,14,3,Apartment,Amjad Mansoor,Zawar Tariq,Pending,Due,Under Review,Due,78600000.0
13448,Uzair Zardari,DEMO-KPT-13448,House No. BDR-529,Street 7,Clifton,15,3,Apartment,Uzair Zardari,Aneesa Dawood,Litigated,Due,Clear,Paid,70800000.0
13411,Shamim Rana,DEMO-KPT-13411,House No. DR-370,Street 26,Clifton,15,3,Apartment,Shamim Rana,Yumna Chaudhry,Verified,Paid,Clear,Paid,57900000.0
7260,Nafisa Ansari,DEMO-KPT-7260,House No. CD-440,Street 1,Clifton,16,3,Apartment,Nafisa Ansari,Aneela Mirani,Pending,Paid,Issue Found,Due,62100000.0
7182,Obaid Yazdani,DEMO-KPT-7182,House No. RB-649,Street 14,Clifton,16,3,Apartment,Obaid Yazdani,Rustam Kalhoro,Verified,Due,Issue Found,Due,58300000.0
13791,Mukhtar Bhat,DEMO-KPT-13791,House No. RDC-823,Street 20,Clifton,16,3,Apartment,Mukhtar Bhat,Sahil Tarar,Litigated,Paid,Issue Found,Due,59000000.0
7187,Laila Bhutto,DEMO-KPT-7187,House No. RB-677,Street 28,Clifton,16,3,Apartment,Laila Bhutto,Mehreen Jadoon,Pending,Paid,Under Review,Due,71100000.0
14187,Arooj Tareen,DEMO-KPT-14187,House No. BCR-815,Street 8,Clifton,17,3,Apartment,Arooj Tareen,Salma Laghari,Pending,Paid,Issue Found,Due,51200000.0
14276,Riaz Cheema,DEMO-KPT-14276,House No. BCD-661,Street 27,Clifton,17,3,Apartment,Riaz Cheema,Nighat Zia,Verified,Due,Clear,Paid,59100000.0
14057,Rashida Panhwar,DEMO-KPT-14057,House No. CDB-648,Street 30,Clifton,17,3,Apartment,Rashida Panhwar,Urwa Zardari,Verified,Paid,Issue Found,Due,67000000.0
14356,Inayat Jamal,DEMO-KPT-14356,House No. RDB-626,Street 9,Clifton,18,3,Apartment,Inayat Jamal,Rameez Bugti,Pending,Paid,Issue Found,Paid,71000000.0
7920,Kashif Nadeem,DEMO-KPT-7920,House No. DR-387,Street 15,Clifton,18,3,Apartment,Kashif Nadeem,Shumaila Tareen,Pending,Paid,Clear,Paid,62700000.0
7964,Nasreen Jogezai,DEMO-KPT-7964,House No. BB-467,Street 21,Clifton,18,3,Apartment,Nasreen Jogezai,Shahzad Butt,Pending,Paid,Issue Found,Paid,63600000.0
8410,Ramsha Bhatti,DEMO-KPT-8410,House No. BC-841,Street 6,Clifton,19,3,Apartment,Ramsha Bhatti,Nabeeha Riaz,Verified,Due,Issue Found,Due,58100000.0
14671,Nadia Lak,DEMO-KPT-14671,House No. CBR-833,Street 7,Clifton,19,3,Apartment,Nadia Lak,Abeera Zubair,Litigated,Paid,Under Review,Due,55500000.0
14581,Taha Rajput,DEMO-KPT-14581,House No. BCD-825,Street 14,Clifton,19,3,Apartment,Taha Rajput,Ramsha Sahito,Verified,Due,Under Review,Paid,69500000.0
8221,Farah Mohammadzai,DEMO-KPT-8221,House No. DR-364,Street 16,Clifton,19,3,Apartment,Farah Mohammadzai,Shabana Riaz,Verified,Paid,Issue Found,Paid,51900000.0
14568,Asif Rashid,DEMO-KPT-14568,House No. BCR-747,Street 17,Clifton,19,3,Apartment,Asif Rashid,Zara Kakar,Litigated,Due,Under Review,Due,74000000.0
8452,Yusra Gondal,DEMO-KPT-8452,House No. CR-796,Street 30,Clifton,19,3,Apartment,Yusra Gondal,Madiha Mazari,Verified,Paid,Under Review,Due,61300000.0
8722,Safa Mangi,DEMO-KPT-8722,House No. CR-383,Street 5,Clifton,20,3,Apartment,Safa Mangi,Marwa Marwat,Litigated,Due,Clear,Due,60200000.0
14735,Sakina Malik,DEMO-KPT-14735,House No. CBD-878,Street 13,Clifton,20,3,Apartment,Sakina Malik,Hadiqa Pirzada,Verified,Paid,Issue Found,Due,73500000.0
14921,Farhan Kalhoro,DEMO-KPT-14921,House No. DCB-411,Street 22,Clifton,20,3,Apartment,Farhan Kalhoro,Yawar Lak,Verified,Paid,Under Review,Paid,67900000.0
14917,Raees Panhwar,DEMO-KPT-14917,House No. BDC-681,Street 25,Clifton,20,3,Apartment,Raees Panhwar,Urwa Lodhi,Pending,Due,Issue Found,Paid,65600000.0
7062,Izhar Marwat,DEMO-KPT-7062,House No. CR-759,Street 5,DHA,1,3,Apartment,Izhar Marwat,Khawar Khokhar,Pending,Paid,Under Review,Due,54200000.0
13320,Bakht Bhittani,DEMO-KPT-13320,House No. DD-607,Street 15,DHA,1,3,Apartment,Bakht Bhittani,Tanzeela Shafi,Pending,Paid,Clear,Paid,71900000.0
13544,Jamil Palijo,DEMO-KPT-13544,House No. RDB-779,Street 15,DHA,1,3,Apartment,Jamil Palijo,Hira Shafi,Verified,Paid,Under Review,Due,56900000.0
7106,Aqeel Majeed,DEMO-KPT-7106,House No. RC-819,Street 17,DHA,1,3,Apartment,Aqeel Majeed,Urwa Hameed,Pending,Paid,Under Review,Due,73600000.0
1602,Ahad Kayani,DEMO-KPT-1602,House No. C-725,Street 20,DHA,1,3,Apartment,Ahad Kayani,Mahira Swati,Litigated,Due,Clear,Due,59300000.0
7653,Ayaz Mirza,DEMO-KPT-7653,House No. DC-536,Street 5,DHA,2,3,Apartment,Ayaz Mirza,Asif Rana,Pending,Paid,Issue Found,Due,52500000.0
1812,Jamila Bhurgri,DEMO-KPT-1812,House No. C-466,Street 8,DHA,2,3,Apartment,Jamila Bhurgri,Yusra Daudzai,Litigated,Due,Under Review,Due,63300000.0
7437,Vaqar Mian,DEMO-KPT-7437,House No. BD-625,Street 8,DHA,2,3,Apartment,Vaqar Mian,Musa Khattak,Pending,Paid,Issue Found,Due,69400000.0
1722,Madiha Mian,DEMO-KPT-1722,House No. D-669,Street 11,DHA,2,3,Apartment,Madiha Mian,Irfan Wazir,Pending,Due,Under Review,Due,66700000.0
13950,Minahil Nadeem,DEMO-KPT-13950,House No. CDR-333,Street 19,DHA,2,3,Apartment,Minahil Nadeem,Shagufta Bhat,Verified,Due,Under Review,Due,60800000.0
1871,Daniya Bhittani,DEMO-KPT-1871,House No. B-370,Street 22,DHA,2,3,Apartment,Daniya Bhittani,Hafsa Sheikh,Verified,Paid,Under Review,Paid,73200000.0
1676,Sami Panezai,DEMO-KPT-1676,House No. B-870,Street 27,DHA,2,3,Apartment,Sami Panezai,Rashida Ghaffar,Verified,Due,Clear,Paid,66700000.0
7358,Usman Zahid,DEMO-KPT-7358,House No. BR-809,Street 30,DHA,2,3,Apartment,Usman Zahid,Hina Khan,Litigated,Due,Under Review,Due,67200000.0
7753,Mushtaq Sial,DEMO-KPT-7753,House No. CB-533,Street 1,DHA,3,3,Apartment,Mushtaq Sial,Muhammad Naqvi,Verified,Paid,Clear,Paid,69400000.0
2056,Azka Mahar,DEMO-KPT-2056,House No. C-891,Street 4,DHA,3,3,Apartment,Azka Mahar,Minahil Rehman,Litigated,Due,Clear,Due,64200000.0
7751,Mariam Qureshi,DEMO-KPT-7751,House No. RR-603,Street 9,DHA,3,3,Apartment,Mariam Qureshi,Aslam Zia,Litigated,Paid,Issue Found,Due,71500000.0
2282,Noreen Bukhari,DEMO-KPT-2282,House No. C-636,Street 15,DHA,3,3,Apartment,Noreen Bukhari,Zayan Yousafzai,Litigated,Due,Clear,Paid,62900000.0
8203,Zaib Dawood,DEMO-KPT-8203,House No. RB-319,Street 1,DHA,4,3,Apartment,Zaib Dawood,Salma Memon,Verified,Paid,Clear,Paid,54100000.0
2521,Tauseef Shah,DEMO-KPT-2521,House No. R-541,Street 7,DHA,4,3,Apartment,Tauseef Shah,Rabia Mengal,Litigated,Paid,Under Review,Due,74000000.0
14348,Iftikhar Saeed,DEMO-KPT-14348,House No. RCD-675,Street 7,DHA,4,3,Apartment,Iftikhar Saeed,Bilawal Nawaz,Litigated,Due,Clear,Paid,50900000.0
14412,Noman Jamali,DEMO-KPT-14412,House No. CDR-668,Street 8,DHA,4,3,Apartment,Noman Jamali,Awais Gabol,Litigated,Due,Under Review,Due,77600000.0
14393,Bushra Sandhu,DEMO-KPT-14393,House No. CDR-364,Street 10,DHA,4,3,Apartment,Bushra Sandhu,Minahil Bhurgri,Litigated,Paid,Issue Found,Paid,52600000.0
2492,Farzana Shakir,DEMO-KPT-2492,House No. B-325,Street 26,DHA,4,3,Apartment,Farzana Shakir,Hamid Hinjra,Verified,Due,Issue Found,Due,67900000.0
2522,Waleed Korai,DEMO-KPT-2522,House No. R-322,Street 26,DHA,4,3,Apartment,Waleed Korai,Yaqoob Qadir,Pending,Due,Under Review,Paid,61400000.0
8169,Aslam Dayo,DEMO-KPT-8169,House No. CC-792,Street 27,DHA,4,3,Apartment,Aslam Dayo,Adil Rana,Litigated,Due,Under Review,Paid,53500000.0
2716,Jabbar Saif,DEMO-KPT-2716,House No. D-592,Street 5,DHA,5,3,Apartment,Jabbar Saif,Tariq Khalid,Pending,Paid,Issue Found,Paid,52000000.0
8402,Munir Bugti,DEMO-KPT-8402,House No. BD-551,Street 11,DHA,5,3,Apartment,Munir Bugti,Numan Chandio,Litigated,Due,Under Review,Due,51500000.0
14432,Mohsin Mir,DEMO-KPT-14432,House No. CRB-442,Street 15,DHA,5,3,Apartment,Mohsin Mir,Arfa Mehmood,Litigated,Due,Clear,Paid,62600000.0
14444,Akram Kasi,DEMO-KPT-14444,House No. BCD-422,Street 15,DHA,5,3,Apartment,Akram Kasi,Mehmood Kiani,Verified,Paid,Under Review,Due,60200000.0
2767,Aashir Daudzai,DEMO-KPT-2767,House No. B-777,Street 25,DHA,5,3,Apartment,Aashir Daudzai,Tanveer Sahito,Pending,Due,Issue Found,Paid,51000000.0
14467,Masood Mehmood,DEMO-KPT-14467,House No. CDB-309,Street 25,DHA,5,3,Apartment,Masood Mehmood,Nuzhat Lone,Pending,Due,Issue Found,Paid,57800000.0
8469,Zara Joiya,DEMO-KPT-8469,House No. CB-453,Street 28,DHA,5,3,Apartment,Zara Joiya,Noman Khokhar,Litigated,Paid,Issue Found,Due,62200000.0
2812,Rabia Javed,DEMO-KPT-2812,House No. C-342,Street 30,DHA,5,3,Apartment,Rabia Javed,Ihtisham Gondal,Verified,Due,Issue Found,Due,56400000.0
14507,Tayyeb Lughmani,DEMO-KPT-14507,House No. DRB-336,Street 30,DHA,5,3,Apartment,Tayyeb Lughmani,Saif Mian,Verified,Paid,Issue Found,Due,74200000.0
14869,Waqar Mazari,DEMO-KPT-14869,House No. CRD-767,Street 14,DHA,6,3,Apartment,Waqar Mazari,Farooq Unar,Litigated,Due,Clear,Paid,55800000.0
14919,Noaman Mehmood,DEMO-KPT-14919,House No. DCR-594,Street 27,DHA,6,3,Apartment,Noaman Mehmood,Numan Hussain,Litigated,Due,Under Review,Paid,78800000.0
14752,Liaquat Afridi,DEMO-KPT-14752,House No. DBC-589,Street 30,DHA,6,3,Apartment,Liaquat Afridi,Maham Virk,Verified,Paid,Under Review,Due,61100000.0
15194,Ayub Zubair,DEMO-KPT-15194,House No. CDR-605,Street 1,DHA,7,3,Apartment,Ayub Zubair,Ayaz Rizvi,Verified,Paid,Issue Found,Due,73800000.0
3387,Mirha Shakeel,DEMO-KPT-3387,House No. C-493,Street 8,DHA,7,3,Apartment,Mirha Shakeel,Ilyas Sheikh,Pending,Paid,Issue Found,Due,63100000.0
15312,Samina Yaqoob,DEMO-KPT-15312,House No. CBD-473,Street 8,DHA,7,3,Apartment,Samina Yaqoob,Fahim Jaffri,Litigated,Due,Under Review,Due,68800000.0
8852,Naeem Butt,DEMO-KPT-8852,House No. BB-738,Street 11,DHA,7,3,Apartment,Naeem Butt,Feroz Nawaz,Litigated,Due,Under Review,Due,58500000.0
3364,Noreen Shakir,DEMO-KPT-3364,House No. D-362,Street 14,DHA,7,3,Apartment,Noreen Shakir,Shakeel Kayani,Pending,Paid,Under Review,Due,55800000.0
3480,Fasih Laghari,DEMO-KPT-3480,House No. D-340,Street 16,DHA,7,3,Apartment,Fasih Laghari,Jalal Jamal,Verified,Due,Clear,Paid,58300000.0
15085,Ayeza Qadri,DEMO-KPT-15085,House No. CRD-546,Street 24,DHA,7,3,Apartment,Ayeza Qadri,Anila Latif,Litigated,Paid,Issue Found,Paid,65900000.0
3285,Talat Zaman,DEMO-KPT-3285,House No. D-390,Street 26,DHA,7,3,Apartment,Talat Zaman,Atiya Jadoon,Verified,Paid,Clear,Paid,55500000.0
15202,Kaleem Virk,DEMO-KPT-15202,House No. RCD-488,Street 30,DHA,7,3,Apartment,Kaleem Virk,Amna Lodhi,Verified,Paid,Under Review,Due,79600000.0
9209,Qurat Zubairi,DEMO-KPT-9209,House No. RC-877,Street 1,DHA,8,3,Apartment,Qurat Zubairi,Saeeda Sultan,Litigated,Paid,Clear,Paid,51300000.0
9179,Ayeza Majeed,DEMO-KPT-9179,House No. CC-491,Street 3,DHA,8,3,Apartment,Ayeza Majeed,Zarar Haral,Litigated,Paid,Issue Found,Due,65900000.0
9294,Bisma Mohammadzai,DEMO-KPT-9294,House No. BB-780,Street 3,DHA,8,3,Apartment,Bisma Mohammadzai,Shafay Lakhani,Litigated,Paid,Issue Found,Paid,79400000.0
9271,Balaj Cheena,DEMO-KPT-9271,House No. DB-479,Street 7,DHA,8,3,Apartment,Balaj Cheena,Jamshed Mian,Litigated,Paid,Under Review,Due,69200000.0
15413,Jamila Mughal,DEMO-KPT-15413,House No. CBR-626,Street 10,DHA,8,3,Apartment,Jamila Mughal,Ruqayya Tanvir,Litigated,Due,Clear,Paid,70300000.0
15332,Minahil Samo,DEMO-KPT-15332,House No. CDB-860,Street 15,DHA,8,3,Apartment,Minahil Samo,Muhammad Usmani,Litigated,Due,Clear,Paid,60100000.0
15671,Azan Ranjha,DEMO-KPT-15671,House No. DCR-703,Street 17,DHA,8,3,Apartment,Azan Ranjha,Beenish Bhittani,Pending,Due,Clear,Paid,53800000.0
3536,Yawar Abro,DEMO-KPT-3536,House No. B-487,Street 18,DHA,8,3,Apartment,Yawar Abro,Hanzala Shaikh,Verified,Paid,Issue Found,Due,62400000.0
3735,Sabir Zahid,DEMO-KPT-3735,House No. D-817,Street 26,DHA,8,3,Apartment,Sabir Zahid,Arham Wani,Verified,Paid,Clear,Paid,55200000.0
3871,Asma Nasar,DEMO-KPT-3871,House No. BB-374,Street 7,DHA,9,3,Apartment,Asma Nasar,Aqsa Mir,Litigated,Paid,Under Review,Due,65400000.0
15999,Talha Bhatti,DEMO-KPT-15999,House No. DCR-662,Street 8,DHA,9,3,Apartment,Talha Bhatti,Muneeba Khosa,Litigated,Paid,Under Review,Due,56100000.0
3768,Abid Hafeez,DEMO-KPT-3768,House No. B-697,Street 17,DHA,9,3,Apartment,Abid Hafeez,Aneela Akhtar,Litigated,Due,Under Review,Due,78900000.0
9898,Irtaza Sial,DEMO-KPT-9898,House No. BB-844,Street 6,DHA,10,3,Apartment,Irtaza Sial,Sahrish Qadri,Litigated,Paid,Under Review,Paid,52100000.0
9856,Mubashra Bhittani,DEMO-KPT-9856,House No. BR-762,Street 9,DHA,10,3,Apartment,Mubashra Bhittani,Kainat Noor,Pending,Paid,Issue Found,Paid,67700000.0
4231,Tamkeen Kiani,DEMO-KPT-4231,House No. DD-669,Street 14,DHA,10,3,Apartment,Tamkeen Kiani,Sania Gabol,Verified,Due,Under Review,Paid,77200000.0
4012,Mariam Lughmani,DEMO-KPT-4012,House No. DB-527,Street 15,DHA,10,3,Apartment,Mariam Lughmani,Abubakar Shaikh,Verified,Paid,Clear,Paid,71900000.0
9702,Mahnoor Saeed,DEMO-KPT-9702,House No. RC-303,Street 20,DHA,10,3,Apartment,Mahnoor Saeed,Azan Janjua,Litigated,Due,Clear,Due,68900000.0
9846,Siddique Rajper,DEMO-KPT-9846,House No. RD-675,Street 21,DHA,10,3,Apartment,Siddique Rajper,Shahida Mir,Verified,Paid,Clear,Due,53500000.0
3961,Tayyeb Tunio,DEMO-KPT-3961,House No. DB-619,Street 26,DHA,10,3,Apartment,Tayyeb Tunio,Tamkeen Shakeel,Verified,Paid,Clear,Paid,75900000.0
16347,Benazir Mengal,DEMO-KPT-16347,House No. DRC-662,Street 27,DHA,10,3,Apartment,Benazir Mengal,Tayyaba Kidwai,Pending,Due,Clear,Due,67400000.0
9984,Samra Shah,DEMO-KPT-9984,House No. BR-864,Street 7,DHA,11,3,Apartment,Samra Shah,Athar Bijarani,Pending,Paid,Clear,Paid,50600000.0
16556,Zafar Bashir,DEMO-KPT-16556,House No. DCB-546,Street 17,DHA,11,3,Apartment,Zafar Bashir,Nabila Achakzai,Pending,Paid,Under Review,Due,71500000.0
16681,Arif Baig,DEMO-KPT-16681,House No. RCB-833,Street 19,DHA,11,3,Apartment,Arif Baig,Kanwar Afridi,Verified,Due,Clear,Due,75000000.0
10191,Khizar Kasi,DEMO-KPT-10191,House No. CC-543,Street 20,DHA,11,3,Apartment,Khizar Kasi,Arif Umer,Litigated,Paid,Issue Found,Due,55400000.0
10093,Zahra Zia,DEMO-KPT-10093,House No. DR-814,Street 23,DHA,11,3,Apartment,Zahra Zia,Zohra Ghazali,Pending,Due,Clear,Paid,72100000.0
10026,Mansoor Dreshak,DEMO-KPT-10026,House No. BR-318,Street 27,DHA,11,3,Apartment,Mansoor Dreshak,Aisha Barakzai,Pending,Paid,Issue Found,Paid,68500000.0
10269,Zohra Zaidi,DEMO-KPT-10269,House No. DD-882,Street 28,DHA,11,3,Apartment,Zohra Zaidi,Riaz Ghazali,Litigated,Paid,Issue Found,Due,73500000.0
16887,Liaquat Ranjha,DEMO-KPT-16887,House No. RDB-367,Street 8,DHA,12,3,Apartment,Liaquat Ranjha,Shafaq Abro,Pending,Paid,Issue Found,Due,57800000.0
10762,Subhan Saleem,DEMO-KPT-10762,House No. RD-644,Street 15,DHA,12,3,Apartment,Subhan Saleem,Aleena Ali,Verified,Paid,Clear,Paid,72200000.0
10506,Waseem Kamboh,DEMO-KPT-10506,House No. BC-492,Street 17,DHA,12,3,Apartment,Waseem Kamboh,Manzoor Lakhani,Verified,Due,Issue Found,Due,59000000.0
5017,Khushbu Kamal,DEMO-KPT-5017,House No. CD-326,Street 25,DHA,12,3,Apartment,Khushbu Kamal,Yumna Tarar,Pending,Due,Issue Found,Paid,76700000.0
16830,Sheeba Mansoor,DEMO-KPT-16830,House No. DRB-691,Street 25,DHA,12,3,Apartment,Sheeba Mansoor,Samina Saleem,Pending,Due,Issue Found,Paid,63800000.0
4772,Aashir Pirzada,DEMO-KPT-4772,House No. RB-860,Street 26,DHA,12,3,Apartment,Aashir Pirzada,Fazal Barakzai,Pending,Due,Under Review,Paid,77500000.0
16762,Hania Mansoor,DEMO-KPT-16762,House No. DRC-614,Street 30,DHA,12,3,Apartment,Hania Mansoor,Yawar Lakhani,Verified,Due,Issue Found,Due,74700000.0
11066,Bashir Qadri,DEMO-KPT-11066,House No. DD-605,Street 5,DHA,13,3,Apartment,Bashir Qadri,Sana Sial,Litigated,Paid,Under Review,Paid,73800000.0
11173,Hoorain Sadiq,DEMO-KPT-11173,House No. BB-340,Street 3,DHA,14,3,Apartment,Hoorain Sadiq,Zahid Chattha,Pending,Due,Under Review,Due,72300000.0
5456,Hoor Achakzai,DEMO-KPT-5456,House No. RD-525,Street 9,DHA,14,3,Apartment,Hoor Achakzai,Raheel Sindhi,Verified,Due,Under Review,Paid,63700000.0
5411,Haseeb Tanvir,DEMO-KPT-5411,House No. DD-537,Street 15,DHA,14,3,Apartment,Haseeb Tanvir,Nadeem Wattoo,Pending,Paid,Issue Found,Due,66500000.0
5569,Unaiza Mahsud,DEMO-KPT-5569,House No. DB-758,Street 19,DHA,14,3,Apartment,Unaiza Mahsud,Hanif Lashari,Pending,Due,Clear,Due,62500000.0
11250,Ubaid Ahmed,DEMO-KPT-11250,House No. RD-454,Street 19,DHA,14,3,Apartment,Ubaid Ahmed,Naureen Shaikh,Verified,Due,Under Review,Due,54400000.0
5653,Akif Mian,DEMO-KPT-5653,House No. RB-323,Street 27,DHA,14,3,Apartment,Akif Mian,Kaneez Wattoo,Litigated,Due,Clear,Paid,64200000.0
5675,Sohaib Ahmed,DEMO-KPT-5675,House No. RC-315,Street 29,DHA,14,3,Apartment,Sohaib Ahmed,Khadija Rabbani,Litigated,Paid,Under Review,Paid,73000000.0
5848,Sundas Kamal,DEMO-KPT-5848,House No. DC-430,Street 6,DHA,15,3,Apartment,Sundas Kamal,Emaan Ali,Litigated,Paid,Under Review,Paid,62400000.0
5806,Nighat Mengal,DEMO-KPT-5806,House No. BD-870,Street 9,DHA,15,3,Apartment,Nighat Mengal,Majid Qureshi,Pending,Paid,Issue Found,Paid,73700000.0
5816,Dilshad Naseem,DEMO-KPT-5816,House No. RC-797,Street 13,DHA,15,3,Apartment,Dilshad Naseem,Kashif Virk,Pending,Due,Clear,Due,79100000.0
11682,Saleem Lughmani,DEMO-KPT-11682,House No. BD-535,Street 14,DHA,15,3,Apartment,Saleem Lughmani,Ubaid Umer,Verified,Due,Issue Found,Due,69400000.0
11719,Kaif Baig,DEMO-KPT-11719,House No. DC-539,Street 14,DHA,15,3,Apartment,Kaif Baig,Sabahat Javed,Litigated,Due,Clear,Paid,67200000.0
6059,Javed Minhas,DEMO-KPT-6059,House No. RC-845,Street 1,DHA,16,3,Apartment,Javed Minhas,Sharmeen Khalid,Litigated,Paid,Clear,Paid,51400000.0
11891,Aashir Javed,DEMO-KPT-11891,House No. RR-716,Street 3,DHA,16,3,Apartment,Aashir Javed,Imtiaz Kamboh,Pending,Paid,Under Review,Paid,75300000.0
6116,Arooj Zafar,DEMO-KPT-6116,House No. RR-861,Street 5,DHA,16,3,Apartment,Arooj Zafar,Areeba Qazi,Litigated,Paid,Under Review,Paid,66600000.0
6025,Sobia Dogar,DEMO-KPT-6025,House No. RB-785,Street 12,DHA,16,3,Apartment,Sobia Dogar,Nida Sohu,Pending,Paid,Under Review,Paid,59300000.0
11881,Javed Bugti,DEMO-KPT-11881,House No. RB-373,Street 14,DHA,16,3,Apartment,Javed Bugti,Adeel Rana,Verified,Due,Under Review,Paid,74900000.0
6018,Saeed Panhwar,DEMO-KPT-6018,House No. RB-766,Street 17,DHA,16,3,Apartment,Saeed Panhwar,Ayesha Dayo,Litigated,Due,Under Review,Due,60800000.0
11975,Shayan Sultan,DEMO-KPT-11975,House No. BB-552,Street 29,DHA,16,3,Apartment,Shayan Sultan,Nouman Toor,Litigated,Paid,Under Review,Paid,68100000.0
11812,Aiman Yaqoob,DEMO-KPT-11812,House No. DB-491,Street 30,DHA,16,3,Apartment,Aiman Yaqoob,Rehman Jaffri,Verified,Due,Issue Found,Due,63200000.0
11858,Alizeh Sial,DEMO-KPT-11858,House No. RB-733,Street 30,DHA,16,3,Apartment,Alizeh Sial,Noreen Zubair,Litigated,Due,Under Review,Due,67400000.0
6236,Javed Sial,DEMO-KPT-6236,House No. CB-511,Street 18,DHA,17,3,Apartment,Javed Sial,Shahroz Jafri,Verified,Paid,Issue Found,Due,64300000.0
6234,Zubia Lari,DEMO-KPT-6234,House No. CR-608,Street 24,DHA,17,3,Apartment,Zubia Lari,Junaid Shafiq,Verified,Paid,Under Review,Due,64100000.0
12061,Qayyum Talpur,DEMO-KPT-12061,House No. RB-498,Street 26,DHA,17,3,Apartment,Qayyum Talpur,Aneesa Wattoo,Verified,Paid,Clear,Paid,78400000.0
12421,Sitara Chandio,DEMO-KPT-12421,House No. RC-556,Street 7,DHA,18,3,Apartment,Sitara Chandio,Hania Bhat,Litigated,Paid,Under Review,Due,50500000.0
6549,Humayun Chaudhry,DEMO-KPT-6549,House No. CR-797,Street 8,DHA,18,3,Apartment,Humayun Chaudhry,Sundas Mohmand,Litigated,Paid,Under Review,Due,76400000.0
12276,Zartaj Rajput,DEMO-KPT-12276,House No. BD-851,Street 27,DHA,18,3,Apartment,Zartaj Rajput,Rakhshanda Qadir,Pending,Paid,Issue Found,Paid,59700000.0
12612,Mahrukh Minhas,DEMO-KPT-12612,House No. CB-475,Street 8,DHA,19,3,Apartment,Mahrukh Minhas,Kinza Latif,Litigated,Due,Under Review,Due,54300000.0
6585,Kaneez Lak,DEMO-KPT-6585,House No. BD-432,Street 16,DHA,19,3,Apartment,Kaneez Lak,Laila Iqbal,Verified,Due,Clear,Due,62300000.0
12546,Burhan Jogezai,DEMO-KPT-12546,House No. CR-526,Street 21,DHA,19,3,Apartment,Burhan Jogezai,Rizwaan Naqvi,Verified,Paid,Clear,Due,70800000.0
6684,Ayub Aslam,DEMO-KPT-6684,House No. BR-710,Street 24,DHA,19,3,Apartment,Ayub Aslam,Hadiqa Kharal,Verified,Paid,Under Review,Due,75000000.0
13012,Rubab Majeed,DEMO-KPT-13012,House No. BC-462,Street 15,DHA,20,3,Apartment,Rubab Majeed,Fatima Tiwana,Verified,Paid,Clear,Paid,78400000.0
13247,Bahadur Javed,DEMO-KPT-13247,House No. DB-356,Street 16,DHA,20,3,Apartment,Bahadur Javed,Faizan Marwat,Pending,Paid,Under Review,Paid,62300000.0
6823,Shahmeer Jamali,DEMO-KPT-6823,House No. DB-817,Street 20,DHA,20,3,Apartment,Shahmeer Jamali,Ghulam Zia,Pending,Due,Under Review,Due,74300000.0
4709,Kafeel Laghari,DEMO-KPT-4709,House No. DB-525,Street 1,FB Area,1,3,Apartment,Kafeel Laghari,Firdous Kamboh,Litigated,Paid,Clear,Paid,9400000.0
11144,Kabeer Tahir,DEMO-KPT-11144,House No. CC-465,Street 1,FB Area,1,3,Apartment,Kabeer Tahir,Nageen Marwat,Verified,Paid,Issue Found,Due,9500000.0
16129,Tayyeb Iqbal,DEMO-KPT-16129,House No. RCB-506,Street 1,FB Area,1,3,Apartment,Tayyeb Iqbal,Misbah Gakhar,Pending,Due,Clear,Due,8300000.0
12779,Maimoona Kalhoro,DEMO-KPT-12779,House No. CB-587,Street 3,FB Area,1,3,Apartment,Maimoona Kalhoro,Salahuddin Chandio,Litigated,Paid,Issue Found,Due,8000000.0
12791,Sufyan Sindhi,DEMO-KPT-12791,House No. CR-411,Street 3,FB Area,1,3,Apartment,Sufyan Sindhi,Shamim Awan,Pending,Paid,Under Review,Paid,10000000.0
6315,Rubab Bhittani,DEMO-KPT-6315,House No. RC-787,Street 4,FB Area,1,3,Apartment,Rubab Bhittani,Shamoon Janjua,Pending,Paid,Under Review,Due,9900000.0
14437,Omer Dar,DEMO-KPT-14437,House No. RCB-346,Street 4,FB Area,1,3,Apartment,Omer Dar,Pervaiz Lari,Litigated,Due,Under Review,Due,8700000.0
16198,Alamgir Leghari,DEMO-KPT-16198,House No. RCD-716,Street 6,FB Area,1,3,Apartment,Alamgir Leghari,Zohra Korai,Litigated,Paid,Under Review,Paid,8500000.0
7887,Aneeqa Zaman,DEMO-KPT-7887,House No. RB-774,Street 8,FB Area,1,3,Apartment,Aneeqa Zaman,Shehryar Buriro,Pending,Paid,Issue Found,Due,8900000.0
16180,Nayab Gabol,DEMO-KPT-16180,House No. BRD-684,Street 9,FB Area,1,3,Apartment,Nayab Gabol,Ayeza Qadir,Verified,Due,Issue Found,Paid,9700000.0
6293,Noreen Sial,DEMO-KPT-6293,House No. DC-738,Street 10,FB Area,1,3,Apartment,Noreen Sial,Noaman Khokhar,Litigated,Paid,Issue Found,Paid,8000000.0
11156,Unaiza Hoti,DEMO-KPT-11156,House No. BR-528,Street 17,FB Area,1,3,Apartment,Unaiza Hoti,Taimur Hameed,Pending,Paid,Under Review,Due,9700000.0
3221,Zeeshan Farooq,DEMO-KPT-3221,House No. R-779,Street 22,FB Area,1,3,Apartment,Zeeshan Farooq,Fareeha Kidwai,Verified,Paid,Under Review,Paid,9300000.0
7885,Noor Hoti,DEMO-KPT-7885,House No. DD-773,Street 24,FB Area,1,3,Apartment,Noor Hoti,Zarmeen Jogezai,Litigated,Paid,Issue Found,Paid,8200000.0
1530,Zayan Mangi,DEMO-KPT-1530,House No. B-873,Street 25,FB Area,1,3,Apartment,Zayan Mangi,Zuha Wattoo,Pending,Due,Issue Found,Paid,8700000.0
7930,Ifrah Zahid,DEMO-KPT-7930,House No. DD-671,Street 25,FB Area,1,3,Apartment,Ifrah Zahid,Jawad Rana,Pending,Due,Under Review,Due,8300000.0
12780,Nazia Chattha,DEMO-KPT-12780,House No. BD-632,Street 25,FB Area,1,3,Apartment,Nazia Chattha,Shifa Chaudhry,Pending,Due,Issue Found,Paid,9400000.0
12783,Habib Toor,DEMO-KPT-12783,House No. DB-648,Street 26,FB Area,1,3,Apartment,Habib Toor,Amber Dogar,Pending,Paid,Issue Found,Due,8300000.0
14465,Mahnaz Bangash,DEMO-KPT-14465,House No. CBR-348,Street 27,FB Area,1,3,Apartment,Mahnaz Bangash,Ikram Mian,Pending,Paid,Issue Found,Due,10000000.0
11169,Mohib Kayani,DEMO-KPT-11169,House No. BD-330,Street 28,FB Area,1,3,Apartment,Mohib Kayani,Tamkeen Hoti,Litigated,Paid,Issue Found,Due,8400000.0
9526,Hidayat Khan,DEMO-KPT-9526,House No. RR-420,Street 29,FB Area,1,3,Apartment,Hidayat Khan,Sanam Ahmed,Pending,Paid,Issue Found,Due,9500000.0
9553,Tasneem Dayo,DEMO-KPT-9553,House No. BB-561,Street 1,FB Area,2,3,Apartment,Tasneem Dayo,Ayla Bhutto,Verified,Paid,Clear,Paid,8900000.0
12894,Mehrunnisa Ghazali,DEMO-KPT-12894,House No. RD-793,Street 3,FB Area,2,3,Apartment,Mehrunnisa Ghazali,Amara Memon,Litigated,Paid,Issue Found,Paid,9600000.0
7960,Mariam Sipra,DEMO-KPT-7960,House No. RC-627,Street 6,FB Area,2,3,Apartment,Mariam Sipra,Sumaira Lone,Verified,Due,Issue Found,Due,8800000.0
9551,Sidrah Mohammadzai,DEMO-KPT-9551,House No. CB-829,Street 9,FB Area,2,3,Apartment,Sidrah Mohammadzai,Neelam Jamali,Litigated,Paid,Issue Found,Due,9300000.0
16256,Fariha Awan,DEMO-KPT-16256,House No. CBR-602,Street 9,FB Area,2,3,Apartment,Fariha Awan,Tamim Yousafzai,Verified,Due,Under Review,Paid,9500000.0
16301,Sarah Durrani,DEMO-KPT-16301,House No. DRC-580,Street 9,FB Area,2,3,Apartment,Sarah Durrani,Isha Hayat,Litigated,Paid,Issue Found,Due,9500000.0
7985,Tanzeela Panhwar,DEMO-KPT-7985,House No. RB-825,Street 13,FB Area,2,3,Apartment,Tanzeela Panhwar,Kabeer Naseem,Verified,Paid,Issue Found,Due,8700000.0
3271,Raees Bugti,DEMO-KPT-3271,House No. D-865,Street 16,FB Area,2,3,Apartment,Raees Bugti,Afreen Mir,Verified,Paid,Issue Found,Paid,9400000.0
1608,Zehra Kayani,DEMO-KPT-1608,House No. C-583,Street 23,FB Area,2,3,Apartment,Zehra Kayani,Qaiser Mahsud,Verified,Due,Under Review,Paid,9700000.0
4758,Hashir Lashari,DEMO-KPT-4758,House No. DR-721,Street 23,FB Area,2,3,Apartment,Hashir Lashari,Shumaila Khosa,Verified,Due,Under Review,Paid,8400000.0
9630,Amal Kayani,DEMO-KPT-9630,House No. BR-311,Street 25,FB Area,2,3,Apartment,Amal Kayani,Numan Pasha,Pending,Due,Issue Found,Paid,9200000.0
12880,Luqmaan Magsi,DEMO-KPT-12880,House No. RR-690,Street 25,FB Area,2,3,Apartment,Luqmaan Magsi,Waqar Buriro,Pending,Due,Under Review,Due,8600000.0
9585,Mahreen Baig,DEMO-KPT-9585,House No. CB-597,Street 26,FB Area,2,3,Apartment,Mahreen Baig,Nasrullah Popalzai,Verified,Paid,Clear,Paid,9900000.0
9597,Muneeba Zardari,DEMO-KPT-9597,House No. DD-581,Street 27,FB Area,2,3,Apartment,Muneeba Zardari,Bilquis Zubair,Pending,Due,Clear,Due,9600000.0
12853,Marium Barakzai,DEMO-KPT-12853,House No. RD-499,Street 27,FB Area,2,3,Apartment,Marium Barakzai,Obaid Akhtar,Litigated,Due,Clear,Paid,8400000.0
14547,Sajjad Afridi,DEMO-KPT-14547,House No. DCR-343,Street 27,FB Area,2,3,Apartment,Sajjad Afridi,Shafiq Sadiq,Pending,Due,Clear,Due,8200000.0
11237,Sanam Korai,DEMO-KPT-11237,House No. CB-326,Street 28,FB Area,2,3,Apartment,Sanam Korai,Yaqoob Yasin,Pending,Paid,Under Review,Due,8800000.0
6368,Zohra Yaqoob,DEMO-KPT-6368,House No. DD-417,Street 29,FB Area,2,3,Apartment,Zohra Yaqoob,Dania Baloch,Verified,Due,Issue Found,Due,9300000.0
4844,Kausar Ghani,DEMO-KPT-4844,House No. DC-572,Street 1,FB Area,3,3,Apartment,Kausar Ghani,Kashif Hayat,Verified,Paid,Issue Found,Due,9000000.0
12944,Ayesha Wazir,DEMO-KPT-12944,House No. BR-774,Street 1,FB Area,3,3,Apartment,Ayesha Wazir,Emaan Zahid,Verified,Paid,Issue Found,Due,9600000.0
14609,Ramsha Anwar,DEMO-KPT-14609,House No. RDB-632,Street 1,FB Area,3,3,Apartment,Ramsha Anwar,Sheeba Ghumman,Litigated,Paid,Clear,Paid,8800000.0
4843,Zakariya Warraich,DEMO-KPT-4843,House No. BD-796,Street 4,FB Area,3,3,Apartment,Zakariya Warraich,Nigar Durrani,Litigated,Paid,Under Review,Paid,8000000.0
1662,Hashir Khan,DEMO-KPT-1662,House No. C-795,Street 5,FB Area,3,3,Apartment,Hashir Khan,Nizam Kasi,Pending,Paid,Under Review,Due,8900000.0
9721,Saeed Wattoo,DEMO-KPT-9721,House No. RB-840,Street 7,FB Area,3,3,Apartment,Saeed Wattoo,Ahmed Mirza,Litigated,Paid,Under Review,Due,8900000.0
11363,Tehmina Unar,DEMO-KPT-11363,House No. DD-863,Street 10,FB Area,3,3,Apartment,Tehmina Unar,Imran Cheena,Litigated,Due,Clear,Paid,9800000.0
12902,Maryum Yousafzai,DEMO-KPT-12902,House No. CB-539,Street 11,FB Area,3,3,Apartment,Maryum Yousafzai,Babar Palijo,Litigated,Due,Under Review,Due,9800000.0
3325,Shakeel Swati,DEMO-KPT-3325,House No. D-550,Street 12,FB Area,3,3,Apartment,Shakeel Swati,Ayeza Mahar,Pending,Paid,Under Review,Paid,9500000.0
6514,Fabiha Dahri,DEMO-KPT-6514,House No. CD-797,Street 14,FB Area,3,3,Apartment,Fabiha Dahri,Sumbal Gakhar,Pending,Paid,Under Review,Due,8400000.0
16381,Zamzam Mahesar,DEMO-KPT-16381,House No. BCD-337,Street 14,FB Area,3,3,Apartment,Zamzam Mahesar,Amal Mahar,Verified,Due,Under Review,Paid,9400000.0
9647,Aqsa Kiani,DEMO-KPT-9647,House No. RR-621,Street 16,FB Area,3,3,Apartment,Aqsa Kiani,Munib Durrani,Pending,Paid,Under Review,Paid,9700000.0
16321,Ikhlaq Rana,DEMO-KPT-16321,House No. BDR-371,Street 16,FB Area,3,3,Apartment,Ikhlaq Rana,Lina Mehmood,Verified,Paid,Issue Found,Paid,9500000.0
3318,Hasnain Sindhi,DEMO-KPT-3318,House No. B-747,Street 17,FB Area,3,3,Apartment,Hasnain Sindhi,Nasreen Sardar,Litigated,Due,Under Review,Due,9100000.0
12971,Jalal Zia,DEMO-KPT-12971,House No. CD-553,Street 17,FB Area,3,3,Apartment,Jalal Zia,Rafiq Baig,Pending,Due,Clear,Paid,9000000.0
1736,Imad Ilyas,DEMO-KPT-1736,House No. R-700,Street 18,FB Area,3,3,Apartment,Imad Ilyas,Zahra Baloch,Verified,Paid,Issue Found,Due,9700000.0
8036,Shamim Memon,DEMO-KPT-8036,House No. DC-310,Street 18,FB Area,3,3,Apartment,Shamim Memon,Maqsood Ahmed,Verified,Paid,Issue Found,Due,9700000.0
3319,Rahim Chattha,DEMO-KPT-3319,House No. B-614,Street 19,FB Area,3,3,Apartment,Rahim Chattha,Nasreen Peerzada,Pending,Due,Clear,Due,9200000.0
12996,Talha Tariq,DEMO-KPT-12996,House No. CB-642,Street 21,FB Area,3,3,Apartment,Talha Tariq,Numan Soomro,Verified,Paid,Clear,Due,9400000.0
4891,Kaleem Gill,DEMO-KPT-4891,House No. RD-412,Street 22,FB Area,3,3,Apartment,Kaleem Gill,Shehzad Naseem,Verified,Due,Clear,Paid,9000000.0
14658,Fariha Khalid,DEMO-KPT-14658,House No. RDB-795,Street 23,FB Area,3,3,Apartment,Fariha Khalid,Nuzhat Bhittani,Verified,Due,Under Review,Paid,8600000.0
12984,Sehar Mahsud,DEMO-KPT-12984,House No. DR-646,Street 24,FB Area,3,3,Apartment,Sehar Mahsud,Jabbar Hussain,Verified,Paid,Under Review,Due,8700000.0
3330,Sehrish Sipra,DEMO-KPT-3330,House No. B-603,Street 25,FB Area,3,3,Apartment,Sehrish Sipra,Nazia Nawaz,Pending,Due,Issue Found,Paid,9800000.0
9692,Aqsa Rashid,DEMO-KPT-9692,House No. BR-457,Street 26,FB Area,3,3,Apartment,Aqsa Rashid,Neelam Rajper,Verified,Due,Issue Found,Due,9200000.0
8002,Hasnain Leghari,DEMO-KPT-8002,House No. DR-632,Street 30,FB Area,3,3,Apartment,Hasnain Leghari,Shehzad Shafiq,Verified,Paid,Under Review,Due,8700000.0
11441,Shahzadi Zubair,DEMO-KPT-11441,House No. DR-391,Street 3,FB Area,4,3,Apartment,Shahzadi Zubair,Tanzeela Warsi,Pending,Paid,Under Review,Paid,9300000.0
16391,Asra Zaidi,DEMO-KPT-16391,House No. RCB-625,Street 3,FB Area,4,3,Apartment,Asra Zaidi,Kanwar Tanvir,Pending,Paid,Under Review,Paid,8100000.0
1837,Sana Mustafa,DEMO-KPT-1837,House No. B-689,Street 4,FB Area,4,3,Apartment,Sana Mustafa,Kabir Sahito,Litigated,Due,Under Review,Due,9000000.0
6556,Raza Mirani,DEMO-KPT-6556,House No. RB-624,Street 4,FB Area,4,3,Apartment,Raza Mirani,Javaria Rehman,Litigated,Due,Clear,Due,9500000.0
9793,Shehryar Butt,DEMO-KPT-9793,House No. CC-684,Street 4,FB Area,4,3,Apartment,Shehryar Butt,Humayun Shakeel,Litigated,Paid,Under Review,Paid,9200000.0
16456,Farah Rashid,DEMO-KPT-16456,House No. RBD-475,Street 4,FB Area,4,3,Apartment,Farah Rashid,Inam Dayo,Litigated,Due,Clear,Due,9200000.0
13053,Fareeha Jogezai,DEMO-KPT-13053,House No. RC-367,Street 5,FB Area,4,3,Apartment,Fareeha Jogezai,Sajjad Yaqoob,Pending,Paid,Issue Found,Due,10000000.0
9760,Lina Naseem,DEMO-KPT-9760,House No. CB-388,Street 6,FB Area,4,3,Apartment,Lina Naseem,Shabana Mirani,Verified,Due,Issue Found,Due,8400000.0
3421,Anila Gabol,DEMO-KPT-3421,House No. C-405,Street 7,FB Area,4,3,Apartment,Anila Gabol,Furqan Bukhari,Litigated,Paid,Under Review,Due,9500000.0
6571,Shumaila Zubair,DEMO-KPT-6571,House No. CC-637,Street 7,FB Area,4,3,Apartment,Shumaila Zubair,Dawood Mustafa,Litigated,Paid,Under Review,Due,8100000.0
4962,Ajmal Usmani,DEMO-KPT-4962,House No. RR-611,Street 8,FB Area,4,3,Apartment,Ajmal Usmani,Moeen Virk,Litigated,Due,Under Review,Due,8400000.0
4980,Farheen Nawaz,DEMO-KPT-4980,House No. RD-380,Street 8,FB Area,4,3,Apartment,Farheen Nawaz,Arbaz Mian,Litigated,Due,Issue Found,Due,9600000.0
6577,Saqib Lakhani,DEMO-KPT-6577,House No. RD-831,Street 9,FB Area,4,3,Apartment,Saqib Lakhani,Mahira Zardari,Pending,Paid,Under Review,Due,9800000.0
14677,Noshaba Qureshi,DEMO-KPT-14677,House No. RCB-622,Street 9,FB Area,4,3,Apartment,Noshaba Qureshi,Irfan Alvi,Pending,Paid,Under Review,Due,9000000.0
1768,Aqib Kidwai,DEMO-KPT-1768,House No. B-636,Street 11,FB Area,4,3,Apartment,Aqib Kidwai,Pervaiz Pasha,Pending,Paid,Issue Found,Paid,8300000.0
8066,Nailah Anwar,DEMO-KPT-8066,House No. BB-399,Street 13,FB Area,4,3,Apartment,Nailah Anwar,Husna Wattoo,Pending,Due,Clear,Due,9400000.0
4994,Eman Niazi,DEMO-KPT-4994,House No. RB-781,Street 15,FB Area,4,3,Apartment,Eman Niazi,Zubaida Nawaz,Verified,Paid,Under Review,Due,8300000.0
13094,Saad Pirzada,DEMO-KPT-13094,House No. RC-793,Street 15,FB Area,4,3,Apartment,Saad Pirzada,Mahrukh Hinjra,Verified,Paid,Under Review,Due,9600000.0
14670,Salahuddin Bhutto,DEMO-KPT-14670,House No. BRC-369,Street 15,FB Area,4,3,Apartment,Salahuddin Bhutto,Hadiqa Lakhani,Pending,Paid,Clear,Paid,9400000.0
11419,Jalal Lari,DEMO-KPT-11419,House No. DC-796,Street 19,FB Area,4,3,Apartment,Jalal Lari,Noshaba Tariq,Pending,Due,Clear,Due,8000000.0
9730,Zawar Mughal,DEMO-KPT-9730,House No. BB-574,Street 25,FB Area,4,3,Apartment,Zawar Mughal,Nasrullah Gilani,Pending,Due,Under Review,Due,8400000.0
3392,Husna Qadir,DEMO-KPT-3392,House No. D-321,Street 26,FB Area,4,3,Apartment,Husna Qadir,Dawood Khalid,Verified,Due,Issue Found,Due,9300000.0
6572,Khushbu Mangi,DEMO-KPT-6572,House No. DR-737,Street 26,FB Area,4,3,Apartment,Khushbu Mangi,Kanwar Iqbal,Pending,Due,Under Review,Paid,10000000.0
4937,Zakir Tareen,DEMO-KPT-4937,House No. CC-375,Street 28,FB Area,4,3,Apartment,Zakir Tareen,Najma Shaikh,Pending,Paid,Under Review,Due,8400000.0
5010,Saif Naseem,DEMO-KPT-5010,House No. BB-499,Street 1,FB Area,5,3,Apartment,Saif Naseem,Aleeza Wazir,Pending,Paid,Issue Found,Due,8200000.0
6644,Zaheer Mansoor,DEMO-KPT-6644,House No. CC-525,Street 1,FB Area,5,3,Apartment,Zaheer Mansoor,Aftab Pasha,Verified,Paid,Issue Found,Due,9500000.0
3444,Hadiqa Alvi,DEMO-KPT-3444,House No. B-888,Street 3,FB Area,5,3,Apartment,Hadiqa Alvi,Zubaida Swati,Litigated,Paid,Issue Found,Paid,8800000.0
5034,Iftikhar Shinwari,DEMO-KPT-5034,House No. RR-537,Street 7,FB Area,5,3,Apartment,Iftikhar Shinwari,Abbas Tahir,Pending,Paid,Clear,Paid,9000000.0
8184,Yumna Kakar,DEMO-KPT-8184,House No. DB-753,Street 7,FB Area,5,3,Apartment,Yumna Kakar,Mukhtar Hameed,Pending,Paid,Clear,Paid,9900000.0
5006,Kabir Khosa,DEMO-KPT-5006,House No. DD-354,Street 9,FB Area,5,3,Apartment,Kabir Khosa,Aneeqa Kalhoro,Verified,Due,Under Review,Paid,9200000.0
6672,Feryal Niazi,DEMO-KPT-6672,House No. DC-615,Street 11,FB Area,5,3,Apartment,Feryal Niazi,Hina Saleem,Pending,Due,Under Review,Due,10000000.0
16502,Fabiha Ghauri,DEMO-KPT-16502,House No. CDR-492,Street 11,FB Area,5,3,Apartment,Fabiha Ghauri,Ruqayya Saeed,Litigated,Due,Under Review,Due,8200000.0
6635,Bisma Wani,DEMO-KPT-6635,House No. BC-308,Street 13,FB Area,5,3,Apartment,Bisma Wani,Benazir Hinjra,Verified,Paid,Issue Found,Due,9000000.0
11464,Majid Zubairi,DEMO-KPT-11464,House No. RD-618,Street 14,FB Area,5,3,Apartment,Majid Zubairi,Luqman Mughal,Pending,Paid,Under Review,Due,9700000.0
6630,Hamid Baloch,DEMO-KPT-6630,House No. DR-618,Street 16,FB Area,5,3,Apartment,Hamid Baloch,Emaad Gabol,Verified,Due,Clear,Paid,9200000.0
9836,Kinza Tiwana,DEMO-KPT-9836,House No. BC-436,Street 18,FB Area,5,3,Apartment,Kinza Tiwana,Zulfiqar Ansari,Verified,Paid,Issue Found,Due,9000000.0
5023,Arbaz Mohammadzai,DEMO-KPT-5023,House No. RB-702,Street 20,FB Area,5,3,Apartment,Arbaz Mohammadzai,Hanif Peerzada,Pending,Due,Under Review,Due,10000000.0
13123,Nosheen Rajper,DEMO-KPT-13123,House No. DB-867,Street 20,FB Area,5,3,Apartment,Nosheen Rajper,Asif Sial,Pending,Due,Under Review,Due,9500000.0
16514,Khansa Jamal,DEMO-KPT-16514,House No. CRB-409,Street 21,FB Area,5,3,Apartment,Khansa Jamal,Ibrahim Saif,Pending,Paid,Issue Found,Paid,9700000.0
5021,Ayub Mehmood,DEMO-KPT-5021,House No. CR-894,Street 22,FB Area,5,3,Apartment,Ayub Mehmood,Junaid Leghari,Verified,Paid,Under Review,Paid,8100000.0
9841,Rehman Mansoor,DEMO-KPT-9841,House No. BB-670,Street 22,FB Area,5,3,Apartment,Rehman Mansoor,Emaan Bukhari,Verified,Due,Clear,Paid,9900000.0
6616,Neelam Ilyas,DEMO-KPT-6616,House No. RD-573,Street 26,FB Area,5,3,Apartment,Neelam Ilyas,Huma Kiani,Pending,Paid,Clear,Due,8200000.0
8165,Owais Shah,DEMO-KPT-8165,House No. BB-453,Street 27,FB Area,5,3,Apartment,Owais Shah,Kaif Sardar,Pending,Paid,Issue Found,Due,8700000.0
8176,Ashfaq Wani,DEMO-KPT-8176,House No. CB-681,Street 29,FB Area,5,3,Apartment,Ashfaq Wani,Qadir Memon,Pending,Paid,Issue Found,Due,10000000.0
13126,Urwa Saeed,DEMO-KPT-13126,House No. BD-814,Street 29,FB Area,5,3,Apartment,Urwa Saeed,Fauzia Janjua,Pending,Paid,Issue Found,Due,8900000.0
10003,Saira Rajput,DEMO-KPT-10003,House No. BB-517,Street 1,FB Area,6,3,Apartment,Saira Rajput,Aiman Qazi,Verified,Paid,Clear,Paid,8700000.0
11594,Fahad Lari,DEMO-KPT-11594,House No. DB-368,Street 1,FB Area,6,3,Apartment,Fahad Lari,Zohaib Leghari,Verified,Paid,Issue Found,Due,8200000.0
5044,Zehra Baig,DEMO-KPT-5044,House No. DB-840,Street 3,FB Area,6,3,Apartment,Zehra Baig,Bahadur Sultan,Pending,Paid,Clear,Due,9300000.0
14887,Ihsan Latif,DEMO-KPT-14887,House No. BRC-412,Street 4,FB Area,6,3,Apartment,Ihsan Latif,Shagufta Siddiqui,Litigated,Due,Under Review,Due,8300000.0
1972,Noor Zafar,DEMO-KPT-1972,House No. D-868,Street 5,FB Area,6,3,Apartment,Noor Zafar,Rehmat Hinjra,Litigated,Due,Clear,Due,10000000.0
3616,Sibtain Cheena,DEMO-KPT-3616,House No. B-778,Street 5,FB Area,6,3,Apartment,Sibtain Cheena,Bashir Shafi,Pending,Paid,Issue Found,Paid,8300000.0
14853,Mansoor Kidwai,DEMO-KPT-14853,House No. DRB-679,Street 5,FB Area,6,3,Apartment,Mansoor Kidwai,Ijaz Tanoli,Pending,Paid,Issue Found,Due,9400000.0
3612,Naila Mansoor,DEMO-KPT-3612,House No. D-629,Street 8,FB Area,6,3,Apartment,Naila Mansoor,Mehboob Shafi,Litigated,Due,Under Review,Due,8500000.0
6762,Sohaib Gondal,DEMO-KPT-6762,House No. BC-508,Street 8,FB Area,6,3,Apartment,Sohaib Gondal,Sarfraz Kidwai,Litigated,Due,Under Review,Due,8900000.0
5051,Muhammad Bhat,DEMO-KPT-5051,House No. RC-548,Street 9,FB Area,6,3,Apartment,Muhammad Bhat,Aamir Nawaz,Litigated,Paid,Issue Found,Due,8000000.0
3593,Yameen Dayo,DEMO-KPT-3593,House No. C-676,Street 10,FB Area,6,3,Apartment,Yameen Dayo,Zakir Gabol,Litigated,Paid,Issue Found,Paid,8100000.0
11523,Mishal Virk,DEMO-KPT-11523,House No. CC-575,Street 11,FB Area,6,3,Apartment,Mishal Virk,Fahad Popalzai,Verified,Paid,Under Review,Due,9000000.0
14861,Shoaib Dawood,DEMO-KPT-14861,House No. DRB-419,Street 15,FB Area,6,3,Apartment,Shoaib Dawood,Bakht Mangi,Pending,Paid,Issue Found,Due,8100000.0
11580,Hanzala Qazi,DEMO-KPT-11580,House No. RC-654,Street 16,FB Area,6,3,Apartment,Hanzala Qazi,Sarfraz Sahito,Verified,Due,Clear,Paid,8900000.0
2031,Sabahat Durrani,DEMO-KPT-2031,House No. D-897,Street 18,FB Area,6,3,Apartment,Sabahat Durrani,Kainat Sandhu,Verified,Paid,Clear,Paid,9100000.0
1969,Tooba Orakzai,DEMO-KPT-1969,House No. D-494,Street 19,FB Area,6,3,Apartment,Tooba Orakzai,Fayyaz Zia,Pending,Due,Clear,Due,9100000.0
3600,Sharmeen Bukhari,DEMO-KPT-3600,House No. D-824,Street 19,FB Area,6,3,Apartment,Sharmeen Bukhari,Muzammil Bugti,Verified,Due,Under Review,Due,9300000.0
9973,Mubashra Mari,DEMO-KPT-9973,House No. BB-449,Street 20,FB Area,6,3,Apartment,Mubashra Mari,Jamshed Rajput,Pending,Due,Under Review,Due,8400000.0
3541,Zahida Cheema,DEMO-KPT-3541,House No. B-841,Street 22,FB Area,6,3,Apartment,Zahida Cheema,Tayyaba Kiani,Verified,Due,Clear,Paid,8700000.0
16591,Adeel Cheema,DEMO-KPT-16591,House No. DRB-365,Street 22,FB Area,6,3,Apartment,Adeel Cheema,Qamar Abro,Verified,Due,Clear,Paid,9600000.0
8280,Zahra Tanvir,DEMO-KPT-8280,House No. RC-349,Street 25,FB Area,6,3,Apartment,Zahra Tanvir,Kanwal Tunio,Pending,Due,Issue Found,Paid,9300000.0
11522,Farheen Tariq,DEMO-KPT-11522,House No. CR-566,Street 26,FB Area,6,3,Apartment,Farheen Tariq,Umar Bashir,Pending,Due,Under Review,Paid,9800000.0
11576,Anmol Zaidi,DEMO-KPT-11576,House No. CC-316,Street 27,FB Area,6,3,Apartment,Anmol Zaidi,Zahra Ghauri,Verified,Due,Clear,Paid,8500000.0
8258,Ruqayya Yousafzai,DEMO-KPT-8258,House No. BR-748,Street 30,FB Area,6,3,Apartment,Ruqayya Yousafzai,Siddique Barakzai,Litigated,Due,Under Review,Due,8500000.0
16552,Muhammad Noor,DEMO-KPT-16552,House No. BRC-395,Street 30,FB Area,6,3,Apartment,Muhammad Noor,Sameen Hinjra,Verified,Paid,Under Review,Due,8500000.0
2144,Kafeel Shakir,DEMO-KPT-2144,House No. C-796,Street 1,FB Area,7,3,Apartment,Kafeel Shakir,Aneesa Gondal,Verified,Paid,Issue Found,Due,8200000.0
6844,Zubaida Yousafzai,DEMO-KPT-6844,House No. DB-467,Street 3,FB Area,7,3,Apartment,Zubaida Yousafzai,Samiya Cheena,Pending,Paid,Clear,Due,9900000.0
13344,Sabir Ghani,DEMO-KPT-13344,House No. BB-371,Street 3,FB Area,7,3,Apartment,Sabir Ghani,Yasir Sial,Litigated,Paid,Issue Found,Paid,9200000.0
14944,Aryan Marwat,DEMO-KPT-14944,House No. BRD-391,Street 3,FB Area,7,3,Apartment,Aryan Marwat,Kinza Aslam,Pending,Paid,Clear,Due,9900000.0
2143,Wali Samo,DEMO-KPT-2143,House No. B-330,Street 4,FB Area,7,3,Apartment,Wali Samo,Maaz Mughal,Litigated,Paid,Under Review,Paid,8700000.0
6787,Sharmeen Janjua,DEMO-KPT-6787,House No. CC-519,Street 4,FB Area,7,3,Apartment,Sharmeen Janjua,Husna Junejo,Litigated,Due,Under Review,Due,9500000.0
2066,Mehrunnisa Sardar,DEMO-KPT-2066,House No. D-542,Street 5,FB Area,7,3,Apartment,Mehrunnisa Sardar,Salahuddin Mahar,Litigated,Paid,Under Review,Paid,9800000.0
13327,Raza Zaidi,DEMO-KPT-13327,House No. DB-488,Street 9,FB Area,7,3,Apartment,Raza Zaidi,Mehak Mehmood,Pending,Paid,Under Review,Due,8400000.0
16606,Faiza Mansoor,DEMO-KPT-16606,House No. RBD-526,Street 9,FB Area,7,3,Apartment,Faiza Mansoor,Sahrish Bilgrami,Pending,Paid,Issue Found,Paid,8700000.0
16643,Qayyum Bhatti,DEMO-KPT-16643,House No. RBD-354,Street 10,FB Area,7,3,Apartment,Qayyum Bhatti,Sadia Ali,Litigated,Paid,Issue Found,Paid,9400000.0
11666,Sarah Tarar,DEMO-KPT-11666,House No. DD-513,Street 13,FB Area,7,3,Apartment,Sarah Tarar,Aqsa Dawood,Pending,Due,Clear,Due,10000000.0
16616,Rabia Cheena,DEMO-KPT-16616,House No. DBC-648,Street 13,FB Area,7,3,Apartment,Rabia Cheena,Sakina Mirani,Pending,Due,Clear,Due,8800000.0
6769,Noshaba Saif,DEMO-KPT-6769,House No. BB-541,Street 14,FB Area,7,3,Apartment,Noshaba Saif,Tanveer Kiani,Litigated,Due,Clear,Paid,9400000.0
10081,Sana Kamal,DEMO-KPT-10081,House No. CD-624,Street 14,FB Area,7,3,Apartment,Sana Kamal,Anmol Lari,Verified,Due,Under Review,Paid,8800000.0
14894,Sheeba Saeed,DEMO-KPT-14894,House No. RBC-399,Street 15,FB Area,7,3,Apartment,Sheeba Saeed,Mehreen Hashmi,Verified,Paid,Under Review,Due,8000000.0
8331,Alamgir Nasar,DEMO-KPT-8331,House No. CB-723,Street 18,FB Area,7,3,Apartment,Alamgir Nasar,Nailah Umer,Verified,Paid,Clear,Paid,9400000.0
3671,Nayab Khosa,DEMO-KPT-3671,House No. R-455,Street 22,FB Area,7,3,Apartment,Nayab Khosa,Sobia Mirza,Verified,Paid,Under Review,Paid,8900000.0
11634,Maryum Mansoor,DEMO-KPT-11634,House No. BC-674,Street 24,FB Area,7,3,Apartment,Maryum Mansoor,Syeda Khattak,Verified,Paid,Under Review,Due,9700000.0
5133,Sheraz Mahesar,DEMO-KPT-5133,House No. CC-822,Street 26,FB Area,7,3,Apartment,Sheraz Mahesar,Urooj Parvez,Pending,Paid,Issue Found,Due,8500000.0
8342,Wasim Hoti,DEMO-KPT-8342,House No. DC-371,Street 26,FB Area,7,3,Apartment,Wasim Hoti,Talha Ghauri,Verified,Due,Issue Found,Due,8200000.0
11611,Zartaj Mughal,DEMO-KPT-11611,House No. DD-419,Street 26,FB Area,7,3,Apartment,Zartaj Mughal,Aneesa Zaidi,Verified,Paid,Clear,Paid,9400000.0
13292,Hamid Majeed,DEMO-KPT-13292,House No. DB-825,Street 26,FB Area,7,3,Apartment,Hamid Majeed,Shafay Hameed,Verified,Due,Issue Found,Due,9100000.0
6826,Samina Dar,DEMO-KPT-6826,House No. RD-834,Street 29,FB Area,7,3,Apartment,Samina Dar,Zayan Rehman,Pending,Paid,Issue Found,Due,9800000.0
14918,Mehwish Barakzai,DEMO-KPT-14918,House No. RCD-555,Street 29,FB Area,7,3,Apartment,Mehwish Barakzai,Nadir Memon,Verified,Due,Issue Found,Due,8900000.0
3712,Omer Zafar,DEMO-KPT-3712,House No. B-328,Street 30,FB Area,7,3,Apartment,Omer Zafar,Sabih Toor,Verified,Due,Issue Found,Due,10000000.0
2173,Mina Ghazali,DEMO-KPT-2173,House No. D-855,Street 3,FB Area,8,3,Apartment,Mina Ghazali,Fiza Iqbal,Pending,Due,Under Review,Due,9300000.0
5244,Shabbir Cheema,DEMO-KPT-5244,House No. DB-709,Street 3,FB Area,8,3,Apartment,Shabbir Cheema,Sameen Ranjha,Litigated,Paid,Issue Found,Paid,8800000.0
15029,Arbaz Shakeel,DEMO-KPT-15029,House No. BRD-627,Street 3,FB Area,8,3,Apartment,Arbaz Shakeel,Afreen Palijo,Litigated,Paid,Issue Found,Due,9400000.0
3772,Alizeh Rajper,DEMO-KPT-3772,House No. D-495,Street 5,FB Area,8,3,Apartment,Alizeh Rajper,Husna Zubairi,Litigated,Due,Clear,Due,8900000.0
15022,Sharjeel Niazi,DEMO-KPT-15022,House No. DRC-840,Street 5,FB Area,8,3,Apartment,Sharjeel Niazi,Ayub Leghari,Litigated,Due,Clear,Due,8600000.0
5260,Palwasha Marwat,DEMO-KPT-5260,House No. DB-653,Street 6,FB Area,8,3,Apartment,Palwasha Marwat,Rizwan Ghaffar,Verified,Due,Issue Found,Due,9200000.0
10137,Kashif Umer,DEMO-KPT-10137,House No. CR-563,Street 8,FB Area,8,3,Apartment,Kashif Umer,Muhammad Mughal,Pending,Paid,Issue Found,Due,9500000.0
11675,Waseem Pirzada,DEMO-KPT-11675,House No. DC-608,Street 9,FB Area,8,3,Apartment,Waseem Pirzada,Nawaz Marri,Pending,Due,Clear,Due,8300000.0
13480,Maryum Bhat,DEMO-KPT-13480,House No. CRB-817,Street 9,FB Area,8,3,Apartment,Maryum Bhat,Qurat Virk,Verified,Due,Issue Found,Paid,8700000.0
6863,Nuzhat Dayo,DEMO-KPT-6863,House No. DB-588,Street 10,FB Area,8,3,Apartment,Nuzhat Dayo,Fareeha Cheena,Litigated,Due,Clear,Paid,9200000.0
13482,Sikandar Gill,DEMO-KPT-13482,House No. DCR-752,Street 14,FB Area,8,3,Apartment,Sikandar Gill,Shabbir Lughmani,Verified,Due,Issue Found,Due,9800000.0
16661,Mehrunnisa Kamal,DEMO-KPT-16661,House No. RCD-838,Street 15,FB Area,8,3,Apartment,Mehrunnisa Kamal,Erum Ghauri,Pending,Paid,Issue Found,Due,9100000.0
8385,Junaid Magsi,DEMO-KPT-8385,House No. RD-411,Street 16,FB Area,8,3,Apartment,Junaid Magsi,Saad Zardari,Verified,Due,Clear,Due,9800000.0
3831,Usman Palijo,DEMO-KPT-3831,House No. B-536,Street 18,FB Area,8,3,Apartment,Usman Palijo,Mirha Pirzada,Verified,Paid,Clear,Paid,8900000.0
11731,Maimoona Wazir,DEMO-KPT-11731,House No. CR-798,Street 19,FB Area,8,3,Apartment,Maimoona Wazir,Zubia Malik,Verified,Due,Clear,Due,8900000.0
8391,Tahreem Kazmi,DEMO-KPT-8391,House No. BB-344,Street 20,FB Area,8,3,Apartment,Tahreem Kazmi,Ayaz Achakzai,Litigated,Paid,Issue Found,Due,8000000.0
5192,Mehak Leghari,DEMO-KPT-5192,House No. DC-619,Street 26,FB Area,8,3,Apartment,Mehak Leghari,Farhan Gilani,Verified,Due,Issue Found,Due,9200000.0
6885,Sikandar Shakir,DEMO-KPT-6885,House No. RB-642,Street 26,FB Area,8,3,Apartment,Sikandar Shakir,Noreen Anwar,Verified,Paid,Clear,Paid,8800000.0
6876,Amara Dawood,DEMO-KPT-6876,House No. DC-446,Street 27,FB Area,8,3,Apartment,Amara Dawood,Akif Kharal,Pending,Paid,Issue Found,Paid,8000000.0
16715,Nadeem Khuhro,DEMO-KPT-16715,House No. BRC-691,Street 27,FB Area,8,3,Apartment,Nadeem Khuhro,Khurram Tiwana,Pending,Paid,Issue Found,Due,9800000.0
16718,Nabeeha Nawaz,DEMO-KPT-16718,House No. CRB-625,Street 29,FB Area,8,3,Apartment,Nabeeha Nawaz,Naila Sahito,Verified,Due,Issue Found,Due,8100000.0
6857,Samina Gandapur,DEMO-KPT-6857,House No. DD-750,Street 30,FB Area,8,3,Apartment,Samina Gandapur,Mubashir Alvi,Verified,Paid,Issue Found,Due,9900000.0
6908,Shazia Hussain,DEMO-KPT-6908,House No. CB-567,Street 30,FB Area,8,3,Apartment,Shazia Hussain,Safa Bashir,Litigated,Due,Under Review,Due,9500000.0
15008,Shifa Ilyas,DEMO-KPT-15008,House No. BRD-426,Street 30,FB Area,8,3,Apartment,Shifa Ilyas,Fiza Gondal,Litigated,Due,Under Review,Due,8900000.0
6959,Ihsan Hussain,DEMO-KPT-6959,House No. BD-462,Street 1,FB Area,9,3,Apartment,Ihsan Hussain,Bilawal Lone,Litigated,Paid,Clear,Paid,8700000.0
10194,Sharjeel Kamal,DEMO-KPT-10194,House No. RR-615,Street 3,FB Area,9,3,Apartment,Sharjeel Kamal,Junaid Korai,Litigated,Paid,Issue Found,Paid,9900000.0
5293,Humayun Butt,DEMO-KPT-5293,House No. CR-556,Street 4,FB Area,9,3,Apartment,Humayun Butt,Nayab Rashid,Litigated,Paid,Under Review,Paid,9100000.0
10166,Ahad Bijarani,DEMO-KPT-10166,House No. DB-540,Street 5,FB Area,9,3,Apartment,Ahad Bijarani,Athar Shakir,Litigated,Paid,Under Review,Paid,8700000.0
13516,Riaz Sial,DEMO-KPT-13516,House No. CDB-501,Street 5,FB Area,9,3,Apartment,Riaz Sial,Ayla Janjua,Pending,Paid,Issue Found,Paid,10000000.0
2248,Rakhshanda Butt,DEMO-KPT-2248,House No. D-839,Street 6,FB Area,9,3,Apartment,Rakhshanda Butt,Aleeza Mahsud,Litigated,Paid,Under Review,Paid,8600000.0
10210,Unaiza Lari,DEMO-KPT-10210,House No. CC-763,Street 6,FB Area,9,3,Apartment,Unaiza Lari,Sidra Nawaz,Verified,Due,Issue Found,Due,9900000.0
15121,Mahira Raza,DEMO-KPT-15121,House No. DRC-496,Street 7,FB Area,9,3,Apartment,Mahira Raza,Akif Saeed,Litigated,Paid,Under Review,Due,8800000.0
13530,Fatima Mahsud,DEMO-KPT-13530,House No. RBC-417,Street 8,FB Area,9,3,Apartment,Fatima Mahsud,Aziz Mustafa,Litigated,Due,Issue Found,Due,8400000.0
2230,Haseeb Hinjra,DEMO-KPT-2230,House No. C-312,Street 9,FB Area,9,3,Apartment,Haseeb Hinjra,Zara Naseem,Verified,Due,Issue Found,Paid,10000000.0
15127,Faisal Naseem,DEMO-KPT-15127,House No. BDR-490,Street 9,FB Area,9,3,Apartment,Faisal Naseem,Fayyaz Mazari,Pending,Paid,Under Review,Due,8300000.0
15123,Shamim Ali,DEMO-KPT-15123,House No. DBR-679,Street 11,FB Area,9,3,Apartment,Shamim Ali,Ahmed Lari,Verified,Paid,Under Review,Due,10000000.0
5366,Minhaj Khosa,DEMO-KPT-5366,House No. RR-820,Street 13,FB Area,9,3,Apartment,Minhaj Khosa,Parveen Joiya,Pending,Due,Clear,Due,10000000.0
2269,Sufyan Yasin,DEMO-KPT-2269,House No. B-414,Street 14,FB Area,9,3,Apartment,Sufyan Yasin,Sahrish Bijarani,Litigated,Due,Clear,Paid,8100000.0
6931,Shayan Kalhoro,DEMO-KPT-6931,House No. BB-668,Street 14,FB Area,9,3,Apartment,Shayan Kalhoro,Afreen Hafeez,Verified,Due,Under Review,Paid,8900000.0
15120,Kanwar Hameed,DEMO-KPT-15120,House No. DBR-831,Street 15,FB Area,9,3,Apartment,Kanwar Hameed,Hasnain Sabri,Pending,Paid,Clear,Paid,9400000.0
15047,Sagheer Nawaz,DEMO-KPT-15047,House No. CBD-327,Street 16,FB Area,9,3,Apartment,Sagheer Nawaz,Zara Zaman,Pending,Paid,Under Review,Paid,8100000.0
5321,Daniyal Ilyas,DEMO-KPT-5321,House No. DR-895,Street 17,FB Area,9,3,Apartment,Daniyal Ilyas,Nasreen Panhwar,Pending,Due,Clear,Paid,9800000.0
2281,Qasim Afridi,DEMO-KPT-2281,House No. B-465,Street 19,FB Area,9,3,Apartment,Qasim Afridi,Naveed Wani,Verified,Due,Clear,Due,9100000.0
16797,Marium Mohammadzai,DEMO-KPT-16797,House No. BDC-525,Street 27,FB Area,9,3,Apartment,Marium Mohammadzai,Munib Ilyas,Pending,Due,Clear,Due,8400000.0
5319,Nouman Samo,DEMO-KPT-5319,House No. CD-456,Street 28,FB Area,9,3,Apartment,Nouman Samo,Saleha Hafeez,Litigated,Paid,Issue Found,Due,8200000.0
11776,Athar Mirani,DEMO-KPT-11776,House No. RR-704,Street 29,FB Area,9,3,Apartment,Athar Mirani,Furqan Mohammadzai,Pending,Paid,Issue Found,Due,8900000.0
3944,Farheen Butt,DEMO-KPT-3944,House No. RR-597,Street 1,FB Area,10,3,Apartment,Farheen Butt,Rooman Daudzai,Verified,Paid,Issue Found,Due,9000000.0
15223,Anas Chattha,DEMO-KPT-15223,House No. BCR-590,Street 3,FB Area,10,3,Apartment,Anas Chattha,Sarfraz Cheema,Pending,Due,Under Review,Due,9300000.0
16829,Tanzeela Afridi,DEMO-KPT-16829,House No. DCB-368,Street 3,FB Area,10,3,Apartment,Tanzeela Afridi,Azka Sabri,Litigated,Paid,Issue Found,Due,8500000.0
5415,Bilquis Ghazali,DEMO-KPT-5415,House No. CC-390,Street 4,FB Area,10,3,Apartment,Bilquis Ghazali,Tabassum Gakhar,Pending,Paid,Under Review,Due,8600000.0
5398,Yaqoob Mustafa,DEMO-KPT-5398,House No. BD-542,Street 6,FB Area,10,3,Apartment,Yaqoob Mustafa,Umaima Sadiq,Litigated,Paid,Under Review,Paid,8400000.0
2306,Yawar Bettani,DEMO-KPT-2306,House No. D-301,Street 9,FB Area,10,3,Apartment,Yawar Bettani,Azeem Toor,Verified,Due,Under Review,Paid,9700000.0
3972,Nazia Rajper,DEMO-KPT-3972,House No. RR-614,Street 11,FB Area,10,3,Apartment,Nazia Rajper,Hira Sohu,Pending,Due,Under Review,Due,9100000.0
10316,Muneeba Bangash,DEMO-KPT-10316,House No. CR-423,Street 13,FB Area,10,3,Apartment,Muneeba Bangash,Iqbal Dahri,Pending,Due,Clear,Due,9600000.0
7020,Anum Chandio,DEMO-KPT-7020,House No. RD-875,Street 15,FB Area,10,3,Apartment,Anum Chandio,Izhar Soomro,Pending,Paid,Clear,Paid,9600000.0
15180,Zunair Chaudhry,DEMO-KPT-15180,House No. RCB-744,Street 16,FB Area,10,3,Apartment,Zunair Chaudhry,Laraib Tanvir,Verified,Due,Clear,Paid,8800000.0
10271,Alizeh Khan,DEMO-KPT-10271,House No. CR-346,Street 17,FB Area,10,3,Apartment,Alizeh Khan,Rizwan Hafeez,Pending,Due,Clear,Paid,8500000.0
7002,Manahil Randhawa,DEMO-KPT-7002,House No. DD-752,Street 20,FB Area,10,3,Apartment,Manahil Randhawa,Inayat Janjua,Litigated,Due,Clear,Due,8800000.0
3914,Sidrah Zahid,DEMO-KPT-3914,House No. CD-497,Street 21,FB Area,10,3,Apartment,Sidrah Zahid,Khawar Qazi,Pending,Paid,Issue Found,Paid,9500000.0
15164,Zamzam Hinjra,DEMO-KPT-15164,House No. RBC-364,Street 21,FB Area,10,3,Apartment,Zamzam Hinjra,Alizeh Majeed,Pending,Paid,Issue Found,Paid,8900000.0
16885,Hanzala Wazir,DEMO-KPT-16885,House No. RDC-367,Street 24,FB Area,10,3,Apartment,Hanzala Wazir,Shehzad Kazmi,Litigated,Paid,Issue Found,Paid,9000000.0
13635,Naseer Umer,DEMO-KPT-13635,House No. BCR-891,Street 26,FB Area,10,3,Apartment,Naseer Umer,Ambreen Kazmi,Verified,Paid,Clear,Paid,8300000.0
16823,Qamar Shafi,DEMO-KPT-16823,House No. RCD-863,Street 26,FB Area,10,3,Apartment,Qamar Shafi,Arfa Ilyas,Litigated,Due,Clear,Paid,9400000.0
16892,Sidra Rehman,DEMO-KPT-16892,House No. DBC-796,Street 26,FB Area,10,3,Apartment,Sidra Rehman,Ajmal Niazi,Verified,Due,Issue Found,Due,8200000.0
2397,Habib Rafique,DEMO-KPT-2397,House No. D-350,Street 27,FB Area,10,3,Apartment,Habib Rafique,Rakhshanda Yousafzai,Pending,Due,Clear,Due,8400000.0
8619,Fayyaz Swati,DEMO-KPT-8619,House No. RR-526,Street 27,FB Area,10,3,Apartment,Fayyaz Swati,Tayyeb Bugti,Litigated,Due,Under Review,Paid,8700000.0
11826,Shabana Pasha,DEMO-KPT-11826,House No. BB-605,Street 27,FB Area,10,3,Apartment,Shabana Pasha,Unaiza Tahir,Pending,Paid,Issue Found,Paid,9200000.0
13626,Shahroz Khokhar,DEMO-KPT-13626,House No. RCB-368,Street 27,FB Area,10,3,Apartment,Shahroz Khokhar,Kamal Jamali,Pending,Paid,Issue Found,Paid,9700000.0
3969,Tanzeela Tanvir,DEMO-KPT-3969,House No. RB-544,Street 28,FB Area,10,3,Apartment,Tanzeela Tanvir,Khansa Kazmi,Litigated,Paid,Issue Found,Due,9100000.0
2362,Hashir Lone,DEMO-KPT-2362,House No. R-404,Street 30,FB Area,10,3,Apartment,Hashir Lone,Noaman Warsi,Verified,Due,Issue Found,Due,8200000.0
7044,Mahira Abro,DEMO-KPT-7044,House No. RB-590,Street 3,FB Area,11,3,Apartment,Mahira Abro,Luqmaan Kazmi,Litigated,Paid,Issue Found,Paid,9200000.0
11956,Ayub Hoti,DEMO-KPT-11956,House No. BR-722,Street 4,FB Area,11,3,Apartment,Ayub Hoti,Wajiha Ghumman,Litigated,Due,Clear,Due,8000000.0
16960,Zuha Hashmi,DEMO-KPT-16960,House No. CDB-700,Street 6,FB Area,11,3,Apartment,Zuha Hashmi,Alamgir Minhas,Verified,Due,Issue Found,Due,8800000.0
15256,Parvez Jaffri,DEMO-KPT-15256,House No. CRB-838,Street 9,FB Area,11,3,Apartment,Parvez Jaffri,Iqbal Marwat,Pending,Paid,Issue Found,Paid,9700000.0
8663,Feroz Shakeel,DEMO-KPT-8663,House No. BC-584,Street 10,FB Area,11,3,Apartment,Feroz Shakeel,Aleeza Waheed,Litigated,Due,Clear,Paid,8300000.0
13675,Zamzam Khosa,DEMO-KPT-13675,House No. BRD-392,Street 12,FB Area,11,3,Apartment,Zamzam Khosa,Laiba Tiwana,Pending,Paid,Under Review,Paid,9400000.0
10332,Minhaj Aslam,DEMO-KPT-10332,House No. RB-493,Street 14,FB Area,11,3,Apartment,Minhaj Aslam,Saeeda Minhas,Verified,Due,Issue Found,Due,9100000.0
13681,Sameer Cheena,DEMO-KPT-13681,House No. BDC-819,Street 14,FB Area,11,3,Apartment,Sameer Cheena,Sanam Hoti,Verified,Due,Under Review,Paid,8800000.0
10382,Saleha Kalhoro,DEMO-KPT-10382,House No. DC-606,Street 15,FB Area,11,3,Apartment,Saleha Kalhoro,Alizeh Bangash,Litigated,Due,Clear,Paid,9800000.0
11970,Imad Siddiqui,DEMO-KPT-11970,House No. RC-392,Street 15,FB Area,11,3,Apartment,Imad Siddiqui,Iram Khokhar,Pending,Paid,Clear,Paid,9200000.0
11897,Ismail Mustafa,DEMO-KPT-11897,House No. DB-717,Street 16,FB Area,11,3,Apartment,Ismail Mustafa,Rubab Zia,Pending,Paid,Under Review,Paid,10000000.0
2481,Rafiq Latif,DEMO-KPT-2481,House No. R-613,Street 18,FB Area,11,3,Apartment,Rafiq Latif,Zayan Gilani,Verified,Paid,Clear,Paid,9100000.0
3996,Sabika Chattha,DEMO-KPT-3996,House No. CD-704,Street 21,FB Area,11,3,Apartment,Sabika Chattha,Suleman Hussain,Verified,Paid,Clear,Due,8300000.0
5471,Sehar Leghari,DEMO-KPT-5471,House No. BD-677,Street 22,FB Area,11,3,Apartment,Sehar Leghari,Aneeqa Shafiq,Verified,Paid,Under Review,Paid,8700000.0
13693,Aneeqa Malik,DEMO-KPT-13693,House No. RBD-682,Street 23,FB Area,11,3,Apartment,Aneeqa Malik,Younas Marwat,Pending,Due,Clear,Paid,9500000.0
2485,Ayub Qureshi,DEMO-KPT-2485,House No. R-748,Street 24,FB Area,11,3,Apartment,Ayub Qureshi,Abdullah Ranjha,Litigated,Paid,Issue Found,Paid,8000000.0
11935,Alina Jamali,DEMO-KPT-11935,House No. CD-459,Street 24,FB Area,11,3,Apartment,Alina Jamali,Sahar Gakhar,Litigated,Paid,Issue Found,Paid,9900000.0
16930,Ayeza Nadeem,DEMO-KPT-16930,House No. RCD-415,Street 25,FB Area,11,3,Apartment,Ayeza Nadeem,Shahzadi Samo,Pending,Due,Under Review,Due,9700000.0
7022,Mehmood Afridi,DEMO-KPT-7022,House No. CR-549,Street 26,FB Area,11,3,Apartment,Mehmood Afridi,Mehwish Shakeel,Pending,Due,Under Review,Paid,9000000.0
13683,Zarar Lari,DEMO-KPT-13683,House No. RBC-684,Street 26,FB Area,11,3,Apartment,Zarar Lari,Javed Qadir,Pending,Paid,Issue Found,Due,9900000.0
16903,Yawar Naqvi,DEMO-KPT-16903,House No. CDB-485,Street 27,FB Area,11,3,Apartment,Yawar Naqvi,Rukhsana Durrani,Litigated,Due,Clear,Paid,8700000.0
5476,Luqman Khuhro,DEMO-KPT-5476,House No. CC-500,Street 29,FB Area,11,3,Apartment,Luqman Khuhro,Tayyab Ranjha,Pending,Paid,Issue Found,Due,10000000.0
7025,Qamar Mohmand,DEMO-KPT-7025,House No. BR-681,Street 29,FB Area,11,3,Apartment,Qamar Mohmand,Azeem Sial,Litigated,Paid,Under Review,Paid,8200000.0
2408,Aqeel Baloch,DEMO-KPT-2408,House No. D-706,Street 30,FB Area,11,3,Apartment,Aqeel Baloch,Haseeb Malik,Litigated,Due,Under Review,Due,10000000.0
5609,Rustam Wattoo,DEMO-KPT-5609,House No. CC-809,Street 1,FB Area,12,3,Apartment,Rustam Wattoo,Zahida Saeed,Litigated,Paid,Clear,Paid,9400000.0
2562,Ijaz Warsi,DEMO-KPT-2562,House No. D-696,Street 5,FB Area,12,3,Apartment,Ijaz Warsi,Komal Abro,Pending,Paid,Under Review,Due,8900000.0
4066,Zubaida Saleem,DEMO-KPT-4066,House No. BB-763,Street 5,FB Area,12,3,Apartment,Zubaida Saleem,Bilquis Mir,Pending,Paid,Issue Found,Paid,10000000.0
13749,Zunaira Bukhari,DEMO-KPT-13749,House No. DBC-354,Street 8,FB Area,12,3,Apartment,Zunaira Bukhari,Zameer Barakzai,Litigated,Paid,Under Review,Due,9300000.0
10463,Nadeem Lari,DEMO-KPT-10463,House No. DD-672,Street 10,FB Area,12,3,Apartment,Nadeem Lari,Hafiz Kiani,Litigated,Due,Clear,Paid,8300000.0
13770,Mehmood Shakeel,DEMO-KPT-13770,House No. DRB-540,Street 15,FB Area,12,3,Apartment,Mehmood Shakeel,Parveen Bhurgri,Pending,Paid,Clear,Paid,8400000.0
5556,Zakir Baig,DEMO-KPT-5556,House No. RC-818,Street 17,FB Area,12,3,Apartment,Zakir Baig,Nazia Dahri,Verified,Due,Issue Found,Due,8100000.0
8718,Batool Toor,DEMO-KPT-8718,House No. DC-858,Street 17,FB Area,12,3,Apartment,Batool Toor,Sheeba Majeed,Litigated,Due,Under Review,Due,8100000.0
15331,Zayan Latif,DEMO-KPT-15331,House No. BDC-605,Street 19,FB Area,12,3,Apartment,Zayan Latif,Nageen Dawood,Verified,Due,Clear,Due,8900000.0
2541,Ashraf Khokhar,DEMO-KPT-2541,House No. D-689,Street 20,FB Area,12,3,Apartment,Ashraf Khokhar,Khansa Javed,Litigated,Paid,Issue Found,Due,9500000.0
13758,Israr Lone,DEMO-KPT-13758,House No. BCR-692,Street 23,FB Area,12,3,Apartment,Israr Lone,Saad Parvez,Verified,Due,Under Review,Paid,8300000.0
7066,Tooba Bukhari,DEMO-KPT-7066,House No. RC-678,Street 26,FB Area,12,3,Apartment,Tooba Bukhari,Haider Memon,Pending,Paid,Clear,Due,8300000.0
8733,Maimoona Samo,DEMO-KPT-8733,House No. CC-704,Street 26,FB Area,12,3,Apartment,Maimoona Samo,Wasim Unar,Pending,Paid,Issue Found,Due,8700000.0
13742,Farzana Dar,DEMO-KPT-13742,House No. BRC-364,Street 26,FB Area,12,3,Apartment,Farzana Dar,Sumayya Daudzai,Verified,Due,Issue Found,Due,9700000.0
12052,Zarmeen Rehman,DEMO-KPT-12052,House No. DR-868,Street 30,FB Area,12,3,Apartment,Zarmeen Rehman,Sehar Bashir,Verified,Paid,Under Review,Due,8400000.0
15407,Ilyas Farooq,DEMO-KPT-15407,House No. DRB-644,Street 30,FB Area,12,3,Apartment,Ilyas Farooq,Urwa Gakhar,Verified,Paid,Issue Found,Due,9200000.0
10541,Tariq Akhtar,DEMO-KPT-10541,House No. CR-443,Street 3,FB Area,13,3,Apartment,Tariq Akhtar,Saif Swati,Pending,Paid,Under Review,Paid,9400000.0
2593,Daniyal Turk,DEMO-KPT-2593,House No. B-719,Street 4,FB Area,13,3,Apartment,Daniyal Turk,Qurat Bettani,Litigated,Paid,Under Review,Paid,9100000.0
7216,Nailah Khalid,DEMO-KPT-7216,House No. BD-736,Street 5,FB Area,13,3,Apartment,Nailah Khalid,Shamoon Abbasi,Pending,Paid,Issue Found,Paid,9700000.0
8862,Bilawal Sheikh,DEMO-KPT-8862,House No. CC-542,Street 5,FB Area,13,3,Apartment,Bilawal Sheikh,Ali Mirza,Pending,Paid,Under Review,Due,9300000.0
8821,Marium Zaman,DEMO-KPT-8821,House No. CC-363,Street 7,FB Area,13,3,Apartment,Marium Zaman,Nailah Riaz,Litigated,Paid,Under Review,Due,9800000.0
12130,Aslam Ghumman,DEMO-KPT-12130,House No. BD-713,Street 9,FB Area,13,3,Apartment,Aslam Ghumman,Saima Minhas,Verified,Due,Issue Found,Paid,8400000.0
12143,Ghulam Rind,DEMO-KPT-12143,House No. RC-571,Street 10,FB Area,13,3,Apartment,Ghulam Rind,Sahrish Shaikh,Litigated,Paid,Issue Found,Paid,9300000.0
12116,Hussam Alvi,DEMO-KPT-12116,House No. RD-731,Street 13,FB Area,13,3,Apartment,Hussam Alvi,Nageen Cheena,Pending,Due,Clear,Due,10000000.0
10531,Wajiha Mazari,DEMO-KPT-10531,House No. CR-774,Street 14,FB Area,13,3,Apartment,Wajiha Mazari,Mishal Bhurgri,Verified,Due,Under Review,Paid,8300000.0
12132,Nadir Mirza,DEMO-KPT-12132,House No. DC-578,Street 14,FB Area,13,3,Apartment,Nadir Mirza,Nadeem Baloch,Verified,Due,Issue Found,Due,9500000.0
15514,Saima Dreshak,DEMO-KPT-15514,House No. DRB-481,Street 14,FB Area,13,3,Apartment,Saima Dreshak,Rafay Imran,Pending,Paid,Under Review,Due,9900000.0
2662,Lamia Mahar,DEMO-KPT-2662,House No. B-606,Street 15,FB Area,13,3,Apartment,Lamia Mahar,Afzal Rizvi,Verified,Paid,Clear,Paid,9300000.0
7211,Akif Wattoo,DEMO-KPT-7211,House No. DR-547,Street 15,FB Area,13,3,Apartment,Akif Wattoo,Tehmina Shah,Pending,Paid,Issue Found,Due,8800000.0
8820,Sonia Wattoo,DEMO-KPT-8820,House No. CD-309,Street 15,FB Area,13,3,Apartment,Sonia Wattoo,Zahid Latif,Pending,Paid,Clear,Paid,8100000.0
2621,Bilawal Khokhar,DEMO-KPT-2621,House No. B-686,Street 17,FB Area,13,3,Apartment,Bilawal Khokhar,Sufyan Rashid,Pending,Due,Clear,Paid,9100000.0
15468,Kaleem Mohmand,DEMO-KPT-15468,House No. RCB-363,Street 17,FB Area,13,3,Apartment,Kaleem Mohmand,Amber Khattak,Litigated,Due,Under Review,Due,8600000.0
8781,Sarah Tanvir,DEMO-KPT-8781,House No. CD-893,Street 18,FB Area,13,3,Apartment,Sarah Tanvir,Sanam Khokhar,Verified,Paid,Clear,Paid,9400000.0
7231,Saba Wattoo,DEMO-KPT-7231,House No. BD-550,Street 19,FB Area,13,3,Apartment,Saba Wattoo,Mohsin Mahesar,Verified,Due,Clear,Due,9400000.0
5652,Fareeha Alvi,DEMO-KPT-5652,House No. BC-834,Street 20,FB Area,13,3,Apartment,Fareeha Alvi,Aryan Rehman,Litigated,Due,Clear,Due,8700000.0
8864,Sameer Hoti,DEMO-KPT-8864,House No. CC-802,Street 21,FB Area,13,3,Apartment,Sameer Hoti,Sehrish Majeed,Pending,Paid,Issue Found,Paid,9100000.0
12091,Mukarram Zaman,DEMO-KPT-12091,House No. RD-377,Street 22,FB Area,13,3,Apartment,Mukarram Zaman,Sehar Lodhi,Verified,Due,Clear,Paid,8300000.0
4117,Rafiq Tunio,DEMO-KPT-4117,House No. DB-778,Street 25,FB Area,13,3,Apartment,Rafiq Tunio,Haleema Bhittani,Pending,Due,Issue Found,Paid,9100000.0
10533,Zoya Kakar,DEMO-KPT-10533,House No. RB-583,Street 26,FB Area,13,3,Apartment,Zoya Kakar,Ashfaq Ansari,Pending,Paid,Issue Found,Due,9700000.0
13816,Parveen Shafi,DEMO-KPT-13816,House No. BRD-761,Street 26,FB Area,13,3,Apartment,Parveen Shafi,Fatima Jamali,Pending,Paid,Clear,Due,10000000.0
12069,Ayesha Ghazali,DEMO-KPT-12069,House No. RC-552,Street 28,FB Area,13,3,Apartment,Ayesha Ghazali,Yusra Talpur,Litigated,Paid,Issue Found,Due,9100000.0
4126,Shanza Mian,DEMO-KPT-4126,House No. RB-630,Street 29,FB Area,13,3,Apartment,Shanza Mian,Jamila Hafeez,Pending,Paid,Issue Found,Due,8100000.0
4157,Amber Jamal,DEMO-KPT-4157,House No. RD-477,Street 30,FB Area,13,3,Apartment,Amber Jamal,Syeda Khalid,Verified,Paid,Issue Found,Due,9200000.0
4162,Rameez Shakeel,DEMO-KPT-4162,House No. DC-686,Street 30,FB Area,13,3,Apartment,Rameez Shakeel,Abbas Swati,Verified,Due,Issue Found,Due,8800000.0
13879,Samiya Jaffri,DEMO-KPT-13879,House No. BCR-548,Street 1,FB Area,14,3,Apartment,Samiya Jaffri,Mustafa Sipra,Pending,Due,Clear,Due,8600000.0
4229,Anila Saif,DEMO-KPT-4229,House No. CD-726,Street 3,FB Area,14,3,Apartment,Anila Saif,Sabahat Qadri,Litigated,Paid,Issue Found,Due,8300000.0
5694,Sumbal Hashmi,DEMO-KPT-5694,House No. DC-589,Street 3,FB Area,14,3,Apartment,Sumbal Hashmi,Hoor Sabri,Litigated,Paid,Issue Found,Paid,9400000.0
7294,Ammar Yousaf,DEMO-KPT-7294,House No. BC-817,Street 3,FB Area,14,3,Apartment,Ammar Yousaf,Alishba Yousaf,Pending,Paid,Clear,Due,8200000.0
2715,Masood Bettani,DEMO-KPT-2715,House No. D-439,Street 4,FB Area,14,3,Apartment,Masood Bettani,Arslan Hussain,Pending,Paid,Under Review,Due,8600000.0
10599,Rafay Dahri,DEMO-KPT-10599,House No. BD-569,Street 8,FB Area,14,3,Apartment,Rafay Dahri,Nageen Tanoli,Litigated,Paid,Under Review,Due,10000000.0
2680,Sabih Bhittani,DEMO-KPT-2680,House No. C-668,Street 9,FB Area,14,3,Apartment,Sabih Bhittani,Yameen Hanif,Verified,Due,Issue Found,Paid,10000000.0
13930,Abid Sheikh,DEMO-KPT-13930,House No. BDR-711,Street 9,FB Area,14,3,Apartment,Abid Sheikh,Wajid Bhat,Verified,Due,Issue Found,Paid,9900000.0
15573,Fayyaz Dahri,DEMO-KPT-15573,House No. BDR-645,Street 11,FB Area,14,3,Apartment,Fayyaz Dahri,Bilawal Shafiq,Verified,Paid,Under Review,Due,8000000.0
8885,Sibtain Bangash,DEMO-KPT-8885,House No. BC-417,Street 13,FB Area,14,3,Apartment,Sibtain Bangash,Fiza Bukhari,Verified,Paid,Issue Found,Due,8100000.0
12194,Nawal Afridi,DEMO-KPT-12194,House No. RB-760,Street 15,FB Area,14,3,Apartment,Nawal Afridi,Hoorain Zahid,Verified,Paid,Under Review,Due,9000000.0
4206,Ayub Panezai,DEMO-KPT-4206,House No. RR-674,Street 17,FB Area,14,3,Apartment,Ayub Panezai,Mirha Sahito,Verified,Due,Issue Found,Due,8700000.0
5771,Naila Toor,DEMO-KPT-5771,House No. RC-730,Street 17,FB Area,14,3,Apartment,Naila Toor,Ruqayya Baloch,Pending,Due,Clear,Paid,8400000.0
12181,Rida Pasha,DEMO-KPT-12181,House No. BC-660,Street 19,FB Area,14,3,Apartment,Rida Pasha,Rubab Mehmood,Verified,Due,Clear,Due,9800000.0
15552,Maaz Joiya,DEMO-KPT-15552,House No. BRD-572,Street 20,FB Area,14,3,Apartment,Maaz Joiya,Zunair Bijarani,Litigated,Due,Clear,Due,8600000.0
4243,Farheen Popalzai,DEMO-KPT-4243,House No. BB-533,Street 23,FB Area,14,3,Apartment,Farheen Popalzai,Sitara Qadri,Pending,Due,Clear,Paid,8200000.0
13884,Fabiha Rafique,DEMO-KPT-13884,House No. DRB-497,Street 24,FB Area,14,3,Apartment,Fabiha Rafique,Aleena Bhat,Verified,Paid,Under Review,Due,9700000.0
15535,Sonia Dar,DEMO-KPT-15535,House No. CRB-857,Street 24,FB Area,14,3,Apartment,Sonia Dar,Wahab Saif,Litigated,Paid,Issue Found,Paid,8600000.0
12217,Rauf Ahmed,DEMO-KPT-12217,House No. CC-334,Street 25,FB Area,14,3,Apartment,Rauf Ahmed,Shabana Ghaffar,Pending,Due,Issue Found,Paid,9800000.0
4223,Nafisa Sandhu,DEMO-KPT-4223,House No. RB-764,Street 26,FB Area,14,3,Apartment,Nafisa Sandhu,Faiza Sindhi,Litigated,Due,Clear,Paid,8600000.0
15542,Benazir Haral,DEMO-KPT-15542,House No. CDR-479,Street 26,FB Area,14,3,Apartment,Benazir Haral,Azan Kakar,Verified,Due,Issue Found,Due,8700000.0
5752,Aqsa Javed,DEMO-KPT-5752,House No. BR-359,Street 30,FB Area,14,3,Apartment,Aqsa Javed,Hadi Bhurgri,Verified,Paid,Under Review,Due,9000000.0
7379,Hammad Wattoo,DEMO-KPT-7379,House No. RD-343,Street 3,FB Area,15,3,Apartment,Hammad Wattoo,Yasir Mughal,Litigated,Paid,Issue Found,Due,8400000.0
13987,Mansha Kamboh,DEMO-KPT-13987,House No. CBD-613,Street 4,FB Area,15,3,Apartment,Mansha Kamboh,Fatima Kamboh,Litigated,Due,Under Review,Due,9900000.0
7372,Sitara Tiwana,DEMO-KPT-7372,House No. CR-579,Street 5,FB Area,15,3,Apartment,Sitara Tiwana,Mehreen Barakzai,Litigated,Due,Clear,Due,8000000.0
13953,Bisma Zaman,DEMO-KPT-13953,House No. CBD-567,Street 5,FB Area,15,3,Apartment,Bisma Zaman,Farheen Kalhoro,Pending,Paid,Issue Found,Due,8800000.0
15748,Iffat Sandhu,DEMO-KPT-15748,House No. RBC-515,Street 6,FB Area,15,3,Apartment,Iffat Sandhu,Noreen Zafar,Litigated,Paid,Under Review,Paid,8400000.0
2784,Khadija Chandio,DEMO-KPT-2784,House No. B-560,Street 7,FB Area,15,3,Apartment,Khadija Chandio,Anum Warraich,Pending,Paid,Clear,Paid,8400000.0
8948,Bilquis Barakzai,DEMO-KPT-8948,House No. RC-416,Street 7,FB Area,15,3,Apartment,Bilquis Barakzai,Iqra Naseem,Litigated,Due,Clear,Paid,9700000.0
15698,Sadaqat Noor,DEMO-KPT-15698,House No. DBC-869,Street 7,FB Area,15,3,Apartment,Sadaqat Noor,Subhan Yousafzai,Litigated,Due,Clear,Paid,8800000.0
8993,Mishal Jafri,DEMO-KPT-8993,House No. BC-404,Street 10,FB Area,15,3,Apartment,Mishal Jafri,Sundas Shakir,Litigated,Paid,Issue Found,Paid,8500000.0
12263,Mehmood Waheed,DEMO-KPT-12263,House No. BB-688,Street 10,FB Area,15,3,Apartment,Mehmood Waheed,Nimra Kalhoro,Litigated,Due,Clear,Paid,8300000.0
13943,Mehrunnisa Swati,DEMO-KPT-13943,House No. CBD-501,Street 10,FB Area,15,3,Apartment,Mehrunnisa Swati,Wali Dayo,Litigated,Paid,Issue Found,Paid,8000000.0
5869,Wahab Mari,DEMO-KPT-5869,House No. CR-756,Street 14,FB Area,15,3,Apartment,Wahab Mari,Nailah Rind,Litigated,Due,Clear,Paid,8400000.0
13994,Ijaz Mughal,DEMO-KPT-13994,House No. RDB-547,Street 15,FB Area,15,3,Apartment,Ijaz Mughal,Neha Kalhoro,Verified,Paid,Under Review,Due,8000000.0
10680,Subhan Gakhar,DEMO-KPT-10680,House No. BD-785,Street 16,FB Area,15,3,Apartment,Subhan Gakhar,Alamgir Farooq,Verified,Due,Clear,Paid,9100000.0
12271,Sameer Peerzada,DEMO-KPT-12271,House No. DB-791,Street 16,FB Area,15,3,Apartment,Sameer Peerzada,Raheel Riaz,Verified,Paid,Issue Found,Paid,8700000.0
15656,Saba Farooqi,DEMO-KPT-15656,House No. CRD-373,Street 17,FB Area,15,3,Apartment,Saba Farooqi,Shahroz Warsi,Pending,Paid,Under Review,Due,9800000.0
7431,Zia Bhutto,DEMO-KPT-7431,House No. CR-780,Street 18,FB Area,15,3,Apartment,Zia Bhutto,Farrukh Afridi,Verified,Paid,Clear,Paid,9000000.0
15750,Naureen Bugti,DEMO-KPT-15750,House No. RBD-426,Street 19,FB Area,15,3,Apartment,Naureen Bugti,Samad Dahri,Verified,Due,Under Review,Due,8000000.0
12223,Yasmeen Kalhoro,DEMO-KPT-12223,House No. RD-317,Street 20,FB Area,15,3,Apartment,Yasmeen Kalhoro,Subhan Jamali,Pending,Due,Under Review,Due,8500000.0
4292,Zahida Popalzai,DEMO-KPT-4292,House No. RD-502,Street 26,FB Area,15,3,Apartment,Zahida Popalzai,Mahmood Sipra,Verified,Due,Issue Found,Due,8800000.0
4366,Wahab Bettani,DEMO-KPT-4366,House No. BC-480,Street 26,FB Area,15,3,Apartment,Wahab Bettani,Shahzad Dayo,Pending,Paid,Clear,Due,8100000.0
15626,Habib Hameed,DEMO-KPT-15626,House No. DCR-499,Street 27,FB Area,15,3,Apartment,Habib Hameed,Fozia Dar,Verified,Due,Clear,Paid,8400000.0
12322,Sahar Ansari,DEMO-KPT-12322,House No. CR-602,Street 5,FB Area,16,3,Apartment,Sahar Ansari,Ramsha Marwat,Litigated,Due,Clear,Due,9300000.0
14034,Maham Daudzai,DEMO-KPT-14034,House No. DCB-685,Street 7,FB Area,16,3,Apartment,Maham Daudzai,Ikhlaq Barakzai,Pending,Paid,Clear,Paid,9600000.0
10793,Zulfiqar Saif,DEMO-KPT-10793,House No. CD-581,Street 10,FB Area,16,3,Apartment,Zulfiqar Saif,Mubeen Haral,Litigated,Paid,Issue Found,Paid,8300000.0
7502,Adeel Sohu,DEMO-KPT-7502,House No. RC-305,Street 11,FB Area,16,3,Apartment,Adeel Sohu,Firdous Swati,Litigated,Due,Under Review,Due,8200000.0
12331,Mahmood Sahito,DEMO-KPT-12331,House No. CD-864,Street 14,FB Area,16,3,Apartment,Mahmood Sahito,Anwar Jamali,Verified,Due,Under Review,Paid,9500000.0
12364,Qasim Lone,DEMO-KPT-12364,House No. BD-633,Street 14,FB Area,16,3,Apartment,Qasim Lone,Mahreen Aslam,Pending,Paid,Under Review,Due,9400000.0
15769,Rizwan Mohmand,DEMO-KPT-15769,House No. BRC-435,Street 14,FB Area,16,3,Apartment,Rizwan Mohmand,Fatima Nawaz,Litigated,Due,Clear,Paid,9100000.0
4380,Nageen Mansoor,DEMO-KPT-4380,House No. RB-686,Street 16,FB Area,16,3,Apartment,Nageen Mansoor,Suleman Orakzai,Verified,Due,Clear,Paid,9600000.0
14071,Yousaf Rehman,DEMO-KPT-14071,House No. RCB-739,Street 16,FB Area,16,3,Apartment,Yousaf Rehman,Qayyum Umer,Verified,Paid,Issue Found,Paid,9800000.0
9073,Sidrah Bugti,DEMO-KPT-9073,House No. DC-829,Street 20,FB Area,16,3,Apartment,Sidrah Bugti,Shaista Randhawa,Pending,Due,Under Review,Due,8300000.0
9071,Anila Bajwa,DEMO-KPT-9071,House No. DC-586,Street 22,FB Area,16,3,Apartment,Anila Bajwa,Khawar Dreshak,Verified,Paid,Under Review,Paid,9400000.0
2835,Nimra Gill,DEMO-KPT-2835,House No. D-522,Street 26,FB Area,16,3,Apartment,Nimra Gill,Rubina Bhurgri,Verified,Paid,Clear,Paid,9600000.0
4411,Nadia Tiwana,DEMO-KPT-4411,House No. CD-462,Street 26,FB Area,16,3,Apartment,Nadia Tiwana,Mahnoor Farooqi,Verified,Paid,Clear,Paid,8700000.0
7526,Rameez Soomro,DEMO-KPT-7526,House No. BC-556,Street 27,FB Area,16,3,Apartment,Rameez Soomro,Laraib Sial,Verified,Due,Clear,Paid,9900000.0
9065,Rustam Peerzada,DEMO-KPT-9065,House No. CR-727,Street 27,FB Area,16,3,Apartment,Rustam Peerzada,Zainab Akhtar,Pending,Paid,Issue Found,Due,8100000.0
5918,Shahzadi Bhatti,DEMO-KPT-5918,House No. CB-893,Street 29,FB Area,16,3,Apartment,Shahzadi Bhatti,Azhar Khuhro,Verified,Due,Issue Found,Due,9600000.0
15818,Firdous Akhtar,DEMO-KPT-15818,House No. CDR-384,Street 29,FB Area,16,3,Apartment,Firdous Akhtar,Nabeel Mengal,Verified,Due,Issue Found,Due,8900000.0
15826,Tanzeela Hayat,DEMO-KPT-15826,House No. DRB-513,Street 29,FB Area,16,3,Apartment,Tanzeela Hayat,Tahreem Baloch,Pending,Paid,Issue Found,Due,9400000.0
4402,Ehsan Chandio,DEMO-KPT-4402,House No. DD-551,Street 30,FB Area,16,3,Apartment,Ehsan Chandio,Emaan Bhutto,Verified,Paid,Under Review,Due,10000000.0
7552,Ejaz Gilani,DEMO-KPT-7552,House No. RC-301,Street 30,FB Area,16,3,Apartment,Ejaz Gilani,Hashir Gilani,Verified,Paid,Under Review,Due,8000000.0
14141,Nosheen Popalzai,DEMO-KPT-14141,House No. CDB-877,Street 3,FB Area,17,3,Apartment,Nosheen Popalzai,Yahya Memon,Pending,Paid,Under Review,Paid,8100000.0
15834,Dania Mari,DEMO-KPT-15834,House No. CBD-772,Street 7,FB Area,17,3,Apartment,Dania Mari,Tanveer Rashid,Pending,Paid,Clear,Paid,9500000.0
12387,Asad Marri,DEMO-KPT-12387,House No. RR-574,Street 8,FB Area,17,3,Apartment,Asad Marri,Fahim Bijarani,Pending,Paid,Issue Found,Due,9200000.0
4456,Afshan Khalid,DEMO-KPT-4456,House No. DB-630,Street 9,FB Area,17,3,Apartment,Afshan Khalid,Ubaid Ali,Pending,Paid,Issue Found,Paid,9300000.0
4475,Sharmeen Kakar,DEMO-KPT-4475,House No. DC-544,Street 9,FB Area,17,3,Apartment,Sharmeen Kakar,Zehra Qazi,Pending,Due,Clear,Due,8300000.0
4480,Shahmeer Chaudhry,DEMO-KPT-4480,House No. DB-355,Street 9,FB Area,17,3,Apartment,Shahmeer Chaudhry,Sabeen Raza,Verified,Due,Issue Found,Paid,9500000.0
7572,Marium Saif,DEMO-KPT-7572,House No. CR-761,Street 11,FB Area,17,3,Apartment,Marium Saif,Taimoor Saleem,Pending,Due,Under Review,Due,9400000.0
9156,Sharmeen Ahmed,DEMO-KPT-9156,House No. BB-315,Street 17,FB Area,17,3,Apartment,Sharmeen Ahmed,Zubaida Nadeem,Verified,Due,Issue Found,Due,8200000.0
2931,Shabana Khalid,DEMO-KPT-2931,House No. R-379,Street 18,FB Area,17,3,Apartment,Shabana Khalid,Basit Shah,Verified,Paid,Clear,Paid,8200000.0
14143,Luqmaan Mangi,DEMO-KPT-14143,House No. RCB-400,Street 23,FB Area,17,3,Apartment,Luqmaan Mangi,Ali Zardari,Pending,Due,Clear,Paid,9000000.0
6033,Shahida Kidwai,DEMO-KPT-6033,House No. DC-377,Street 26,FB Area,17,3,Apartment,Shahida Kidwai,Munir Noor,Pending,Paid,Issue Found,Due,9900000.0
9126,Hafsa Tariq,DEMO-KPT-9126,House No. CD-772,Street 27,FB Area,17,3,Apartment,Hafsa Tariq,Dilawar Gakhar,Pending,Paid,Issue Found,Paid,8400000.0
10865,Javeria Shakir,DEMO-KPT-10865,House No. BB-646,Street 27,FB Area,17,3,Apartment,Javeria Shakir,Khawar Abbasi,Pending,Paid,Issue Found,Due,8200000.0
7569,Rubab Kazmi,DEMO-KPT-7569,House No. DC-383,Street 28,FB Area,17,3,Apartment,Rubab Kazmi,Waseem Jamal,Litigated,Paid,Issue Found,Due,8400000.0
5957,Armaghan Shafi,DEMO-KPT-5957,House No. DC-633,Street 30,FB Area,17,3,Apartment,Armaghan Shafi,Uzair Khosa,Verified,Paid,Issue Found,Due,8800000.0
9107,Abrar Riaz,DEMO-KPT-9107,House No. DB-483,Street 30,FB Area,17,3,Apartment,Abrar Riaz,Javed Bhittani,Verified,Paid,Issue Found,Due,9900000.0
15857,Mazen Achakzai,DEMO-KPT-15857,House No. BRC-522,Street 30,FB Area,17,3,Apartment,Mazen Achakzai,Hafeez Junejo,Verified,Paid,Issue Found,Due,10000000.0
4515,Mubeen Bilgrami,DEMO-KPT-4515,House No. DC-569,Street 4,FB Area,18,3,Apartment,Mubeen Bilgrami,Benazir Noor,Pending,Paid,Under Review,Due,9800000.0
3012,Alam Panezai,DEMO-KPT-3012,House No. R-491,Street 5,FB Area,18,3,Apartment,Alam Panezai,Sahil Dogar,Pending,Paid,Under Review,Due,9700000.0
6087,Zahra Bhurgri,DEMO-KPT-6087,House No. BR-814,Street 8,FB Area,18,3,Apartment,Zahra Bhurgri,Ghazanfar Yazdani,Pending,Paid,Issue Found,Due,9000000.0
4493,Rubina Durrani,DEMO-KPT-4493,House No. CB-613,Street 10,FB Area,18,3,Apartment,Rubina Durrani,Lubna Naseem,Litigated,Paid,Issue Found,Paid,9200000.0
2973,Momina Sipra,DEMO-KPT-2973,House No. C-758,Street 11,FB Area,18,3,Apartment,Momina Sipra,Sarah Tahir,Verified,Paid,Under Review,Due,9900000.0
3002,Hira Nadeem,DEMO-KPT-3002,House No. C-374,Street 11,FB Area,18,3,Apartment,Hira Nadeem,Sakina Baloch,Litigated,Due,Under Review,Due,9600000.0
7616,Sohaib Butt,DEMO-KPT-7616,House No. RD-855,Street 13,FB Area,18,3,Apartment,Sohaib Butt,Shafay Saeed,Pending,Due,Clear,Due,8900000.0
10981,Hussnain Ghumman,DEMO-KPT-10981,House No. CD-638,Street 14,FB Area,18,3,Apartment,Hussnain Ghumman,Balaj Yousaf,Verified,Due,Under Review,Paid,9400000.0
10921,Sajjad Peerzada,DEMO-KPT-10921,House No. RD-754,Street 16,FB Area,18,3,Apartment,Sajjad Peerzada,Abbas Tanvir,Verified,Paid,Issue Found,Paid,9600000.0
6081,Jabbar Sardar,DEMO-KPT-6081,House No. BR-853,Street 18,FB Area,18,3,Apartment,Jabbar Sardar,Danish Rehman,Verified,Paid,Clear,Paid,9900000.0
2972,Amara Kakar,DEMO-KPT-2972,House No. R-643,Street 26,FB Area,18,3,Apartment,Amara Kakar,Ramsha Nasar,Pending,Due,Under Review,Paid,9300000.0
6122,Ayaz Swati,DEMO-KPT-6122,House No. CC-505,Street 26,FB Area,18,3,Apartment,Ayaz Swati,Mubashra Riaz,Pending,Due,Under Review,Paid,8300000.0
10926,Mustafa Parvez,DEMO-KPT-10926,House No. CC-739,Street 27,FB Area,18,3,Apartment,Mustafa Parvez,Balaj Khuhro,Pending,Paid,Issue Found,Paid,8300000.0
15897,Sajid Malik,DEMO-KPT-15897,House No. RBD-478,Street 27,FB Area,18,3,Apartment,Sajid Malik,Mansoor Gabol,Pending,Due,Clear,Due,10000000.0
6125,Alishba Zia,DEMO-KPT-6125,House No. BB-511,Street 29,FB Area,18,3,Apartment,Alishba Zia,Naureen Orakzai,Litigated,Paid,Under Review,Paid,10000000.0
7718,Sadiq Siddiqui,DEMO-KPT-7718,House No. RD-472,Street 29,FB Area,18,3,Apartment,Sadiq Siddiqui,Kausar Akhtar,Verified,Due,Issue Found,Due,9700000.0
3079,Sahar Magsi,DEMO-KPT-3079,House No. B-404,Street 1,FB Area,19,3,Apartment,Sahar Magsi,Anam Gill,Pending,Due,Clear,Due,8600000.0
15959,Rakhshanda Dayo,DEMO-KPT-15959,House No. RBC-747,Street 1,FB Area,19,3,Apartment,Rakhshanda Dayo,Amber Bajwa,Litigated,Paid,Clear,Paid,9300000.0
6144,Lubna Bajwa,DEMO-KPT-6144,House No. CC-310,Street 3,FB Area,19,3,Apartment,Lubna Bajwa,Mehboob Jafri,Litigated,Paid,Issue Found,Paid,9400000.0
7744,Saira Warsi,DEMO-KPT-7744,House No. DD-529,Street 3,FB Area,19,3,Apartment,Saira Warsi,Fauzia Tanvir,Pending,Paid,Clear,Due,8700000.0
12556,Uzma Pasha,DEMO-KPT-12556,House No. CD-750,Street 9,FB Area,19,3,Apartment,Uzma Pasha,Samina Shakeel,Pending,Paid,Issue Found,Paid,9300000.0
7763,Maira Tareen,DEMO-KPT-7763,House No. BB-620,Street 10,FB Area,19,3,Apartment,Maira Tareen,Zakariya Hameed,Litigated,Due,Clear,Paid,9000000.0
11014,Zakir Mangi,DEMO-KPT-11014,House No. DC-791,Street 14,FB Area,19,3,Apartment,Zakir Mangi,Ejaz Mirza,Pending,Paid,Under Review,Due,9400000.0
14220,Azan Farooq,DEMO-KPT-14220,House No. CRD-394,Street 15,FB Area,19,3,Apartment,Azan Farooq,Mukarram Zahid,Pending,Paid,Clear,Paid,9200000.0
6135,Shifa Mehmood,DEMO-KPT-6135,House No. CD-529,Street 16,FB Area,19,3,Apartment,Shifa Mehmood,Batool Haral,Verified,Due,Clear,Due,9300000.0
14280,Mushtaq Gondal,DEMO-KPT-14280,House No. BDC-782,Street 16,FB Area,19,3,Apartment,Mushtaq Gondal,Rauf Nadeem,Verified,Due,Clear,Paid,8300000.0
9231,Minhaj Tarar,DEMO-KPT-9231,House No. RR-854,Street 18,FB Area,19,3,Apartment,Minhaj Tarar,Safa Malik,Verified,Paid,Clear,Paid,9000000.0
12536,Salma Turk,DEMO-KPT-12536,House No. RR-608,Street 18,FB Area,19,3,Apartment,Salma Turk,Izhar Sheikh,Verified,Paid,Issue Found,Due,9300000.0
4573,Arsalan Warraich,DEMO-KPT-4573,House No. CD-458,Street 20,FB Area,19,3,Apartment,Arsalan Warraich,Ubaid Laghari,Pending,Due,Under Review,Due,9000000.0
3091,Tayyaba Cheema,DEMO-KPT-3091,House No. D-890,Street 22,FB Area,19,3,Apartment,Tayyaba Cheema,Farooq Tanvir,Verified,Due,Clear,Paid,8800000.0
4571,Sultan Iqbal,DEMO-KPT-4571,House No. CR-772,Street 22,FB Area,19,3,Apartment,Sultan Iqbal,Javaria Lak,Verified,Paid,Under Review,Paid,9100000.0
4568,Nasreen Qadri,DEMO-KPT-4568,House No. BD-797,Street 29,FB Area,19,3,Apartment,Nasreen Qadri,Mahnaz Qureshi,Verified,Due,Issue Found,Due,8400000.0
14329,Hashir Malik,DEMO-KPT-14329,House No. BRD-372,Street 1,FB Area,20,3,Apartment,Hashir Malik,Hina Tanoli,Pending,Due,Clear,Due,9500000.0
11143,Rehana Gakhar,DEMO-KPT-11143,House No. BD-413,Street 4,FB Area,20,3,Apartment,Rehana Gakhar,Ali Bangash,Litigated,Paid,Under Review,Paid,8200000.0
12616,Bilquis Marwat,DEMO-KPT-12616,House No. RC-699,Street 5,FB Area,20,3,Apartment,Bilquis Marwat,Nabeel Bilgrami,Pending,Paid,Issue Found,Paid,8200000.0
3118,Sobia Orakzai,DEMO-KPT-3118,House No. R-676,Street 11,FB Area,20,3,Apartment,Sobia Orakzai,Muzammil Farooqi,Pending,Paid,Issue Found,Paid,8200000.0
9432,Raheela Kasi,DEMO-KPT-9432,House No. RR-811,Street 14,FB Area,20,3,Apartment,Raheela Kasi,Fahim Daudzai,Verified,Due,Issue Found,Due,8200000.0
14362,Arham Imran,DEMO-KPT-14362,House No. DCB-571,Street 15,FB Area,20,3,Apartment,Arham Imran,Yahya Kasi,Verified,Paid,Clear,Paid,9300000.0
11130,Nadeem Hafeez,DEMO-KPT-11130,House No. BR-472,Street 16,FB Area,20,3,Apartment,Nadeem Hafeez,Zahra Iqbal,Verified,Due,Clear,Paid,8300000.0
3096,Zarmeen Zafar,DEMO-KPT-3096,House No. D-848,Street 21,FB Area,20,3,Apartment,Zarmeen Zafar,Aashir Laghari,Verified,Paid,Clear,Due,9100000.0
16008,Sabih Khokhar,DEMO-KPT-16008,House No. CRB-851,Street 23,FB Area,20,3,Apartment,Sabih Khokhar,Taimur Zafar,Verified,Due,Under Review,Paid,8400000.0
7830,Faizan Janjua,DEMO-KPT-7830,House No. CR-656,Street 25,FB Area,20,3,Apartment,Faizan Janjua,Ikram Wani,Pending,Due,Issue Found,Paid,9700000.0
11080,Waseem Rafique,DEMO-KPT-11080,House No. DB-622,Street 25,FB Area,20,3,Apartment,Waseem Rafique,Salma Jaffri,Pending,Due,Under Review,Due,8100000.0
7823,Zunaira Shaikh,DEMO-KPT-7823,House No. BB-875,Street 26,FB Area,20,3,Apartment,Zunaira Shaikh,Muneeb Awan,Litigated,Due,Clear,Paid,9800000.0
16066,Wania Awan,DEMO-KPT-16066,House No. CBR-428,Street 26,FB Area,20,3,Apartment,Wania Awan,Hussam Malik,Pending,Paid,Clear,Due,9700000.0
6219,Nizam Lashari,DEMO-KPT-6219,House No. BC-575,Street 28,FB Area,20,3,Apartment,Nizam Lashari,Sitara Wazir,Litigated,Paid,Issue Found,Due,9700000.0
12676,Beenish Mahsud,DEMO-KPT-12676,House No. BC-325,Street 29,FB Area,20,3,Apartment,Beenish Mahsud,Javed Nadeem,Pending,Paid,Issue Found,Due,9000000.0
16102,Fatima Zubairi,DEMO-KPT-16102,House No. DBR-841,Street 30,FB Area,20,3,Apartment,Fatima Zubairi,Fabiha Sahito,Verified,Paid,Under Review,Due,8300000.0
14953,Shahroz Unar,DEMO-KPT-14953,House No. RDB-309,Street 1,Gulistan-e-Johar,1,3,Apartment,Shahroz Unar,Eman Akhtar,Verified,Paid,Clear,Paid,9300000.0
16710,Salahuddin Latif,DEMO-KPT-16710,House No. CDB-575,Street 1,Gulistan-e-Johar,1,3,Apartment,Salahuddin Latif,Taha Qadri,Pending,Paid,Issue Found,Due,9900000.0
1529,Hina Chandio,DEMO-KPT-1529,House No. B-553,Street 3,Gulistan-e-Johar,1,3,Apartment,Hina Chandio,Tamim Saeed,Litigated,Paid,Issue Found,Due,8000000.0
6394,Maham Dawood,DEMO-KPT-6394,House No. BD-786,Street 3,Gulistan-e-Johar,1,3,Apartment,Maham Dawood,Zayan Qadri,Pending,Paid,Clear,Due,8700000.0
4766,Rohail Marwat,DEMO-KPT-4766,House No. DB-660,Street 5,Gulistan-e-Johar,1,3,Apartment,Rohail Marwat,Ghazala Bajwa,Litigated,Paid,Under Review,Paid,8600000.0
9716,Ifrah Dayo,DEMO-KPT-9716,House No. BR-688,Street 5,Gulistan-e-Johar,1,3,Apartment,Ifrah Dayo,Saleha Saif,Litigated,Paid,Under Review,Paid,8200000.0
11516,Wahab Minhas,DEMO-KPT-11516,House No. DB-556,Street 5,Gulistan-e-Johar,1,3,Apartment,Wahab Minhas,Jamil Ghani,Litigated,Paid,Under Review,Paid,8300000.0
11552,Hadi Haral,DEMO-KPT-11552,House No. DB-703,Street 11,Gulistan-e-Johar,1,3,Apartment,Hadi Haral,Aneeqa Virk,Litigated,Due,Under Review,Due,9900000.0
1525,Ayaz Tariq,DEMO-KPT-1525,House No. B-855,Street 12,Gulistan-e-Johar,1,3,Apartment,Ayaz Tariq,Anas Zia,Pending,Paid,Under Review,Paid,8100000.0
16612,Shafiq Bilgrami,DEMO-KPT-16612,House No. BRC-781,Street 15,Gulistan-e-Johar,1,3,Apartment,Shafiq Bilgrami,Numan Mian,Verified,Paid,Clear,Paid,9400000.0
14971,Sundas Anwar,DEMO-KPT-14971,House No. DBR-516,Street 16,Gulistan-e-Johar,1,3,Apartment,Sundas Anwar,Nageen Shinwari,Verified,Paid,Issue Found,Paid,9900000.0
8100,Kamran Hayat,DEMO-KPT-8100,House No. CB-805,Street 19,Gulistan-e-Johar,1,3,Apartment,Kamran Hayat,Bisma Mahsud,Verified,Due,Under Review,Due,8100000.0
2991,Arif Turk,DEMO-KPT-2991,House No. D-425,Street 20,Gulistan-e-Johar,1,3,Apartment,Arif Turk,Mahir Sardar,Litigated,Paid,Issue Found,Due,8700000.0
13285,Basit Bukhari,DEMO-KPT-13285,House No. RD-880,Street 24,Gulistan-e-Johar,1,3,Apartment,Basit Bukhari,Shifa Usmani,Litigated,Paid,Issue Found,Paid,8100000.0
11530,Khizar Sheikh,DEMO-KPT-11530,House No. BR-424,Street 25,Gulistan-e-Johar,1,3,Apartment,Khizar Sheikh,Ahtisham Qadri,Pending,Due,Under Review,Due,9200000.0
13330,Alina Khuhro,DEMO-KPT-13330,House No. DD-649,Street 25,Gulistan-e-Johar,1,3,Apartment,Alina Khuhro,Neha Tanoli,Pending,Due,Under Review,Due,9400000.0
1523,Bashir Akhtar,DEMO-KPT-1523,House No. C-460,Street 26,Gulistan-e-Johar,1,3,Apartment,Bashir Akhtar,Saleha Cheema,Litigated,Due,Clear,Paid,8700000.0
6435,Sehar Qureshi,DEMO-KPT-6435,House No. RB-645,Street 26,Gulistan-e-Johar,1,3,Apartment,Sehar Qureshi,Saira Butt,Verified,Paid,Clear,Paid,9700000.0
6447,Rida Magsi,DEMO-KPT-6447,House No. RB-693,Street 27,Gulistan-e-Johar,1,3,Apartment,Rida Magsi,Rakhshanda Cheena,Pending,Due,Clear,Due,8600000.0
8087,Mishal Lakhani,DEMO-KPT-8087,House No. BD-733,Street 28,Gulistan-e-Johar,1,3,Apartment,Mishal Lakhani,Kamal Leghari,Pending,Paid,Under Review,Due,8100000.0
14962,Muzammil Shah,DEMO-KPT-14962,House No. CBR-781,Street 30,Gulistan-e-Johar,1,3,Apartment,Muzammil Shah,Zulfiqar Cheena,Verified,Due,Issue Found,Due,8400000.0
1541,Feryal Naseem,DEMO-KPT-1541,House No. R-516,Street 3,Gulistan-e-Johar,2,3,Apartment,Feryal Naseem,Wajid Pasha,Pending,Paid,Under Review,Paid,9600000.0
4873,Komal Haral,DEMO-KPT-4873,House No. DB-509,Street 3,Gulistan-e-Johar,2,3,Apartment,Komal Haral,Akif Majeed,Pending,Due,Under Review,Due,8900000.0
4812,Shama Junejo,DEMO-KPT-4812,House No. RD-897,Street 5,Gulistan-e-Johar,2,3,Apartment,Shama Junejo,Dania Turk,Pending,Paid,Under Review,Due,8700000.0
1599,Haroon Haral,DEMO-KPT-1599,House No. B-468,Street 8,Gulistan-e-Johar,2,3,Apartment,Haroon Haral,Farwa Bhat,Litigated,Paid,Under Review,Due,9800000.0
3106,Firdous Zubairi,DEMO-KPT-3106,House No. C-666,Street 9,Gulistan-e-Johar,2,3,Apartment,Firdous Zubairi,Saima Ghani,Pending,Paid,Issue Found,Paid,9000000.0
3130,Maryum Minhas,DEMO-KPT-3130,House No. D-737,Street 9,Gulistan-e-Johar,2,3,Apartment,Maryum Minhas,Hanif Tanvir,Verified,Due,Issue Found,Paid,9800000.0
16763,Asra Anwar,DEMO-KPT-16763,House No. RCB-816,Street 10,Gulistan-e-Johar,2,3,Apartment,Asra Anwar,Rameez Magsi,Litigated,Due,Clear,Paid,9900000.0
1623,Tauseef Jamali,DEMO-KPT-1623,House No. R-884,Street 11,Gulistan-e-Johar,2,3,Apartment,Tauseef Jamali,Zubaida Talpur,Verified,Paid,Under Review,Due,9000000.0
3072,Sadia Dawood,DEMO-KPT-3072,House No. C-597,Street 11,Gulistan-e-Johar,2,3,Apartment,Sadia Dawood,Zohra Dahri,Pending,Due,Under Review,Due,8700000.0
13352,Shagufta Niazi,DEMO-KPT-13352,House No. CB-872,Street 11,Gulistan-e-Johar,2,3,Apartment,Shagufta Niazi,Batool Mangi,Litigated,Due,Under Review,Due,8900000.0
9866,Feryal Abbasi,DEMO-KPT-9866,House No. RR-709,Street 13,Gulistan-e-Johar,2,3,Apartment,Feryal Abbasi,Arham Hoti,Pending,Due,Clear,Due,8400000.0
9882,Yumna Mazari,DEMO-KPT-9882,House No. RB-881,Street 14,Gulistan-e-Johar,2,3,Apartment,Yumna Mazari,Numan Yaqoob,Verified,Due,Issue Found,Due,9600000.0
3112,Majid Yasin,DEMO-KPT-3112,House No. D-605,Street 15,Gulistan-e-Johar,2,3,Apartment,Majid Yasin,Shahbaz Peerzada,Verified,Paid,Clear,Paid,8700000.0
3071,Taimur Saleem,DEMO-KPT-3071,House No. R-486,Street 17,Gulistan-e-Johar,2,3,Apartment,Taimur Saleem,Sehar Sindhi,Pending,Due,Clear,Paid,9300000.0
11621,Sarmad Jafri,DEMO-KPT-11621,House No. DD-507,Street 17,Gulistan-e-Johar,2,3,Apartment,Sarmad Jafri,Zartaj Rashid,Pending,Due,Clear,Paid,8900000.0
15006,Rehmat Kasi,DEMO-KPT-15006,House No. DBC-876,Street 17,Gulistan-e-Johar,2,3,Apartment,Rehmat Kasi,Sabih Rana,Verified,Due,Issue Found,Due,8800000.0
4814,Ali Hayat,DEMO-KPT-4814,House No. DR-674,Street 21,Gulistan-e-Johar,2,3,Apartment,Ali Hayat,Zayan Joiya,Pending,Paid,Issue Found,Paid,8100000.0
6480,Alam Dayo,DEMO-KPT-6480,House No. DD-454,Street 25,Gulistan-e-Johar,2,3,Apartment,Alam Dayo,Hashir Khuhro,Pending,Due,Issue Found,Paid,9700000.0
8167,Ifrah Gondal,DEMO-KPT-8167,House No. RD-323,Street 25,Gulistan-e-Johar,2,3,Apartment,Ifrah Gondal,Shahida Rajper,Pending,Due,Issue Found,Paid,9800000.0
1622,Kabir Gakhar,DEMO-KPT-1622,House No. R-649,Street 26,Gulistan-e-Johar,2,3,Apartment,Kabir Gakhar,Owais Chandio,Pending,Due,Under Review,Paid,8500000.0
4861,Kamil Anwar,DEMO-KPT-4861,House No. BR-425,Street 26,Gulistan-e-Johar,2,3,Apartment,Kamil Anwar,Mahwish Waheed,Verified,Paid,Clear,Paid,10000000.0
6473,Dilawar Jafri,DEMO-KPT-6473,House No. RB-784,Street 26,Gulistan-e-Johar,2,3,Apartment,Dilawar Jafri,Jazib Tunio,Litigated,Due,Clear,Paid,9300000.0
8235,Idrees Mohmand,DEMO-KPT-8235,House No. CD-325,Street 26,Gulistan-e-Johar,2,3,Apartment,Idrees Mohmand,Rameez Qadri,Verified,Paid,Clear,Paid,9700000.0
13366,Tahreem Barakzai,DEMO-KPT-13366,House No. DR-442,Street 26,Gulistan-e-Johar,2,3,Apartment,Tahreem Barakzai,Tanzeela Rind,Pending,Paid,Clear,Due,9500000.0
3069,Junaid Aslam,DEMO-KPT-3069,House No. B-313,Street 28,Gulistan-e-Johar,2,3,Apartment,Junaid Aslam,Irum Shah,Litigated,Paid,Issue Found,Due,8100000.0
9819,Nailah Buriro,DEMO-KPT-9819,House No. RB-721,Street 28,Gulistan-e-Johar,2,3,Apartment,Nailah Buriro,Zubaida Sadiq,Litigated,Paid,Issue Found,Due,9100000.0
8212,Iffat Qadri,DEMO-KPT-8212,House No. DD-891,Street 30,Gulistan-e-Johar,2,3,Apartment,Iffat Qadri,Zuha Zardari,Verified,Due,Issue Found,Due,10000000.0
9960,Zunair Iqbal,DEMO-KPT-9960,House No. RR-729,Street 1,Gulistan-e-Johar,3,3,Apartment,Zunair Iqbal,Jabbar Mehmood,Pending,Paid,Issue Found,Due,9200000.0
13429,Haris Zaman,DEMO-KPT-13429,House No. CB-677,Street 1,Gulistan-e-Johar,3,3,Apartment,Haris Zaman,Shahbaz Kalhoro,Pending,Due,Clear,Due,9600000.0
6594,Taha Samo,DEMO-KPT-6594,House No. BB-385,Street 3,Gulistan-e-Johar,3,3,Apartment,Taha Samo,Shahroz Akhtar,Litigated,Paid,Issue Found,Paid,9000000.0
16841,Sanam Hussain,DEMO-KPT-16841,House No. BRD-737,Street 3,Gulistan-e-Johar,3,3,Apartment,Sanam Hussain,Lamia Jogezai,Pending,Paid,Under Review,Paid,9300000.0
8272,Inam Unar,DEMO-KPT-8272,House No. CB-810,Street 5,Gulistan-e-Johar,3,3,Apartment,Inam Unar,Anwar Waheed,Litigated,Due,Clear,Due,9300000.0
16822,Qadir Jaffri,DEMO-KPT-16822,House No. CBD-875,Street 5,Gulistan-e-Johar,3,3,Apartment,Qadir Jaffri,Hashir Latif,Litigated,Due,Clear,Due,8400000.0
15160,Noor Jamal,DEMO-KPT-15160,House No. DCR-591,Street 6,Gulistan-e-Johar,3,3,Apartment,Noor Jamal,Zawar Mian,Verified,Due,Issue Found,Due,8900000.0
4898,Waqas Hussain,DEMO-KPT-4898,House No. BR-367,Street 7,Gulistan-e-Johar,3,3,Apartment,Waqas Hussain,Hashim Hussain,Litigated,Due,Clear,Paid,9200000.0
3251,Ghazanfar Kasi,DEMO-KPT-3251,House No. D-822,Street 9,Gulistan-e-Johar,3,3,Apartment,Ghazanfar Kasi,Zoya Lashari,Litigated,Paid,Issue Found,Due,8500000.0
4906,Tariq Tareen,DEMO-KPT-4906,House No. DD-594,Street 9,Gulistan-e-Johar,3,3,Apartment,Tariq Tareen,Talha Akhtar,Pending,Paid,Issue Found,Paid,9700000.0
4930,Sabika Kamboh,DEMO-KPT-4930,House No. RB-657,Street 9,Gulistan-e-Johar,3,3,Apartment,Sabika Kamboh,Qurat Shakir,Verified,Due,Issue Found,Paid,9500000.0
11680,Erum Cheena,DEMO-KPT-11680,House No. DB-636,Street 9,Gulistan-e-Johar,3,3,Apartment,Erum Cheena,Neha Qadir,Verified,Due,Issue Found,Paid,8700000.0
9893,Rakhshanda Junejo,DEMO-KPT-9893,House No. CD-867,Street 10,Gulistan-e-Johar,3,3,Apartment,Rakhshanda Junejo,Waqar Naseem,Litigated,Paid,Issue Found,Paid,8700000.0
1652,Bilquis Turk,DEMO-KPT-1652,House No. C-660,Street 11,Gulistan-e-Johar,3,3,Apartment,Bilquis Turk,Azhar Baloch,Litigated,Due,Under Review,Due,8900000.0
11668,Nasir Tanvir,DEMO-KPT-11668,House No. BR-387,Street 11,Gulistan-e-Johar,3,3,Apartment,Nasir Tanvir,Rooman Mansoor,Pending,Paid,Issue Found,Paid,8400000.0
15152,Umaima Jaffri,DEMO-KPT-15152,House No. BRD-771,Street 11,Gulistan-e-Johar,3,3,Apartment,Umaima Jaffri,Asma Hashmi,Litigated,Due,Under Review,Due,9400000.0
16825,Sakina Ali,DEMO-KPT-16825,House No. BCD-478,Street 12,Gulistan-e-Johar,3,3,Apartment,Sakina Ali,Fasih Noor,Pending,Paid,Under Review,Paid,8100000.0
11662,Siddique Shakir,DEMO-KPT-11662,House No. DD-737,Street 15,Gulistan-e-Johar,3,3,Apartment,Siddique Shakir,Areeba Saleem,Verified,Paid,Clear,Paid,9700000.0
8297,Nauman Iqbal,DEMO-KPT-8297,House No. RR-352,Street 16,Gulistan-e-Johar,3,3,Apartment,Nauman Iqbal,Muneeba Afridi,Pending,Paid,Under Review,Paid,9300000.0
16818,Tauseef Mohammadzai,DEMO-KPT-16818,House No. DCR-517,Street 17,Gulistan-e-Johar,3,3,Apartment,Tauseef Mohammadzai,Mubashir Gondal,Litigated,Due,Under Review,Due,9300000.0
11636,Fariha Qadri,DEMO-KPT-11636,House No. CR-827,Street 18,Gulistan-e-Johar,3,3,Apartment,Fariha Qadri,Irtaza Randhawa,Verified,Paid,Issue Found,Due,9700000.0
3150,Fahad Daudzai,DEMO-KPT-3150,House No. D-823,Street 19,Gulistan-e-Johar,3,3,Apartment,Fahad Daudzai,Syeda Zaman,Verified,Due,Under Review,Due,9600000.0
9900,Fariha Shakeel,DEMO-KPT-9900,House No. DB-441,Street 19,Gulistan-e-Johar,3,3,Apartment,Fariha Shakeel,Maaz Mohammadzai,Verified,Due,Under Review,Due,8400000.0
15102,Ajmal Nasar,DEMO-KPT-15102,House No. BRC-669,Street 20,Gulistan-e-Johar,3,3,Apartment,Ajmal Nasar,Inaya Hashmi,Litigated,Due,Clear,Due,9200000.0
8372,Rashida Bukhari,DEMO-KPT-8372,House No. CD-404,Street 26,Gulistan-e-Johar,3,3,Apartment,Rashida Bukhari,Raheela Naqvi,Pending,Due,Under Review,Paid,8700000.0
15122,Hammad Abro,DEMO-KPT-15122,House No. BRD-535,Street 26,Gulistan-e-Johar,3,3,Apartment,Hammad Abro,Nashra Ilyas,Pending,Due,Under Review,Paid,8800000.0
3226,Zubia Wattoo,DEMO-KPT-3226,House No. R-721,Street 29,Gulistan-e-Johar,3,3,Apartment,Zubia Wattoo,Kamil Imran,Pending,Paid,Issue Found,Due,8600000.0
6679,Aqib Umer,DEMO-KPT-6679,House No. BD-513,Street 1,Gulistan-e-Johar,4,3,Apartment,Aqib Umer,Abeera Naqvi,Pending,Due,Clear,Due,9000000.0
3341,Sabir Alvi,DEMO-KPT-3341,House No. R-795,Street 3,Gulistan-e-Johar,4,3,Apartment,Sabir Alvi,Zaynab Dogar,Pending,Paid,Under Review,Paid,10000000.0
1693,Yasmeen Rabbani,DEMO-KPT-1693,House No. B-694,Street 4,Gulistan-e-Johar,4,3,Apartment,Yasmeen Rabbani,Aslam Sohu,Litigated,Paid,Under Review,Paid,8200000.0
11737,Idrees Chandio,DEMO-KPT-11737,House No. CB-540,Street 4,Gulistan-e-Johar,4,3,Apartment,Idrees Chandio,Ihsan Tareen,Litigated,Due,Under Review,Due,9400000.0
13537,Farrukh Bhat,DEMO-KPT-13537,House No. DCB-785,Street 4,Gulistan-e-Johar,4,3,Apartment,Farrukh Bhat,Maira Gakhar,Litigated,Due,Under Review,Due,9100000.0
3322,Waleed Shaikh,DEMO-KPT-3322,House No. R-776,Street 5,Gulistan-e-Johar,4,3,Apartment,Waleed Shaikh,Lubna Farooq,Litigated,Due,Clear,Due,8200000.0
10072,Zohaib Dreshak,DEMO-KPT-10072,House No. CC-866,Street 5,Gulistan-e-Johar,4,3,Apartment,Zohaib Dreshak,Nida Kasi,Litigated,Due,Clear,Due,9700000.0
4948,Daniya Sheikh,DEMO-KPT-4948,House No. RR-479,Street 6,Gulistan-e-Johar,4,3,Apartment,Daniya Sheikh,Dania Khosa,Litigated,Paid,Under Review,Paid,8600000.0
11784,Mazen Kharal,DEMO-KPT-11784,House No. RC-683,Street 7,Gulistan-e-Johar,4,3,Apartment,Mazen Kharal,Amjad Bettani,Pending,Paid,Clear,Paid,8100000.0
11730,Samina Virk,DEMO-KPT-11730,House No. BB-451,Street 8,Gulistan-e-Johar,4,3,Apartment,Samina Virk,Tayyab Yaqoob,Litigated,Due,Issue Found,Due,8800000.0
4943,Inam Tahir,DEMO-KPT-4943,House No. DB-754,Street 10,Gulistan-e-Johar,4,3,Apartment,Inam Tahir,Maira Saleem,Litigated,Paid,Issue Found,Paid,9200000.0
10013,Murtaza Baloch,DEMO-KPT-10013,House No. RB-734,Street 10,Gulistan-e-Johar,4,3,Apartment,Murtaza Baloch,Arif Marri,Litigated,Due,Clear,Paid,9900000.0
4969,Zawar Virk,DEMO-KPT-4969,House No. DR-594,Street 14,Gulistan-e-Johar,4,3,Apartment,Zawar Virk,Tamim Tiwana,Litigated,Due,Clear,Paid,9900000.0
4981,Eman Naqvi,DEMO-KPT-4981,House No. DB-377,Street 19,Gulistan-e-Johar,4,3,Apartment,Eman Naqvi,Zoya Saleem,Verified,Due,Clear,Due,8100000.0
6661,Husna Latif,DEMO-KPT-6661,House No. DB-469,Street 26,Gulistan-e-Johar,4,3,Apartment,Husna Latif,Mariam Lashari,Verified,Paid,Clear,Paid,8200000.0
6626,Mashal Mohammadzai,DEMO-KPT-6626,House No. BB-489,Street 27,Gulistan-e-Johar,4,3,Apartment,Mashal Mohammadzai,Shahida Jafri,Verified,Due,Clear,Paid,8600000.0
13565,Sitara Mirza,DEMO-KPT-13565,House No. RCB-778,Street 27,Gulistan-e-Johar,4,3,Apartment,Sitara Mirza,Nageen Zubairi,Pending,Paid,Issue Found,Due,9800000.0
1729,Zehra Nadeem,DEMO-KPT-1729,House No. D-456,Street 1,Gulistan-e-Johar,5,3,Apartment,Zehra Nadeem,Mehwish Hameed,Pending,Due,Clear,Due,9700000.0
3359,Fareed Toor,DEMO-KPT-3359,House No. C-543,Street 1,Gulistan-e-Johar,5,3,Apartment,Fareed Toor,Mansha Ilyas,Litigated,Paid,Clear,Paid,8600000.0
13603,Shahab Pirzada,DEMO-KPT-13603,House No. DBC-571,Street 1,Gulistan-e-Johar,5,3,Apartment,Shahab Pirzada,Ashfaq Dreshak,Verified,Paid,Clear,Paid,9500000.0
10091,Zarmeen Sohu,DEMO-KPT-10091,House No. CC-360,Street 3,Gulistan-e-Johar,5,3,Apartment,Zarmeen Sohu,Aqsa Sabri,Pending,Paid,Under Review,Paid,8600000.0
16906,Alamgir Zahid,DEMO-KPT-16906,House No. CBR-617,Street 4,Gulistan-e-Johar,5,3,Apartment,Alamgir Zahid,Rizwaan Mari,Litigated,Due,Clear,Due,9000000.0
1803,Kaleem Hashmi,DEMO-KPT-1803,House No. B-320,Street 5,Gulistan-e-Johar,5,3,Apartment,Kaleem Hashmi,Manzoor Mari,Pending,Paid,Issue Found,Due,8900000.0
5122,Tehmina Bhutto,DEMO-KPT-5122,House No. DB-787,Street 5,Gulistan-e-Johar,5,3,Apartment,Tehmina Bhutto,Bakhtiar Sohu,Litigated,Due,Clear,Due,8000000.0
16916,Numan Joiya,DEMO-KPT-16916,House No. DRC-359,Street 5,Gulistan-e-Johar,5,3,Apartment,Numan Joiya,Hanif Virk,Litigated,Paid,Under Review,Paid,8600000.0
15298,Nouman Bilgrami,DEMO-KPT-15298,House No. DRB-555,Street 6,Gulistan-e-Johar,5,3,Apartment,Nouman Bilgrami,Hussnain Bukhari,Litigated,Paid,Under Review,Paid,8600000.0
1748,Salman Ranjha,DEMO-KPT-1748,House No. R-892,Street 7,Gulistan-e-Johar,5,3,Apartment,Salman Ranjha,Ashraf Ranjha,Litigated,Due,Clear,Paid,8300000.0
13601,Abdullah Kamal,DEMO-KPT-13601,House No. BDC-563,Street 9,Gulistan-e-Johar,5,3,Apartment,Abdullah Kamal,Haroon Qureshi,Litigated,Paid,Issue Found,Due,9500000.0
1793,Tabassum Toor,DEMO-KPT-1793,House No. B-456,Street 10,Gulistan-e-Johar,5,3,Apartment,Tabassum Toor,Liaquat Parvez,Litigated,Paid,Issue Found,Paid,8700000.0
1766,Inam Mangi,DEMO-KPT-1766,House No. R-335,Street 13,Gulistan-e-Johar,5,3,Apartment,Inam Mangi,Samra Shinwari,Pending,Due,Clear,Due,9900000.0
8516,Zaid Dogar,DEMO-KPT-8516,House No. RD-473,Street 13,Gulistan-e-Johar,5,3,Apartment,Zaid Dogar,Ghazala Latif,Pending,Due,Clear,Due,8600000.0
15266,Afzal Mansoor,DEMO-KPT-15266,House No. CDB-652,Street 13,Gulistan-e-Johar,5,3,Apartment,Afzal Mansoor,Bahadur Kidwai,Pending,Due,Clear,Due,9200000.0
8512,Huma Nasar,DEMO-KPT-8512,House No. RC-432,Street 15,Gulistan-e-Johar,5,3,Apartment,Huma Nasar,Samiya Hinjra,Verified,Paid,Clear,Paid,8700000.0
15262,Farzana Bilgrami,DEMO-KPT-15262,House No. RBD-530,Street 15,Gulistan-e-Johar,5,3,Apartment,Farzana Bilgrami,Abid Javed,Verified,Paid,Clear,Paid,9700000.0
16935,Kainat Waheed,DEMO-KPT-16935,House No. CDB-438,Street 16,Gulistan-e-Johar,5,3,Apartment,Kainat Waheed,Akbar Dawood,Verified,Due,Clear,Due,9000000.0
16881,Hassan Zahid,DEMO-KPT-16881,House No. RCD-753,Street 18,Gulistan-e-Johar,5,3,Apartment,Hassan Zahid,Shabbir Jogezai,Verified,Paid,Clear,Paid,8900000.0
6750,Tehmina Kamal,DEMO-KPT-6750,House No. RB-547,Street 19,Gulistan-e-Johar,5,3,Apartment,Tehmina Kamal,Ismail Dogar,Verified,Due,Under Review,Due,9200000.0
11869,Zubair Yaqoob,DEMO-KPT-11869,House No. RR-695,Street 19,Gulistan-e-Johar,5,3,Apartment,Zubair Yaqoob,Zohaib Raza,Pending,Due,Clear,Due,9400000.0
1741,Asif Tareen,DEMO-KPT-1741,House No. R-722,Street 22,Gulistan-e-Johar,5,3,Apartment,Asif Tareen,Noman Saif,Verified,Due,Clear,Paid,9700000.0
1734,Kaleem Rind,DEMO-KPT-1734,House No. R-370,Street 24,Gulistan-e-Johar,5,3,Apartment,Kaleem Rind,Feroz Abro,Verified,Paid,Under Review,Due,10000000.0
3385,Saira Raza,DEMO-KPT-3385,House No. D-585,Street 24,Gulistan-e-Johar,5,3,Apartment,Saira Raza,Fiza Kiani,Litigated,Paid,Issue Found,Paid,9100000.0
5076,Nailah Baig,DEMO-KPT-5076,House No. CC-711,Street 27,Gulistan-e-Johar,5,3,Apartment,Nailah Baig,Irum Hinjra,Pending,Paid,Issue Found,Paid,8900000.0
8537,Haider Lodhi,DEMO-KPT-8537,House No. BD-516,Street 28,Gulistan-e-Johar,5,3,Apartment,Haider Lodhi,Afshan Soomro,Pending,Paid,Under Review,Due,8800000.0
8610,Asad Jadoon,DEMO-KPT-8610,House No. RB-633,Street 1,Gulistan-e-Johar,6,3,Apartment,Asad Jadoon,Laraib Sultan,Pending,Paid,Issue Found,Due,9100000.0
15394,Rakhshanda Swati,DEMO-KPT-15394,House No. DBC-802,Street 3,Gulistan-e-Johar,6,3,Apartment,Rakhshanda Swati,Samad Zia,Pending,Paid,Clear,Due,9600000.0
5206,Naseer Soomro,DEMO-KPT-5206,House No. BC-421,Street 4,Gulistan-e-Johar,6,3,Apartment,Naseer Soomro,Abid Hussain,Litigated,Due,Clear,Due,9500000.0
10212,Hadi Alvi,DEMO-KPT-10212,House No. CB-836,Street 5,Gulistan-e-Johar,6,3,Apartment,Hadi Alvi,Habib Riaz,Pending,Paid,Under Review,Due,9400000.0
3460,Aslam Nawaz,DEMO-KPT-3460,House No. R-537,Street 6,Gulistan-e-Johar,6,3,Apartment,Aslam Nawaz,Bareera Palijo,Verified,Due,Issue Found,Due,8300000.0
11949,Nighat Tareen,DEMO-KPT-11949,House No. BB-816,Street 8,Gulistan-e-Johar,6,3,Apartment,Nighat Tareen,Wasim Ghani,Litigated,Paid,Under Review,Due,9500000.0
12002,Ghazala Janjua,DEMO-KPT-12002,House No. BR-764,Street 11,Gulistan-e-Johar,6,3,Apartment,Ghazala Janjua,Afreen Tariq,Litigated,Due,Under Review,Due,9000000.0
13714,Anam Ghaffar,DEMO-KPT-13714,House No. BRD-417,Street 14,Gulistan-e-Johar,6,3,Apartment,Anam Ghaffar,Sarfraz Jamal,Pending,Paid,Under Review,Due,8600000.0
1832,Hafiz Dawood,DEMO-KPT-1832,House No. C-717,Street 15,Gulistan-e-Johar,6,3,Apartment,Hafiz Dawood,Zubaid Sipra,Litigated,Due,Clear,Paid,9100000.0
8582,Mukhtar Rehman,DEMO-KPT-8582,House No. CR-783,Street 15,Gulistan-e-Johar,6,3,Apartment,Mukhtar Rehman,Anmol Gilani,Litigated,Due,Clear,Paid,9000000.0
8594,Sehar Marwat,DEMO-KPT-8594,House No. DR-666,Street 15,Gulistan-e-Johar,6,3,Apartment,Sehar Marwat,Mudassar Kayani,Verified,Paid,Under Review,Due,9300000.0
6781,Mohib Sindhi,DEMO-KPT-6781,House No. CB-471,Street 19,Gulistan-e-Johar,6,3,Apartment,Mohib Sindhi,Nafisa Nadeem,Verified,Due,Clear,Due,8100000.0
3441,Zia Gilani,DEMO-KPT-3441,House No. R-723,Street 20,Gulistan-e-Johar,6,3,Apartment,Zia Gilani,Abeera Orakzai,Litigated,Paid,Issue Found,Due,9800000.0
6821,Basit Umer,DEMO-KPT-6821,House No. DC-776,Street 22,Gulistan-e-Johar,6,3,Apartment,Basit Umer,Armaghan Rana,Verified,Paid,Under Review,Paid,8700000.0
15371,Masood Sandhu,DEMO-KPT-15371,House No. BCD-639,Street 22,Gulistan-e-Johar,6,3,Apartment,Masood Sandhu,Sadiq Baloch,Verified,Paid,Under Review,Paid,8400000.0
10158,Aftab Ijaz,DEMO-KPT-10158,House No. BR-340,Street 23,Gulistan-e-Johar,6,3,Apartment,Aftab Ijaz,Waseem Jamali,Verified,Due,Under Review,Paid,8000000.0
3466,Shahmeer Qureshi,DEMO-KPT-3466,House No. R-588,Street 26,Gulistan-e-Johar,6,3,Apartment,Shahmeer Qureshi,Raza Zaman,Pending,Paid,Clear,Due,8800000.0
6819,Ifrah Yousafzai,DEMO-KPT-6819,House No. RB-433,Street 27,Gulistan-e-Johar,6,3,Apartment,Ifrah Yousafzai,Farrukh Mazari,Litigated,Due,Under Review,Paid,9700000.0
12026,Masood Sultan,DEMO-KPT-12026,House No. DB-405,Street 27,Gulistan-e-Johar,6,3,Apartment,Masood Sultan,Najma Bashir,Verified,Due,Clear,Paid,9800000.0
15426,Samina Hinjra,DEMO-KPT-15426,House No. BRD-393,Street 27,Gulistan-e-Johar,6,3,Apartment,Samina Hinjra,Shahida Hoti,Pending,Paid,Issue Found,Paid,9800000.0
13658,Mahrukh Nasar,DEMO-KPT-13658,House No. DBC-360,Street 30,Gulistan-e-Johar,6,3,Apartment,Mahrukh Nasar,Emaad Bajwa,Litigated,Due,Under Review,Due,9300000.0
5294,Rafay Iqbal,DEMO-KPT-5294,House No. RC-823,Street 1,Gulistan-e-Johar,7,3,Apartment,Rafay Iqbal,Amber Naseem,Verified,Paid,Issue Found,Due,8900000.0
10273,Shaheen Zubairi,DEMO-KPT-10273,House No. CR-564,Street 3,Gulistan-e-Johar,7,3,Apartment,Shaheen Zubairi,Muhammad Rashid,Pending,Due,Under Review,Due,8400000.0
15491,Amal Pirzada,DEMO-KPT-15491,House No. DBC-416,Street 3,Gulistan-e-Johar,7,3,Apartment,Amal Pirzada,Fida Zia,Pending,Paid,Under Review,Paid,8600000.0
10243,Mahad Chattha,DEMO-KPT-10243,House No. CR-358,Street 4,Gulistan-e-Johar,7,3,Apartment,Mahad Chattha,Rehmat Rind,Litigated,Paid,Under Review,Paid,9000000.0
13737,Ambreen Panhwar,DEMO-KPT-13737,House No. CDR-429,Street 8,Gulistan-e-Johar,7,3,Apartment,Ambreen Panhwar,Ayub Achakzai,Pending,Paid,Issue Found,Due,8700000.0
12118,Parveen Palijo,DEMO-KPT-12118,House No. RD-341,Street 11,Gulistan-e-Johar,7,3,Apartment,Parveen Palijo,Farooq Bhurgri,Pending,Paid,Issue Found,Paid,9200000.0
13773,Aftab Cheema,DEMO-KPT-13773,House No. DCB-839,Street 11,Gulistan-e-Johar,7,3,Apartment,Aftab Cheema,Jibran Kidwai,Verified,Paid,Under Review,Due,9800000.0
5285,Urooj Sadiq,DEMO-KPT-5285,House No. CC-305,Street 13,Gulistan-e-Johar,7,3,Apartment,Urooj Sadiq,Hadiqa Kakar,Verified,Paid,Issue Found,Due,8700000.0
15481,Kamil Malik,DEMO-KPT-15481,House No. RCB-661,Street 14,Gulistan-e-Johar,7,3,Apartment,Kamil Malik,Shahab Zubair,Verified,Due,Under Review,Paid,9500000.0
5235,Daniya Anwar,DEMO-KPT-5235,House No. RR-322,Street 16,Gulistan-e-Johar,7,3,Apartment,Daniya Anwar,Sadiq Javed,Verified,Due,Clear,Due,9700000.0
6871,Wahab Abbasi,DEMO-KPT-6871,House No. BD-395,Street 16,Gulistan-e-Johar,7,3,Apartment,Wahab Abbasi,Zayan Rana,Verified,Paid,Issue Found,Paid,10000000.0
12056,Shaista Latif,DEMO-KPT-12056,House No. CB-728,Street 17,Gulistan-e-Johar,7,3,Apartment,Shaista Latif,Sumaira Sadiq,Pending,Paid,Under Review,Due,9000000.0
8621,Aslam Dawood,DEMO-KPT-8621,House No. BR-324,Street 22,Gulistan-e-Johar,7,3,Apartment,Aslam Dawood,Dawood Kiani,Verified,Paid,Under Review,Paid,8800000.0
10261,Ahsan Sandhu,DEMO-KPT-10261,House No. BR-865,Street 26,Gulistan-e-Johar,7,3,Apartment,Ahsan Sandhu,Isha Tunio,Verified,Paid,Clear,Paid,9500000.0
5276,Kashif Dawood,DEMO-KPT-5276,House No. RD-451,Street 27,Gulistan-e-Johar,7,3,Apartment,Kashif Dawood,Faisal Lodhi,Verified,Due,Clear,Paid,10000000.0
6897,Zahida Shaikh,DEMO-KPT-6897,House No. CC-497,Street 27,Gulistan-e-Johar,7,3,Apartment,Zahida Shaikh,Nudrat Khosa,Pending,Due,Clear,Due,9500000.0
8618,Lamia Sheikh,DEMO-KPT-8618,House No. RR-447,Street 29,Gulistan-e-Johar,7,3,Apartment,Lamia Sheikh,Asma Warraich,Verified,Due,Issue Found,Due,9400000.0
8626,Ifrah Durrani,DEMO-KPT-8626,House No. RC-328,Street 29,Gulistan-e-Johar,7,3,Apartment,Ifrah Durrani,Athar Pasha,Pending,Paid,Issue Found,Due,8500000.0
3660,Irfan Dayo,DEMO-KPT-3660,House No. C-462,Street 1,Gulistan-e-Johar,8,3,Apartment,Irfan Dayo,Shahzadi Farooq,Pending,Paid,Issue Found,Due,9100000.0
13844,Kabeer Kayani,DEMO-KPT-13844,House No. RDC-749,Street 1,Gulistan-e-Johar,8,3,Apartment,Kabeer Kayani,Laraib Hashmi,Verified,Paid,Issue Found,Due,8500000.0
1979,Tasneem Nadeem,DEMO-KPT-1979,House No. D-661,Street 3,Gulistan-e-Johar,8,3,Apartment,Tasneem Nadeem,Muzammil Mirani,Litigated,Paid,Issue Found,Due,8400000.0
6929,Manahil Ansari,DEMO-KPT-6929,House No. DR-509,Street 3,Gulistan-e-Johar,8,3,Apartment,Manahil Ansari,Ashraf Soomro,Litigated,Paid,Issue Found,Due,9700000.0
10387,Bilawal Mughal,DEMO-KPT-10387,House No. CC-664,Street 4,Gulistan-e-Johar,8,3,Apartment,Bilawal Mughal,Mahwish Gandapur,Litigated,Due,Under Review,Due,9500000.0
5403,Esha Cheema,DEMO-KPT-5403,House No. RB-697,Street 5,Gulistan-e-Johar,8,3,Apartment,Esha Cheema,Parveen Sipra,Pending,Paid,Issue Found,Due,8500000.0
3684,Jazib Jogezai,DEMO-KPT-3684,House No. R-447,Street 7,Gulistan-e-Johar,8,3,Apartment,Jazib Jogezai,Nailah Gondal,Pending,Paid,Clear,Paid,9700000.0
6987,Zohra Sultan,DEMO-KPT-6987,House No. DR-526,Street 8,Gulistan-e-Johar,8,3,Apartment,Zohra Sultan,Iffat Lughmani,Pending,Paid,Issue Found,Due,10000000.0
5356,Saba Rabbani,DEMO-KPT-5356,House No. BC-579,Street 9,Gulistan-e-Johar,8,3,Apartment,Saba Rabbani,Nabeeha Jadoon,Pending,Paid,Issue Found,Paid,8100000.0
10325,Marwa Khan,DEMO-KPT-10325,House No. CD-678,Street 9,Gulistan-e-Johar,8,3,Apartment,Marwa Khan,Uzma Shaikh,Pending,Due,Clear,Due,9600000.0
13872,Jalal Hanif,DEMO-KPT-13872,House No. RCD-613,Street 11,Gulistan-e-Johar,8,3,Apartment,Jalal Hanif,Sameen Laghari,Pending,Due,Under Review,Due,8100000.0
3644,Omer Ghaffar,DEMO-KPT-3644,House No. D-500,Street 15,Gulistan-e-Johar,8,3,Apartment,Omer Ghaffar,Ikhlaq Shafiq,Verified,Paid,Under Review,Due,8200000.0
1997,Fahim Cheema,DEMO-KPT-1997,House No. D-738,Street 16,Gulistan-e-Johar,8,3,Apartment,Fahim Cheema,Mahnaz Kiani,Pending,Paid,Under Review,Paid,8100000.0
1956,Aiman Tahir,DEMO-KPT-1956,House No. R-443,Street 17,Gulistan-e-Johar,8,3,Apartment,Aiman Tahir,Naureen Noor,Verified,Due,Issue Found,Due,8000000.0
8802,Zehra Yousaf,DEMO-KPT-8802,House No. DD-541,Street 20,Gulistan-e-Johar,8,3,Apartment,Zehra Yousaf,Imtiaz Farooqi,Litigated,Due,Clear,Due,9300000.0
6943,Yasmeen Shah,DEMO-KPT-6943,House No. CR-642,Street 23,Gulistan-e-Johar,8,3,Apartment,Yasmeen Shah,Zunaira Korai,Pending,Due,Clear,Paid,8400000.0
3669,Ashar Orakzai,DEMO-KPT-3669,House No. R-710,Street 27,Gulistan-e-Johar,8,3,Apartment,Ashar Orakzai,Sumayya Nadeem,Litigated,Due,Under Review,Paid,10000000.0
12219,Fahim Lak,DEMO-KPT-12219,House No. RC-557,Street 27,Gulistan-e-Johar,8,3,Apartment,Fahim Lak,Batool Zia,Litigated,Due,Under Review,Paid,8700000.0
5387,Uzair Minhas,DEMO-KPT-5387,House No. RB-452,Street 28,Gulistan-e-Johar,8,3,Apartment,Uzair Minhas,Jawad Bilgrami,Pending,Paid,Under Review,Due,8200000.0
7094,Rehana Kharal,DEMO-KPT-7094,House No. BC-794,Street 1,Gulistan-e-Johar,9,3,Apartment,Rehana Kharal,Hoorain Nadeem,Verified,Paid,Issue Found,Due,8400000.0
12341,Waqas Lodhi,DEMO-KPT-12341,House No. DD-652,Street 3,Gulistan-e-Johar,9,3,Apartment,Waqas Lodhi,Tamim Mahesar,Pending,Paid,Under Review,Paid,8000000.0
8806,Murtaza Korai,DEMO-KPT-8806,House No. BB-457,Street 4,Gulistan-e-Johar,9,3,Apartment,Murtaza Korai,Shahab Khuhro,Litigated,Due,Clear,Due,8600000.0
7060,Shahbaz Parvez,DEMO-KPT-7060,House No. BR-720,Street 6,Gulistan-e-Johar,9,3,Apartment,Shahbaz Parvez,Shahmeer Niazi,Verified,Due,Issue Found,Due,9600000.0
2071,Amber Javed,DEMO-KPT-2071,House No. R-394,Street 7,Gulistan-e-Johar,9,3,Apartment,Amber Javed,Faisal Khokhar,Litigated,Paid,Under Review,Due,9400000.0
7021,Saima Popalzai,DEMO-KPT-7021,House No. BR-791,Street 7,Gulistan-e-Johar,9,3,Apartment,Saima Popalzai,Raees Yousafzai,Litigated,Paid,Under Review,Due,9100000.0
2037,Farwa Jaffri,DEMO-KPT-2037,House No. C-595,Street 8,Gulistan-e-Johar,9,3,Apartment,Farwa Jaffri,Farheen Kazmi,Pending,Paid,Issue Found,Due,8100000.0
5430,Zahid Laghari,DEMO-KPT-5430,House No. DR-627,Street 8,Gulistan-e-Johar,9,3,Apartment,Zahid Laghari,Feryal Hashmi,Litigated,Due,Issue Found,Due,9900000.0
10451,Laiba Ansari,DEMO-KPT-10451,House No. RC-828,Street 9,Gulistan-e-Johar,9,3,Apartment,Laiba Ansari,Wahab Parvez,Litigated,Paid,Issue Found,Due,10000000.0
14006,Osama Hoti,DEMO-KPT-14006,House No. DCB-733,Street 9,Gulistan-e-Johar,9,3,Apartment,Osama Hoti,Mishal Khan,Verified,Due,Under Review,Paid,9900000.0
5419,Burhan Tanvir,DEMO-KPT-5419,House No. BD-364,Street 14,Gulistan-e-Johar,9,3,Apartment,Burhan Tanvir,Hafsa Mari,Litigated,Due,Clear,Paid,9500000.0
2070,Hashim Saleem,DEMO-KPT-2070,House No. R-731,Street 15,Gulistan-e-Johar,9,3,Apartment,Hashim Saleem,Fayyaz Mahsud,Pending,Paid,Clear,Paid,9500000.0
5444,Muneeba Dar,DEMO-KPT-5444,House No. RB-773,Street 15,Gulistan-e-Johar,9,3,Apartment,Muneeba Dar,Raheela Lari,Verified,Paid,Under Review,Due,8000000.0
15712,Zeshan Tahir,DEMO-KPT-15712,House No. RBC-597,Street 15,Gulistan-e-Johar,9,3,Apartment,Zeshan Tahir,Sabahat Tanoli,Verified,Paid,Clear,Paid,8000000.0
7080,Sadia Jadoon,DEMO-KPT-7080,House No. DD-470,Street 16,Gulistan-e-Johar,9,3,Apartment,Sadia Jadoon,Qaiser Shakeel,Verified,Due,Clear,Paid,9700000.0
10421,Jamil Awan,DEMO-KPT-10421,House No. CR-841,Street 22,Gulistan-e-Johar,9,3,Apartment,Jamil Awan,Tayyab Lak,Verified,Paid,Under Review,Paid,9700000.0
5467,Uzma Naseem,DEMO-KPT-5467,House No. BR-613,Street 25,Gulistan-e-Johar,9,3,Apartment,Uzma Naseem,Mazhar Khattak,Pending,Due,Issue Found,Paid,9300000.0
12333,Abbas Niazi,DEMO-KPT-12333,House No. BC-718,Street 26,Gulistan-e-Johar,9,3,Apartment,Abbas Niazi,Moiz Zahid,Pending,Paid,Issue Found,Due,8000000.0
2053,Farwa Sahito,DEMO-KPT-2053,House No. C-355,Street 27,Gulistan-e-Johar,9,3,Apartment,Farwa Sahito,Zehra Pirzada,Litigated,Due,Clear,Paid,8000000.0
12297,Anmol Marwat,DEMO-KPT-12297,House No. RD-301,Street 27,Gulistan-e-Johar,9,3,Apartment,Anmol Marwat,Nosheen Rashid,Pending,Due,Clear,Due,9600000.0
15652,Mustafa Peerzada,DEMO-KPT-15652,House No. RCD-559,Street 30,Gulistan-e-Johar,9,3,Apartment,Mustafa Peerzada,Maryum Achakzai,Verified,Paid,Under Review,Due,8800000.0
2094,Sana Bangash,DEMO-KPT-2094,House No. R-800,Street 3,Gulistan-e-Johar,10,3,Apartment,Sana Bangash,Zoya Kazmi,Litigated,Paid,Issue Found,Paid,9700000.0
7123,Azan Bhutto,DEMO-KPT-7123,House No. RB-621,Street 3,Gulistan-e-Johar,10,3,Apartment,Azan Bhutto,Akbar Lashari,Pending,Due,Under Review,Due,8900000.0
12416,Adeel Jafri,DEMO-KPT-12416,House No. DD-604,Street 5,Gulistan-e-Johar,10,3,Apartment,Adeel Jafri,Kabeer Yousaf,Litigated,Paid,Under Review,Paid,8000000.0
15753,Sehar Pasha,DEMO-KPT-15753,House No. DBC-814,Street 5,Gulistan-e-Johar,10,3,Apartment,Sehar Pasha,Zaid Mohammadzai,Pending,Paid,Issue Found,Due,9600000.0
12399,Haziq Shakeel,DEMO-KPT-12399,House No. BR-479,Street 8,Gulistan-e-Johar,10,3,Apartment,Haziq Shakeel,Nageen Randhawa,Litigated,Paid,Under Review,Due,9300000.0
7156,Habib Sardar,DEMO-KPT-7156,House No. BB-485,Street 9,Gulistan-e-Johar,10,3,Apartment,Habib Sardar,Sabeen Dayo,Pending,Paid,Issue Found,Paid,8500000.0
14063,Fahad Sipra,DEMO-KPT-14063,House No. RCB-341,Street 10,Gulistan-e-Johar,10,3,Apartment,Fahad Sipra,Umaima Marri,Litigated,Due,Clear,Paid,8300000.0
15743,Hanzala Chattha,DEMO-KPT-15743,House No. BDR-461,Street 10,Gulistan-e-Johar,10,3,Apartment,Hanzala Chattha,Raheel Gilani,Litigated,Paid,Issue Found,Paid,8300000.0
2102,Mirza Nasar,DEMO-KPT-2102,House No. B-312,Street 11,Gulistan-e-Johar,10,3,Apartment,Mirza Nasar,Bushra Lashari,Litigated,Due,Under Review,Due,9600000.0
15732,Raheel Saif,DEMO-KPT-15732,House No. CBR-768,Street 14,Gulistan-e-Johar,10,3,Apartment,Raheel Saif,Asim Shah,Verified,Due,Issue Found,Due,8400000.0
2130,Nihal Baig,DEMO-KPT-2130,House No. C-642,Street 16,Gulistan-e-Johar,10,3,Apartment,Nihal Baig,Lina Qureshi,Verified,Due,Clear,Paid,8700000.0
5521,Dua Panhwar,DEMO-KPT-5521,House No. DR-575,Street 16,Gulistan-e-Johar,10,3,Apartment,Dua Panhwar,Tauseef Qureshi,Verified,Paid,Issue Found,Paid,8600000.0
10518,Rizwan Ansari,DEMO-KPT-10518,House No. DC-356,Street 17,Gulistan-e-Johar,10,3,Apartment,Rizwan Ansari,Ruqayya Jamali,Litigated,Due,Under Review,Due,9900000.0
10581,Misbah Yasin,DEMO-KPT-10581,House No. BR-847,Street 18,Gulistan-e-Johar,10,3,Apartment,Misbah Yasin,Nailah Qureshi,Verified,Paid,Clear,Paid,9600000.0
12381,Sameen Shinwari,DEMO-KPT-12381,House No. BR-565,Street 18,Gulistan-e-Johar,10,3,Apartment,Sameen Shinwari,Najma Sial,Verified,Paid,Clear,Paid,8800000.0
10602,Ayla Hashmi,DEMO-KPT-10602,House No. BR-411,Street 20,Gulistan-e-Johar,10,3,Apartment,Ayla Hashmi,Ismail Hanif,Litigated,Due,Clear,Due,9100000.0
14023,Farzana Shah,DEMO-KPT-14023,House No. BDR-446,Street 20,Gulistan-e-Johar,10,3,Apartment,Farzana Shah,Ayeza Lakhani,Pending,Due,Under Review,Due,8800000.0
5593,Muneeb Buriro,DEMO-KPT-5593,House No. CB-356,Street 23,Gulistan-e-Johar,10,3,Apartment,Muneeb Buriro,Kashif Noor,Pending,Due,Clear,Paid,9200000.0
10543,Bakhtawar Gabol,DEMO-KPT-10543,House No. CC-894,Street 23,Gulistan-e-Johar,10,3,Apartment,Bakhtawar Gabol,Zubaid Daudzai,Pending,Due,Clear,Paid,8200000.0
12408,Amjad Akhtar,DEMO-KPT-12408,House No. DC-362,Street 23,Gulistan-e-Johar,10,3,Apartment,Amjad Akhtar,Khadija Durrani,Verified,Due,Under Review,Paid,9100000.0
10530,Marium Parvez,DEMO-KPT-10530,House No. CC-335,Street 25,Gulistan-e-Johar,10,3,Apartment,Marium Parvez,Saleha Sheikh,Pending,Due,Issue Found,Paid,9200000.0
2116,Dilshad Chattha,DEMO-KPT-2116,House No. C-412,Street 26,Gulistan-e-Johar,10,3,Apartment,Dilshad Chattha,Shakeel Jogezai,Pending,Paid,Clear,Due,9400000.0
3783,Minahil Kasi,DEMO-KPT-3783,House No. C-551,Street 26,Gulistan-e-Johar,10,3,Apartment,Minahil Kasi,Hafeez Tunio,Pending,Paid,Issue Found,Due,9800000.0
5469,Mahir Jamal,DEMO-KPT-5469,House No. RD-347,Street 27,Gulistan-e-Johar,10,3,Apartment,Mahir Jamal,Rafia Umer,Litigated,Due,Under Review,Paid,8700000.0
5547,Marwa Yousaf,DEMO-KPT-5547,House No. BR-887,Street 27,Gulistan-e-Johar,10,3,Apartment,Marwa Yousaf,Samra Kakar,Pending,Due,Clear,Due,8700000.0
14018,Ahad Lughmani,DEMO-KPT-14018,House No. BRC-831,Street 29,Gulistan-e-Johar,10,3,Apartment,Ahad Lughmani,Taha Kayani,Verified,Due,Issue Found,Due,8900000.0
5512,Nailah Daudzai,DEMO-KPT-5512,House No. RB-416,Street 30,Gulistan-e-Johar,10,3,Apartment,Nailah Daudzai,Waleed Shakeel,Verified,Due,Issue Found,Due,8200000.0
14062,Izhar Mahar,DEMO-KPT-14062,House No. RBD-465,Street 30,Gulistan-e-Johar,10,3,Apartment,Izhar Mahar,Rahim Abro,Verified,Due,Issue Found,Due,10000000.0
14129,Hassan Dayo,DEMO-KPT-14129,House No. CBD-532,Street 3,Gulistan-e-Johar,11,3,Apartment,Hassan Dayo,Ayaz Ahmed,Litigated,Paid,Issue Found,Due,10000000.0
3849,Tanzeela Bhutto,DEMO-KPT-3849,House No. R-753,Street 8,Gulistan-e-Johar,11,3,Apartment,Tanzeela Bhutto,Shehzad Zia,Litigated,Paid,Under Review,Due,8100000.0
8956,Khizar Kakar,DEMO-KPT-8956,House No. RC-321,Street 9,Gulistan-e-Johar,11,3,Apartment,Khizar Kakar,Jabbar Shinwari,Pending,Paid,Issue Found,Paid,8200000.0
12427,Fozia Abro,DEMO-KPT-12427,House No. DB-442,Street 9,Gulistan-e-Johar,11,3,Apartment,Fozia Abro,Majid Abbasi,Pending,Paid,Under Review,Due,9200000.0
2218,Subhan Tariq,DEMO-KPT-2218,House No. C-650,Street 11,Gulistan-e-Johar,11,3,Apartment,Subhan Tariq,Marwa Usmani,Pending,Paid,Issue Found,Paid,9200000.0
5673,Atif Gondal,DEMO-KPT-5673,House No. DB-757,Street 11,Gulistan-e-Johar,11,3,Apartment,Atif Gondal,Mariam Lone,Verified,Paid,Under Review,Due,9200000.0
7168,Qurat Rehman,DEMO-KPT-7168,House No. CC-697,Street 11,Gulistan-e-Johar,11,3,Apartment,Qurat Rehman,Rashid Yaqoob,Pending,Paid,Issue Found,Paid,9700000.0
5614,Imtiaz Nasar,DEMO-KPT-5614,House No. RR-803,Street 14,Gulistan-e-Johar,11,3,Apartment,Imtiaz Nasar,Rahila Awan,Pending,Paid,Under Review,Due,9500000.0
9032,Muneeba Dogar,DEMO-KPT-9032,House No. CB-754,Street 15,Gulistan-e-Johar,11,3,Apartment,Muneeba Dogar,Rustam Tarar,Litigated,Due,Clear,Paid,8100000.0
12420,Sadaf Sipra,DEMO-KPT-12420,House No. DD-355,Street 15,Gulistan-e-Johar,11,3,Apartment,Sadaf Sipra,Aqib Waheed,Pending,Paid,Clear,Paid,10000000.0
12480,Aisha Sahito,DEMO-KPT-12480,House No. CR-498,Street 16,Gulistan-e-Johar,11,3,Apartment,Aisha Sahito,Ambreen Bettani,Verified,Due,Clear,Paid,8000000.0
10706,Eman Kidwai,DEMO-KPT-10706,House No. CR-696,Street 17,Gulistan-e-Johar,11,3,Apartment,Eman Kidwai,Feryal Mahar,Pending,Paid,Under Review,Due,8500000.0
12506,Saad Shah,DEMO-KPT-12506,House No. DB-493,Street 17,Gulistan-e-Johar,11,3,Apartment,Saad Shah,Javeria Bhatti,Pending,Paid,Under Review,Due,8200000.0
5631,Rehmat Zardari,DEMO-KPT-5631,House No. CB-775,Street 18,Gulistan-e-Johar,11,3,Apartment,Rehmat Zardari,Wania Umer,Verified,Paid,Clear,Paid,9500000.0
3852,Kashaf Khattak,DEMO-KPT-3852,House No. DB-487,Street 20,Gulistan-e-Johar,11,3,Apartment,Kashaf Khattak,Jamila Sohu,Litigated,Due,Clear,Due,9300000.0
3835,Hania Yaqoob,DEMO-KPT-3835,House No. D-749,Street 24,Gulistan-e-Johar,11,3,Apartment,Hania Yaqoob,Farooq Shafiq,Litigated,Paid,Issue Found,Paid,10000000.0
2161,Mashal Dreshak,DEMO-KPT-2161,House No. D-400,Street 26,Gulistan-e-Johar,11,3,Apartment,Mashal Dreshak,Sadaf Saif,Verified,Paid,Clear,Paid,9000000.0
3872,Nageen Rafique,DEMO-KPT-3872,House No. DC-426,Street 26,Gulistan-e-Johar,11,3,Apartment,Nageen Rafique,Palwasha Lakhani,Pending,Due,Under Review,Paid,9800000.0
14085,Ismail Naseem,DEMO-KPT-14085,House No. BDR-472,Street 26,Gulistan-e-Johar,11,3,Apartment,Ismail Naseem,Ghulam Kamal,Verified,Paid,Clear,Paid,8300000.0
14123,Shumaila Shaikh,DEMO-KPT-14123,House No. BCD-379,Street 26,Gulistan-e-Johar,11,3,Apartment,Shumaila Shaikh,Fahim Cheena,Litigated,Due,Clear,Paid,9600000.0
14133,Hussnain Pasha,DEMO-KPT-14133,House No. BDR-706,Street 26,Gulistan-e-Johar,11,3,Apartment,Hussnain Pasha,Urooj Mughal,Pending,Paid,Issue Found,Due,8100000.0
10719,Kanwal Ahmed,DEMO-KPT-10719,House No. DR-729,Street 28,Gulistan-e-Johar,11,3,Apartment,Kanwal Ahmed,Anum Saeed,Litigated,Paid,Issue Found,Due,8700000.0
5744,Amal Lone,DEMO-KPT-5744,House No. CD-577,Street 1,Gulistan-e-Johar,12,3,Apartment,Amal Lone,Nailah Mohammadzai,Verified,Paid,Issue Found,Due,8600000.0
10729,Zubaida Farooqi,DEMO-KPT-10729,House No. RC-538,Street 1,Gulistan-e-Johar,12,3,Apartment,Zubaida Farooqi,Neelam Jafri,Pending,Due,Clear,Due,9800000.0
15853,Subhan Hinjra,DEMO-KPT-15853,House No. RBD-565,Street 1,Gulistan-e-Johar,12,3,Apartment,Subhan Hinjra,Khurram Sadiq,Verified,Paid,Clear,Paid,9500000.0
5743,Najma Rizvi,DEMO-KPT-5743,House No. DB-763,Street 4,Gulistan-e-Johar,12,3,Apartment,Najma Rizvi,Naila Panhwar,Litigated,Paid,Under Review,Paid,8800000.0
2253,Mukarram Bettani,DEMO-KPT-2253,House No. C-455,Street 5,Gulistan-e-Johar,12,3,Apartment,Mukarram Bettani,Husna Mahsud,Pending,Paid,Issue Found,Due,8100000.0
12548,Saher Dogar,DEMO-KPT-12548,House No. BR-770,Street 7,Gulistan-e-Johar,12,3,Apartment,Saher Dogar,Nihal Mehmood,Litigated,Due,Clear,Paid,8200000.0
2225,Urooj Mengal,DEMO-KPT-2225,House No. C-637,Street 9,Gulistan-e-Johar,12,3,Apartment,Urooj Mengal,Rauf Hameed,Pending,Due,Clear,Due,8800000.0
9056,Lina Dayo,DEMO-KPT-9056,House No. DD-402,Street 9,Gulistan-e-Johar,12,3,Apartment,Lina Dayo,Hanzala Bhatti,Verified,Due,Under Review,Paid,9700000.0
12522,Shehzad Shakir,DEMO-KPT-12522,House No. DD-683,Street 11,Gulistan-e-Johar,12,3,Apartment,Shehzad Shakir,Rizwan Akhtar,Pending,Due,Under Review,Due,9800000.0
5735,Shaheen Barakzai,DEMO-KPT-5735,House No. CC-446,Street 13,Gulistan-e-Johar,12,3,Apartment,Shaheen Barakzai,Raza Tanvir,Verified,Paid,Issue Found,Due,8100000.0
10766,Adnan Mian,DEMO-KPT-10766,House No. DB-693,Street 13,Gulistan-e-Johar,12,3,Apartment,Adnan Mian,Mirha Khattak,Pending,Due,Clear,Due,8500000.0
9044,Maqsood Hinjra,DEMO-KPT-9044,House No. RB-350,Street 15,Gulistan-e-Johar,12,3,Apartment,Maqsood Hinjra,Benazir Waheed,Verified,Paid,Under Review,Due,9000000.0
3930,Huma Qureshi,DEMO-KPT-3930,House No. BB-843,Street 16,Gulistan-e-Johar,12,3,Apartment,Huma Qureshi,Maryum Kharal,Verified,Due,Clear,Paid,8000000.0
15871,Rashida Awan,DEMO-KPT-15871,House No. BDC-742,Street 16,Gulistan-e-Johar,12,3,Apartment,Rashida Awan,Ashar Pasha,Verified,Paid,Issue Found,Paid,8600000.0
3971,Mehreen Soomro,DEMO-KPT-3971,House No. BB-711,Street 17,Gulistan-e-Johar,12,3,Apartment,Mehreen Soomro,Isha Dreshak,Pending,Due,Clear,Paid,9800000.0
12600,Ashraf Rana,DEMO-KPT-12600,House No. BD-307,Street 19,Gulistan-e-Johar,12,3,Apartment,Ashraf Rana,Babar Niazi,Verified,Due,Under Review,Due,8400000.0
5691,Kaleemullah Wattoo,DEMO-KPT-5691,House No. DB-563,Street 20,Gulistan-e-Johar,12,3,Apartment,Kaleemullah Wattoo,Amber Ali,Litigated,Paid,Issue Found,Due,9200000.0
12534,Lubna Sardar,DEMO-KPT-12534,House No. BD-371,Street 24,Gulistan-e-Johar,12,3,Apartment,Lubna Sardar,Emaan Khan,Verified,Paid,Under Review,Due,8200000.0
3926,Zehra Malik,DEMO-KPT-3926,House No. DC-497,Street 27,Gulistan-e-Johar,12,3,Apartment,Zehra Malik,Rubab Afridi,Verified,Due,Clear,Paid,8900000.0
7347,Feryal Samo,DEMO-KPT-7347,House No. DD-713,Street 27,Gulistan-e-Johar,12,3,Apartment,Feryal Samo,Bakhtiar Jamal,Pending,Due,Clear,Due,8500000.0
14203,Alizeh Baloch,DEMO-KPT-14203,House No. RBD-816,Street 27,Gulistan-e-Johar,12,3,Apartment,Alizeh Baloch,Zubaid Aslam,Litigated,Due,Clear,Paid,9800000.0
2237,Jahangir Haral,DEMO-KPT-2237,House No. D-614,Street 28,Gulistan-e-Johar,12,3,Apartment,Jahangir Haral,Munib Usmani,Pending,Paid,Under Review,Due,8700000.0
12587,Sabika Raza,DEMO-KPT-12587,House No. CD-401,Street 28,Gulistan-e-Johar,12,3,Apartment,Sabika Raza,Samina Rizvi,Pending,Paid,Under Review,Due,9800000.0
3952,Israr Joiya,DEMO-KPT-3952,House No. CC-625,Street 30,Gulistan-e-Johar,12,3,Apartment,Israr Joiya,Samad Rizvi,Verified,Paid,Under Review,Due,9200000.0
9112,Hadi Ghaffar,DEMO-KPT-9112,House No. RD-652,Street 30,Gulistan-e-Johar,12,3,Apartment,Hadi Ghaffar,Areeba Korai,Verified,Due,Issue Found,Due,9700000.0
12703,Mansoor Shah,DEMO-KPT-12703,House No. RD-898,Street 1,Gulistan-e-Johar,13,3,Apartment,Mansoor Shah,Fareeha Baloch,Verified,Paid,Clear,Paid,9000000.0
15929,Afzal Lughmani,DEMO-KPT-15929,House No. RDB-850,Street 3,Gulistan-e-Johar,13,3,Apartment,Afzal Lughmani,Aleena Alvi,Litigated,Paid,Issue Found,Due,9200000.0
15941,Saeed Warraich,DEMO-KPT-15941,House No. BCR-734,Street 3,Gulistan-e-Johar,13,3,Apartment,Saeed Warraich,Ayan Dawood,Pending,Paid,Under Review,Paid,8400000.0
10815,Taimur Hanif,DEMO-KPT-10815,House No. BD-576,Street 4,Gulistan-e-Johar,13,3,Apartment,Taimur Hanif,Firdous Mian,Pending,Paid,Under Review,Due,8200000.0
10837,Aslam Marri,DEMO-KPT-10837,House No. BC-382,Street 4,Gulistan-e-Johar,13,3,Apartment,Aslam Marri,Isha Khokhar,Litigated,Due,Under Review,Due,9600000.0
2334,Aqeel Rashid,DEMO-KPT-2334,House No. D-619,Street 7,Gulistan-e-Johar,13,3,Apartment,Aqeel Rashid,Aftab Dayo,Pending,Paid,Clear,Paid,9100000.0
10884,Faiza Tarar,DEMO-KPT-10884,House No. CR-440,Street 7,Gulistan-e-Johar,13,3,Apartment,Faiza Tarar,Sufyan Samo,Pending,Paid,Clear,Paid,8100000.0
4043,Zayan Mahsud,DEMO-KPT-4043,House No. CD-820,Street 10,Gulistan-e-Johar,13,3,Apartment,Zayan Mahsud,Talal Mustafa,Litigated,Paid,Issue Found,Paid,8300000.0
15925,Aashir Jamal,DEMO-KPT-15925,House No. RBD-686,Street 12,Gulistan-e-Johar,13,3,Apartment,Aashir Jamal,Rayyan Barakzai,Pending,Paid,Under Review,Paid,9300000.0
4016,Mehmood Umer,DEMO-KPT-4016,House No. DC-562,Street 13,Gulistan-e-Johar,13,3,Apartment,Mehmood Umer,Aneela Sadiq,Pending,Due,Clear,Due,8700000.0
7414,Pervaiz Tanvir,DEMO-KPT-7414,House No. RB-508,Street 14,Gulistan-e-Johar,13,3,Apartment,Pervaiz Tanvir,Taha Bhurgri,Pending,Paid,Under Review,Due,8200000.0
5812,Uroosa Naseem,DEMO-KPT-5812,House No. BR-497,Street 15,Gulistan-e-Johar,13,3,Apartment,Uroosa Naseem,Warda Tareen,Verified,Paid,Clear,Paid,9000000.0
10832,Dania Yousaf,DEMO-KPT-10832,House No. DC-518,Street 15,Gulistan-e-Johar,13,3,Apartment,Dania Yousaf,Adeel Sindhi,Litigated,Due,Clear,Paid,9900000.0
12644,Sadia Dreshak,DEMO-KPT-12644,House No. DR-806,Street 15,Gulistan-e-Johar,13,3,Apartment,Sadia Dreshak,Azan Bhat,Verified,Paid,Under Review,Due,9900000.0
15918,Nadia Jadoon,DEMO-KPT-15918,House No. RDC-519,Street 17,Gulistan-e-Johar,13,3,Apartment,Nadia Jadoon,Jamil Tanvir,Litigated,Due,Under Review,Due,9900000.0
10800,Saher Rabbani,DEMO-KPT-10800,House No. DC-648,Street 19,Gulistan-e-Johar,13,3,Apartment,Saher Rabbani,Sidra Lughmani,Verified,Due,Under Review,Due,9200000.0
2323,Dania Mazari,DEMO-KPT-2323,House No. B-654,Street 20,Gulistan-e-Johar,13,3,Apartment,Dania Mazari,Abrar Tariq,Pending,Due,Under Review,Due,9000000.0
10873,Shoaib Kharal,DEMO-KPT-10873,House No. DR-797,Street 20,Gulistan-e-Johar,13,3,Apartment,Shoaib Kharal,Marium Mirani,Pending,Due,Under Review,Due,8000000.0
15943,Alishba Nasar,DEMO-KPT-15943,House No. CRD-490,Street 23,Gulistan-e-Johar,13,3,Apartment,Alishba Nasar,Sanam Khuhro,Pending,Due,Clear,Paid,10000000.0
14266,Rubina Rehman,DEMO-KPT-14266,House No. RBC-711,Street 26,Gulistan-e-Johar,13,3,Apartment,Rubina Rehman,Awais Khattak,Pending,Paid,Clear,Due,8800000.0
5769,Tamkeen Tanvir,DEMO-KPT-5769,House No. DB-704,Street 28,Gulistan-e-Johar,13,3,Apartment,Tamkeen Tanvir,Bahadur Mari,Litigated,Paid,Issue Found,Due,9400000.0
2318,Nadir Hafeez,DEMO-KPT-2318,House No. B-612,Street 29,Gulistan-e-Johar,13,3,Apartment,Nadir Hafeez,Lina Khosa,Verified,Due,Issue Found,Due,9500000.0
14302,Osama Sultan,DEMO-KPT-14302,House No. RCD-596,Street 30,Gulistan-e-Johar,13,3,Apartment,Osama Sultan,Azan Khattak,Verified,Paid,Under Review,Due,8700000.0
14323,Bakhtiar Cheena,DEMO-KPT-14323,House No. RCD-719,Street 3,Gulistan-e-Johar,14,3,Apartment,Bakhtiar Cheena,Malaika Butt,Pending,Due,Under Review,Due,9100000.0
4087,Asma Unar,DEMO-KPT-4087,House No. BB-691,Street 4,Gulistan-e-Johar,14,3,Apartment,Asma Unar,Hafiz Raza,Litigated,Due,Under Review,Due,9700000.0
5866,Momina Marwat,DEMO-KPT-5866,House No. BR-370,Street 5,Gulistan-e-Johar,14,3,Apartment,Momina Marwat,Hafsa Mian,Pending,Paid,Issue Found,Paid,9200000.0
4048,Sara Hoti,DEMO-KPT-4048,House No. RR-797,Street 6,Gulistan-e-Johar,14,3,Apartment,Sara Hoti,Mehboob Shakir,Litigated,Paid,Under Review,Paid,9300000.0
4062,Kamil Sabri,DEMO-KPT-4062,House No. BR-307,Street 8,Gulistan-e-Johar,14,3,Apartment,Kamil Sabri,Sabahat Baig,Litigated,Due,Under Review,Due,8500000.0
9237,Jawad Ghani,DEMO-KPT-9237,House No. BC-545,Street 8,Gulistan-e-Johar,14,3,Apartment,Jawad Ghani,Ehsan Bettani,Pending,Paid,Issue Found,Due,9800000.0
5843,Waleed Warraich,DEMO-KPT-5843,House No. RD-650,Street 10,Gulistan-e-Johar,14,3,Apartment,Waleed Warraich,Feryal Wazir,Litigated,Paid,Issue Found,Paid,9200000.0
2425,Zartaj Tunio,DEMO-KPT-2425,House No. D-746,Street 12,Gulistan-e-Johar,14,3,Apartment,Zartaj Tunio,Numan Gabol,Pending,Paid,Under Review,Paid,8200000.0
15981,Raheela Warraich,DEMO-KPT-15981,House No. BCD-735,Street 18,Gulistan-e-Johar,14,3,Apartment,Raheela Warraich,Ammar Bashir,Verified,Paid,Clear,Paid,9900000.0
9169,Mubashra Hashmi,DEMO-KPT-9169,House No. RR-401,Street 19,Gulistan-e-Johar,14,3,Apartment,Mubashra Hashmi,Salman Wazir,Pending,Due,Clear,Due,8900000.0
12769,Uroosa Gilani,DEMO-KPT-12769,House No. DD-367,Street 19,Gulistan-e-Johar,14,3,Apartment,Uroosa Gilani,Talal Rafique,Pending,Due,Clear,Due,8700000.0
16041,Rustam Ahmed,DEMO-KPT-16041,House No. BRD-625,Street 20,Gulistan-e-Johar,14,3,Apartment,Rustam Ahmed,Mehboob Joiya,Litigated,Paid,Issue Found,Due,8200000.0
9193,Shan Ilyas,DEMO-KPT-9193,House No. RR-682,Street 23,Gulistan-e-Johar,14,3,Apartment,Shan Ilyas,Zohaib Yousafzai,Pending,Due,Clear,Paid,8200000.0
9183,Hoorain Bashir,DEMO-KPT-9183,House No. BB-893,Street 26,Gulistan-e-Johar,14,3,Apartment,Hoorain Bashir,Khadija Ansari,Pending,Paid,Issue Found,Due,8800000.0
15992,Waleed Pirzada,DEMO-KPT-15992,House No. CRD-866,Street 26,Gulistan-e-Johar,14,3,Apartment,Waleed Pirzada,Sidrah Tunio,Verified,Due,Issue Found,Due,8400000.0
5837,Shahmeer Tunio,DEMO-KPT-5837,House No. CD-344,Street 28,Gulistan-e-Johar,14,3,Apartment,Shahmeer Tunio,Wasim Javed,Pending,Paid,Under Review,Due,9200000.0
9158,Shayan Ilyas,DEMO-KPT-9158,House No. DD-343,Street 30,Gulistan-e-Johar,14,3,Apartment,Shayan Ilyas,Mahreen Afridi,Litigated,Due,Under Review,Due,10000000.0
10907,Maham Zaidi,DEMO-KPT-10907,House No. CB-446,Street 30,Gulistan-e-Johar,14,3,Apartment,Maham Zaidi,Khansa Aslam,Verified,Paid,Issue Found,Due,8400000.0
2506,Nawal Warraich,DEMO-KPT-2506,House No. R-635,Street 4,Gulistan-e-Johar,15,3,Apartment,Nawal Warraich,Ishaq Bhittani,Litigated,Due,Clear,Due,9200000.0
9266,Maham Ghaffar,DEMO-KPT-9266,House No. BR-556,Street 5,Gulistan-e-Johar,15,3,Apartment,Maham Ghaffar,Maryam Hanif,Litigated,Paid,Under Review,Paid,9000000.0
5951,Hadiqa Daudzai,DEMO-KPT-5951,House No. DC-859,Street 9,Gulistan-e-Johar,15,3,Apartment,Hadiqa Daudzai,Lamia Ilyas,Litigated,Paid,Issue Found,Due,9100000.0
2523,Kashaf Kiani,DEMO-KPT-2523,House No. D-744,Street 11,Gulistan-e-Johar,15,3,Apartment,Kashaf Kiani,Hina Buriro,Verified,Paid,Under Review,Due,8300000.0
9302,Hussain Abro,DEMO-KPT-9302,House No. RD-516,Street 11,Gulistan-e-Johar,15,3,Apartment,Hussain Abro,Hafsa Imran,Litigated,Due,Under Review,Due,8200000.0
16122,Laraib Sindhi,DEMO-KPT-16122,House No. BCD-530,Street 11,Gulistan-e-Johar,15,3,Apartment,Laraib Sindhi,Saeeda Wani,Pending,Due,Under Review,Due,8000000.0
2520,Usman Kayani,DEMO-KPT-2520,House No. D-875,Street 15,Gulistan-e-Johar,15,3,Apartment,Usman Kayani,Shanza Khosa,Pending,Paid,Clear,Paid,8900000.0
9285,Kafeel Daudzai,DEMO-KPT-9285,House No. BD-777,Street 16,Gulistan-e-Johar,15,3,Apartment,Kafeel Daudzai,Naila Qazi,Verified,Due,Clear,Due,9400000.0
12797,Arslan Mir,DEMO-KPT-12797,House No. DR-838,Street 16,Gulistan-e-Johar,15,3,Apartment,Arslan Mir,Alizeh Panezai,Pending,Paid,Under Review,Paid,9100000.0
16136,Shabana Pirzada,DEMO-KPT-16136,House No. RBC-728,Street 18,Gulistan-e-Johar,15,3,Apartment,Shabana Pirzada,Ilyas Jadoon,Verified,Paid,Issue Found,Due,8800000.0
7650,Rehman Khokhar,DEMO-KPT-7650,House No. BD-666,Street 19,Gulistan-e-Johar,15,3,Apartment,Rehman Khokhar,Zaid Sandhu,Verified,Due,Under Review,Due,8300000.0
5923,Sameen Sipra,DEMO-KPT-5923,House No. RR-354,Street 20,Gulistan-e-Johar,15,3,Apartment,Sameen Sipra,Sabika Siddiqui,Pending,Due,Under Review,Due,8400000.0
9314,Zain Tariq,DEMO-KPT-9314,House No. BD-316,Street 21,Gulistan-e-Johar,15,3,Apartment,Zain Tariq,Ashfaq Dar,Pending,Paid,Issue Found,Paid,8200000.0
7591,Shazia Shafiq,DEMO-KPT-7591,House No. CD-836,Street 22,Gulistan-e-Johar,15,3,Apartment,Shazia Shafiq,Wania Yousafzai,Verified,Due,Clear,Paid,8500000.0
4185,Luqman Ilyas,DEMO-KPT-4185,House No. RC-682,Street 26,Gulistan-e-Johar,15,3,Apartment,Luqman Ilyas,Mehwish Farooq,Verified,Paid,Clear,Paid,9300000.0
4176,Fida Mirani,DEMO-KPT-4176,House No. DB-503,Street 27,Gulistan-e-Johar,15,3,Apartment,Fida Mirani,Nimra Ijaz,Pending,Paid,Issue Found,Paid,9400000.0
5915,Dania Shakeel,DEMO-KPT-5915,House No. RD-617,Street 27,Gulistan-e-Johar,15,3,Apartment,Dania Shakeel,Imran Toor,Pending,Paid,Issue Found,Due,9700000.0
5919,Lina Yaqoob,DEMO-KPT-5919,House No. CR-300,Street 27,Gulistan-e-Johar,15,3,Apartment,Lina Yaqoob,Tabish Turk,Litigated,Due,Under Review,Paid,9700000.0
14469,Sara Wani,DEMO-KPT-14469,House No. RDC-546,Street 27,Gulistan-e-Johar,15,3,Apartment,Sara Wani,Urooj Tarar,Litigated,Due,Under Review,Paid,9600000.0
14476,Zuha Ansari,DEMO-KPT-14476,House No. BDR-602,Street 29,Gulistan-e-Johar,15,3,Apartment,Zuha Ansari,Sumaira Riaz,Pending,Paid,Issue Found,Due,9300000.0
5962,Jamil Umer,DEMO-KPT-5962,House No. DD-697,Street 30,Gulistan-e-Johar,15,3,Apartment,Jamil Umer,Neha Hinjra,Verified,Due,Issue Found,Due,8300000.0
7710,Hasnain Bilgrami,DEMO-KPT-7710,House No. DC-432,Street 1,Gulistan-e-Johar,16,3,Apartment,Hasnain Bilgrami,Zohra Wattoo,Pending,Paid,Issue Found,Due,8000000.0
6029,Rubab Tanoli,DEMO-KPT-6029,House No. RC-876,Street 3,Gulistan-e-Johar,16,3,Apartment,Rubab Tanoli,Tooba Gandapur,Litigated,Paid,Issue Found,Due,8200000.0
6041,Nargis Kamboh,DEMO-KPT-6041,House No. DB-877,Street 3,Gulistan-e-Johar,16,3,Apartment,Nargis Kamboh,Abubakar Peerzada,Pending,Paid,Under Review,Paid,9100000.0
12856,Manahil Pirzada,DEMO-KPT-12856,House No. BR-339,Street 4,Gulistan-e-Johar,16,3,Apartment,Manahil Pirzada,Yameen Mansoor,Litigated,Due,Clear,Due,9700000.0
11110,Feryal Sandhu,DEMO-KPT-11110,House No. BB-577,Street 6,Gulistan-e-Johar,16,3,Apartment,Feryal Sandhu,Shaista Peerzada,Verified,Due,Issue Found,Due,8200000.0
7734,Osama Kazmi,DEMO-KPT-7734,House No. RD-574,Street 7,Gulistan-e-Johar,16,3,Apartment,Osama Kazmi,Tanveer Baig,Pending,Paid,Clear,Paid,9900000.0
2527,Aziz Lodhi,DEMO-KPT-2527,House No. C-707,Street 9,Gulistan-e-Johar,16,3,Apartment,Aziz Lodhi,Ghulam Latif,Pending,Paid,Under Review,Due,9900000.0
12877,Sajida Sadiq,DEMO-KPT-12877,House No. DD-778,Street 9,Gulistan-e-Johar,16,3,Apartment,Sajida Sadiq,Adnan Farooqi,Pending,Paid,Under Review,Due,9000000.0
9418,Sarah Sahito,DEMO-KPT-9418,House No. CB-602,Street 11,Gulistan-e-Johar,16,3,Apartment,Sarah Sahito,Tahmina Pirzada,Pending,Paid,Issue Found,Paid,9200000.0
11102,Rohail Mansoor,DEMO-KPT-11102,House No. CR-619,Street 11,Gulistan-e-Johar,16,3,Apartment,Rohail Mansoor,Umar Pasha,Litigated,Due,Under Review,Due,8000000.0
4225,Warda Jadoon,DEMO-KPT-4225,House No. DB-351,Street 12,Gulistan-e-Johar,16,3,Apartment,Warda Jadoon,Momina Aslam,Pending,Paid,Under Review,Paid,8900000.0
7694,Qurat Nasar,DEMO-KPT-7694,House No. CC-381,Street 15,Gulistan-e-Johar,16,3,Apartment,Qurat Nasar,Mahir Rind,Verified,Paid,Under Review,Due,9300000.0
12870,Komal Shafi,DEMO-KPT-12870,House No. RR-371,Street 15,Gulistan-e-Johar,16,3,Apartment,Komal Shafi,Kausar Dawood,Pending,Paid,Clear,Paid,9200000.0
4308,Yusra Afridi,DEMO-KPT-4308,House No. DD-770,Street 23,Gulistan-e-Johar,16,3,Apartment,Yusra Afridi,Wania Chaudhry,Verified,Due,Under Review,Paid,8200000.0
6043,Kaif Palijo,DEMO-KPT-6043,House No. CB-523,Street 23,Gulistan-e-Johar,16,3,Apartment,Kaif Palijo,Tahmina Mahsud,Pending,Due,Clear,Paid,9700000.0
2576,Adil Hashmi,DEMO-KPT-2576,House No. C-512,Street 27,Gulistan-e-Johar,16,3,Apartment,Adil Hashmi,Ayeza Rind,Verified,Due,Clear,Paid,8700000.0
14558,Rida Hinjra,DEMO-KPT-14558,House No. CDB-759,Street 30,Gulistan-e-Johar,16,3,Apartment,Rida Hinjra,Bilawal Marri,Litigated,Due,Under Review,Due,9800000.0
2629,Kainat Lone,DEMO-KPT-2629,House No. D-433,Street 1,Gulistan-e-Johar,17,3,Apartment,Kainat Lone,Eman Khokhar,Pending,Due,Clear,Due,9600000.0
11179,Jannat Nawaz,DEMO-KPT-11179,House No. DB-594,Street 1,Gulistan-e-Johar,17,3,Apartment,Jannat Nawaz,Majid Barakzai,Pending,Due,Clear,Due,8500000.0
9487,Suleman Marwat,DEMO-KPT-9487,House No. CR-615,Street 4,Gulistan-e-Johar,17,3,Apartment,Suleman Marwat,Saeeda Rind,Litigated,Due,Under Review,Due,9200000.0
4362,Jawad Hayat,DEMO-KPT-4362,House No. RC-393,Street 5,Gulistan-e-Johar,17,3,Apartment,Jawad Hayat,Haroon Zia,Pending,Paid,Under Review,Due,8500000.0
4360,Asra Gondal,DEMO-KPT-4360,House No. BC-712,Street 6,Gulistan-e-Johar,17,3,Apartment,Asra Gondal,Sahrish Alvi,Verified,Due,Issue Found,Due,8400000.0
11172,Ali Farooqi,DEMO-KPT-11172,House No. CR-869,Street 11,Gulistan-e-Johar,17,3,Apartment,Ali Farooqi,Ubaid Chaudhry,Pending,Due,Under Review,Due,8800000.0
2682,Zaib Zubair,DEMO-KPT-2682,House No. B-655,Street 14,Gulistan-e-Johar,17,3,Apartment,Zaib Zubair,Ejaz Janjua,Verified,Due,Issue Found,Due,8900000.0
9461,Shabbir Zia,DEMO-KPT-9461,House No. BC-754,Street 15,Gulistan-e-Johar,17,3,Apartment,Shabbir Zia,Kainat Panezai,Pending,Paid,Issue Found,Due,8800000.0
7806,Kainat Gondal,DEMO-KPT-7806,House No. CB-607,Street 17,Gulistan-e-Johar,17,3,Apartment,Kainat Gondal,Saba Tareen,Verified,Due,Issue Found,Due,9500000.0
2636,Aneesa Lughmani,DEMO-KPT-2636,House No. R-871,Street 18,Gulistan-e-Johar,17,3,Apartment,Aneesa Lughmani,Alam Lari,Verified,Paid,Issue Found,Due,8400000.0
14569,Safa Hanif,DEMO-KPT-14569,House No. BRD-667,Street 19,Gulistan-e-Johar,17,3,Apartment,Safa Hanif,Hina Ilyas,Pending,Due,Clear,Due,8200000.0
4325,Manahil Wazir,DEMO-KPT-4325,House No. BR-807,Street 29,Gulistan-e-Johar,17,3,Apartment,Manahil Wazir,Zubaid Bangash,Litigated,Paid,Under Review,Paid,8500000.0
11152,Rahim Rizvi,DEMO-KPT-11152,House No. RD-563,Street 30,Gulistan-e-Johar,17,3,Apartment,Rahim Rizvi,Iffat Leghari,Verified,Paid,Under Review,Due,9300000.0
16409,Marium Saleem,DEMO-KPT-16409,House No. CDB-327,Street 1,Gulistan-e-Johar,18,3,Apartment,Marium Saleem,Arfa Wazir,Litigated,Paid,Clear,Paid,8800000.0
2794,Sadaf Shah,DEMO-KPT-2794,House No. B-436,Street 3,Gulistan-e-Johar,18,3,Apartment,Sadaf Shah,Zeeshan Ghazali,Pending,Paid,Clear,Due,9300000.0
14694,Maaz Lakhani,DEMO-KPT-14694,House No. DBR-740,Street 3,Gulistan-e-Johar,18,3,Apartment,Maaz Lakhani,Waseem Kakar,Litigated,Paid,Issue Found,Paid,8900000.0
7906,Aqsa Ijaz,DEMO-KPT-7906,House No. CC-724,Street 4,Gulistan-e-Johar,18,3,Apartment,Aqsa Ijaz,Aneeqa Zardari,Litigated,Due,Clear,Due,9500000.0
11265,Uroosa Jadoon,DEMO-KPT-11265,House No. CC-515,Street 4,Gulistan-e-Johar,18,3,Apartment,Uroosa Jadoon,Arslan Yousaf,Pending,Paid,Under Review,Due,8200000.0
12998,Taha Javed,DEMO-KPT-12998,House No. DD-872,Street 7,Gulistan-e-Johar,18,3,Apartment,Taha Javed,Taimoor Anwar,Litigated,Due,Clear,Paid,9100000.0
2712,Kausar Kasi,DEMO-KPT-2712,House No. D-709,Street 8,Gulistan-e-Johar,18,3,Apartment,Kausar Kasi,Umar Naqvi,Litigated,Due,Under Review,Due,8800000.0
11206,Tabish Ali,DEMO-KPT-11206,House No. DB-784,Street 9,Gulistan-e-Johar,18,3,Apartment,Tabish Ali,Ayaz Kamal,Pending,Paid,Issue Found,Paid,8700000.0
13106,Hassan Gill,DEMO-KPT-13106,House No. CD-681,Street 9,Gulistan-e-Johar,18,3,Apartment,Hassan Gill,Ilyas Dawood,Verified,Due,Under Review,Paid,10000000.0
13018,Tanzeela Sial,DEMO-KPT-13018,House No. BD-873,Street 11,Gulistan-e-Johar,18,3,Apartment,Tanzeela Sial,Farrukh Sipra,Pending,Paid,Issue Found,Paid,9500000.0
7825,Rehana Magsi,DEMO-KPT-7825,House No. BC-705,Street 12,Gulistan-e-Johar,18,3,Apartment,Rehana Magsi,Sanam Iqbal,Pending,Paid,Under Review,Paid,9900000.0
9494,Eman Korai,DEMO-KPT-9494,House No. CC-409,Street 15,Gulistan-e-Johar,18,3,Apartment,Eman Korai,Israr Marri,Verified,Paid,Under Review,Due,9900000.0
11212,Najma Rajper,DEMO-KPT-11212,House No. DC-508,Street 15,Gulistan-e-Johar,18,3,Apartment,Najma Rajper,Anum Ghaffar,Verified,Paid,Clear,Paid,8600000.0
6206,Zuha Abbasi,DEMO-KPT-6206,House No. BB-792,Street 17,Gulistan-e-Johar,18,3,Apartment,Zuha Abbasi,Zubaida Yazdani,Pending,Paid,Under Review,Due,9400000.0
16452,Mateen Ghazali,DEMO-KPT-16452,House No. CRD-744,Street 20,Gulistan-e-Johar,18,3,Apartment,Mateen Ghazali,Mahnaz Khalid,Litigated,Due,Clear,Due,8300000.0
11196,Malaika Orakzai,DEMO-KPT-11196,House No. CB-783,Street 21,Gulistan-e-Johar,18,3,Apartment,Malaika Orakzai,Mushtaq Mahesar,Verified,Paid,Clear,Due,8400000.0
16380,Haseeb Usmani,DEMO-KPT-16380,House No. RDB-601,Street 25,Gulistan-e-Johar,18,3,Apartment,Haseeb Usmani,Raheel Tariq,Pending,Due,Issue Found,Paid,8900000.0
16373,Haleema Sabri,DEMO-KPT-16373,House No. BCR-359,Street 26,Gulistan-e-Johar,18,3,Apartment,Haleema Sabri,Sikandar Qadri,Litigated,Due,Clear,Paid,8000000.0
2769,Shoaib Farooq,DEMO-KPT-2769,House No. C-774,Street 27,Gulistan-e-Johar,18,3,Apartment,Shoaib Farooq,Fawad Ali,Litigated,Due,Under Review,Paid,9200000.0
9515,Arham Usmani,DEMO-KPT-9515,House No. DD-610,Street 27,Gulistan-e-Johar,18,3,Apartment,Arham Usmani,Nashra Sahito,Pending,Paid,Issue Found,Due,9000000.0
14726,Raees Butt,DEMO-KPT-14726,House No. DBR-327,Street 27,Gulistan-e-Johar,18,3,Apartment,Raees Butt,Mashal Khosa,Verified,Due,Clear,Paid,9900000.0
4419,Huma Kalhoro,DEMO-KPT-4419,House No. RC-521,Street 28,Gulistan-e-Johar,18,3,Apartment,Huma Kalhoro,Ahsan Mahsud,Litigated,Paid,Issue Found,Due,9200000.0
2909,Parvez Rehman,DEMO-KPT-2909,House No. C-383,Street 1,Gulistan-e-Johar,19,3,Apartment,Parvez Rehman,Shifa Farooq,Litigated,Paid,Clear,Paid,9000000.0
16494,Zartaj Ansari,DEMO-KPT-16494,House No. RBD-709,Street 3,Gulistan-e-Johar,19,3,Apartment,Zartaj Ansari,Syeda Virk,Litigated,Paid,Issue Found,Paid,9400000.0
4537,Lubna Sandhu,DEMO-KPT-4537,House No. RC-738,Street 4,Gulistan-e-Johar,19,3,Apartment,Lubna Sandhu,Humayun Mirza,Litigated,Due,Under Review,Due,9000000.0
16466,Sameer Shafiq,DEMO-KPT-16466,House No. BCD-613,Street 5,Gulistan-e-Johar,19,3,Apartment,Sameer Shafiq,Liaquat Unar,Litigated,Paid,Under Review,Paid,9300000.0
4498,Rohail Sabri,DEMO-KPT-4498,House No. DD-585,Street 6,Gulistan-e-Johar,19,3,Apartment,Rohail Sabri,Urooj Ranjha,Litigated,Paid,Under Review,Paid,10000000.0
6248,Osama Cheema,DEMO-KPT-6248,House No. BR-343,Street 7,Gulistan-e-Johar,19,3,Apartment,Osama Cheema,Feryal Daudzai,Litigated,Due,Clear,Paid,9900000.0
14798,Farwa Panhwar,DEMO-KPT-14798,House No. DRC-764,Street 7,Gulistan-e-Johar,19,3,Apartment,Farwa Panhwar,Masood Khokhar,Litigated,Due,Clear,Paid,8400000.0
4512,Junaid Javed,DEMO-KPT-4512,House No. BD-322,Street 8,Gulistan-e-Johar,19,3,Apartment,Junaid Javed,Khansa Zubair,Litigated,Due,Under Review,Due,8900000.0
14862,Bilawal Barakzai,DEMO-KPT-14862,House No. BDC-646,Street 8,Gulistan-e-Johar,19,3,Apartment,Bilawal Barakzai,Rooman Gill,Litigated,Due,Under Review,Due,9000000.0
7927,Tahmina Saeed,DEMO-KPT-7927,House No. DC-860,Street 9,Gulistan-e-Johar,19,3,Apartment,Tahmina Saeed,Mazen Farooqi,Pending,Paid,Under Review,Due,9900000.0
13151,Talha Zubair,DEMO-KPT-13151,House No. CC-403,Street 9,Gulistan-e-Johar,19,3,Apartment,Talha Zubair,Mohsin Rajper,Litigated,Paid,Issue Found,Due,8600000.0
14830,Laiba Panezai,DEMO-KPT-14830,House No. CDB-436,Street 9,Gulistan-e-Johar,19,3,Apartment,Laiba Panezai,Kashif Rashid,Verified,Due,Issue Found,Paid,9500000.0
6268,Jawad Memon,DEMO-KPT-6268,House No. CC-876,Street 11,Gulistan-e-Johar,19,3,Apartment,Jawad Memon,Mansoor Ghumman,Pending,Paid,Issue Found,Paid,9000000.0
7952,Laiba Rind,DEMO-KPT-7952,House No. CR-596,Street 11,Gulistan-e-Johar,19,3,Apartment,Laiba Rind,Inshal Sial,Litigated,Due,Under Review,Due,8500000.0
6262,Shehryar Ghaffar,DEMO-KPT-6262,House No. DB-854,Street 15,Gulistan-e-Johar,19,3,Apartment,Shehryar Ghaffar,Maham Bangash,Verified,Paid,Clear,Paid,9200000.0
7935,Nasrullah Magsi,DEMO-KPT-7935,House No. RD-816,Street 16,Gulistan-e-Johar,19,3,Apartment,Nasrullah Magsi,Irtaza Shakir,Verified,Due,Clear,Due,9000000.0
14756,Burhan Latif,DEMO-KPT-14756,House No. BCR-710,Street 17,Gulistan-e-Johar,19,3,Apartment,Burhan Latif,Nasir Pasha,Pending,Paid,Under Review,Due,8900000.0
4531,Fareed Dayo,DEMO-KPT-4531,House No. CB-740,Street 19,Gulistan-e-Johar,19,3,Apartment,Fareed Dayo,Sameen Bhittani,Verified,Due,Clear,Due,10000000.0
11317,Shahab Anwar,DEMO-KPT-11317,House No. DB-408,Street 25,Gulistan-e-Johar,19,3,Apartment,Shahab Anwar,Esha Turk,Pending,Due,Issue Found,Paid,9500000.0
16480,Arsalan Rashid,DEMO-KPT-16480,House No. BCD-466,Street 25,Gulistan-e-Johar,19,3,Apartment,Arsalan Rashid,Musa Yousaf,Pending,Due,Under Review,Due,9800000.0
16475,Mahir Talpur,DEMO-KPT-16475,House No. BDC-447,Street 29,Gulistan-e-Johar,19,3,Apartment,Mahir Talpur,Qasim Kalhoro,Litigated,Paid,Under Review,Paid,8700000.0
2807,Ramsha Mengal,DEMO-KPT-2807,House No. R-640,Street 30,Gulistan-e-Johar,19,3,Apartment,Ramsha Mengal,Anwar Nadeem,Verified,Paid,Issue Found,Due,9000000.0
4603,Hasnain Malik,DEMO-KPT-4603,House No. DB-311,Street 1,Gulistan-e-Johar,20,3,Apartment,Hasnain Malik,Aqeel Lari,Verified,Paid,Clear,Paid,9200000.0
13229,Balaj Ali,DEMO-KPT-13229,House No. BB-640,Street 3,Gulistan-e-Johar,20,3,Apartment,Balaj Ali,Kinza Pasha,Litigated,Paid,Issue Found,Due,8800000.0
13241,Aryan Bhat,DEMO-KPT-13241,House No. DB-651,Street 3,Gulistan-e-Johar,20,3,Apartment,Aryan Bhat,Talal Raza,Pending,Paid,Under Review,Paid,9200000.0
16543,Areeba Kharal,DEMO-KPT-16543,House No. BCD-421,Street 4,Gulistan-e-Johar,20,3,Apartment,Areeba Kharal,Nuzhat Dreshak,Litigated,Paid,Under Review,Paid,9100000.0
2949,Eman Ranjha,DEMO-KPT-2949,House No. C-408,Street 8,Gulistan-e-Johar,20,3,Apartment,Eman Ranjha,Taimur Haral,Litigated,Paid,Under Review,Due,8300000.0
6330,Zubair Durrani,DEMO-KPT-6330,House No. BC-448,Street 8,Gulistan-e-Johar,20,3,Apartment,Zubair Durrani,Bareera Marwat,Litigated,Due,Issue Found,Due,9800000.0
11499,Ayaz Khokhar,DEMO-KPT-11499,House No. CR-458,Street 8,Gulistan-e-Johar,20,3,Apartment,Ayaz Khokhar,Zulekha Janjua,Litigated,Paid,Under Review,Due,8600000.0
9625,Kabeer Latif,DEMO-KPT-9625,House No. DC-559,Street 12,Gulistan-e-Johar,20,3,Apartment,Kabeer Latif,Farheen Aslam,Pending,Paid,Under Review,Paid,9800000.0
11431,Ali Rajper,DEMO-KPT-11431,House No. CB-861,Street 14,Gulistan-e-Johar,20,3,Apartment,Ali Rajper,Maira Naseem,Verified,Due,Under Review,Paid,9700000.0
13231,Sanam Jafri,DEMO-KPT-13231,House No. RD-828,Street 14,Gulistan-e-Johar,20,3,Apartment,Sanam Jafri,Sadaf Naqvi,Verified,Due,Under Review,Paid,8500000.0
6332,Ayaz Mian,DEMO-KPT-6332,House No. BD-424,Street 15,Gulistan-e-Johar,20,3,Apartment,Ayaz Mian,Ibrahim Rind,Litigated,Due,Clear,Paid,9700000.0
2985,Waheed Khan,DEMO-KPT-2985,House No. D-723,Street 16,Gulistan-e-Johar,20,3,Apartment,Waheed Khan,Haris Zardari,Verified,Due,Clear,Due,8000000.0
16586,Ramsha Mirza,DEMO-KPT-16586,House No. CBR-645,Street 18,Gulistan-e-Johar,20,3,Apartment,Ramsha Mirza,Bahadur Khokhar,Verified,Paid,Issue Found,Due,9400000.0
6300,Yusuf Kalhoro,DEMO-KPT-6300,House No. CR-425,Street 19,Gulistan-e-Johar,20,3,Apartment,Yusuf Kalhoro,Alam Hanif,Verified,Due,Under Review,Due,8600000.0
8041,Shan Akhtar,DEMO-KPT-8041,House No. DD-569,Street 22,Gulistan-e-Johar,20,3,Apartment,Shan Akhtar,Lubna Rana,Verified,Due,Clear,Paid,9400000.0
16584,Talat Waheed,DEMO-KPT-16584,House No. DRC-378,Street 24,Gulistan-e-Johar,20,3,Apartment,Talat Waheed,Sarah Bhittani,Verified,Paid,Under Review,Due,8900000.0
11492,Aqib Dawood,DEMO-KPT-11492,House No. DC-393,Street 26,Gulistan-e-Johar,20,3,Apartment,Aqib Dawood,Izhar Panhwar,Verified,Due,Issue Found,Due,8200000.0
13233,Rizwaan Kamal,DEMO-KPT-13233,House No. BB-529,Street 26,Gulistan-e-Johar,20,3,Apartment,Rizwaan Kamal,Aun Tanvir,Pending,Paid,Issue Found,Due,9300000.0
16561,Wajiha Nadeem,DEMO-KPT-16561,House No. CBR-831,Street 26,Gulistan-e-Johar,20,3,Apartment,Wajiha Nadeem,Zafar Panhwar,Verified,Paid,Clear,Paid,9500000.0
8019,Rehman Buriro,DEMO-KPT-8019,House No. CR-851,Street 28,Gulistan-e-Johar,20,3,Apartment,Rehman Buriro,Zartaj Yazdani,Litigated,Paid,Issue Found,Due,8400000.0
12210,Azka Sipra,DEMO-KPT-12210,House No. BR-456,Street 1,Gulshan-e-Iqbal,1,3,Apartment,Azka Sipra,Sumaira Dawood,Pending,Paid,Issue Found,Due,8900000.0
15806,Qasim Jamali,DEMO-KPT-15806,House No. DBR-763,Street 9,Gulshan-e-Iqbal,1,3,Apartment,Qasim Jamali,Hania Gakhar,Verified,Due,Under Review,Paid,9700000.0
5164,Shazia Bhutto,DEMO-KPT-5164,House No. RR-434,Street 14,Gulshan-e-Iqbal,1,3,Apartment,Shazia Bhutto,Zeeshan Cheena,Pending,Paid,Under Review,Due,9100000.0
15931,Zohair Abbasi,DEMO-KPT-15931,House No. BDR-540,Street 14,Gulshan-e-Iqbal,1,3,Apartment,Zohair Abbasi,Sania Ansari,Verified,Due,Under Review,Paid,9300000.0
15782,Sajida Malik,DEMO-KPT-15782,House No. RBD-470,Street 15,Gulshan-e-Iqbal,1,3,Apartment,Sajida Malik,Noreen Rafique,Litigated,Due,Clear,Paid,8800000.0
1021,Fatima Malik,DEMO-KPT-1021,House No. A-62,Street 16,Gulshan-e-Iqbal,1,3,Apartment,Fatima Malik,Anaya Noor,Verified,Paid,Issue Found,Paid,9200000.0
15906,Athar Virk,DEMO-KPT-15906,House No. RDC-691,Street 17,Gulshan-e-Iqbal,1,3,Apartment,Athar Virk,Hafsa Ansari,Verified,Due,Issue Found,Due,10000000.0
1519,Basit Sindhi,DEMO-KPT-1519,House No. D-513,Street 19,Gulshan-e-Iqbal,1,3,Apartment,Basit Sindhi,Maira Yousaf,Pending,Due,Clear,Due,9500000.0
8269,Sajida Yousafzai,DEMO-KPT-8269,House No. CC-624,Street 19,Gulshan-e-Iqbal,1,3,Apartment,Sajida Yousafzai,Ehsan Mohammadzai,Pending,Due,Clear,Due,9800000.0
8414,Tayyeb Mahesar,DEMO-KPT-8414,House No. DB-526,Street 21,Gulshan-e-Iqbal,1,3,Apartment,Tayyeb Mahesar,Rahim Umer,Pending,Paid,Issue Found,Paid,9900000.0
1543,Rameez Pirzada,DEMO-KPT-1543,House No. C-375,Street 23,Gulshan-e-Iqbal,1,3,Apartment,Rameez Pirzada,Mahir Tanvir,Pending,Due,Clear,Paid,9500000.0
11958,Hanif Naqvi,DEMO-KPT-11958,House No. BB-638,Street 23,Gulshan-e-Iqbal,1,3,Apartment,Hanif Naqvi,Rubina Gill,Verified,Due,Under Review,Paid,8100000.0
15930,Salahuddin Shafiq,DEMO-KPT-15930,House No. BDC-401,Street 25,Gulshan-e-Iqbal,1,3,Apartment,Salahuddin Shafiq,Noman Abro,Pending,Due,Issue Found,Paid,8500000.0
12137,Lamia Mehmood,DEMO-KPT-12137,House No. RD-710,Street 28,Gulshan-e-Iqbal,1,3,Apartment,Lamia Mehmood,Sidrah Hanif,Pending,Paid,Under Review,Due,8800000.0
1007,Alina Tariq,DEMO-KPT-1007,House No. A-517,Street 30,Gulshan-e-Iqbal,1,3,Apartment,Alina Tariq,Alina Khan,Verified,Paid,Issue Found,Due,9200000.0
1012,Muhammad Siddiqui,DEMO-KPT-1012,House No. A-391,Street 30,Gulshan-e-Iqbal,1,3,Apartment,Muhammad Siddiqui,Talha Shah,Verified,Due,Issue Found,Due,8400000.0
5108,Afreen Randhawa,DEMO-KPT-5108,House No. RD-561,Street 30,Gulshan-e-Iqbal,1,3,Apartment,Afreen Randhawa,Ruqayya Shafiq,Litigated,Due,Under Review,Due,9900000.0
1559,Zia Riaz,DEMO-KPT-1559,House No. D-610,Street 1,Gulshan-e-Iqbal,2,3,Apartment,Zia Riaz,Misbah Mahesar,Litigated,Paid,Clear,Paid,9900000.0
12253,Sabeen Ansari,DEMO-KPT-12253,House No. CC-313,Street 1,Gulshan-e-Iqbal,2,3,Apartment,Sabeen Ansari,Humayun Abro,Verified,Paid,Clear,Paid,9200000.0
1091,Ayesha Naeem,DEMO-KPT-1091,House No. A-429,Street 3,Gulshan-e-Iqbal,2,3,Apartment,Ayesha Naeem,Hassan Mirza,Pending,Paid,Under Review,Paid,8100000.0
12444,Aleena Tiwana,DEMO-KPT-12444,House No. CC-653,Street 3,Gulshan-e-Iqbal,2,3,Apartment,Aleena Tiwana,Muzammil Samo,Litigated,Paid,Issue Found,Paid,9200000.0
1072,Fatima Raza,DEMO-KPT-1072,House No. A-643,Street 5,Gulshan-e-Iqbal,2,3,Apartment,Fatima Raza,Ali Hussain,Litigated,Due,Clear,Due,9000000.0
5262,Alamgir Abbasi,DEMO-KPT-5262,House No. BB-445,Street 5,Gulshan-e-Iqbal,2,3,Apartment,Alamgir Abbasi,Sohail Sheikh,Pending,Paid,Under Review,Due,8700000.0
12460,Naeem Mohmand,DEMO-KPT-12460,House No. DD-524,Street 6,Gulshan-e-Iqbal,2,3,Apartment,Naeem Mohmand,Ibrahim Tanvir,Verified,Due,Issue Found,Due,8100000.0
8562,Mahrukh Gandapur,DEMO-KPT-8562,House No. RB-417,Street 8,Gulshan-e-Iqbal,2,3,Apartment,Mahrukh Gandapur,Rubab Ghaffar,Litigated,Due,Under Review,Due,9500000.0
15987,Dua Khosa,DEMO-KPT-15987,House No. DBR-340,Street 8,Gulshan-e-Iqbal,2,3,Apartment,Dua Khosa,Huma Imran,Pending,Paid,Issue Found,Due,8800000.0
12251,Usman Riaz,DEMO-KPT-12251,House No. BB-651,Street 9,Gulshan-e-Iqbal,2,3,Apartment,Usman Riaz,Marium Pirzada,Litigated,Paid,Issue Found,Due,9100000.0
8581,Younas Lashari,DEMO-KPT-8581,House No. CD-393,Street 19,Gulshan-e-Iqbal,2,3,Apartment,Younas Lashari,Saeeda Qazi,Verified,Due,Clear,Due,8000000.0
12441,Ghulam Ali,DEMO-KPT-12441,House No. DD-344,Street 20,Gulshan-e-Iqbal,2,3,Apartment,Ghulam Ali,Irtaza Zaidi,Litigated,Paid,Issue Found,Due,9000000.0
1093,Zain Naeem,DEMO-KPT-1093,House No. A-259,Street 23,Gulshan-e-Iqbal,2,3,Apartment,Zain Naeem,Fahad Qureshi,Pending,Due,Clear,Paid,8900000.0
5208,Sohaib Marri,DEMO-KPT-5208,House No. DR-560,Street 23,Gulshan-e-Iqbal,2,3,Apartment,Sohaib Marri,Jamil Sabri,Verified,Due,Under Review,Paid,8900000.0
16030,Sajjad Khan,DEMO-KPT-16030,House No. CBR-431,Street 25,Gulshan-e-Iqbal,2,3,Apartment,Sajjad Khan,Waleed Sindhi,Pending,Due,Under Review,Due,8800000.0
8615,Jahangir Parvez,DEMO-KPT-8615,House No. RB-459,Street 27,Gulshan-e-Iqbal,2,3,Apartment,Jahangir Parvez,Urooj Latif,Pending,Paid,Issue Found,Due,9500000.0
12529,Hira Nasar,DEMO-KPT-12529,House No. CC-610,Street 1,Gulshan-e-Iqbal,3,3,Apartment,Hira Nasar,Jalal Dawood,Pending,Due,Clear,Due,8300000.0
16123,Benazir Ahmed,DEMO-KPT-16123,House No. RCD-446,Street 3,Gulshan-e-Iqbal,3,3,Apartment,Benazir Ahmed,Umaima Zubairi,Pending,Due,Under Review,Due,8700000.0
1756,Wahab Sultan,DEMO-KPT-1756,House No. D-741,Street 9,Gulshan-e-Iqbal,3,3,Apartment,Wahab Sultan,Nudrat Niazi,Pending,Paid,Issue Found,Paid,8400000.0
5380,Urwa Khattak,DEMO-KPT-5380,House No. CC-646,Street 9,Gulshan-e-Iqbal,3,3,Apartment,Urwa Khattak,Qurat Tanvir,Verified,Due,Issue Found,Paid,8900000.0
16168,Umair Rajper,DEMO-KPT-16168,House No. BRD-523,Street 11,Gulshan-e-Iqbal,3,3,Apartment,Umair Rajper,Hidayat Tiwana,Pending,Paid,Issue Found,Paid,9400000.0
16166,Saqib Nawaz,DEMO-KPT-16166,House No. BCD-823,Street 13,Gulshan-e-Iqbal,3,3,Apartment,Saqib Nawaz,Nabeeha Wazir,Pending,Due,Clear,Due,9000000.0
1114,Hussain Iqbal,DEMO-KPT-1114,House No. A-818,Street 14,Gulshan-e-Iqbal,3,3,Apartment,Hussain Iqbal,Sara Siddiqui,Pending,Paid,Under Review,Due,8800000.0
8835,Waheed Sindhi,DEMO-KPT-8835,House No. RB-814,Street 16,Gulshan-e-Iqbal,3,3,Apartment,Waheed Sindhi,Ejaz Naseem,Verified,Due,Clear,Due,9300000.0
5306,Muneeba Pasha,DEMO-KPT-5306,House No. DR-326,Street 17,Gulshan-e-Iqbal,3,3,Apartment,Muneeba Pasha,Sahrish Mian,Pending,Paid,Under Review,Due,9900000.0
5341,Noman Sial,DEMO-KPT-5341,House No. RD-491,Street 22,Gulshan-e-Iqbal,3,3,Apartment,Noman Sial,Yasmeen Jaffri,Verified,Due,Clear,Paid,10000000.0
1153,Arsalan Raza,DEMO-KPT-1153,House No. A-391,Street 27,Gulshan-e-Iqbal,3,3,Apartment,Arsalan Raza,Hamza Qureshi,Litigated,Due,Clear,Paid,8200000.0
16076,Jazib Niazi,DEMO-KPT-16076,House No. RDB-503,Street 27,Gulshan-e-Iqbal,3,3,Apartment,Jazib Niazi,Zulekha Palijo,Verified,Due,Clear,Paid,8600000.0
2009,Dilawar Rizvi,DEMO-KPT-2009,House No. R-840,Street 1,Gulshan-e-Iqbal,4,3,Apartment,Dilawar Rizvi,Raheel Hashmi,Litigated,Paid,Clear,Paid,9400000.0
16294,Iram Panhwar,DEMO-KPT-16294,House No. CRD-428,Street 3,Gulshan-e-Iqbal,4,3,Apartment,Iram Panhwar,Hassan Kharal,Pending,Paid,Clear,Due,8600000.0
8966,Moeen Mughal,DEMO-KPT-8966,House No. CR-691,Street 13,Gulshan-e-Iqbal,4,3,Apartment,Moeen Mughal,Saima Abro,Pending,Due,Clear,Due,9300000.0
1170,Zain Khan,DEMO-KPT-1170,House No. A-91,Street 15,Gulshan-e-Iqbal,4,3,Apartment,Zain Khan,Sadia Javed,Pending,Paid,Clear,Paid,9500000.0
1185,Kashif Aslam,DEMO-KPT-1185,House No. A-31,Street 16,Gulshan-e-Iqbal,4,3,Apartment,Kashif Aslam,Alina Siddiqui,Verified,Due,Clear,Due,9600000.0
2156,Samra Warraich,DEMO-KPT-2156,House No. B-409,Street 17,Gulshan-e-Iqbal,4,3,Apartment,Samra Warraich,Arisha Shinwari,Pending,Paid,Under Review,Due,9100000.0
9031,Isha Cheena,DEMO-KPT-9031,House No. BC-878,Street 19,Gulshan-e-Iqbal,4,3,Apartment,Isha Cheena,Ayaz Turk,Verified,Due,Clear,Due,8100000.0
5465,Qadir Kasi,DEMO-KPT-5465,House No. DC-681,Street 27,Gulshan-e-Iqbal,4,3,Apartment,Qadir Kasi,Farheen Khuhro,Pending,Paid,Issue Found,Due,9600000.0
8876,Amal Zahid,DEMO-KPT-8876,House No. DC-692,Street 27,Gulshan-e-Iqbal,4,3,Apartment,Amal Zahid,Tauseef Nadeem,Verified,Due,Clear,Paid,8500000.0
5507,Ramsha Jogezai,DEMO-KPT-5507,House No. BD-383,Street 30,Gulshan-e-Iqbal,4,3,Apartment,Ramsha Jogezai,Faizan Kasi,Verified,Paid,Issue Found,Due,8200000.0
1210,Bilal Iqbal,DEMO-KPT-1210,House No. A-115,Street 6,Gulshan-e-Iqbal,5,3,Apartment,Bilal Iqbal,Iqra Malik,Verified,Due,Issue Found,Due,8900000.0
5637,Safa Gondal,DEMO-KPT-5637,House No. DR-698,Street 8,Gulshan-e-Iqbal,5,3,Apartment,Safa Gondal,Naila Ilyas,Pending,Paid,Issue Found,Due,9600000.0
16449,Bareera Kalhoro,DEMO-KPT-16449,House No. DBR-549,Street 8,Gulshan-e-Iqbal,5,3,Apartment,Bareera Kalhoro,Ruqayya Waheed,Litigated,Paid,Under Review,Due,9200000.0
1235,Anaya Tariq,DEMO-KPT-1235,House No. A-380,Street 13,Gulshan-e-Iqbal,5,3,Apartment,Anaya Tariq,Ayesha Javed,Verified,Paid,Issue Found,Due,8400000.0
9121,Kinza Ghazali,DEMO-KPT-9121,House No. RD-501,Street 16,Gulshan-e-Iqbal,5,3,Apartment,Kinza Ghazali,Lubna Khattak,Verified,Paid,Issue Found,Paid,9600000.0
16368,Zara Lakhani,DEMO-KPT-16368,House No. RBD-443,Street 17,Gulshan-e-Iqbal,5,3,Apartment,Zara Lakhani,Batool Anwar,Litigated,Due,Under Review,Due,9800000.0
12891,Qurat Laghari,DEMO-KPT-12891,House No. DC-317,Street 20,Gulshan-e-Iqbal,5,3,Apartment,Qurat Laghari,Dua Mustafa,Litigated,Paid,Issue Found,Due,8000000.0
1214,Anaya Ali,DEMO-KPT-1214,House No. A-168,Street 21,Gulshan-e-Iqbal,5,3,Apartment,Anaya Ali,Hassan Butt,Pending,Paid,Issue Found,Paid,8500000.0
16393,Nasrullah Bhat,DEMO-KPT-16393,House No. CBD-803,Street 23,Gulshan-e-Iqbal,5,3,Apartment,Nasrullah Bhat,Ayaz Bhurgri,Pending,Due,Clear,Paid,8600000.0
2326,Kinza Mirza,DEMO-KPT-2326,House No. R-320,Street 29,Gulshan-e-Iqbal,5,3,Apartment,Kinza Mirza,Taimur Qadri,Pending,Paid,Issue Found,Due,8600000.0
13025,Sajid Buriro,DEMO-KPT-13025,House No. CD-397,Street 9,Gulshan-e-Iqbal,6,3,Apartment,Sajid Buriro,Haris Shafi,Pending,Due,Clear,Due,8100000.0
16572,Tanveer Soomro,DEMO-KPT-16572,House No. DBR-826,Street 11,Gulshan-e-Iqbal,6,3,Apartment,Tanveer Soomro,Rameez Farooqi,Pending,Due,Under Review,Due,8700000.0
16530,Mirha Tiwana,DEMO-KPT-16530,House No. RBC-511,Street 16,Gulshan-e-Iqbal,6,3,Apartment,Mirha Tiwana,Luqmaan Warraich,Verified,Due,Clear,Paid,8100000.0
12956,Iram Bhatti,DEMO-KPT-12956,House No. RC-873,Street 17,Gulshan-e-Iqbal,6,3,Apartment,Iram Bhatti,Mateen Mahsud,Pending,Paid,Under Review,Due,9400000.0
1296,Imran Butt,DEMO-KPT-1296,House No. A-502,Street 21,Gulshan-e-Iqbal,6,3,Apartment,Imran Butt,Hussain Javed,Verified,Paid,Clear,Due,8100000.0
1291,Zara Malik,DEMO-KPT-1291,House No. A-174,Street 22,Gulshan-e-Iqbal,6,3,Apartment,Zara Malik,Nimra Siddiqui,Verified,Due,Clear,Paid,9100000.0
9258,Tahira Pasha,DEMO-KPT-9258,House No. DB-732,Street 23,Gulshan-e-Iqbal,6,3,Apartment,Tahira Pasha,Rafia Achakzai,Verified,Due,Under Review,Paid,8600000.0
16526,Saira Jafri,DEMO-KPT-16526,House No. RDB-590,Street 27,Gulshan-e-Iqbal,6,3,Apartment,Saira Jafri,Areeba Abro,Verified,Due,Clear,Paid,8800000.0
5944,Shahzad Dawood,DEMO-KPT-5944,House No. RB-504,Street 3,Gulshan-e-Iqbal,7,3,Apartment,Shahzad Dawood,Kanwar Hashmi,Pending,Paid,Clear,Due,9100000.0
9544,Alizeh Sardar,DEMO-KPT-9544,House No. RD-531,Street 3,Gulshan-e-Iqbal,7,3,Apartment,Alizeh Sardar,Vaqar Hayat,Pending,Paid,Clear,Due,9400000.0
5887,Numan Zafar,DEMO-KPT-5887,House No. RC-857,Street 4,Gulshan-e-Iqbal,7,3,Apartment,Numan Zafar,Asifa Dawood,Litigated,Due,Under Review,Due,9600000.0
16687,Imad Bijarani,DEMO-KPT-16687,House No. RDC-373,Street 4,Gulshan-e-Iqbal,7,3,Apartment,Imad Bijarani,Inaya Joiya,Litigated,Due,Under Review,Due,9200000.0
16653,Farah Shah,DEMO-KPT-16653,House No. DBC-315,Street 5,Gulshan-e-Iqbal,7,3,Apartment,Farah Shah,Shees Kazmi,Pending,Paid,Issue Found,Due,10000000.0
1380,Hira Raza,DEMO-KPT-1380,House No. A-432,Street 8,Gulshan-e-Iqbal,7,3,Apartment,Hira Raza,Ayesha Butt,Litigated,Due,Issue Found,Due,8300000.0
13062,Raheela Lakhani,DEMO-KPT-13062,House No. RC-772,Street 8,Gulshan-e-Iqbal,7,3,Apartment,Raheela Lakhani,Nashra Bashir,Litigated,Due,Under Review,Due,8000000.0
2801,Benazir Wattoo,DEMO-KPT-2801,House No. R-304,Street 9,Gulshan-e-Iqbal,7,3,Apartment,Benazir Wattoo,Noreen Noor,Litigated,Paid,Issue Found,Due,8700000.0
13069,Waleed Khan,DEMO-KPT-13069,House No. CB-577,Street 14,Gulshan-e-Iqbal,7,3,Apartment,Waleed Khan,Rashida Bajwa,Litigated,Due,Clear,Paid,9100000.0
16694,Samra Farooqi,DEMO-KPT-16694,House No. RCD-702,Street 15,Gulshan-e-Iqbal,7,3,Apartment,Samra Farooqi,Kanwar Zubair,Verified,Paid,Under Review,Due,9500000.0
2641,Naila Hinjra,DEMO-KPT-2641,House No. R-844,Street 22,Gulshan-e-Iqbal,7,3,Apartment,Naila Hinjra,Zainab Kharal,Verified,Due,Clear,Paid,9900000.0
13197,Sehrish Pasha,DEMO-KPT-13197,House No. RD-571,Street 27,Gulshan-e-Iqbal,7,3,Apartment,Sehrish Pasha,Hina Mohammadzai,Pending,Due,Clear,Due,9400000.0
16637,Sajida Afridi,DEMO-KPT-16637,House No. BDC-487,Street 28,Gulshan-e-Iqbal,7,3,Apartment,Sajida Afridi,Sabika Dayo,Pending,Paid,Under Review,Due,8500000.0
9557,Sumaira Ansari,DEMO-KPT-9557,House No. CC-634,Street 30,Gulshan-e-Iqbal,7,3,Apartment,Sumaira Ansari,Shazia Waheed,Verified,Paid,Issue Found,Due,9500000.0
6099,Mahwish Lak,DEMO-KPT-6099,House No. RR-824,Street 8,Gulshan-e-Iqbal,8,3,Apartment,Mahwish Lak,Nouman Hameed,Litigated,Paid,Under Review,Due,9800000.0
6123,Haziq Unar,DEMO-KPT-6123,House No. RC-719,Street 11,Gulshan-e-Iqbal,8,3,Apartment,Haziq Unar,Shabana Mughal,Verified,Paid,Under Review,Due,9700000.0
13323,Shahroz Mustafa,DEMO-KPT-13323,House No. CD-442,Street 11,Gulshan-e-Iqbal,8,3,Apartment,Shahroz Mustafa,Zulekha Mohmand,Verified,Paid,Under Review,Due,9100000.0
13519,Dania Warsi,DEMO-KPT-13519,House No. RCB-313,Street 14,Gulshan-e-Iqbal,8,3,Apartment,Dania Warsi,Bahadur Palijo,Litigated,Due,Clear,Paid,9100000.0
9681,Naureen Awan,DEMO-KPT-9681,House No. RB-522,Street 18,Gulshan-e-Iqbal,8,3,Apartment,Naureen Awan,Ghazala Lakhani,Verified,Paid,Clear,Paid,8500000.0
16843,Kaneez Wazir,DEMO-KPT-16843,House No. RCB-629,Street 23,Gulshan-e-Iqbal,8,3,Apartment,Kaneez Wazir,Nouman Dogar,Pending,Due,Clear,Paid,8800000.0
9685,Zulfiqar Rehman,DEMO-KPT-9685,House No. CD-680,Street 24,Gulshan-e-Iqbal,8,3,Apartment,Zulfiqar Rehman,Aun Afridi,Litigated,Paid,Issue Found,Paid,8200000.0
9722,Jannat Imran,DEMO-KPT-9722,House No. CC-636,Street 26,Gulshan-e-Iqbal,8,3,Apartment,Jannat Imran,Mateen Junejo,Pending,Due,Under Review,Paid,8900000.0
9766,Asifa Mahesar,DEMO-KPT-9766,House No. DB-800,Street 26,Gulshan-e-Iqbal,8,3,Apartment,Asifa Mahesar,Gohar Samo,Pending,Paid,Clear,Due,8000000.0
13325,Wali Malik,DEMO-KPT-13325,House No. BD-439,Street 29,Gulshan-e-Iqbal,8,3,Apartment,Wali Malik,Bashir Laghari,Litigated,Paid,Under Review,Paid,9200000.0
16726,Hassan Zaman,DEMO-KPT-16726,House No. RBD-871,Street 29,Gulshan-e-Iqbal,8,3,Apartment,Hassan Zaman,Humaira Ghumman,Pending,Paid,Issue Found,Due,8100000.0
6008,Zaynab Yaqoob,DEMO-KPT-6008,House No. DD-428,Street 30,Gulshan-e-Iqbal,8,3,Apartment,Zaynab Yaqoob,Nabeeha Rajper,Litigated,Due,Under Review,Due,8500000.0
13402,Sahrish Farooq,DEMO-KPT-13402,House No. RC-671,Street 30,Gulshan-e-Iqbal,8,3,Apartment,Sahrish Farooq,Khadija Nasar,Verified,Paid,Under Review,Due,9800000.0
13756,Haroon Siddiqui,DEMO-KPT-13756,House No. DRB-872,Street 4,Gulshan-e-Iqbal,9,3,Apartment,Haroon Siddiqui,Syeda Bhittani,Litigated,Due,Clear,Due,8600000.0
3153,Mukhtar Saleem,DEMO-KPT-3153,House No. B-826,Street 5,Gulshan-e-Iqbal,9,3,Apartment,Mukhtar Saleem,Idrees Dawood,Pending,Paid,Issue Found,Due,8700000.0
3166,Athar Orakzai,DEMO-KPT-3166,House No. B-301,Street 5,Gulshan-e-Iqbal,9,3,Apartment,Athar Orakzai,Anam Mohmand,Pending,Paid,Issue Found,Paid,10000000.0
13613,Noaman Lone,DEMO-KPT-13613,House No. BRD-549,Street 10,Gulshan-e-Iqbal,9,3,Apartment,Noaman Lone,Sultan Ghauri,Litigated,Due,Clear,Paid,8700000.0
6221,Yusuf Ghazali,DEMO-KPT-6221,House No. BB-718,Street 17,Gulshan-e-Iqbal,9,3,Apartment,Yusuf Ghazali,Mazhar Dreshak,Pending,Due,Clear,Paid,8600000.0
3061,Zain Akhtar,DEMO-KPT-3061,House No. D-886,Street 26,Gulshan-e-Iqbal,9,3,Apartment,Zain Akhtar,Abdullah Kalhoro,Verified,Paid,Clear,Paid,8800000.0
6176,Tabish Sabri,DEMO-KPT-6176,House No. DD-767,Street 27,Gulshan-e-Iqbal,9,3,Apartment,Tabish Sabri,Umair Kidwai,Verified,Due,Clear,Paid,10000000.0
3052,Alamgir Tareen,DEMO-KPT-3052,House No. C-523,Street 30,Gulshan-e-Iqbal,9,3,Apartment,Alamgir Tareen,Ilyas Iqbal,Verified,Paid,Under Review,Due,9300000.0
6202,Zarmeen Shafi,DEMO-KPT-6202,House No. RD-353,Street 30,Gulshan-e-Iqbal,9,3,Apartment,Zarmeen Shafi,Sania Ranjha,Verified,Paid,Under Review,Due,9600000.0
6337,Mohsin Wazir,DEMO-KPT-6337,House No. DR-439,Street 4,Gulshan-e-Iqbal,10,3,Apartment,Mohsin Wazir,Urooj Niazi,Litigated,Due,Under Review,Due,8000000.0
9915,Armaghan Rizvi,DEMO-KPT-9915,House No. RC-837,Street 4,Gulshan-e-Iqbal,10,3,Apartment,Armaghan Rizvi,Aneela Imran,Pending,Paid,Under Review,Due,8000000.0
9912,Hanif Pasha,DEMO-KPT-9912,House No. BB-434,Street 8,Gulshan-e-Iqbal,10,3,Apartment,Hanif Pasha,Ayaz Saif,Litigated,Due,Under Review,Due,9500000.0
3206,Rafay Unar,DEMO-KPT-3206,House No. D-768,Street 9,Gulshan-e-Iqbal,10,3,Apartment,Rafay Unar,Rashid Rashid,Verified,Due,Under Review,Paid,8400000.0
13906,Sahar Awan,DEMO-KPT-13906,House No. BDC-706,Street 9,Gulshan-e-Iqbal,10,3,Apartment,Sahar Awan,Khadija Mengal,Pending,Paid,Issue Found,Paid,10000000.0
3181,Shamoon Mirani,DEMO-KPT-3181,House No. R-596,Street 19,Gulshan-e-Iqbal,10,3,Apartment,Shamoon Mirani,Jawad Shafiq,Verified,Due,Clear,Due,8500000.0
10047,Shafay Hanif,DEMO-KPT-10047,House No. RR-307,Street 27,Gulshan-e-Iqbal,10,3,Apartment,Shafay Hanif,Subhan Samo,Pending,Due,Clear,Due,9900000.0
3218,Wajiha Tarar,DEMO-KPT-3218,House No. D-514,Street 29,Gulshan-e-Iqbal,10,3,Apartment,Wajiha Tarar,Zohair Khan,Verified,Due,Issue Found,Due,8000000.0
6407,Iqbal Alvi,DEMO-KPT-6407,House No. DR-578,Street 30,Gulshan-e-Iqbal,10,3,Apartment,Iqbal Alvi,Sameer Panhwar,Verified,Paid,Issue Found,Due,8700000.0
3329,Asra Ghumman,DEMO-KPT-3329,House No. C-664,Street 3,Gulshan-e-Iqbal,11,3,Apartment,Asra Ghumman,Talha Magsi,Litigated,Paid,Issue Found,Due,8800000.0
6491,Manahil Zaidi,DEMO-KPT-6491,House No. DD-319,Street 3,Gulshan-e-Iqbal,11,3,Apartment,Manahil Zaidi,Shafaq Swati,Pending,Paid,Under Review,Paid,9900000.0
10330,Sabahat Tariq,DEMO-KPT-10330,House No. BR-545,Street 9,Gulshan-e-Iqbal,11,3,Apartment,Sabahat Tariq,Ambreen Naseem,Verified,Due,Issue Found,Paid,8900000.0
3306,Tehmina Orakzai,DEMO-KPT-3306,House No. B-338,Street 17,Gulshan-e-Iqbal,11,3,Apartment,Tehmina Orakzai,Ahsan Dawood,Verified,Due,Issue Found,Due,10000000.0
6686,Faiza Kalhoro,DEMO-KPT-6686,House No. RR-418,Street 18,Gulshan-e-Iqbal,11,3,Apartment,Faiza Kalhoro,Abbas Mir,Verified,Paid,Issue Found,Due,8800000.0
10135,Anila Bhittani,DEMO-KPT-10135,House No. BR-453,Street 24,Gulshan-e-Iqbal,11,3,Apartment,Anila Bhittani,Mahrukh Rana,Litigated,Paid,Issue Found,Paid,9300000.0
6483,Kausar Sahito,DEMO-KPT-6483,House No. BB-804,Street 26,Gulshan-e-Iqbal,11,3,Apartment,Kausar Sahito,Asim Mazari,Pending,Paid,Issue Found,Due,9200000.0
10216,Shifa Gakhar,DEMO-KPT-10216,House No. DR-831,Street 26,Gulshan-e-Iqbal,11,3,Apartment,Shifa Gakhar,Sajida Hashmi,Pending,Paid,Clear,Due,9100000.0
3276,Kabir Mahsud,DEMO-KPT-3276,House No. R-467,Street 27,Gulshan-e-Iqbal,11,3,Apartment,Kabir Mahsud,Awais Popalzai,Pending,Paid,Issue Found,Paid,9400000.0
3403,Sarmad Panezai,DEMO-KPT-3403,House No. C-561,Street 27,Gulshan-e-Iqbal,11,3,Apartment,Sarmad Panezai,Jannat Sindhi,Litigated,Due,Clear,Paid,8800000.0
6669,Basit Shakeel,DEMO-KPT-6669,House No. CR-453,Street 28,Gulshan-e-Iqbal,11,3,Apartment,Basit Shakeel,Laraib Mir,Litigated,Paid,Issue Found,Due,8600000.0
10337,Noor Kalhoro,DEMO-KPT-10337,House No. RB-521,Street 28,Gulshan-e-Iqbal,11,3,Apartment,Noor Kalhoro,Nihal Virk,Pending,Paid,Under Review,Due,9400000.0
10365,Fozia Parvez,DEMO-KPT-10365,House No. RD-485,Street 4,Gulshan-e-Iqbal,12,3,Apartment,Fozia Parvez,Liaquat Buriro,Pending,Paid,Under Review,Due,8900000.0
14415,Wasim Rind,DEMO-KPT-14415,House No. BCR-780,Street 4,Gulshan-e-Iqbal,12,3,Apartment,Wasim Rind,Imad Hanif,Pending,Paid,Under Review,Due,9600000.0
10434,Kinza Rehman,DEMO-KPT-10434,House No. RR-898,Street 7,Gulshan-e-Iqbal,12,3,Apartment,Kinza Rehman,Fahad Yaqoob,Pending,Paid,Clear,Paid,9900000.0
6780,Sitara Lak,DEMO-KPT-6780,House No. BB-732,Street 8,Gulshan-e-Iqbal,12,3,Apartment,Sitara Lak,Qudrat Siddiqui,Litigated,Due,Issue Found,Due,9200000.0
10362,Ghazala Zaidi,DEMO-KPT-10362,House No. BR-549,Street 8,Gulshan-e-Iqbal,12,3,Apartment,Ghazala Zaidi,Bilal Kayani,Litigated,Due,Under Review,Due,9800000.0
10380,Javed Sipra,DEMO-KPT-10380,House No. RD-887,Street 8,Gulshan-e-Iqbal,12,3,Apartment,Javed Sipra,Maira Shaikh,Litigated,Due,Issue Found,Due,8300000.0
3522,Anam Achakzai,DEMO-KPT-3522,House No. R-429,Street 11,Gulshan-e-Iqbal,12,3,Apartment,Anam Achakzai,Farooq Naqvi,Pending,Due,Under Review,Due,8000000.0
14366,Adil Marri,DEMO-KPT-14366,House No. CBD-561,Street 13,Gulshan-e-Iqbal,12,3,Apartment,Adil Marri,Manahil Tariq,Pending,Due,Clear,Due,9600000.0
14321,Zain Chaudhry,DEMO-KPT-14321,House No. RBD-663,Street 17,Gulshan-e-Iqbal,12,3,Apartment,Zain Chaudhry,Mohsin Junejo,Pending,Due,Clear,Paid,9100000.0
14400,Bareera Mari,DEMO-KPT-14400,House No. BDC-450,Street 19,Gulshan-e-Iqbal,12,3,Apartment,Bareera Mari,Ubaid Zardari,Verified,Due,Under Review,Due,9700000.0
14222,Haziq Dawood,DEMO-KPT-14222,House No. BCD-656,Street 26,Gulshan-e-Iqbal,12,3,Apartment,Haziq Dawood,Mohsin Nawaz,Pending,Due,Under Review,Paid,10000000.0
10419,Bahadur Janjua,DEMO-KPT-10419,House No. CD-499,Street 27,Gulshan-e-Iqbal,12,3,Apartment,Bahadur Janjua,Mahwish Sabri,Litigated,Due,Under Review,Paid,9900000.0
6862,Feryal Sindhi,DEMO-KPT-6862,House No. CB-849,Street 30,Gulshan-e-Iqbal,12,3,Apartment,Feryal Sindhi,Maham Lashari,Verified,Due,Issue Found,Due,9900000.0
3703,Zulekha Khalid,DEMO-KPT-3703,House No. B-373,Street 1,Gulshan-e-Iqbal,13,3,Apartment,Zulekha Khalid,Babar Korai,Verified,Paid,Clear,Paid,8900000.0
14503,Salahuddin Umer,DEMO-KPT-14503,House No. DRC-738,Street 1,Gulshan-e-Iqbal,13,3,Apartment,Salahuddin Umer,Hidayat Mari,Verified,Paid,Clear,Paid,8900000.0
3701,Nageen Wani,DEMO-KPT-3701,House No. B-632,Street 9,Gulshan-e-Iqbal,13,3,Apartment,Nageen Wani,Murtaza Mohmand,Litigated,Paid,Issue Found,Due,8300000.0
10525,Kausar Sadiq,DEMO-KPT-10525,House No. CR-800,Street 12,Gulshan-e-Iqbal,13,3,Apartment,Kausar Sadiq,Usman Haral,Pending,Paid,Under Review,Paid,9500000.0
14535,Numan Bangash,DEMO-KPT-14535,House No. RBD-728,Street 26,Gulshan-e-Iqbal,13,3,Apartment,Numan Bangash,Erum Leghari,Verified,Paid,Clear,Paid,8200000.0
10476,Nida Dawood,DEMO-KPT-10476,House No. BC-512,Street 27,Gulshan-e-Iqbal,13,3,Apartment,Nida Dawood,Irtaza Ghazali,Pending,Paid,Issue Found,Paid,9000000.0
14526,Firdous Shakir,DEMO-KPT-14526,House No. RDB-329,Street 27,Gulshan-e-Iqbal,13,3,Apartment,Firdous Shakir,Sadaqat Unar,Pending,Paid,Issue Found,Paid,8800000.0
10457,Shabana Shafi,DEMO-KPT-10457,House No. RR-806,Street 30,Gulshan-e-Iqbal,13,3,Apartment,Shabana Shafi,Nighat Joiya,Verified,Paid,Issue Found,Due,10000000.0
10894,Aneela Nawaz,DEMO-KPT-10894,House No. DC-516,Street 3,Gulshan-e-Iqbal,14,3,Apartment,Aneela Nawaz,Waqas Afridi,Pending,Paid,Clear,Due,9000000.0
10616,Zohra Sheikh,DEMO-KPT-10616,House No. RR-540,Street 5,Gulshan-e-Iqbal,14,3,Apartment,Zohra Sheikh,Shahab Yousaf,Litigated,Paid,Under Review,Paid,8800000.0
10816,Sania Samo,DEMO-KPT-10816,House No. BC-314,Street 5,Gulshan-e-Iqbal,14,3,Apartment,Sania Samo,Asra Bhurgri,Pending,Paid,Issue Found,Paid,8800000.0
7212,Suleman Warsi,DEMO-KPT-7212,House No. CB-896,Street 8,Gulshan-e-Iqbal,14,3,Apartment,Suleman Warsi,Tabassum Kalhoro,Litigated,Due,Under Review,Due,10000000.0
7175,Hania Rind,DEMO-KPT-7175,House No. DB-652,Street 9,Gulshan-e-Iqbal,14,3,Apartment,Hania Rind,Sarah Marwat,Pending,Due,Clear,Due,10000000.0
3902,Dania Palijo,DEMO-KPT-3902,House No. CB-884,Street 11,Gulshan-e-Iqbal,14,3,Apartment,Dania Palijo,Nihal Bhutto,Litigated,Due,Under Review,Due,8900000.0
10782,Zeeshan Farooqi,DEMO-KPT-10782,House No. BC-355,Street 14,Gulshan-e-Iqbal,14,3,Apartment,Zeeshan Farooqi,Sadaf Iqbal,Verified,Due,Issue Found,Due,8600000.0
3756,Imtiaz Mustafa,DEMO-KPT-3756,House No. C-525,Street 17,Gulshan-e-Iqbal,14,3,Apartment,Imtiaz Mustafa,Ayeza Turk,Verified,Due,Issue Found,Due,8400000.0
10721,Parvez Gandapur,DEMO-KPT-10721,House No. DR-751,Street 17,Gulshan-e-Iqbal,14,3,Apartment,Parvez Gandapur,Laila Akhtar,Pending,Due,Clear,Paid,9600000.0
3891,Rameez Bashir,DEMO-KPT-3891,House No. BD-448,Street 20,Gulshan-e-Iqbal,14,3,Apartment,Rameez Bashir,Shaheen Afridi,Litigated,Paid,Issue Found,Due,8700000.0
10608,Armaghan Gilani,DEMO-KPT-10608,House No. RB-362,Street 23,Gulshan-e-Iqbal,14,3,Apartment,Armaghan Gilani,Kinza Naqvi,Verified,Due,Under Review,Paid,8100000.0
14593,Najma Kalhoro,DEMO-KPT-14593,House No. CDB-891,Street 23,Gulshan-e-Iqbal,14,3,Apartment,Najma Kalhoro,Nadia Latif,Pending,Due,Clear,Paid,9900000.0
7111,Furqan Zahid,DEMO-KPT-7111,House No. BR-863,Street 26,Gulshan-e-Iqbal,14,3,Apartment,Furqan Zahid,Humayun Bhat,Verified,Paid,Clear,Paid,9200000.0
14583,Tabassum Kamal,DEMO-KPT-14583,House No. DRB-887,Street 26,Gulshan-e-Iqbal,14,3,Apartment,Tabassum Kamal,Fabiha Wani,Pending,Paid,Issue Found,Due,9000000.0
10625,Uzma Jamali,DEMO-KPT-10625,House No. BD-477,Street 29,Gulshan-e-Iqbal,14,3,Apartment,Uzma Jamali,Ramsha Mirani,Litigated,Paid,Under Review,Paid,8400000.0
7102,Ayan Rajput,DEMO-KPT-7102,House No. CR-866,Street 30,Gulshan-e-Iqbal,14,3,Apartment,Ayan Rajput,Farheen Bajwa,Verified,Paid,Under Review,Due,8000000.0
7409,Ammar Toor,DEMO-KPT-7409,House No. DC-355,Street 1,Gulshan-e-Iqbal,15,3,Apartment,Ammar Toor,Nabeel Khokhar,Litigated,Paid,Clear,Paid,10000000.0
10979,Imran Yaqoob,DEMO-KPT-10979,House No. DB-430,Street 3,Gulshan-e-Iqbal,15,3,Apartment,Imran Yaqoob,Fauzia Tariq,Litigated,Paid,Issue Found,Due,9500000.0
4065,Shayan Tariq,DEMO-KPT-4065,House No. CB-671,Street 4,Gulshan-e-Iqbal,15,3,Apartment,Shayan Tariq,Samad Jadoon,Pending,Paid,Under Review,Due,8900000.0
14848,Rubab Gakhar,DEMO-KPT-14848,House No. RBD-759,Street 6,Gulshan-e-Iqbal,15,3,Apartment,Rubab Gakhar,Ahtisham Aslam,Litigated,Paid,Under Review,Paid,8800000.0
14880,Nashra Wani,DEMO-KPT-14880,House No. BRD-649,Street 8,Gulshan-e-Iqbal,15,3,Apartment,Nashra Wani,Rafay Bukhari,Litigated,Due,Issue Found,Due,9300000.0
4018,Khalid Mehmood,DEMO-KPT-4018,House No. BR-373,Street 11,Gulshan-e-Iqbal,15,3,Apartment,Khalid Mehmood,Rafia Khuhro,Pending,Paid,Issue Found,Paid,9200000.0
11073,Haziq Yaqoob,DEMO-KPT-11073,House No. RD-736,Street 11,Gulshan-e-Iqbal,15,3,Apartment,Haziq Yaqoob,Mubeen Mughal,Verified,Paid,Under Review,Due,9200000.0
7397,Numan Khalid,DEMO-KPT-7397,House No. DC-437,Street 16,Gulshan-e-Iqbal,15,3,Apartment,Numan Khalid,Tamkeen Gabol,Pending,Paid,Under Review,Paid,8100000.0
10969,Firdous Tunio,DEMO-KPT-10969,House No. CD-794,Street 19,Gulshan-e-Iqbal,15,3,Apartment,Firdous Tunio,Nailah Unar,Pending,Due,Clear,Due,9800000.0
7393,Mahnaz Khattak,DEMO-KPT-7393,House No. CB-620,Street 23,Gulshan-e-Iqbal,15,3,Apartment,Mahnaz Khattak,Momina Sultan,Pending,Due,Clear,Paid,9800000.0
4299,Yasmeen Tarar,DEMO-KPT-4299,House No. BC-473,Street 8,Gulshan-e-Iqbal,16,3,Apartment,Yasmeen Tarar,Hadi Peerzada,Litigated,Paid,Under Review,Due,8600000.0
7477,Kainat Yazdani,DEMO-KPT-7477,House No. CB-334,Street 9,Gulshan-e-Iqbal,16,3,Apartment,Kainat Yazdani,Zahid Farooq,Pending,Paid,Under Review,Due,9000000.0
7530,Sahar Rafique,DEMO-KPT-7530,House No. DB-521,Street 16,Gulshan-e-Iqbal,16,3,Apartment,Sahar Rafique,Hasnain Bugti,Verified,Due,Clear,Paid,8700000.0
4218,Kinza Tarar,DEMO-KPT-4218,House No. BC-829,Street 17,Gulshan-e-Iqbal,16,3,Apartment,Kinza Tarar,Sarfraz Cheena,Litigated,Due,Under Review,Due,9700000.0
14923,Luqman Jogezai,DEMO-KPT-14923,House No. RBD-597,Street 20,Gulshan-e-Iqbal,16,3,Apartment,Luqman Jogezai,Affan Hinjra,Pending,Due,Under Review,Due,10000000.0
4285,Ihtisham Tanvir,DEMO-KPT-4285,House No. RR-876,Street 24,Gulshan-e-Iqbal,16,3,Apartment,Ihtisham Tanvir,Rohail Haral,Litigated,Paid,Issue Found,Paid,9500000.0
7453,Qayyum Ghani,DEMO-KPT-7453,House No. DR-380,Street 27,Gulshan-e-Iqbal,16,3,Apartment,Qayyum Ghani,Unaiza Khattak,Litigated,Due,Clear,Paid,9100000.0
4423,Hamid Sultan,DEMO-KPT-4423,House No. BC-352,Street 3,Gulshan-e-Iqbal,17,3,Apartment,Hamid Sultan,Sahrish Barakzai,Pending,Due,Under Review,Due,9600000.0
7630,Shaheer Ghauri,DEMO-KPT-7630,House No. DD-726,Street 9,Gulshan-e-Iqbal,17,3,Apartment,Shaheer Ghauri,Alamgir Orakzai,Verified,Due,Issue Found,Paid,8900000.0
15293,Yasmeen Junejo,DEMO-KPT-15293,House No. BCR-587,Street 10,Gulshan-e-Iqbal,17,3,Apartment,Yasmeen Junejo,Sarah Afridi,Litigated,Paid,Issue Found,Paid,8500000.0
4519,Tahir Aslam,DEMO-KPT-4519,House No. DD-480,Street 14,Gulshan-e-Iqbal,17,3,Apartment,Tahir Aslam,Fahim Rajput,Litigated,Due,Clear,Paid,9700000.0
7632,Amara Bugti,DEMO-KPT-7632,House No. CB-495,Street 14,Gulshan-e-Iqbal,17,3,Apartment,Amara Bugti,Akbar Mustafa,Verified,Due,Issue Found,Due,8500000.0
7669,Mahrukh Afridi,DEMO-KPT-7669,House No. BR-569,Street 14,Gulshan-e-Iqbal,17,3,Apartment,Mahrukh Afridi,Sidrah Dogar,Litigated,Due,Clear,Paid,8900000.0
15130,Tahira Lashari,DEMO-KPT-15130,House No. CDB-730,Street 25,Gulshan-e-Iqbal,17,3,Apartment,Tahira Lashari,Shan Hafeez,Pending,Due,Under Review,Due,8300000.0
15092,Nayyar Hanif,DEMO-KPT-15092,House No. CRD-344,Street 26,Gulshan-e-Iqbal,17,3,Apartment,Nayyar Hanif,Mirza Unar,Verified,Due,Issue Found,Due,9500000.0
11326,Waseem Bijarani,DEMO-KPT-11326,House No. DB-375,Street 29,Gulshan-e-Iqbal,17,3,Apartment,Waseem Bijarani,Raees Dar,Pending,Paid,Issue Found,Due,8400000.0
15125,Wasim Zubairi,DEMO-KPT-15125,House No. CRB-440,Street 29,Gulshan-e-Iqbal,17,3,Apartment,Wasim Zubairi,Ayeza Dahri,Litigated,Paid,Under Review,Paid,8800000.0
11459,Farwa Pirzada,DEMO-KPT-11459,House No. DC-339,Street 1,Gulshan-e-Iqbal,18,3,Apartment,Farwa Pirzada,Arslan Jamali,Litigated,Paid,Clear,Paid,9700000.0
4679,Rukhsana Ali,DEMO-KPT-4679,House No. RD-603,Street 3,Gulshan-e-Iqbal,18,3,Apartment,Rukhsana Ali,Eman Rind,Litigated,Paid,Issue Found,Due,8500000.0
11544,Saher Malik,DEMO-KPT-11544,House No. DD-583,Street 3,Gulshan-e-Iqbal,18,3,Apartment,Saher Malik,Inam Rana,Litigated,Paid,Issue Found,Paid,9000000.0
11527,Haris Panezai,DEMO-KPT-11527,House No. BR-395,Street 9,Gulshan-e-Iqbal,18,3,Apartment,Haris Panezai,Nosheen Lari,Pending,Paid,Under Review,Due,10000000.0
15421,Urooj Rana,DEMO-KPT-15421,House No. BRD-642,Street 16,Gulshan-e-Iqbal,18,3,Apartment,Urooj Rana,Lina Wattoo,Verified,Paid,Issue Found,Paid,8200000.0
4656,Areeba Ghani,DEMO-KPT-4656,House No. CB-336,Street 17,Gulshan-e-Iqbal,18,3,Apartment,Areeba Ghani,Ikhlaq Mirani,Verified,Due,Issue Found,Due,8700000.0
7941,Aneela Rana,DEMO-KPT-7941,House No. CC-509,Street 20,Gulshan-e-Iqbal,18,3,Apartment,Aneela Rana,Azka Magsi,Litigated,Paid,Issue Found,Due,9100000.0
11503,Shamim Yaqoob,DEMO-KPT-11503,House No. RD-798,Street 27,Gulshan-e-Iqbal,18,3,Apartment,Shamim Yaqoob,Faiza Wazir,Litigated,Due,Clear,Paid,8700000.0
15369,Shahzad Gakhar,DEMO-KPT-15369,House No. DBR-803,Street 27,Gulshan-e-Iqbal,18,3,Apartment,Shahzad Gakhar,Zoya Bukhari,Litigated,Due,Under Review,Paid,8900000.0
15447,Adnan Tareen,DEMO-KPT-15447,House No. CRD-372,Street 27,Gulshan-e-Iqbal,18,3,Apartment,Adnan Tareen,Feryal Ranjha,Pending,Due,Clear,Due,9300000.0
7808,Minahil Shakir,DEMO-KPT-7808,House No. RB-318,Street 30,Gulshan-e-Iqbal,18,3,Apartment,Minahil Shakir,Habib Mughal,Litigated,Due,Under Review,Due,9000000.0
7994,Eman Rafique,DEMO-KPT-7994,House No. RC-680,Street 1,Gulshan-e-Iqbal,19,3,Apartment,Eman Rafique,Zaheer Mari,Verified,Paid,Issue Found,Due,9100000.0
8023,Affan Zafar,DEMO-KPT-8023,House No. RD-591,Street 3,Gulshan-e-Iqbal,19,3,Apartment,Affan Zafar,Fatima Saleem,Pending,Due,Under Review,Due,8800000.0
7962,Abubakar Wani,DEMO-KPT-7962,House No. DC-852,Street 5,Gulshan-e-Iqbal,19,3,Apartment,Abubakar Wani,Zaib Yazdani,Pending,Paid,Under Review,Due,9800000.0
8048,Arsalan Memon,DEMO-KPT-8048,House No. RD-845,Street 7,Gulshan-e-Iqbal,19,3,Apartment,Arsalan Memon,Raees Warraich,Litigated,Due,Clear,Paid,8900000.0
11656,Farhan Hussain,DEMO-KPT-11656,House No. BB-709,Street 9,Gulshan-e-Iqbal,19,3,Apartment,Farhan Hussain,Arif Naqvi,Pending,Paid,Issue Found,Paid,9400000.0
4697,Beenish Bilgrami,DEMO-KPT-4697,House No. BB-626,Street 16,Gulshan-e-Iqbal,19,3,Apartment,Beenish Bilgrami,Atif Sindhi,Pending,Paid,Under Review,Paid,8300000.0
15531,Tahir Shah,DEMO-KPT-15531,House No. RCB-322,Street 18,Gulshan-e-Iqbal,19,3,Apartment,Tahir Shah,Atiya Mansoor,Verified,Paid,Clear,Paid,9500000.0
11771,Javed Samo,DEMO-KPT-11771,House No. CR-386,Street 22,Gulshan-e-Iqbal,19,3,Apartment,Javed Samo,Erum Mian,Verified,Paid,Under Review,Paid,8100000.0
4780,Tanzeela Wazir,DEMO-KPT-4780,House No. CB-564,Street 25,Gulshan-e-Iqbal,19,3,Apartment,Tanzeela Wazir,Madiha Tarar,Pending,Due,Under Review,Due,10000000.0
15580,Zunaira Mengal,DEMO-KPT-15580,House No. CRB-805,Street 25,Gulshan-e-Iqbal,19,3,Apartment,Zunaira Mengal,Nuzhat Farooq,Pending,Due,Under Review,Due,9800000.0
7966,Zunair Shafiq,DEMO-KPT-7966,House No. BC-506,Street 26,Gulshan-e-Iqbal,19,3,Apartment,Zunair Shafiq,Ayesha Yasin,Pending,Paid,Clear,Due,9800000.0
7976,Sabrina Rafique,DEMO-KPT-7976,House No. CC-761,Street 27,Gulshan-e-Iqbal,19,3,Apartment,Sabrina Rafique,Amna Shah,Verified,Due,Clear,Paid,9900000.0
11769,Nadia Chattha,DEMO-KPT-11769,House No. CB-305,Street 27,Gulshan-e-Iqbal,19,3,Apartment,Nadia Chattha,Armaghan Chaudhry,Litigated,Due,Under Review,Paid,8200000.0
4775,Zaheer Rizvi,DEMO-KPT-4775,House No. DC-832,Street 29,Gulshan-e-Iqbal,19,3,Apartment,Zaheer Rizvi,Khawar Butt,Litigated,Paid,Under Review,Paid,9500000.0
4879,Hadi Zafar,DEMO-KPT-4879,House No. CC-557,Street 1,Gulshan-e-Iqbal,20,3,Apartment,Hadi Zafar,Kamal Jadoon,Pending,Due,Clear,Due,8600000.0
8115,Ishaq Tiwana,DEMO-KPT-8115,House No. RB-808,Street 4,Gulshan-e-Iqbal,20,3,Apartment,Ishaq Tiwana,Raheela Laghari,Pending,Paid,Under Review,Due,9600000.0
15643,Dawood Junejo,DEMO-KPT-15643,House No. BCR-804,Street 4,Gulshan-e-Iqbal,20,3,Apartment,Dawood Junejo,Sarah Mirza,Litigated,Paid,Under Review,Paid,8300000.0
4810,Nayyar Lashari,DEMO-KPT-4810,House No. DC-817,Street 6,Gulshan-e-Iqbal,20,3,Apartment,Nayyar Lashari,Aamir Nadeem,Verified,Due,Issue Found,Due,9200000.0
15686,Amal Nasar,DEMO-KPT-15686,House No. CBR-360,Street 18,Gulshan-e-Iqbal,20,3,Apartment,Amal Nasar,Ahtisham Ansari,Verified,Paid,Issue Found,Due,9600000.0
11835,Nimra Panezai,DEMO-KPT-11835,House No. BR-677,Street 26,Gulshan-e-Iqbal,20,3,Apartment,Nimra Panezai,Sumaira Kidwai,Verified,Paid,Clear,Paid,8900000.0
1003,Kashif Mirza,DEMO-KPT-1003,House No. A-567,Street 1,PECHS,1,3,Apartment,Kashif Mirza,Komal Sheikh,Verified,Paid,Clear,Paid,9400000.0
4429,Tayyab Lakhani,DEMO-KPT-4429,House No. RB-706,Street 1,PECHS,1,3,Apartment,Tayyab Lakhani,Nageen Mehmood,Pending,Due,Clear,Due,9500000.0
10559,Qudrat Nadeem,DEMO-KPT-10559,House No. RR-712,Street 1,PECHS,1,3,Apartment,Qudrat Nadeem,Zubair Ranjha,Litigated,Paid,Clear,Paid,8100000.0
13498,Palwasha Lak,DEMO-KPT-13498,House No. BCD-509,Street 6,PECHS,1,3,Apartment,Palwasha Lak,Yahya Jafri,Litigated,Paid,Under Review,Paid,8900000.0
4448,Arslan Parvez,DEMO-KPT-4448,House No. RR-801,Street 7,PECHS,1,3,Apartment,Arslan Parvez,Tabassum Aslam,Litigated,Due,Clear,Paid,10000000.0
1451,Fabiha Khattak,DEMO-KPT-1451,House No. A-249,Street 9,PECHS,1,3,Apartment,Fabiha Khattak,Yahya Yousafzai,Litigated,Paid,Issue Found,Due,8600000.0
13385,Shahzad Swati,DEMO-KPT-13385,House No. BD-890,Street 13,PECHS,1,3,Apartment,Shahzad Swati,Mirza Wazir,Verified,Paid,Issue Found,Due,9000000.0
1564,Shahzad Sial,DEMO-KPT-1564,House No. R-586,Street 14,PECHS,1,3,Apartment,Shahzad Sial,Fareeha Butt,Pending,Paid,Under Review,Due,9600000.0
4462,Akif Hayat,DEMO-KPT-4462,House No. BC-335,Street 15,PECHS,1,3,Apartment,Akif Hayat,Rimsha Nasar,Verified,Paid,Clear,Paid,8200000.0
4544,Mubeen Kharal,DEMO-KPT-4544,House No. DR-455,Street 15,PECHS,1,3,Apartment,Mubeen Kharal,Nihal Kiani,Verified,Paid,Under Review,Due,8300000.0
1518,Mukarram Virk,DEMO-KPT-1518,House No. C-884,Street 17,PECHS,1,3,Apartment,Mukarram Virk,Waqar Saleem,Litigated,Due,Under Review,Due,8500000.0
7561,Rameez Baig,DEMO-KPT-7561,House No. BC-609,Street 26,PECHS,1,3,Apartment,Rameez Baig,Amir Jamal,Verified,Paid,Clear,Paid,9700000.0
10666,Afshan Sardar,DEMO-KPT-10666,House No. BC-726,Street 26,PECHS,1,3,Apartment,Afshan Sardar,Balaj Bangash,Pending,Paid,Clear,Due,9700000.0
1497,Ruqayya Mustafa,DEMO-KPT-1497,House No. D-556,Street 27,PECHS,1,3,Apartment,Ruqayya Mustafa,Komal Kidwai,Pending,Due,Clear,Due,8000000.0
13376,Sabahat Ghazali,DEMO-KPT-13376,House No. DR-480,Street 27,PECHS,1,3,Apartment,Sabahat Ghazali,Fareed Abro,Verified,Due,Clear,Paid,10000000.0
10694,Anum Ali,DEMO-KPT-10694,House No. CB-790,Street 1,PECHS,2,3,Apartment,Anum Ali,Areeba Bajwa,Verified,Paid,Issue Found,Due,8200000.0
4594,Isha Bajwa,DEMO-KPT-4594,House No. CB-863,Street 3,PECHS,2,3,Apartment,Isha Bajwa,Tariq Lodhi,Pending,Paid,Clear,Due,8600000.0
10723,Nihal Ghazali,DEMO-KPT-10723,House No. CD-481,Street 3,PECHS,2,3,Apartment,Nihal Ghazali,Mina Bhat,Pending,Due,Under Review,Due,10000000.0
13594,Shafiq Yousafzai,DEMO-KPT-13594,House No. RDB-869,Street 3,PECHS,2,3,Apartment,Shafiq Yousafzai,Ashfaq Ilyas,Pending,Paid,Clear,Due,8600000.0
16573,Khansa Tahir,DEMO-KPT-16573,House No. CRD-500,Street 3,PECHS,2,3,Apartment,Khansa Tahir,Rabia Nadeem,Pending,Due,Under Review,Due,9300000.0
7680,Nigar Gilani,DEMO-KPT-7680,House No. RD-318,Street 8,PECHS,2,3,Apartment,Nigar Gilani,Adil Ghumman,Litigated,Due,Issue Found,Due,8300000.0
16625,Shahbaz Jadoon,DEMO-KPT-16625,House No. DBR-705,Street 9,PECHS,2,3,Apartment,Shahbaz Jadoon,Sultan Shafiq,Pending,Due,Clear,Due,8600000.0
10722,Samad Yaqoob,DEMO-KPT-10722,House No. CC-414,Street 11,PECHS,2,3,Apartment,Samad Yaqoob,Arfa Sadiq,Pending,Due,Under Review,Due,9700000.0
16669,Afreen Ghaffar,DEMO-KPT-16669,House No. RDB-679,Street 14,PECHS,2,3,Apartment,Afreen Ghaffar,Asif Ghani,Litigated,Due,Clear,Paid,9300000.0
1680,Jazib Wani,DEMO-KPT-1680,House No. D-841,Street 16,PECHS,2,3,Apartment,Jazib Wani,Furqan Durrani,Verified,Due,Clear,Paid,10000000.0
1721,Jabbar Mahsud,DEMO-KPT-1721,House No. C-480,Street 17,PECHS,2,3,Apartment,Jabbar Mahsud,Zunaira Sipra,Pending,Due,Clear,Paid,8200000.0
16571,Dilshad Usmani,DEMO-KPT-16571,House No. DRC-706,Street 17,PECHS,2,3,Apartment,Dilshad Usmani,Shafay Turk,Pending,Due,Clear,Paid,8400000.0
1581,Jannat Shakir,DEMO-KPT-1581,House No. B-813,Street 18,PECHS,2,3,Apartment,Jannat Shakir,Farwa Saif,Verified,Paid,Clear,Paid,8000000.0
4635,Aqeel Bhutto,DEMO-KPT-4635,House No. CR-598,Street 26,PECHS,2,3,Apartment,Aqeel Bhutto,Zaid Rashid,Verified,Paid,Clear,Paid,9400000.0
7715,Kinza Abro,DEMO-KPT-7715,House No. RB-601,Street 27,PECHS,2,3,Apartment,Kinza Abro,Obaid Warsi,Pending,Paid,Issue Found,Due,9000000.0
7719,Saeeda Khan,DEMO-KPT-7719,House No. BB-470,Street 27,PECHS,2,3,Apartment,Saeeda Khan,Bashir Rabbani,Litigated,Due,Under Review,Paid,8100000.0
13647,Humayun Dogar,DEMO-KPT-13647,House No. DRC-679,Street 27,PECHS,2,3,Apartment,Humayun Dogar,Qasim Gabol,Pending,Due,Clear,Due,8200000.0
1058,Hira Raza,DEMO-KPT-1058,House No. A-428,Street 30,PECHS,2,3,Apartment,Hira Raza,Bilal Qureshi,Litigated,Due,Under Review,Due,8200000.0
4691,Shumaila Bashir,DEMO-KPT-4691,House No. DD-321,Street 3,PECHS,3,3,Apartment,Shumaila Bashir,Anum Sheikh,Pending,Paid,Under Review,Paid,8100000.0
4794,Isha Mahsud,DEMO-KPT-4794,House No. DB-500,Street 3,PECHS,3,3,Apartment,Isha Mahsud,Benazir Yasin,Litigated,Paid,Issue Found,Paid,8500000.0
10798,Salma Cheema,DEMO-KPT-10798,House No. RD-893,Street 6,PECHS,3,3,Apartment,Salma Cheema,Shanza Shafi,Litigated,Paid,Under Review,Paid,8800000.0
13810,Maimoona Marwat,DEMO-KPT-13810,House No. DCB-550,Street 6,PECHS,3,3,Apartment,Maimoona Marwat,Sitara Shakir,Verified,Due,Issue Found,Due,9700000.0
10812,Taimoor Magsi,DEMO-KPT-10812,House No. BB-459,Street 8,PECHS,3,3,Apartment,Taimoor Magsi,Raheel Shaikh,Litigated,Due,Under Review,Due,8200000.0
10830,Malaika Soomro,DEMO-KPT-10830,House No. RC-795,Street 8,PECHS,3,3,Apartment,Malaika Soomro,Bakhtawar Rehman,Litigated,Due,Issue Found,Due,9800000.0
10775,Ilyas Tanvir,DEMO-KPT-10775,House No. BB-416,Street 9,PECHS,3,3,Apartment,Ilyas Tanvir,Kanwal Kasi,Pending,Due,Clear,Due,8700000.0
10780,Zubair Butt,DEMO-KPT-10780,House No. CD-421,Street 9,PECHS,3,3,Apartment,Zubair Butt,Shahzad Sipra,Verified,Due,Issue Found,Paid,8800000.0
16751,Mehwish Talpur,DEMO-KPT-16751,House No. CBD-431,Street 9,PECHS,3,3,Apartment,Mehwish Talpur,Sharmeen Mari,Litigated,Paid,Issue Found,Due,9300000.0
1075,Talha Raza,DEMO-KPT-1075,House No. A-172,Street 12,PECHS,3,3,Apartment,Talha Raza,Ahmed Shah,Pending,Paid,Under Review,Paid,9200000.0
10844,Mehmood Virk,DEMO-KPT-10844,House No. RC-448,Street 15,PECHS,3,3,Apartment,Mehmood Virk,Amara Hussain,Verified,Paid,Under Review,Due,9400000.0
1097,Waleed Noor,DEMO-KPT-1097,House No. A-844,Street 16,PECHS,3,3,Apartment,Waleed Noor,Sana Butt,Pending,Paid,Under Review,Paid,10000000.0
7818,Arham Rajput,DEMO-KPT-7818,House No. BC-614,Street 17,PECHS,3,3,Apartment,Arham Rajput,Aisha Afridi,Litigated,Due,Under Review,Due,9200000.0
1831,Parveen Dawood,DEMO-KPT-1831,House No. C-535,Street 19,PECHS,3,3,Apartment,Parveen Dawood,Kamal Mohammadzai,Verified,Due,Clear,Due,9300000.0
13814,Luqmaan Shinwari,DEMO-KPT-13814,House No. BCD-518,Street 21,PECHS,3,3,Apartment,Luqmaan Shinwari,Alishba Kidwai,Pending,Paid,Issue Found,Paid,9000000.0
4735,Kanwal Talpur,DEMO-KPT-4735,House No. CR-786,Street 24,PECHS,3,3,Apartment,Kanwal Talpur,Bashir Lari,Litigated,Paid,Issue Found,Paid,8000000.0
1073,Iqra Iqbal,DEMO-KPT-1073,House No. A-129,Street 26,PECHS,3,3,Apartment,Iqra Iqbal,Bilal Noor,Litigated,Due,Clear,Paid,9200000.0
16785,Maira Mari,DEMO-KPT-16785,House No. RCB-813,Street 26,PECHS,3,3,Apartment,Maira Mari,Awais Soomro,Verified,Paid,Clear,Paid,8300000.0
1869,Dania Kasi,DEMO-KPT-1869,House No. B-508,Street 27,PECHS,3,3,Apartment,Dania Kasi,Sufyan Shafiq,Litigated,Due,Under Review,Paid,9700000.0
13852,Mahad Gakhar,DEMO-KPT-13852,House No. CBD-807,Street 30,PECHS,3,3,Apartment,Mahad Gakhar,Armaghan Peerzada,Verified,Paid,Under Review,Due,8000000.0
1109,Ali Aslam,DEMO-KPT-1109,House No. A-634,Street 1,PECHS,4,3,Apartment,Ali Aslam,Hussain Tariq,Litigated,Paid,Clear,Paid,10000000.0
16859,Benazir Mansoor,DEMO-KPT-16859,House No. CRB-568,Street 1,PECHS,4,3,Apartment,Benazir Mansoor,Madiha Yasin,Litigated,Paid,Clear,Paid,9900000.0
7944,Taha Dahri,DEMO-KPT-7944,House No. DC-811,Street 3,PECHS,4,3,Apartment,Taha Dahri,Khizar Dawood,Litigated,Paid,Issue Found,Paid,8200000.0
4987,Aftab Mian,DEMO-KPT-4987,House No. CC-573,Street 4,PECHS,4,3,Apartment,Aftab Mian,Daniya Zaman,Litigated,Due,Under Review,Due,9800000.0
10913,Sabahat Kharal,DEMO-KPT-10913,House No. RR-529,Street 10,PECHS,4,3,Apartment,Sabahat Kharal,Sanam Mari,Litigated,Due,Clear,Paid,8100000.0
13896,Azka Niazi,DEMO-KPT-13896,House No. BCR-451,Street 21,PECHS,4,3,Apartment,Azka Niazi,Awais Haral,Verified,Paid,Clear,Due,8200000.0
5143,Mirza Randhawa,DEMO-KPT-5143,House No. BC-546,Street 23,PECHS,4,3,Apartment,Mirza Randhawa,Alina Imran,Pending,Due,Clear,Paid,9100000.0
1135,Ahsan Ali,DEMO-KPT-1135,House No. A-470,Street 24,PECHS,4,3,Apartment,Ahsan Ali,Fahad Noor,Litigated,Paid,Issue Found,Paid,9600000.0
10980,Naseer Kharal,DEMO-KPT-10980,House No. RB-548,Street 25,PECHS,4,3,Apartment,Naseer Kharal,Amna Ali,Pending,Due,Issue Found,Paid,8300000.0
8011,Javaria Orakzai,DEMO-KPT-8011,House No. DC-734,Street 26,PECHS,4,3,Apartment,Javaria Orakzai,Zahida Tunio,Verified,Paid,Clear,Paid,8900000.0
13937,Afreen Daudzai,DEMO-KPT-13937,House No. BRC-342,Street 28,PECHS,4,3,Apartment,Afreen Daudzai,Irum Mohammadzai,Pending,Paid,Under Review,Due,8900000.0
2179,Khansa Sandhu,DEMO-KPT-2179,House No. C-874,Street 1,PECHS,5,3,Apartment,Khansa Sandhu,Nayyar Kakar,Pending,Due,Clear,Due,9900000.0
16993,Mohib Magsi,DEMO-KPT-16993,House No. BCD-564,Street 4,PECHS,5,3,Apartment,Mohib Magsi,Ghazanfar Bhutto,Litigated,Paid,Under Review,Paid,8200000.0
13962,Hanzala Baig,DEMO-KPT-13962,House No. CDR-487,Street 8,PECHS,5,3,Apartment,Hanzala Baig,Zawar Pirzada,Litigated,Due,Under Review,Due,8900000.0
1173,Zain Butt,DEMO-KPT-1173,House No. A-884,Street 11,PECHS,5,3,Apartment,Zain Butt,Usman Naeem,Verified,Paid,Under Review,Due,9400000.0
8256,Shaheen Khosa,DEMO-KPT-8256,House No. DC-767,Street 17,PECHS,5,3,Apartment,Shaheen Khosa,Zakariya Zaman,Verified,Due,Issue Found,Due,9200000.0
11031,Muzammil Mahsud,DEMO-KPT-11031,House No. CD-862,Street 18,PECHS,5,3,Apartment,Muzammil Mahsud,Tahira Swati,Verified,Paid,Clear,Paid,9200000.0
2052,Samra Ghani,DEMO-KPT-2052,House No. B-720,Street 20,PECHS,5,3,Apartment,Samra Ghani,Manzoor Tunio,Litigated,Due,Clear,Due,8000000.0
8173,Sumayya Sial,DEMO-KPT-8173,House No. RR-727,Street 20,PECHS,5,3,Apartment,Sumayya Sial,Kafeel Yousaf,Pending,Due,Under Review,Due,9500000.0
1158,Mariam Siddiqui,DEMO-KPT-1158,House No. A-205,Street 23,PECHS,5,3,Apartment,Mariam Siddiqui,Hassan Shah,Verified,Due,Under Review,Paid,8500000.0
14130,Mukarram Shafiq,DEMO-KPT-14130,House No. DCR-761,Street 25,PECHS,5,3,Apartment,Mukarram Shafiq,Rizwan Ghazali,Pending,Due,Issue Found,Paid,9700000.0
1172,Komal Shah,DEMO-KPT-1172,House No. A-429,Street 26,PECHS,5,3,Apartment,Komal Shah,Laiba Shah,Pending,Due,Under Review,Paid,8700000.0
2042,Musa Rabbani,DEMO-KPT-2042,House No. C-880,Street 26,PECHS,5,3,Apartment,Musa Rabbani,Samiya Bhutto,Verified,Due,Issue Found,Due,8400000.0
8283,Kafeel Ghauri,DEMO-KPT-8283,House No. DR-805,Street 26,PECHS,5,3,Apartment,Kafeel Ghauri,Aftab Sandhu,Pending,Paid,Issue Found,Due,9200000.0
1175,Imran Ali,DEMO-KPT-1175,House No. A-937,Street 29,PECHS,5,3,Apartment,Imran Ali,Hamza Iqbal,Litigated,Paid,Under Review,Paid,9700000.0
14026,Nayyar Chandio,DEMO-KPT-14026,House No. CBR-362,Street 29,PECHS,5,3,Apartment,Nayyar Chandio,Saima Dogar,Pending,Paid,Issue Found,Due,8900000.0
2152,Mirza Dar,DEMO-KPT-2152,House No. R-671,Street 30,PECHS,5,3,Apartment,Mirza Dar,Qadir Ghani,Verified,Paid,Under Review,Due,10000000.0
8291,Majid Jadoon,DEMO-KPT-8291,House No. RR-536,Street 3,PECHS,6,3,Apartment,Majid Jadoon,Muneeba Janjua,Pending,Paid,Under Review,Paid,8400000.0
14244,Nageen Yousaf,DEMO-KPT-14244,House No. RCD-879,Street 3,PECHS,6,3,Apartment,Nageen Yousaf,Sheeba Mari,Litigated,Paid,Issue Found,Paid,8900000.0
11306,Murtaza Warraich,DEMO-KPT-11306,House No. BR-765,Street 9,PECHS,6,3,Apartment,Murtaza Warraich,Yumna Panhwar,Verified,Due,Under Review,Paid,10000000.0
11351,Sonia Afridi,DEMO-KPT-11351,House No. DD-766,Street 9,PECHS,6,3,Apartment,Sonia Afridi,Samiya Gill,Litigated,Paid,Issue Found,Due,9100000.0
14227,Noman Sheikh,DEMO-KPT-14227,House No. BDR-790,Street 9,PECHS,6,3,Apartment,Noman Sheikh,Nauman Javed,Pending,Paid,Under Review,Due,8000000.0
11218,Sumaira Lakhani,DEMO-KPT-11218,House No. CR-502,Street 11,PECHS,6,3,Apartment,Sumaira Lakhani,Noshaba Sandhu,Pending,Paid,Issue Found,Paid,9700000.0
14285,Mushtaq Alvi,DEMO-KPT-14285,House No. RCB-301,Street 13,PECHS,6,3,Apartment,Mushtaq Alvi,Mukarram Lone,Verified,Paid,Issue Found,Due,9700000.0
2186,Hoorain Qadir,DEMO-KPT-2186,House No. R-340,Street 18,PECHS,6,3,Apartment,Hoorain Qadir,Abubakar Khan,Verified,Paid,Issue Found,Due,8400000.0
5473,Amna Alvi,DEMO-KPT-5473,House No. BB-810,Street 20,PECHS,6,3,Apartment,Amna Alvi,Talal Tanvir,Pending,Due,Under Review,Due,8300000.0
8335,Zara Nawaz,DEMO-KPT-8335,House No. RR-372,Street 24,PECHS,6,3,Apartment,Zara Nawaz,Hafiz Gill,Litigated,Paid,Issue Found,Paid,8100000.0
1226,Zain Qureshi,DEMO-KPT-1226,House No. A-774,Street 27,PECHS,6,3,Apartment,Zain Qureshi,Usman Butt,Verified,Due,Clear,Paid,8000000.0
8366,Sabeen Tareen,DEMO-KPT-8366,House No. BR-779,Street 5,PECHS,7,3,Apartment,Sabeen Tareen,Urwa Mansoor,Litigated,Paid,Under Review,Paid,9800000.0
14398,Laila Sandhu,DEMO-KPT-14398,House No. BDC-697,Street 6,PECHS,7,3,Apartment,Laila Sandhu,Zarmeen Mahesar,Litigated,Paid,Under Review,Paid,9900000.0
8543,Momina Qazi,DEMO-KPT-8543,House No. BC-850,Street 10,PECHS,7,3,Apartment,Momina Qazi,Shafay Soomro,Litigated,Paid,Issue Found,Paid,9200000.0
8435,Nihal Alvi,DEMO-KPT-8435,House No. RD-649,Street 13,PECHS,7,3,Apartment,Nihal Alvi,Tamkeen Zardari,Verified,Paid,Issue Found,Due,9700000.0
14382,Hashim Bettani,DEMO-KPT-14382,House No. CDB-422,Street 14,PECHS,7,3,Apartment,Hashim Bettani,Naila Ghauri,Verified,Due,Issue Found,Due,9700000.0
2371,Hussam Dogar,DEMO-KPT-2371,House No. C-669,Street 16,PECHS,7,3,Apartment,Hussam Dogar,Manzoor Khosa,Verified,Paid,Issue Found,Paid,8200000.0
8486,Umar Mohammadzai,DEMO-KPT-8486,House No. CC-879,Street 18,PECHS,7,3,Apartment,Umar Mohammadzai,Nosheen Bugti,Verified,Paid,Issue Found,Due,8900000.0
2321,Palwasha Kazmi,DEMO-KPT-2321,House No. B-682,Street 22,PECHS,7,3,Apartment,Palwasha Kazmi,Ghazanfar Zia,Verified,Paid,Under Review,Paid,8600000.0
8484,Mirza Ghumman,DEMO-KPT-8484,House No. RB-873,Street 24,PECHS,7,3,Apartment,Mirza Ghumman,Shagufta Tanoli,Verified,Paid,Under Review,Due,9100000.0
11385,Usman Mirani,DEMO-KPT-11385,House No. RC-704,Street 26,PECHS,7,3,Apartment,Usman Mirani,Mehrunnisa Jogezai,Verified,Paid,Clear,Paid,8600000.0
5526,Nabila Zubair,DEMO-KPT-5526,House No. BC-504,Street 27,PECHS,7,3,Apartment,Nabila Zubair,Umar Iqbal,Pending,Paid,Issue Found,Paid,9300000.0
14387,Sumbal Mahesar,DEMO-KPT-14387,House No. RCB-475,Street 28,PECHS,7,3,Apartment,Sumbal Mahesar,Mehmood Shah,Pending,Paid,Under Review,Due,10000000.0
11629,Shehzad Kamal,DEMO-KPT-11629,House No. RD-439,Street 1,PECHS,8,3,Apartment,Shehzad Kamal,Idrees Mirza,Pending,Due,Clear,Due,9600000.0
8566,Hussain Jafri,DEMO-KPT-8566,House No. CR-415,Street 5,PECHS,8,3,Apartment,Hussain Jafri,Bilquis Zafar,Pending,Paid,Issue Found,Paid,8400000.0
8548,Ilyas Kiani,DEMO-KPT-8548,House No. DD-641,Street 6,PECHS,8,3,Apartment,Ilyas Kiani,Mahrukh Dayo,Litigated,Paid,Under Review,Paid,8500000.0
11560,Aneeqa Kasi,DEMO-KPT-11560,House No. CR-812,Street 6,PECHS,8,3,Apartment,Aneeqa Kasi,Affan Sardar,Verified,Due,Issue Found,Due,8500000.0
14430,Shama Mughal,DEMO-KPT-14430,House No. DCB-475,Street 8,PECHS,8,3,Apartment,Shama Mughal,Zahid Zaman,Litigated,Due,Issue Found,Due,8700000.0
1306,Hira Sheikh,DEMO-KPT-1306,House No. A-751,Street 9,PECHS,8,3,Apartment,Hira Sheikh,Sadia Butt,Pending,Paid,Issue Found,Paid,9900000.0
8651,Javed Mirani,DEMO-KPT-8651,House No. CC-752,Street 9,PECHS,8,3,Apartment,Javed Mirani,Zia Khattak,Litigated,Paid,Issue Found,Due,8800000.0
14456,Kaleemullah Yousafzai,DEMO-KPT-14456,House No. DRC-708,Street 9,PECHS,8,3,Apartment,Kaleemullah Yousafzai,Atiya Siddiqui,Verified,Due,Under Review,Paid,8600000.0
1318,Anaya Khan,DEMO-KPT-1318,House No. A-929,Street 11,PECHS,8,3,Apartment,Anaya Khan,Hamza Noor,Pending,Paid,Issue Found,Paid,8300000.0
2431,Zahra Ansari,DEMO-KPT-2431,House No. D-355,Street 14,PECHS,8,3,Apartment,Zahra Ansari,Salahuddin Junejo,Verified,Due,Under Review,Paid,8500000.0
14419,Mustafa Mehmood,DEMO-KPT-14419,House No. DRC-395,Street 14,PECHS,8,3,Apartment,Mustafa Mehmood,Mahira Hussain,Litigated,Due,Clear,Paid,9800000.0
1365,Hira Butt,DEMO-KPT-1365,House No. A-395,Street 4,PECHS,9,3,Apartment,Hira Butt,Adnan Siddiqui,Pending,Paid,Under Review,Due,8100000.0
11715,Zia Mughal,DEMO-KPT-11715,House No. RD-806,Street 4,PECHS,9,3,Apartment,Zia Mughal,Gohar Qadri,Pending,Paid,Under Review,Due,9700000.0
14656,Shahab Bangash,DEMO-KPT-14656,House No. CRD-677,Street 4,PECHS,9,3,Apartment,Shahab Bangash,Zakir Tahir,Litigated,Due,Clear,Due,9400000.0
11703,Naila Zahid,DEMO-KPT-11703,House No. RC-513,Street 5,PECHS,9,3,Apartment,Naila Zahid,Qayyum Rabbani,Pending,Paid,Issue Found,Due,10000000.0
14710,Zuha Orakzai,DEMO-KPT-14710,House No. BCR-769,Street 6,PECHS,9,3,Apartment,Zuha Orakzai,Husna Shaikh,Verified,Due,Issue Found,Due,9700000.0
2675,Zarmeen Hashmi,DEMO-KPT-2675,House No. B-886,Street 9,PECHS,9,3,Apartment,Zarmeen Hashmi,Fareed Ranjha,Pending,Due,Clear,Due,8200000.0
5825,Shabbir Rind,DEMO-KPT-5825,House No. BR-570,Street 9,PECHS,9,3,Apartment,Shabbir Rind,Emaan Sipra,Pending,Due,Clear,Due,8900000.0
2693,Bilawal Memon,DEMO-KPT-2693,House No. R-778,Street 10,PECHS,9,3,Apartment,Bilawal Memon,Uroosa Tahir,Litigated,Paid,Issue Found,Paid,8200000.0
2813,Kanwal Marwat,DEMO-KPT-2813,House No. R-874,Street 10,PECHS,9,3,Apartment,Kanwal Marwat,Bakhtiar Mengal,Litigated,Due,Clear,Paid,8800000.0
1382,Iqra Siddiqui,DEMO-KPT-1382,House No. A-909,Street 15,PECHS,9,3,Apartment,Iqra Siddiqui,Hussain Raza,Litigated,Due,Clear,Paid,8300000.0
8706,Nageen Gill,DEMO-KPT-8706,House No. DD-609,Street 17,PECHS,9,3,Apartment,Nageen Gill,Faizan Gandapur,Verified,Due,Issue Found,Due,8600000.0
8657,Shazia Yazdani,DEMO-KPT-8657,House No. BC-856,Street 30,PECHS,9,3,Apartment,Shazia Yazdani,Rafia Warraich,Verified,Paid,Issue Found,Due,9800000.0
2891,Saeed Panezai,DEMO-KPT-2891,House No. D-442,Street 3,PECHS,10,3,Apartment,Saeed Panezai,Kaleemullah Javed,Pending,Paid,Under Review,Paid,9500000.0
8893,Saeed Kazmi,DEMO-KPT-8893,House No. CB-462,Street 4,PECHS,10,3,Apartment,Saeed Kazmi,Unaiza Akhtar,Litigated,Paid,Under Review,Paid,9000000.0
8860,Alishba Khuhro,DEMO-KPT-8860,House No. CD-640,Street 6,PECHS,10,3,Apartment,Alishba Khuhro,Iram Kalhoro,Verified,Due,Issue Found,Due,9100000.0
11914,Qamar Korai,DEMO-KPT-11914,House No. BB-609,Street 14,PECHS,10,3,Apartment,Qamar Korai,Mishal Barakzai,Pending,Paid,Under Review,Due,8400000.0
14832,Aneesa Rizvi,DEMO-KPT-14832,House No. RCB-449,Street 14,PECHS,10,3,Apartment,Aneesa Rizvi,Arooj Mustafa,Verified,Due,Issue Found,Due,10000000.0
2868,Alina Saif,DEMO-KPT-2868,House No. C-380,Street 17,PECHS,10,3,Apartment,Alina Saif,Rohail Ansari,Litigated,Due,Under Review,Due,8700000.0
8936,Anam Nawaz,DEMO-KPT-8936,House No. BC-391,Street 18,PECHS,10,3,Apartment,Anam Nawaz,Ayesha Gilani,Verified,Paid,Issue Found,Due,8300000.0
1421,Sadia Butt,DEMO-KPT-1421,House No. A-493,Street 22,PECHS,10,3,Apartment,Sadia Butt,Fatima Raza,Verified,Paid,Under Review,Paid,8900000.0
5921,Hina Haral,DEMO-KPT-5921,House No. BC-318,Street 22,PECHS,10,3,Apartment,Hina Haral,Amir Rizvi,Verified,Paid,Under Review,Paid,9900000.0
8808,Fiza Bhatti,DEMO-KPT-8808,House No. CB-438,Street 23,PECHS,10,3,Apartment,Fiza Bhatti,Amir Waheed,Verified,Due,Under Review,Paid,8200000.0
2880,Shafay Mahesar,DEMO-KPT-2880,House No. B-624,Street 25,PECHS,10,3,Apartment,Shafay Mahesar,Bilal Jaffri,Pending,Due,Issue Found,Paid,8600000.0
2873,Qamar Rafique,DEMO-KPT-2873,House No. C-626,Street 26,PECHS,10,3,Apartment,Qamar Rafique,Sohail Shafi,Litigated,Due,Clear,Paid,9000000.0
1419,Bilal Mirza,DEMO-KPT-1419,House No. A-357,Street 27,PECHS,10,3,Apartment,Bilal Mirza,Sana Qureshi,Litigated,Due,Under Review,Paid,9500000.0
8902,Marium Pasha,DEMO-KPT-8902,House No. RD-745,Street 30,PECHS,10,3,Apartment,Marium Pasha,Nihal Sahito,Verified,Paid,Under Review,Due,9400000.0
6194,Ayub Kayani,DEMO-KPT-6194,House No. BC-730,Street 1,PECHS,11,3,Apartment,Ayub Kayani,Nauman Saleem,Verified,Paid,Issue Found,Due,9000000.0
12044,Shayan Rajper,DEMO-KPT-12044,House No. CD-748,Street 1,PECHS,11,3,Apartment,Shayan Rajper,Salma Hafeez,Verified,Paid,Issue Found,Due,9900000.0
6162,Umaima Abbasi,DEMO-KPT-6162,House No. DC-328,Street 5,PECHS,11,3,Apartment,Umaima Abbasi,Sitara Sipra,Pending,Paid,Under Review,Due,8900000.0
12010,Hadi Yousaf,DEMO-KPT-12010,House No. RB-798,Street 6,PECHS,11,3,Apartment,Hadi Yousaf,Zarar Bhat,Verified,Due,Issue Found,Due,9800000.0
9101,Ijaz Bangash,DEMO-KPT-9101,House No. CB-674,Street 9,PECHS,11,3,Apartment,Ijaz Bangash,Parveen Ghaffar,Litigated,Paid,Issue Found,Due,8400000.0
2970,Feroz Iqbal,DEMO-KPT-2970,House No. D-363,Street 15,PECHS,11,3,Apartment,Feroz Iqbal,Dawood Bajwa,Pending,Paid,Clear,Paid,9800000.0
6120,Junaid Toor,DEMO-KPT-6120,House No. CC-851,Street 15,PECHS,11,3,Apartment,Junaid Toor,Pervaiz Dahri,Pending,Paid,Clear,Paid,9800000.0
12150,Saqib Pasha,DEMO-KPT-12150,House No. DR-755,Street 19,PECHS,11,3,Apartment,Saqib Pasha,Shees Sultan,Verified,Due,Under Review,Due,9100000.0
6130,Zunaira Ahmed,DEMO-KPT-6130,House No. RR-853,Street 25,PECHS,11,3,Apartment,Zunaira Ahmed,Masood Sahito,Pending,Due,Under Review,Due,9000000.0
9067,Rafiq Shakeel,DEMO-KPT-9067,House No. CB-678,Street 25,PECHS,11,3,Apartment,Rafiq Shakeel,Alizeh Marri,Pending,Due,Issue Found,Paid,9300000.0
6092,Rahila Sahito,DEMO-KPT-6092,House No. BR-480,Street 26,PECHS,11,3,Apartment,Rahila Sahito,Shahab Zaman,Verified,Due,Issue Found,Due,8500000.0
15023,Khansa Mansoor,DEMO-KPT-15023,House No. RBD-322,Street 26,PECHS,11,3,Apartment,Khansa Mansoor,Khadija Rind,Litigated,Due,Clear,Paid,8000000.0
14915,Kamal Shafiq,DEMO-KPT-14915,House No. DCR-455,Street 27,PECHS,11,3,Apartment,Kamal Shafiq,Zeeshan Leghari,Pending,Paid,Issue Found,Due,9000000.0
9076,Kabir Nasar,DEMO-KPT-9076,House No. CC-325,Street 29,PECHS,11,3,Apartment,Kabir Nasar,Kausar Bhat,Pending,Paid,Issue Found,Due,8700000.0
14926,Humaira Lakhani,DEMO-KPT-14926,House No. CBD-679,Street 29,PECHS,11,3,Apartment,Humaira Lakhani,Haider Shafi,Pending,Paid,Issue Found,Due,8700000.0
15059,Yousaf Gandapur,DEMO-KPT-15059,House No. RDB-565,Street 1,PECHS,12,3,Apartment,Yousaf Gandapur,Kaleem Soomro,Litigated,Paid,Clear,Paid,10000000.0
3162,Aiman Mahesar,DEMO-KPT-3162,House No. R-678,Street 8,PECHS,12,3,Apartment,Aiman Mahesar,Sharmeen Abro,Litigated,Due,Under Review,Due,9300000.0
6275,Qayyum Kiani,DEMO-KPT-6275,House No. RR-698,Street 9,PECHS,12,3,Apartment,Qayyum Kiani,Ashfaq Butt,Pending,Due,Clear,Due,8800000.0
15185,Jannat Ahmed,DEMO-KPT-15185,House No. DRC-594,Street 13,PECHS,12,3,Apartment,Jannat Ahmed,Basit Niazi,Verified,Paid,Issue Found,Due,9100000.0
3132,Sajida Kasi,DEMO-KPT-3132,House No. D-343,Street 14,PECHS,12,3,Apartment,Sajida Kasi,Shanza Korai,Verified,Due,Issue Found,Due,8400000.0
3194,Fazal Tanoli,DEMO-KPT-3194,House No. B-422,Street 15,PECHS,12,3,Apartment,Fazal Tanoli,Wajiha Bilgrami,Verified,Paid,Under Review,Due,9000000.0
15311,Samad Tiwana,DEMO-KPT-15311,House No. CRB-493,Street 15,PECHS,12,3,Apartment,Samad Tiwana,Fida Rehman,Pending,Paid,Issue Found,Due,9500000.0
9291,Shahmeer Mustafa,DEMO-KPT-9291,House No. DD-837,Street 20,PECHS,12,3,Apartment,Shahmeer Mustafa,Ikram Tarar,Litigated,Paid,Issue Found,Due,9400000.0
9253,Madiha Ali,DEMO-KPT-9253,House No. CB-735,Street 27,PECHS,12,3,Apartment,Madiha Ali,Fabiha Zia,Litigated,Due,Clear,Paid,9400000.0
9275,Mukarram Lughmani,DEMO-KPT-9275,House No. CD-409,Street 29,PECHS,12,3,Apartment,Mukarram Lughmani,Noman Zahid,Litigated,Paid,Under Review,Paid,9100000.0
15360,Bareera Tariq,DEMO-KPT-15360,House No. RCB-508,Street 1,PECHS,13,3,Apartment,Bareera Tariq,Shahbaz Bhittani,Pending,Paid,Issue Found,Due,8900000.0
9398,Sikandar Durrani,DEMO-KPT-9398,House No. CB-359,Street 7,PECHS,13,3,Apartment,Sikandar Durrani,Ikram Bilgrami,Litigated,Due,Clear,Paid,9500000.0
9469,Wajiha Rizvi,DEMO-KPT-9469,House No. CB-649,Street 14,PECHS,13,3,Apartment,Wajiha Rizvi,Batool Sardar,Litigated,Due,Clear,Paid,9700000.0
12306,Imran Mohmand,DEMO-KPT-12306,House No. CR-338,Street 17,PECHS,13,3,Apartment,Imran Mohmand,Sabeen Yousaf,Verified,Due,Issue Found,Due,8300000.0
15469,Nafisa Hanif,DEMO-KPT-15469,House No. BCR-755,Street 19,PECHS,13,3,Apartment,Nafisa Hanif,Qamar Tahir,Pending,Due,Clear,Due,8500000.0
6371,Shifa Hafeez,DEMO-KPT-6371,House No. CD-751,Street 22,PECHS,13,3,Apartment,Shifa Hafeez,Salma Kazmi,Verified,Paid,Under Review,Paid,10000000.0
3217,Amir Mari,DEMO-KPT-3217,House No. B-738,Street 25,PECHS,13,3,Apartment,Amir Mari,Azeem Chattha,Pending,Due,Issue Found,Paid,9900000.0
12323,Shees Janjua,DEMO-KPT-12323,House No. DB-821,Street 26,PECHS,13,3,Apartment,Shees Janjua,Minahil Ghazali,Litigated,Due,Clear,Paid,8200000.0
9437,Sumaira Hayat,DEMO-KPT-9437,House No. CC-473,Street 28,PECHS,13,3,Apartment,Sumaira Hayat,Nawaz Dayo,Pending,Paid,Under Review,Due,8800000.0
9659,Iqra Rana,DEMO-KPT-9659,House No. CR-372,Street 1,PECHS,14,3,Apartment,Iqra Rana,Sabih Awan,Litigated,Paid,Clear,Paid,8400000.0
12494,Dawood Peerzada,DEMO-KPT-12494,House No. DR-793,Street 1,PECHS,14,3,Apartment,Dawood Peerzada,Manahil Farooqi,Verified,Paid,Issue Found,Due,9700000.0
6479,Fariha Unar,DEMO-KPT-6479,House No. RD-569,Street 3,PECHS,14,3,Apartment,Fariha Unar,Zubair Tanoli,Litigated,Paid,Issue Found,Due,8600000.0
12493,Abubakar Saeed,DEMO-KPT-12493,House No. CB-370,Street 4,PECHS,14,3,Apartment,Abubakar Saeed,Shumaila Ilyas,Litigated,Paid,Under Review,Paid,8800000.0
15612,Neelam Imran,DEMO-KPT-15612,House No. RDC-474,Street 5,PECHS,14,3,Apartment,Neelam Imran,Rayyan Umer,Pending,Paid,Under Review,Due,10000000.0
15571,Amjad Rana,DEMO-KPT-15571,House No. DCR-797,Street 7,PECHS,14,3,Apartment,Amjad Rana,Saeed Akhtar,Litigated,Paid,Under Review,Due,8200000.0
12452,Zia Zardari,DEMO-KPT-12452,House No. CD-518,Street 11,PECHS,14,3,Apartment,Zia Zardari,Momina Yazdani,Litigated,Due,Under Review,Due,8200000.0
3381,Talal Niazi,DEMO-KPT-3381,House No. D-366,Street 18,PECHS,14,3,Apartment,Talal Niazi,Jahangir Bangash,Verified,Paid,Clear,Paid,8000000.0
9523,Uroosa Chaudhry,DEMO-KPT-9523,House No. CR-321,Street 20,PECHS,14,3,Apartment,Uroosa Chaudhry,Ammar Peerzada,Pending,Due,Under Review,Due,9600000.0
15493,Hamza Ghazali,DEMO-KPT-15493,House No. DCR-824,Street 23,PECHS,14,3,Apartment,Hamza Ghazali,Rashida Hoti,Pending,Due,Clear,Paid,10000000.0
9517,Waseem Shah,DEMO-KPT-9517,House No. BB-464,Street 25,PECHS,14,3,Apartment,Waseem Shah,Inshal Khattak,Pending,Due,Issue Found,Paid,8000000.0
15483,Gohar Nadeem,DEMO-KPT-15483,House No. CBD-318,Street 26,PECHS,14,3,Apartment,Gohar Nadeem,Zia Bhatti,Pending,Paid,Issue Found,Due,9800000.0
9576,Dilawar Mir,DEMO-KPT-9576,House No. DB-759,Street 27,PECHS,14,3,Apartment,Dilawar Mir,Luqman Pirzada,Pending,Paid,Issue Found,Paid,9800000.0
12694,Neelam Hafeez,DEMO-KPT-12694,House No. DD-651,Street 3,PECHS,15,3,Apartment,Neelam Hafeez,Benazir Yousaf,Pending,Paid,Clear,Due,9200000.0
6643,Ishaq Mahar,DEMO-KPT-6643,House No. BC-340,Street 4,PECHS,15,3,Apartment,Ishaq Mahar,Anam Shinwari,Litigated,Paid,Under Review,Paid,9800000.0
3603,Qasim Saleem,DEMO-KPT-3603,House No. B-584,Street 5,PECHS,15,3,Apartment,Qasim Saleem,Ghazala Waheed,Pending,Paid,Issue Found,Due,8600000.0
3575,Ehsan Ilyas,DEMO-KPT-3575,House No. D-874,Street 9,PECHS,15,3,Apartment,Ehsan Ilyas,Musa Shah,Pending,Due,Clear,Due,8100000.0
15725,Minahil Saif,DEMO-KPT-15725,House No. DRB-660,Street 9,PECHS,15,3,Apartment,Minahil Saif,Hamid Mahar,Pending,Due,Clear,Due,9700000.0
9785,Sumayya Ranjha,DEMO-KPT-9785,House No. DD-509,Street 13,PECHS,15,3,Apartment,Sumayya Ranjha,Ghazanfar Tahir,Verified,Paid,Issue Found,Due,8800000.0
3420,Fabiha Ghani,DEMO-KPT-3420,House No. D-705,Street 15,PECHS,15,3,Apartment,Fabiha Ghani,Shahida Dayo,Pending,Paid,Clear,Paid,9700000.0
12721,Bilquis Sandhu,DEMO-KPT-12721,House No. RC-811,Street 16,PECHS,15,3,Apartment,Bilquis Sandhu,Tahreem Jamali,Verified,Paid,Issue Found,Paid,9700000.0
15684,Hira Shaikh,DEMO-KPT-15684,House No. RDC-375,Street 24,PECHS,15,3,Apartment,Hira Shaikh,Mahwish Orakzai,Verified,Paid,Under Review,Due,9500000.0
3422,Awais Tanoli,DEMO-KPT-3422,House No. R-363,Street 26,PECHS,15,3,Apartment,Awais Tanoli,Fiza Sindhi,Pending,Due,Under Review,Paid,10000000.0
3511,Qasim Janjua,DEMO-KPT-3511,House No. B-863,Street 26,PECHS,15,3,Apartment,Qasim Janjua,Shafiq Pirzada,Verified,Paid,Clear,Paid,8400000.0
9703,Mateen Dogar,DEMO-KPT-9703,House No. DB-409,Street 27,PECHS,15,3,Apartment,Mateen Dogar,Maham Ghazali,Litigated,Due,Clear,Paid,9100000.0
12866,Awais Warraich,DEMO-KPT-12866,House No. CR-360,Street 5,PECHS,16,3,Apartment,Awais Warraich,Murtaza Sheikh,Litigated,Paid,Under Review,Paid,9200000.0
6732,Maira Waheed,DEMO-KPT-6732,House No. DC-688,Street 14,PECHS,16,3,Apartment,Maira Waheed,Warda Dar,Verified,Due,Issue Found,Due,8700000.0
6782,Shagufta Waheed,DEMO-KPT-6782,House No. CR-391,Street 15,PECHS,16,3,Apartment,Shagufta Waheed,Sonia Joiya,Litigated,Due,Clear,Paid,9800000.0
15794,Zawar Cheema,DEMO-KPT-15794,House No. CDB-751,Street 15,PECHS,16,3,Apartment,Zawar Cheema,Tayyab Mazari,Verified,Paid,Under Review,Due,8900000.0
9821,Zakir Kidwai,DEMO-KPT-9821,House No. CR-702,Street 17,PECHS,16,3,Apartment,Zakir Kidwai,Yasir Yousafzai,Pending,Due,Clear,Paid,8400000.0
3631,Ghazala Bangash,DEMO-KPT-3631,House No. B-375,Street 19,PECHS,16,3,Apartment,Ghazala Bangash,Omer Chaudhry,Verified,Due,Clear,Due,9400000.0
15817,Musa Lak,DEMO-KPT-15817,House No. CDB-471,Street 25,PECHS,16,3,Apartment,Musa Lak,Hassan Kasi,Pending,Due,Issue Found,Paid,9600000.0
9811,Moeen Sipra,DEMO-KPT-9811,House No. BB-534,Street 26,PECHS,16,3,Apartment,Moeen Sipra,Rida Rana,Verified,Paid,Clear,Paid,9600000.0
15885,Aun Sindhi,DEMO-KPT-15885,House No. DCB-689,Street 26,PECHS,16,3,Apartment,Aun Sindhi,Daniya Achakzai,Verified,Paid,Clear,Paid,8200000.0
3668,Sameer Dayo,DEMO-KPT-3668,House No. R-717,Street 29,PECHS,16,3,Apartment,Sameer Dayo,Zarmeen Mustafa,Verified,Due,Issue Found,Due,9200000.0
3943,Taimur Bhat,DEMO-KPT-3943,House No. BD-800,Street 4,PECHS,17,3,Apartment,Taimur Bhat,Shagufta Bajwa,Litigated,Paid,Under Review,Paid,9100000.0
3912,Mariam Samo,DEMO-KPT-3912,House No. RC-720,Street 5,PECHS,17,3,Apartment,Mariam Samo,Saima Rajper,Pending,Paid,Under Review,Due,9600000.0
7027,Tasneem Zubair,DEMO-KPT-7027,House No. DD-489,Street 9,PECHS,17,3,Apartment,Tasneem Zubair,Sheraz Umer,Pending,Paid,Under Review,Due,8000000.0
3781,Hadiqa Laghari,DEMO-KPT-3781,House No. R-848,Street 14,PECHS,17,3,Apartment,Hadiqa Laghari,Malaika Mengal,Verified,Due,Under Review,Paid,8700000.0
13032,Naseer Jogezai,DEMO-KPT-13032,House No. DR-655,Street 14,PECHS,17,3,Apartment,Naseer Jogezai,Nauman Sipra,Verified,Due,Issue Found,Due,9900000.0
10056,Farrukh Magsi,DEMO-KPT-10056,House No. CB-574,Street 17,PECHS,17,3,Apartment,Farrukh Magsi,Inam Nawaz,Verified,Due,Issue Found,Due,8500000.0
13050,Sundas Kazmi,DEMO-KPT-13050,House No. BR-785,Street 19,PECHS,17,3,Apartment,Sundas Kazmi,Parvez Mian,Verified,Due,Under Review,Due,9600000.0
7041,Nudrat Bhurgri,DEMO-KPT-7041,House No. RR-687,Street 20,PECHS,17,3,Apartment,Nudrat Bhurgri,Noman Lashari,Litigated,Paid,Issue Found,Due,8400000.0
16002,Kamal Siddiqui,DEMO-KPT-16002,House No. DRC-574,Street 20,PECHS,17,3,Apartment,Kamal Siddiqui,Sami Gandapur,Litigated,Due,Clear,Due,9400000.0
3780,Mubashir Janjua,DEMO-KPT-3780,House No. C-840,Street 25,PECHS,17,3,Apartment,Mubashir Janjua,Afzal Mirza,Pending,Due,Issue Found,Paid,8500000.0
10083,Ayeza Yazdani,DEMO-KPT-10083,House No. RC-843,Street 26,PECHS,17,3,Apartment,Ayeza Yazdani,Alina Pirzada,Pending,Paid,Issue Found,Due,8500000.0
15933,Alizeh Khattak,DEMO-KPT-15933,House No. CRD-585,Street 26,PECHS,17,3,Apartment,Alizeh Khattak,Rida Majeed,Pending,Paid,Issue Found,Due,9800000.0
12969,Zia Kayani,DEMO-KPT-12969,House No. CB-393,Street 28,PECHS,17,3,Apartment,Zia Kayani,Shahmeer Mahesar,Litigated,Paid,Issue Found,Due,9800000.0
13037,Hafiz Laghari,DEMO-KPT-13037,House No. BD-399,Street 28,PECHS,17,3,Apartment,Hafiz Laghari,Saher Jamali,Pending,Paid,Under Review,Due,8400000.0
4110,Nasreen Khattak,DEMO-KPT-4110,House No. RC-645,Street 1,PECHS,18,3,Apartment,Nasreen Khattak,Ambreen Marri,Pending,Paid,Issue Found,Due,9500000.0
10109,Alizeh Marwat,DEMO-KPT-10109,House No. CD-306,Street 1,PECHS,18,3,Apartment,Alizeh Marwat,Husna Saeed,Litigated,Paid,Clear,Paid,9100000.0
7093,Raees Sindhi,DEMO-KPT-7093,House No. DB-779,Street 4,PECHS,18,3,Apartment,Raees Sindhi,Samiya Khan,Litigated,Paid,Under Review,Paid,8100000.0
10156,Sami Kasi,DEMO-KPT-10156,House No. BB-532,Street 4,PECHS,18,3,Apartment,Sami Kasi,Nafisa Ghaffar,Litigated,Due,Clear,Due,8700000.0
13066,Waqas Tareen,DEMO-KPT-13066,House No. RC-852,Street 5,PECHS,18,3,Apartment,Waqas Tareen,Zakir Mir,Pending,Paid,Issue Found,Paid,9500000.0
4134,Khadija Shaikh,DEMO-KPT-4134,House No. BB-635,Street 7,PECHS,18,3,Apartment,Khadija Shaikh,Alina Virk,Pending,Paid,Clear,Paid,8700000.0
10149,Talal Warraich,DEMO-KPT-10149,House No. DB-752,Street 8,PECHS,18,3,Apartment,Talal Warraich,Ayub Baloch,Litigated,Paid,Under Review,Due,8200000.0
7085,Ajmal Iqbal,DEMO-KPT-7085,House No. RD-483,Street 13,PECHS,18,3,Apartment,Ajmal Iqbal,Hidayat Saif,Verified,Paid,Issue Found,Due,8800000.0
16284,Unaiza Saleem,DEMO-KPT-16284,House No. RCB-693,Street 7,PECHS,19,3,Apartment,Unaiza Saleem,Zarar Jogezai,Pending,Paid,Clear,Paid,9100000.0
13287,Farah Ranjha,DEMO-KPT-13287,House No. BB-480,Street 8,PECHS,19,3,Apartment,Farah Ranjha,Unaiza Rabbani,Pending,Paid,Issue Found,Due,8700000.0
7301,Aisha Kidwai,DEMO-KPT-7301,House No. DR-361,Street 9,PECHS,19,3,Apartment,Aisha Kidwai,Palwasha Rashid,Litigated,Paid,Issue Found,Due,8100000.0
13218,Naureen Joiya,DEMO-KPT-13218,House No. BB-339,Street 17,PECHS,19,3,Apartment,Naureen Joiya,Noshaba Shah,Litigated,Due,Under Review,Due,8600000.0
10291,Shahid Sheikh,DEMO-KPT-10291,House No. RC-656,Street 22,PECHS,19,3,Apartment,Shahid Sheikh,Sakina Dayo,Verified,Due,Clear,Paid,9600000.0
16141,Imad Baig,DEMO-KPT-16141,House No. BDC-636,Street 22,PECHS,19,3,Apartment,Imad Baig,Mahwish Tahir,Verified,Due,Clear,Paid,9100000.0
4230,Nida Rana,DEMO-KPT-4230,House No. BD-857,Street 25,PECHS,19,3,Apartment,Nida Rana,Sabeen Majeed,Pending,Due,Issue Found,Paid,9200000.0
16267,Atiya Ilyas,DEMO-KPT-16267,House No. CBD-623,Street 25,PECHS,19,3,Apartment,Atiya Ilyas,Batool Mari,Pending,Due,Issue Found,Paid,9500000.0
7335,Ikhlaq Khalid,DEMO-KPT-7335,House No. DR-587,Street 26,PECHS,19,3,Apartment,Ikhlaq Khalid,Tanzeela Minhas,Verified,Paid,Clear,Paid,9400000.0
4197,Bilal Sipra,DEMO-KPT-4197,House No. BD-437,Street 27,PECHS,19,3,Apartment,Bilal Sipra,Hassan Umer,Pending,Due,Clear,Due,8100000.0
16268,Uzma Minhas,DEMO-KPT-16268,House No. DBR-300,Street 29,PECHS,19,3,Apartment,Uzma Minhas,Shahida Sahito,Verified,Due,Issue Found,Due,8100000.0
4394,Noman Memon,DEMO-KPT-4394,House No. RC-348,Street 1,PECHS,20,3,Apartment,Noman Memon,Abbas Wattoo,Verified,Paid,Issue Found,Due,10000000.0
10348,Nosheen Sipra,DEMO-KPT-10348,House No. RB-468,Street 6,PECHS,20,3,Apartment,Nosheen Sipra,Saif Bajwa,Litigated,Paid,Under Review,Paid,9000000.0
10343,Sajid Lughmani,DEMO-KPT-10343,House No. BR-837,Street 10,PECHS,20,3,Apartment,Sajid Lughmani,Rameez Khuhro,Litigated,Paid,Issue Found,Paid,8300000.0
16313,Bakhtawar Dayo,DEMO-KPT-16313,House No. BDC-340,Street 10,PECHS,20,3,Apartment,Bakhtawar Dayo,Erum Jadoon,Litigated,Due,Clear,Paid,9600000.0
7375,Siddique Rizvi,DEMO-KPT-7375,House No. RR-751,Street 12,PECHS,20,3,Apartment,Siddique Rizvi,Syeda Marri,Pending,Paid,Under Review,Paid,10000000.0
7381,Shazia Kiani,DEMO-KPT-7381,House No. CB-709,Street 14,PECHS,20,3,Apartment,Shazia Kiani,Affan Swati,Verified,Due,Under Review,Paid,8800000.0
4320,Younas Khuhro,DEMO-KPT-4320,House No. RB-376,Street 15,PECHS,20,3,Apartment,Younas Khuhro,Zohaib Qazi,Pending,Paid,Clear,Paid,8800000.0
10312,Rauf Rashid,DEMO-KPT-10312,House No. BC-470,Street 15,PECHS,20,3,Apartment,Rauf Rashid,Abbas Hoti,Verified,Paid,Clear,Paid,9800000.0
13302,Naila Turk,DEMO-KPT-13302,House No. CD-834,Street 20,PECHS,20,3,Apartment,Naila Turk,Mateen Kiani,Litigated,Due,Clear,Due,9700000.0
13308,Rahim Gabol,DEMO-KPT-13308,House No. RB-722,Street 23,PECHS,20,3,Apartment,Rahim Gabol,Sohail Dar,Verified,Due,Under Review,Paid,9800000.0
16326,Samina Leghari,DEMO-KPT-16326,House No. CBR-421,Street 27,PECHS,20,3,Apartment,Samina Leghari,Erum Hameed,Pending,Paid,Issue Found,Paid,8500000.0
7494,Izhar Zafar,DEMO-KPT-7494,House No. CR-743,Street 3,Malir,1,3,Apartment,Izhar Zafar,Mansha Saleem,Litigated,Paid,Issue Found,Paid,9000000.0
10606,Zakariya Panhwar,DEMO-KPT-10606,House No. BB-440,Street 4,Malir,1,3,Apartment,Zakariya Panhwar,Sabrina Awan,Litigated,Due,Clear,Due,8000000.0
4516,Mansha Lakhani,DEMO-KPT-4516,House No. RC-898,Street 5,Malir,1,3,Apartment,Mansha Lakhani,Zaid Hussain,Pending,Paid,Issue Found,Paid,8500000.0
10587,Wasim Wani,DEMO-KPT-10587,House No. DB-369,Street 8,Malir,1,3,Apartment,Wasim Wani,Zehra Mian,Pending,Paid,Issue Found,Due,8800000.0
2977,Nageen Mari,DEMO-KPT-2977,House No. R-883,Street 9,Malir,1,3,Apartment,Nageen Mari,Saba Chaudhry,Pending,Paid,Under Review,Due,9800000.0
4482,Fareeha Bhittani,DEMO-KPT-4482,House No. DC-340,Street 14,Malir,1,3,Apartment,Fareeha Bhittani,Irum Mengal,Verified,Due,Issue Found,Due,8300000.0
15282,Ilyas Sipra,DEMO-KPT-15282,House No. RCB-689,Street 14,Malir,1,3,Apartment,Ilyas Sipra,Maaz Haral,Verified,Due,Issue Found,Due,9200000.0
7470,Faizan Sipra,DEMO-KPT-7470,House No. DD-755,Street 15,Malir,1,3,Apartment,Faizan Sipra,Rustam Buriro,Pending,Paid,Clear,Paid,8700000.0
1506,Kaneez Latif,DEMO-KPT-1506,House No. R-785,Street 17,Malir,1,3,Apartment,Kaneez Latif,Salman Bhutto,Verified,Due,Issue Found,Due,8000000.0
6019,Taimur Swati,DEMO-KPT-6019,House No. CR-825,Street 19,Malir,1,3,Apartment,Taimur Swati,Riaz Rafique,Pending,Due,Clear,Due,8100000.0
7514,Alizeh Tunio,DEMO-KPT-7514,House No. CB-524,Street 21,Malir,1,3,Apartment,Alizeh Tunio,Imran Palijo,Pending,Paid,Issue Found,Paid,9800000.0
16964,Anas Dar,DEMO-KPT-16964,House No. RCD-453,Street 21,Malir,1,3,Apartment,Anas Dar,Saba Ghazali,Pending,Paid,Issue Found,Paid,9500000.0
10630,Hafiz Randhawa,DEMO-KPT-10630,House No. RR-395,Street 25,Malir,1,3,Apartment,Hafiz Randhawa,Areeba Khokhar,Pending,Due,Under Review,Due,9900000.0
3016,Armaghan Durrani,DEMO-KPT-3016,House No. D-789,Street 26,Malir,1,3,Apartment,Armaghan Durrani,Beenish Nadeem,Pending,Paid,Clear,Due,8400000.0
10592,Arif Lakhani,DEMO-KPT-10592,House No. CD-699,Street 26,Malir,1,3,Apartment,Arif Lakhani,Maimoona Ansari,Verified,Due,Issue Found,Due,9100000.0
12215,Faiza Marwat,DEMO-KPT-12215,House No. RB-418,Street 27,Malir,1,3,Apartment,Faiza Marwat,Ashraf Naqvi,Pending,Paid,Issue Found,Due,8200000.0
16976,Mushtaq Bhittani,DEMO-KPT-16976,House No. CDR-452,Street 27,Malir,1,3,Apartment,Mushtaq Bhittani,Saira Kharal,Verified,Due,Clear,Paid,8700000.0
2975,Irfan Mengal,DEMO-KPT-2975,House No. C-812,Street 29,Malir,1,3,Apartment,Irfan Mengal,Nawaz Mahar,Litigated,Paid,Under Review,Paid,8500000.0
12218,Tayyaba Hoti,DEMO-KPT-12218,House No. BC-483,Street 29,Malir,1,3,Apartment,Tayyaba Hoti,Sadaqat Kamal,Verified,Due,Issue Found,Due,9500000.0
1462,Zain Bashir,DEMO-KPT-1462,House No. D-554,Street 30,Malir,1,3,Apartment,Zain Bashir,Ifrah Pirzada,Verified,Due,Issue Found,Due,8200000.0
3044,Fahad Mirani,DEMO-KPT-3044,House No. D-417,Street 1,Malir,2,3,Apartment,Fahad Mirani,Mehak Panezai,Verified,Paid,Issue Found,Due,9900000.0
3073,Khadija Toor,DEMO-KPT-3073,House No. B-322,Street 3,Malir,2,3,Apartment,Khadija Toor,Tayyeb Ghumman,Pending,Due,Under Review,Due,9000000.0
1616,Rahim Ghani,DEMO-KPT-1616,House No. R-647,Street 5,Malir,2,3,Apartment,Rahim Ghani,Nasrullah Sial,Litigated,Paid,Under Review,Paid,10000000.0
6121,Hussain Bukhari,DEMO-KPT-6121,House No. BB-452,Street 7,Malir,2,3,Apartment,Hussain Bukhari,Iqbal Mahesar,Litigated,Paid,Under Review,Due,8100000.0
7598,Hamza Jamal,DEMO-KPT-7598,House No. BB-435,Street 7,Malir,2,3,Apartment,Hamza Jamal,Tabassum Akhtar,Litigated,Due,Clear,Paid,8100000.0
10768,Zarmeen Javed,DEMO-KPT-10768,House No. BC-412,Street 11,Malir,2,3,Apartment,Zarmeen Javed,Ashraf Swati,Pending,Paid,Issue Found,Paid,9100000.0
9175,Shahida Hafeez,DEMO-KPT-9175,House No. CR-478,Street 12,Malir,2,3,Apartment,Shahida Hafeez,Mishal Abbasi,Pending,Paid,Under Review,Paid,10000000.0
3035,Waheed Leghari,DEMO-KPT-3035,House No. B-691,Street 13,Malir,2,3,Apartment,Waheed Leghari,Aneeqa Dogar,Verified,Paid,Issue Found,Due,8400000.0
9181,Hashim Zahid,DEMO-KPT-9181,House No. RD-884,Street 14,Malir,2,3,Apartment,Hashim Zahid,Rashid Marri,Verified,Due,Under Review,Paid,9700000.0
1620,Imad Kakar,DEMO-KPT-1620,House No. R-876,Street 15,Malir,2,3,Apartment,Imad Kakar,Kaif Saeed,Pending,Paid,Clear,Paid,8300000.0
1547,Mahrukh Zaidi,DEMO-KPT-1547,House No. D-808,Street 16,Malir,2,3,Apartment,Mahrukh Zaidi,Afshan Jamal,Pending,Paid,Under Review,Paid,8400000.0
15373,Kashif Lughmani,DEMO-KPT-15373,House No. DCR-491,Street 20,Malir,2,3,Apartment,Kashif Lughmani,Unaiza Wani,Pending,Due,Under Review,Due,9500000.0
12343,Zara Saeed,DEMO-KPT-12343,House No. DC-345,Street 23,Malir,2,3,Apartment,Zara Saeed,Hafiz Jaffri,Pending,Due,Clear,Paid,8700000.0
3084,Mahnaz Chandio,DEMO-KPT-3084,House No. D-763,Street 24,Malir,2,3,Apartment,Mahnaz Chandio,Manzoor Hoti,Verified,Paid,Under Review,Due,9000000.0
4567,Aqib Sadiq,DEMO-KPT-4567,House No. CD-561,Street 25,Malir,2,3,Apartment,Aqib Sadiq,Majid Javed,Pending,Due,Issue Found,Paid,9700000.0
1592,Naureen Wattoo,DEMO-KPT-1592,House No. C-464,Street 26,Malir,2,3,Apartment,Naureen Wattoo,Arisha Hameed,Verified,Due,Issue Found,Due,10000000.0
12285,Rabia Ranjha,DEMO-KPT-12285,House No. CB-643,Street 26,Malir,2,3,Apartment,Rabia Ranjha,Samina Zahid,Verified,Paid,Clear,Paid,9100000.0
6103,Feroz Mirani,DEMO-KPT-6103,House No. BD-558,Street 27,Malir,2,3,Apartment,Feroz Mirani,Muneeba Wattoo,Litigated,Due,Clear,Paid,9400000.0
15365,Talha Bukhari,DEMO-KPT-15365,House No. CRD-620,Street 27,Malir,2,3,Apartment,Talha Bukhari,Zayan Ahmed,Pending,Paid,Issue Found,Due,8600000.0
4607,Feroz Mahar,DEMO-KPT-4607,House No. DD-804,Street 30,Malir,2,3,Apartment,Feroz Mahar,Firdous Bashir,Verified,Paid,Issue Found,Due,8000000.0
1694,Sidra Bhurgri,DEMO-KPT-1694,House No. B-714,Street 1,Malir,3,3,Apartment,Sidra Bhurgri,Jamila Leghari,Verified,Paid,Issue Found,Due,9200000.0
6193,Shahzadi Lashari,DEMO-KPT-6193,House No. DD-748,Street 4,Malir,3,3,Apartment,Shahzadi Lashari,Nabeel Jogezai,Litigated,Paid,Under Review,Paid,9100000.0
15472,Hoor Lak,DEMO-KPT-15472,House No. BCD-434,Street 5,Malir,3,3,Apartment,Hoor Lak,Vaqar Wani,Litigated,Due,Clear,Due,8400000.0
1660,Jabbar Hafeez,DEMO-KPT-1660,House No. R-326,Street 6,Malir,3,3,Apartment,Jabbar Hafeez,Mehwish Ahmed,Verified,Due,Issue Found,Due,8800000.0
13948,Haleema Sardar,DEMO-KPT-13948,House No. BDC-509,Street 6,Malir,3,3,Apartment,Haleema Sardar,Sidrah Lari,Litigated,Paid,Under Review,Paid,8100000.0
3125,Yusuf Majeed,DEMO-KPT-3125,House No. C-437,Street 9,Malir,3,3,Apartment,Yusuf Majeed,Kanwar Saleem,Pending,Due,Clear,Due,9500000.0
7643,Ismail Khattak,DEMO-KPT-7643,House No. DD-414,Street 10,Malir,3,3,Apartment,Ismail Khattak,Alina Baloch,Litigated,Paid,Issue Found,Paid,9400000.0
6152,Babar Umer,DEMO-KPT-6152,House No. RB-822,Street 11,Malir,3,3,Apartment,Babar Umer,Asifa Bukhari,Litigated,Due,Under Review,Due,9700000.0
9214,Akif Imran,DEMO-KPT-9214,House No. CB-321,Street 14,Malir,3,3,Apartment,Akif Imran,Raheela Panhwar,Pending,Paid,Under Review,Due,8900000.0
10811,Iram Waheed,DEMO-KPT-10811,House No. BD-419,Street 15,Malir,3,3,Apartment,Iram Waheed,Yumna Gandapur,Pending,Paid,Issue Found,Due,9700000.0
13961,Aleena Lodhi,DEMO-KPT-13961,House No. CBR-883,Street 15,Malir,3,3,Apartment,Aleena Lodhi,Tauseef Jogezai,Pending,Paid,Issue Found,Due,9500000.0
13982,Alishba Dogar,DEMO-KPT-13982,House No. BDC-703,Street 15,Malir,3,3,Apartment,Alishba Dogar,Amna Barakzai,Litigated,Due,Clear,Paid,8600000.0
4621,Furqan Magsi,DEMO-KPT-4621,House No. DC-751,Street 16,Malir,3,3,Apartment,Furqan Magsi,Maham Mangi,Verified,Paid,Issue Found,Paid,9800000.0
12435,Naseer Dawood,DEMO-KPT-12435,House No. CD-329,Street 16,Malir,3,3,Apartment,Naseer Dawood,Samina Shinwari,Verified,Due,Clear,Due,8500000.0
15497,Batool Marwat,DEMO-KPT-15497,House No. RCD-738,Street 16,Malir,3,3,Apartment,Batool Marwat,Ghazanfar Jaffri,Pending,Paid,Under Review,Paid,9700000.0
10831,Shehzad Dar,DEMO-KPT-10831,House No. BC-349,Street 19,Malir,3,3,Apartment,Shehzad Dar,Ambreen Qadir,Verified,Due,Clear,Due,9100000.0
13981,Ashar Bijarani,DEMO-KPT-13981,House No. DBC-609,Street 19,Malir,3,3,Apartment,Ashar Bijarani,Zubaid Majeed,Verified,Due,Clear,Due,9000000.0
9252,Numan Baig,DEMO-KPT-9252,House No. RC-723,Street 20,Malir,3,3,Apartment,Numan Baig,Sameen Durrani,Litigated,Due,Clear,Due,9400000.0
1664,Yawar Gilani,DEMO-KPT-1664,House No. D-621,Street 21,Malir,3,3,Apartment,Yawar Gilani,Mukarram Sultan,Pending,Paid,Issue Found,Paid,8800000.0
6164,Sameen Kazmi,DEMO-KPT-6164,House No. RR-874,Street 21,Malir,3,3,Apartment,Sameen Kazmi,Talat Mirza,Pending,Paid,Issue Found,Paid,9900000.0
4673,Hussam Zardari,DEMO-KPT-4673,House No. DR-757,Street 26,Malir,3,3,Apartment,Hussam Zardari,Shafiq Kamboh,Litigated,Due,Clear,Paid,9700000.0
6166,Areeba Warsi,DEMO-KPT-6166,House No. DD-421,Street 26,Malir,3,3,Apartment,Areeba Warsi,Naeem Minhas,Pending,Paid,Clear,Due,8500000.0
12466,Javeria Virk,DEMO-KPT-12466,House No. BB-540,Street 26,Malir,3,3,Apartment,Javeria Virk,Misbah Ijaz,Pending,Paid,Clear,Due,8200000.0
15473,Khushbu Shafi,DEMO-KPT-15473,House No. CRD-605,Street 26,Malir,3,3,Apartment,Khushbu Shafi,Bilal Khokhar,Litigated,Due,Clear,Paid,9600000.0
4647,Liaquat Dawood,DEMO-KPT-4647,House No. RC-641,Street 27,Malir,3,3,Apartment,Liaquat Dawood,Daniyal Rana,Pending,Due,Clear,Due,8400000.0
12502,Farzana Dogar,DEMO-KPT-12502,House No. BB-633,Street 30,Malir,3,3,Apartment,Farzana Dogar,Saba Lashari,Verified,Paid,Under Review,Due,9400000.0
3210,Yasir Yousaf,DEMO-KPT-3210,House No. D-325,Street 1,Malir,4,3,Apartment,Yasir Yousaf,Malaika Kamal,Pending,Paid,Issue Found,Due,8900000.0
10860,Sahrish Lak,DEMO-KPT-10860,House No. RD-373,Street 1,Malir,4,3,Apartment,Sahrish Lak,Mateen Rind,Pending,Paid,Issue Found,Due,8800000.0
1723,Zain Hoti,DEMO-KPT-1723,House No. D-699,Street 3,Malir,4,3,Apartment,Zain Hoti,Adil Waheed,Pending,Due,Under Review,Due,9700000.0
9312,Irfan Gakhar,DEMO-KPT-9312,House No. BC-453,Street 5,Malir,4,3,Apartment,Irfan Gakhar,Hammad Jamal,Pending,Paid,Under Review,Due,9100000.0
6222,Nida Baig,DEMO-KPT-6222,House No. BB-436,Street 11,Malir,4,3,Apartment,Nida Baig,Tauseef Saleem,Pending,Due,Under Review,Due,9400000.0
9273,Hania Hoti,DEMO-KPT-9273,House No. DB-327,Street 11,Malir,4,3,Apartment,Hania Hoti,Amna Rafique,Verified,Paid,Under Review,Due,8000000.0
3169,Shamim Tariq,DEMO-KPT-3169,House No. C-651,Street 14,Malir,4,3,Apartment,Shamim Tariq,Nawal Ghauri,Litigated,Due,Clear,Paid,10000000.0
3161,Lubna Pasha,DEMO-KPT-3161,House No. R-431,Street 15,Malir,4,3,Apartment,Lubna Pasha,Emaan Kamboh,Pending,Paid,Issue Found,Due,9600000.0
12562,Zeshan Riaz,DEMO-KPT-12562,House No. CC-705,Street 15,Malir,4,3,Apartment,Zeshan Riaz,Noman Mirani,Verified,Paid,Clear,Paid,9200000.0
1706,Saqib Dahri,DEMO-KPT-1706,House No. D-315,Street 17,Malir,4,3,Apartment,Saqib Dahri,Kausar Kamal,Pending,Paid,Under Review,Due,8500000.0
3223,Ayeza Yousaf,DEMO-KPT-3223,House No. R-825,Street 20,Malir,4,3,Apartment,Ayeza Yousaf,Rida Panezai,Pending,Due,Under Review,Due,8000000.0
7723,Shamim Haral,DEMO-KPT-7723,House No. RB-891,Street 20,Malir,4,3,Apartment,Shamim Haral,Mushtaq Tunio,Pending,Due,Under Review,Due,9900000.0
15591,Mehak Rind,DEMO-KPT-15591,House No. BCD-373,Street 20,Malir,4,3,Apartment,Mehak Rind,Younas Saleem,Litigated,Paid,Issue Found,Due,9100000.0
6246,Urooj Khosa,DEMO-KPT-6246,House No. CB-558,Street 21,Malir,4,3,Apartment,Urooj Khosa,Tehmina Mir,Verified,Paid,Clear,Due,9900000.0
14021,Fareed Shakeel,DEMO-KPT-14021,House No. RDB-694,Street 22,Malir,4,3,Apartment,Fareed Shakeel,Iffat Peerzada,Verified,Paid,Under Review,Paid,8700000.0
7717,Mahrukh Mir,DEMO-KPT-7717,House No. BC-765,Street 25,Malir,4,3,Apartment,Mahrukh Mir,Sehar Yaqoob,Pending,Due,Issue Found,Paid,9000000.0
9280,Zulekha Bettani,DEMO-KPT-9280,House No. RC-325,Street 25,Malir,4,3,Apartment,Zulekha Bettani,Sabahat Ali,Pending,Due,Under Review,Due,8200000.0
7757,Rizwan Chattha,DEMO-KPT-7757,House No. CD-336,Street 30,Malir,4,3,Apartment,Rizwan Chattha,Eman Zia,Verified,Paid,Issue Found,Due,9700000.0
9379,Saba Yaqoob,DEMO-KPT-9379,House No. BR-750,Street 1,Malir,5,3,Apartment,Saba Yaqoob,Emaad Sohu,Pending,Due,Clear,Due,9200000.0
14159,Zameer Abro,DEMO-KPT-14159,House No. BRC-392,Street 1,Malir,5,3,Apartment,Zameer Abro,Arooj Raza,Litigated,Paid,Clear,Paid,8600000.0
15673,Naureen Baloch,DEMO-KPT-15673,House No. CDR-592,Street 3,Malir,5,3,Apartment,Naureen Baloch,Shabana Mari,Pending,Due,Under Review,Due,9600000.0
9343,Taha Nawaz,DEMO-KPT-9343,House No. CR-620,Street 4,Malir,5,3,Apartment,Taha Nawaz,Arisha Zaidi,Litigated,Paid,Under Review,Paid,9500000.0
6303,Farheen Samo,DEMO-KPT-6303,House No. CD-721,Street 5,Malir,5,3,Apartment,Farheen Samo,Fahim Unar,Pending,Paid,Issue Found,Due,9700000.0
12598,Manahil Lari,DEMO-KPT-12598,House No. DB-344,Street 6,Malir,5,3,Apartment,Manahil Lari,Sehrish Bukhari,Litigated,Paid,Under Review,Paid,8400000.0
3234,Palwasha Bukhari,DEMO-KPT-3234,House No. R-816,Street 7,Malir,5,3,Apartment,Palwasha Bukhari,Liaquat Yazdani,Pending,Paid,Clear,Paid,9900000.0
1830,Naseer Daudzai,DEMO-KPT-1830,House No. R-774,Street 8,Malir,5,3,Apartment,Naseer Daudzai,Imtiaz Bangash,Litigated,Due,Issue Found,Due,8900000.0
9372,Malaika Ghani,DEMO-KPT-9372,House No. DR-779,Street 11,Malir,5,3,Apartment,Malaika Ghani,Alina Akhtar,Pending,Due,Under Review,Due,9000000.0
10975,Aneeqa Alvi,DEMO-KPT-10975,House No. BR-840,Street 12,Malir,5,3,Apartment,Aneeqa Alvi,Arslan Mansoor,Pending,Paid,Under Review,Paid,9300000.0
4835,Amjad Dar,DEMO-KPT-4835,House No. RR-638,Street 13,Malir,5,3,Apartment,Amjad Dar,Sheeba Qazi,Verified,Paid,Issue Found,Due,10000000.0
9335,Adnan Barakzai,DEMO-KPT-9335,House No. BD-329,Street 13,Malir,5,3,Apartment,Adnan Barakzai,Rubina Rashid,Verified,Paid,Issue Found,Due,9000000.0
12566,Fabiha Mustafa,DEMO-KPT-12566,House No. CR-379,Street 13,Malir,5,3,Apartment,Fabiha Mustafa,Hussnain Wazir,Pending,Due,Clear,Due,8300000.0
1782,Ahsan Gill,DEMO-KPT-1782,House No. C-722,Street 14,Malir,5,3,Apartment,Ahsan Gill,Nigar Khan,Verified,Due,Issue Found,Due,8300000.0
1819,Jawad Lak,DEMO-KPT-1819,House No. D-715,Street 14,Malir,5,3,Apartment,Jawad Lak,Aiman Jaffri,Litigated,Due,Clear,Paid,9600000.0
12582,Kaneez Zaman,DEMO-KPT-12582,House No. RB-632,Street 14,Malir,5,3,Apartment,Kaneez Zaman,Laraib Warsi,Verified,Due,Issue Found,Due,8200000.0
1762,Imad Mohmand,DEMO-KPT-1762,House No. D-876,Street 15,Malir,5,3,Apartment,Imad Mohmand,Ghazala Bijarani,Verified,Paid,Clear,Paid,8100000.0
7771,Haziq Mengal,DEMO-KPT-7771,House No. BC-762,Street 16,Malir,5,3,Apartment,Haziq Mengal,Furqan Chaudhry,Verified,Paid,Issue Found,Paid,8400000.0
10956,Nawaz Sultan,DEMO-KPT-10956,House No. BD-523,Street 17,Malir,5,3,Apartment,Nawaz Sultan,Bushra Sabri,Verified,Due,Issue Found,Due,8500000.0
14181,Suleman Chaudhry,DEMO-KPT-14181,House No. DCB-397,Street 18,Malir,5,3,Apartment,Suleman Chaudhry,Ramsha Majeed,Verified,Paid,Clear,Paid,8100000.0
9316,Qudrat Shafiq,DEMO-KPT-9316,House No. DD-434,Street 26,Malir,5,3,Apartment,Qudrat Shafiq,Shafay Dar,Pending,Paid,Clear,Due,8600000.0
10973,Pervaiz Soomro,DEMO-KPT-10973,House No. DC-353,Street 26,Malir,5,3,Apartment,Pervaiz Soomro,Tamkeen Raza,Litigated,Due,Clear,Paid,8300000.0
6287,Ahad Mahesar,DEMO-KPT-6287,House No. CD-468,Street 28,Malir,5,3,Apartment,Ahad Mahesar,Hanif Sultan,Pending,Paid,Under Review,Due,9500000.0
1860,Nashra Rehman,DEMO-KPT-1860,House No. D-411,Street 1,Malir,6,3,Apartment,Nashra Rehman,Husna Panezai,Pending,Paid,Issue Found,Due,8600000.0
7859,Dua Naseem,DEMO-KPT-7859,House No. CB-476,Street 1,Malir,6,3,Apartment,Dua Naseem,Irfan Imran,Litigated,Paid,Clear,Paid,8300000.0
6316,Mahira Kamal,DEMO-KPT-6316,House No. BR-686,Street 5,Malir,6,3,Apartment,Mahira Kamal,Talha Mari,Pending,Paid,Issue Found,Paid,8100000.0
7822,Haleema Hashmi,DEMO-KPT-7822,House No. DD-696,Street 5,Malir,6,3,Apartment,Haleema Hashmi,Khushbu Shah,Litigated,Due,Clear,Due,9800000.0
14216,Sidra Ghumman,DEMO-KPT-14216,House No. DBR-395,Street 5,Malir,6,3,Apartment,Sidra Ghumman,Samra Kalhoro,Litigated,Paid,Under Review,Paid,10000000.0
6312,Rehan Shakir,DEMO-KPT-6312,House No. RC-453,Street 8,Malir,6,3,Apartment,Rehan Shakir,Sadia Laghari,Litigated,Due,Under Review,Due,9200000.0
11037,Lamia Khattak,DEMO-KPT-11037,House No. RC-885,Street 8,Malir,6,3,Apartment,Lamia Khattak,Saeeda Zafar,Pending,Paid,Issue Found,Due,9500000.0
3331,Komal Mirza,DEMO-KPT-3331,House No. B-579,Street 14,Malir,6,3,Apartment,Komal Mirza,Sibtain Wazir,Verified,Due,Under Review,Paid,9600000.0
3347,Sobia Pirzada,DEMO-KPT-3347,House No. R-513,Street 16,Malir,6,3,Apartment,Sobia Pirzada,Ashfaq Mughal,Pending,Paid,Under Review,Paid,9900000.0
14235,Lubna Nasar,DEMO-KPT-14235,House No. CDB-833,Street 16,Malir,6,3,Apartment,Lubna Nasar,Mehwish Junejo,Verified,Due,Clear,Due,9800000.0
9396,Abubakar Tiwana,DEMO-KPT-9396,House No. CD-405,Street 21,Malir,6,3,Apartment,Abubakar Tiwana,Aqsa Jamal,Verified,Paid,Clear,Due,8800000.0
11058,Ambreen Durrani,DEMO-KPT-11058,House No. CR-673,Street 23,Malir,6,3,Apartment,Ambreen Durrani,Ibrahim Popalzai,Verified,Due,Under Review,Paid,8100000.0
14208,Hania Sardar,DEMO-KPT-14208,House No. BCR-670,Street 23,Malir,6,3,Apartment,Hania Sardar,Ashfaq Mahsud,Verified,Due,Under Review,Paid,9100000.0
4884,Mahmood Kazmi,DEMO-KPT-4884,House No. DB-878,Street 24,Malir,6,3,Apartment,Mahmood Kazmi,Jamil Farooqi,Verified,Paid,Under Review,Due,8700000.0
14230,Bakhtiar Rashid,DEMO-KPT-14230,House No. RBC-550,Street 25,Malir,6,3,Apartment,Bakhtiar Rashid,Ghazanfar Bukhari,Pending,Due,Under Review,Due,9900000.0
3323,Yumna Parvez,DEMO-KPT-3323,House No. B-704,Street 26,Malir,6,3,Apartment,Yumna Parvez,Shayan Yousaf,Litigated,Due,Clear,Paid,8200000.0
7833,Arslan Shaikh,DEMO-KPT-7833,House No. CR-560,Street 26,Malir,6,3,Apartment,Arslan Shaikh,Bakhtiar Hafeez,Pending,Paid,Issue Found,Due,8000000.0
14192,Anum Ilyas,DEMO-KPT-14192,House No. CBR-646,Street 26,Malir,6,3,Apartment,Anum Ilyas,Amara Zubair,Verified,Due,Issue Found,Due,8600000.0
1912,Tabassum Ranjha,DEMO-KPT-1912,House No. C-889,Street 30,Malir,6,3,Apartment,Tabassum Ranjha,Abrar Peerzada,Verified,Due,Issue Found,Due,10000000.0
9510,Asifa Naseem,DEMO-KPT-9510,House No. RR-456,Street 1,Malir,7,3,Apartment,Asifa Naseem,Sheeba Waheed,Pending,Paid,Issue Found,Due,9500000.0
14294,Humaira Zahid,DEMO-KPT-14294,House No. RCD-696,Street 1,Malir,7,3,Apartment,Humaira Zahid,Naeem Nawaz,Verified,Paid,Issue Found,Due,8200000.0
1991,Shaista Mohmand,DEMO-KPT-1991,House No. B-671,Street 3,Malir,7,3,Apartment,Shaista Mohmand,Luqman Warraich,Pending,Paid,Under Review,Paid,9400000.0
14293,Daniya Leghari,DEMO-KPT-14293,House No. BCR-328,Street 4,Malir,7,3,Apartment,Daniya Leghari,Mishal Hafeez,Litigated,Paid,Under Review,Paid,10000000.0
4953,Aryan Lodhi,DEMO-KPT-4953,House No. RR-871,Street 5,Malir,7,3,Apartment,Aryan Lodhi,Aiman Yasin,Pending,Paid,Issue Found,Due,8100000.0
9448,Nazia Abro,DEMO-KPT-9448,House No. DB-590,Street 6,Malir,7,3,Apartment,Nazia Abro,Abubakar Naqvi,Litigated,Paid,Under Review,Paid,9100000.0
11071,Mariam Saeed,DEMO-KPT-11071,House No. DR-359,Street 7,Malir,7,3,Apartment,Mariam Saeed,Tahseen Nadeem,Litigated,Paid,Under Review,Due,9700000.0
9506,Hina Bugti,DEMO-KPT-9506,House No. BD-304,Street 9,Malir,7,3,Apartment,Hina Bugti,Muneeba Cheena,Verified,Due,Under Review,Paid,9300000.0
4918,Raza Bhatti,DEMO-KPT-4918,House No. BB-774,Street 11,Malir,7,3,Apartment,Raza Bhatti,Fasih Zia,Pending,Paid,Issue Found,Paid,9100000.0
9482,Saba Qazi,DEMO-KPT-9482,House No. DR-561,Street 15,Malir,7,3,Apartment,Saba Qazi,Rubina Naqvi,Litigated,Due,Clear,Paid,8100000.0
11070,Feryal Shakir,DEMO-KPT-11070,House No. RR-746,Street 15,Malir,7,3,Apartment,Feryal Shakir,Muneeba Gakhar,Pending,Paid,Clear,Paid,9900000.0
1921,Nailah Saeed,DEMO-KPT-1921,House No. D-742,Street 16,Malir,7,3,Apartment,Nailah Saeed,Daniyal Saif,Verified,Paid,Issue Found,Paid,8800000.0
11085,Zara Sahito,DEMO-KPT-11085,House No. DR-502,Street 16,Malir,7,3,Apartment,Zara Sahito,Riaz Talpur,Verified,Due,Clear,Due,9600000.0
6456,Iffat Riaz,DEMO-KPT-6456,House No. DD-483,Street 17,Malir,7,3,Apartment,Iffat Riaz,Iftikhar Sabri,Verified,Due,Issue Found,Due,8100000.0
4886,Nudrat Gakhar,DEMO-KPT-4886,House No. RR-478,Street 18,Malir,7,3,Apartment,Nudrat Gakhar,Khalid Sandhu,Verified,Paid,Issue Found,Due,8200000.0
15821,Dua Tiwana,DEMO-KPT-15821,House No. CRB-354,Street 22,Malir,7,3,Apartment,Dua Tiwana,Hira Zaidi,Verified,Paid,Under Review,Paid,8900000.0
3408,Tayyaba Warraich,DEMO-KPT-3408,House No. B-590,Street 23,Malir,7,3,Apartment,Tayyaba Warraich,Aqeel Shafi,Verified,Due,Under Review,Paid,8200000.0
3430,Zartaj Khuhro,DEMO-KPT-3430,House No. C-709,Street 25,Malir,7,3,Apartment,Zartaj Khuhro,Imad Afridi,Pending,Due,Under Review,Due,8600000.0
7892,Zainab Swati,DEMO-KPT-7892,House No. RB-449,Street 26,Malir,7,3,Apartment,Zainab Swati,Kamil Mazari,Verified,Due,Issue Found,Due,9600000.0
15815,Dilawar Dawood,DEMO-KPT-15815,House No. CRD-339,Street 27,Malir,7,3,Apartment,Dilawar Dawood,Abrar Toor,Pending,Paid,Issue Found,Due,8300000.0
6376,Shabana Sial,DEMO-KPT-6376,House No. BD-468,Street 29,Malir,7,3,Apartment,Shabana Sial,Osama Mazari,Pending,Paid,Issue Found,Due,8300000.0
6458,Mariam Qadir,DEMO-KPT-6458,House No. BR-892,Street 30,Malir,7,3,Apartment,Mariam Qadir,Sundas Hayat,Litigated,Due,Under Review,Due,8700000.0
4966,Nudrat Wazir,DEMO-KPT-4966,House No. RR-383,Street 5,Malir,8,3,Apartment,Nudrat Wazir,Aziz Bashir,Pending,Paid,Issue Found,Paid,9700000.0
12772,Mansha Tareen,DEMO-KPT-12772,House No. CC-583,Street 5,Malir,8,3,Apartment,Mansha Tareen,Nargis Mian,Litigated,Due,Clear,Due,9200000.0
14322,Sabrina Orakzai,DEMO-KPT-14322,House No. BCD-357,Street 11,Malir,8,3,Apartment,Sabrina Orakzai,Lamia Korai,Pending,Due,Under Review,Due,8600000.0
6497,Noshaba Yousaf,DEMO-KPT-6497,House No. DD-448,Street 16,Malir,8,3,Apartment,Noshaba Yousaf,Liaquat Toor,Pending,Paid,Under Review,Paid,8600000.0
3506,Farwa Unar,DEMO-KPT-3506,House No. B-382,Street 17,Malir,8,3,Apartment,Farwa Unar,Aqsa Qadir,Pending,Paid,Under Review,Due,9600000.0
8006,Mahrukh Bhat,DEMO-KPT-8006,House No. BR-848,Street 17,Malir,8,3,Apartment,Mahrukh Bhat,Ammar Nadeem,Pending,Paid,Under Review,Due,8700000.0
6531,Mudassar Jogezai,DEMO-KPT-6531,House No. DD-571,Street 18,Malir,8,3,Apartment,Mudassar Jogezai,Gohar Rafique,Verified,Paid,Clear,Paid,9800000.0
12831,Sagheer Memon,DEMO-KPT-12831,House No. RD-552,Street 18,Malir,8,3,Apartment,Sagheer Memon,Arham Shinwari,Verified,Paid,Clear,Paid,10000000.0
14346,Mariam Khokhar,DEMO-KPT-14346,House No. RCD-830,Street 21,Malir,8,3,Apartment,Mariam Khokhar,Sibtain Umer,Verified,Paid,Clear,Due,8500000.0
9521,Huma Dar,DEMO-KPT-9521,House No. BR-452,Street 22,Malir,8,3,Apartment,Huma Dar,Mehreen Khosa,Verified,Paid,Under Review,Paid,9700000.0
15923,Akif Kidwai,DEMO-KPT-15923,House No. BDR-327,Street 26,Malir,8,3,Apartment,Akif Kidwai,Riaz Palijo,Litigated,Due,Clear,Paid,9700000.0
5015,Ambreen Ali,DEMO-KPT-5015,House No. RR-334,Street 27,Malir,8,3,Apartment,Ambreen Ali,Sabahat Rabbani,Pending,Paid,Issue Found,Due,9300000.0
14319,Sultan Javed,DEMO-KPT-14319,House No. DCB-515,Street 28,Malir,8,3,Apartment,Sultan Javed,Naureen Mir,Litigated,Paid,Issue Found,Due,8300000.0
2075,Ayla Shakeel,DEMO-KPT-2075,House No. C-486,Street 29,Malir,8,3,Apartment,Ayla Shakeel,Saira Nasar,Litigated,Paid,Under Review,Paid,10000000.0
5018,Affan Kasi,DEMO-KPT-5018,House No. RC-565,Street 29,Malir,8,3,Apartment,Affan Kasi,Farrukh Mahar,Verified,Due,Issue Found,Due,9800000.0
9518,Wania Nawaz,DEMO-KPT-9518,House No. RB-883,Street 29,Malir,8,3,Apartment,Wania Nawaz,Yaqoob Janjua,Verified,Due,Issue Found,Due,9100000.0
9562,Kanwal Nawaz,DEMO-KPT-9562,House No. RD-369,Street 30,Malir,8,3,Apartment,Kanwal Nawaz,Momina Bangash,Verified,Due,Issue Found,Due,9400000.0
2112,Mazhar Unar,DEMO-KPT-2112,House No. C-811,Street 5,Malir,9,3,Apartment,Mazhar Unar,Jamila Ahmed,Pending,Paid,Under Review,Due,9300000.0
6612,Kaleemullah Dahri,DEMO-KPT-6612,House No. BR-696,Street 5,Malir,9,3,Apartment,Kaleemullah Dahri,Bilawal Mustafa,Pending,Paid,Under Review,Due,8300000.0
6610,Marwa Durrani,DEMO-KPT-6610,House No. CR-438,Street 6,Malir,9,3,Apartment,Marwa Durrani,Nigar Zia,Verified,Due,Issue Found,Due,8500000.0
8098,Alizeh Ranjha,DEMO-KPT-8098,House No. DR-450,Street 6,Malir,9,3,Apartment,Alizeh Ranjha,Qayyum Bugti,Litigated,Paid,Under Review,Paid,8500000.0
16060,Sufyan Parvez,DEMO-KPT-16060,House No. DCR-857,Street 6,Malir,9,3,Apartment,Sufyan Parvez,Hina Zubair,Verified,Due,Issue Found,Due,9700000.0
3548,Atiya Janjua,DEMO-KPT-3548,House No. D-892,Street 7,Malir,9,3,Apartment,Atiya Janjua,Batool Soomro,Litigated,Due,Clear,Paid,9200000.0
12871,Hanif Ghauri,DEMO-KPT-12871,House No. RD-767,Street 7,Malir,9,3,Apartment,Hanif Ghauri,Hira Waheed,Litigated,Paid,Under Review,Due,9600000.0
6537,Arham Nadeem,DEMO-KPT-6537,House No. DD-567,Street 8,Malir,9,3,Apartment,Arham Nadeem,Eman Abro,Pending,Paid,Issue Found,Due,9000000.0
8130,Mahira Hameed,DEMO-KPT-8130,House No. CB-424,Street 8,Malir,9,3,Apartment,Mahira Hameed,Ifrah Sadiq,Litigated,Due,Issue Found,Due,8500000.0
12849,Nida Bhatti,DEMO-KPT-12849,House No. CC-889,Street 8,Malir,9,3,Apartment,Nida Bhatti,Asim Jafri,Litigated,Paid,Under Review,Due,9700000.0
3580,Hoorain Abro,DEMO-KPT-3580,House No. D-770,Street 9,Malir,9,3,Apartment,Hoorain Abro,Tayyab Raza,Verified,Due,Issue Found,Paid,9900000.0
16027,Ihtisham Ghauri,DEMO-KPT-16027,House No. DRB-804,Street 9,Malir,9,3,Apartment,Ihtisham Ghauri,Iftikhar Nasar,Pending,Paid,Under Review,Due,9400000.0
16023,Maaz Aslam,DEMO-KPT-16023,House No. RCD-749,Street 11,Malir,9,3,Apartment,Maaz Aslam,Imran Hinjra,Verified,Paid,Under Review,Due,9100000.0
3566,Shees Khokhar,DEMO-KPT-3566,House No. R-531,Street 13,Malir,9,3,Apartment,Shees Khokhar,Kamran Marri,Pending,Due,Clear,Due,9000000.0
9631,Uzma Hayat,DEMO-KPT-9631,House No. DR-458,Street 14,Malir,9,3,Apartment,Uzma Hayat,Kafeel Shakeel,Verified,Due,Under Review,Paid,9700000.0
11261,Urooj Warsi,DEMO-KPT-11261,House No. DD-380,Street 15,Malir,9,3,Apartment,Urooj Warsi,Mahjabeen Mohammadzai,Pending,Paid,Issue Found,Due,9000000.0
14431,Mahreen Lone,DEMO-KPT-14431,House No. CRB-306,Street 19,Malir,9,3,Apartment,Mahreen Lone,Anum Rajput,Verified,Due,Clear,Due,9100000.0
3546,Nayab Peerzada,DEMO-KPT-3546,House No. D-561,Street 21,Malir,9,3,Apartment,Nayab Peerzada,Shehzad Sultan,Verified,Paid,Clear,Due,9300000.0
2080,Hania Iqbal,DEMO-KPT-2080,House No. D-484,Street 25,Malir,9,3,Apartment,Hania Iqbal,Ayan Lakhani,Pending,Due,Under Review,Due,10000000.0
6542,Kamil Turk,DEMO-KPT-6542,House No. DB-806,Street 26,Malir,9,3,Apartment,Kamil Turk,Tahreem Lari,Verified,Due,Issue Found,Due,9300000.0
12872,Shan Bilgrami,DEMO-KPT-12872,House No. DD-555,Street 26,Malir,9,3,Apartment,Shan Bilgrami,Inayat Mahesar,Pending,Due,Under Review,Paid,9000000.0
11315,Obaid Panezai,DEMO-KPT-11315,House No. CD-388,Street 27,Malir,9,3,Apartment,Obaid Panezai,Rafay Shinwari,Pending,Paid,Issue Found,Due,9900000.0
11318,Asma Mari,DEMO-KPT-11318,House No. RC-419,Street 29,Malir,9,3,Apartment,Asma Mari,Faizan Memon,Verified,Due,Issue Found,Due,8700000.0
16025,Farwa Dayo,DEMO-KPT-16025,House No. CBD-793,Street 29,Malir,9,3,Apartment,Farwa Dayo,Waleed Mirani,Litigated,Paid,Under Review,Paid,9800000.0
3694,Nasrullah Bettani,DEMO-KPT-3694,House No. B-737,Street 3,Malir,10,3,Apartment,Nasrullah Bettani,Danish Marwat,Pending,Paid,Clear,Due,9700000.0
5129,Jabbar Junejo,DEMO-KPT-5129,House No. DC-318,Street 3,Malir,10,3,Apartment,Jabbar Junejo,Sadia Ahmed,Litigated,Paid,Issue Found,Due,8600000.0
3615,Mashal Gill,DEMO-KPT-3615,House No. C-615,Street 4,Malir,10,3,Apartment,Mashal Gill,Zaynab Tariq,Pending,Paid,Under Review,Due,9200000.0
9687,Mina Bukhari,DEMO-KPT-9687,House No. CC-398,Street 8,Malir,10,3,Apartment,Mina Bukhari,Aneeqa Naqvi,Pending,Paid,Issue Found,Due,9700000.0
12935,Farah Pirzada,DEMO-KPT-12935,House No. RC-831,Street 13,Malir,10,3,Apartment,Farah Pirzada,Ramsha Lari,Verified,Paid,Issue Found,Due,8800000.0
5181,Eman Butt,DEMO-KPT-5181,House No. DD-477,Street 18,Malir,10,3,Apartment,Eman Butt,Bisma Dreshak,Verified,Paid,Clear,Paid,9100000.0
8131,Laiba Qureshi,DEMO-KPT-8131,House No. CR-700,Street 19,Malir,10,3,Apartment,Laiba Qureshi,Sidra Kiani,Verified,Due,Clear,Due,9400000.0
14471,Ambreen Jamali,DEMO-KPT-14471,House No. RDC-776,Street 22,Malir,10,3,Apartment,Ambreen Jamali,Sumbal Cheema,Verified,Paid,Under Review,Paid,9400000.0
2184,Sadiq Marwat,DEMO-KPT-2184,House No. D-690,Street 24,Malir,10,3,Apartment,Sadiq Marwat,Nasir Toor,Verified,Paid,Under Review,Due,9200000.0
16134,Nayab Mari,DEMO-KPT-16134,House No. DBC-891,Street 24,Malir,10,3,Apartment,Nayab Mari,Shama Ansari,Verified,Paid,Under Review,Due,8000000.0
3667,Akbar Ghaffar,DEMO-KPT-3667,House No. D-638,Street 25,Malir,10,3,Apartment,Akbar Ghaffar,Sharmeen Parvez,Pending,Due,Issue Found,Paid,8100000.0
2169,Bareera Mohmand,DEMO-KPT-2169,House No. B-381,Street 28,Malir,10,3,Apartment,Bareera Mohmand,Sagheer Ghaffar,Litigated,Paid,Issue Found,Due,8900000.0
3676,Zeshan Ghani,DEMO-KPT-3676,House No. R-484,Street 29,Malir,10,3,Apartment,Zeshan Ghani,Zarar Kalhoro,Pending,Paid,Issue Found,Due,9900000.0
8168,Esha Memon,DEMO-KPT-8168,House No. CR-489,Street 29,Malir,10,3,Apartment,Esha Memon,Tahseen Bukhari,Verified,Due,Issue Found,Due,8000000.0
11408,Junaid Bangash,DEMO-KPT-11408,House No. BR-371,Street 30,Malir,10,3,Apartment,Junaid Bangash,Laiba Khan,Litigated,Due,Under Review,Due,9600000.0
14579,Shahida Rind,DEMO-KPT-14579,House No. DRC-750,Street 3,Malir,11,3,Apartment,Shahida Rind,Fahim Mohmand,Litigated,Paid,Issue Found,Due,8400000.0
6753,Afshan Majeed,DEMO-KPT-6753,House No. RR-385,Street 5,Malir,11,3,Apartment,Afshan Majeed,Bisma Popalzai,Pending,Paid,Issue Found,Due,8900000.0
2262,Isha Wani,DEMO-KPT-2262,House No. R-414,Street 8,Malir,11,3,Apartment,Isha Wani,Rehmat Bashir,Litigated,Due,Under Review,Due,8000000.0
9699,Saleha Khattak,DEMO-KPT-9699,House No. CD-412,Street 8,Malir,11,3,Apartment,Saleha Khattak,Rahila Niazi,Litigated,Paid,Under Review,Due,8900000.0
2206,Arham Sohu,DEMO-KPT-2206,House No. C-443,Street 9,Malir,11,3,Apartment,Arham Sohu,Arisha Barakzai,Pending,Paid,Issue Found,Paid,8700000.0
6725,Raheel Nadeem,DEMO-KPT-6725,House No. BD-679,Street 9,Malir,11,3,Apartment,Raheel Nadeem,Shanza Laghari,Pending,Due,Clear,Due,8600000.0
6730,Mustafa Bettani,DEMO-KPT-6730,House No. DR-397,Street 9,Malir,11,3,Apartment,Mustafa Bettani,Dawood Lari,Verified,Due,Issue Found,Paid,9000000.0
13030,Imran Rashid,DEMO-KPT-13030,House No. CR-355,Street 9,Malir,11,3,Apartment,Imran Rashid,Sultan Tarar,Verified,Due,Issue Found,Paid,8000000.0
16175,Humayun Tarar,DEMO-KPT-16175,House No. CBR-677,Street 9,Malir,11,3,Apartment,Humayun Tarar,Mudassar Joiya,Pending,Due,Clear,Due,8800000.0
2243,Sara Rajper,DEMO-KPT-2243,House No. B-327,Street 10,Malir,11,3,Apartment,Sara Rajper,Zubia Imran,Litigated,Paid,Issue Found,Paid,9700000.0
8213,Saira Virk,DEMO-KPT-8213,House No. DC-500,Street 10,Malir,11,3,Apartment,Saira Virk,Naureen Achakzai,Litigated,Due,Clear,Paid,9600000.0
16219,Khadija Gabol,DEMO-KPT-16219,House No. RCB-476,Street 14,Malir,11,3,Apartment,Khadija Gabol,Abrar Dogar,Litigated,Due,Clear,Paid,9700000.0
6761,Junaid Hinjra,DEMO-KPT-6761,House No. DB-411,Street 15,Malir,11,3,Apartment,Junaid Hinjra,Sohaib Hashmi,Pending,Paid,Issue Found,Due,9800000.0
13061,Husna Rehman,DEMO-KPT-13061,House No. DR-507,Street 15,Malir,11,3,Apartment,Husna Rehman,Noshaba Bhat,Pending,Paid,Issue Found,Due,9800000.0
3721,Haleema Farooqi,DEMO-KPT-3721,House No. D-750,Street 16,Malir,11,3,Apartment,Haleema Farooqi,Salma Tariq,Verified,Paid,Issue Found,Paid,8400000.0
2250,Waseem Gandapur,DEMO-KPT-2250,House No. D-833,Street 19,Malir,11,3,Apartment,Waseem Gandapur,Ramsha Bettani,Verified,Due,Under Review,Due,8300000.0
5241,Manzoor Janjua,DEMO-KPT-5241,House No. BR-759,Street 20,Malir,11,3,Apartment,Manzoor Janjua,Taha Rizvi,Litigated,Paid,Issue Found,Due,8100000.0
9741,Azka Nadeem,DEMO-KPT-9741,House No. CR-823,Street 20,Malir,11,3,Apartment,Azka Nadeem,Fayyaz Mian,Litigated,Paid,Issue Found,Due,9400000.0
11502,Iram Hanif,DEMO-KPT-11502,House No. RC-762,Street 20,Malir,11,3,Apartment,Iram Hanif,Aryan Zahid,Litigated,Due,Clear,Due,9100000.0
9708,Tahira Majeed,DEMO-KPT-9708,House No. CD-815,Street 23,Malir,11,3,Apartment,Tahira Majeed,Luqman Mohmand,Verified,Due,Under Review,Paid,8400000.0
11430,Nabeel Jadoon,DEMO-KPT-11430,House No. RD-564,Street 25,Malir,11,3,Apartment,Nabeel Jadoon,Kausar Hussain,Pending,Due,Issue Found,Paid,8400000.0
14580,Aziz Ghumman,DEMO-KPT-14580,House No. BCR-617,Street 25,Malir,11,3,Apartment,Aziz Ghumman,Kabir Hoti,Pending,Due,Issue Found,Paid,8800000.0
5266,Adil Naqvi,DEMO-KPT-5266,House No. BB-838,Street 26,Malir,11,3,Apartment,Adil Naqvi,Omer Hinjra,Pending,Paid,Clear,Due,9100000.0
11433,Rizwan Bilgrami,DEMO-KPT-11433,House No. RD-367,Street 26,Malir,11,3,Apartment,Rizwan Bilgrami,Hussnain Anwar,Pending,Paid,Issue Found,Due,9800000.0
8226,Nailah Cheena,DEMO-KPT-8226,House No. CD-337,Street 27,Malir,11,3,Apartment,Nailah Cheena,Akram Khan,Pending,Paid,Issue Found,Paid,8700000.0
5302,Rizwan Mirza,DEMO-KPT-5302,House No. RR-530,Street 30,Malir,11,3,Apartment,Rizwan Mirza,Mubashra Nawaz,Verified,Paid,Under Review,Due,8700000.0
5329,Rehmat Toor,DEMO-KPT-5329,House No. DC-880,Street 1,Malir,12,3,Apartment,Rehmat Toor,Rameez Palijo,Pending,Due,Clear,Due,8800000.0
13110,Sadaf Durrani,DEMO-KPT-13110,House No. CD-301,Street 1,Malir,12,3,Apartment,Sadaf Durrani,Raza Qadri,Pending,Paid,Issue Found,Due,8900000.0
5323,Iffat Cheema,DEMO-KPT-5323,House No. CB-603,Street 3,Malir,12,3,Apartment,Iffat Cheema,Aslam Mohmand,Pending,Due,Under Review,Due,8200000.0
8279,Ashar Lari,DEMO-KPT-8279,House No. DD-828,Street 3,Malir,12,3,Apartment,Ashar Lari,Farah Peerzada,Litigated,Paid,Issue Found,Due,9800000.0
11506,Asma Marwat,DEMO-KPT-11506,House No. CB-765,Street 4,Malir,12,3,Apartment,Asma Marwat,Vaqar Sohu,Litigated,Due,Clear,Due,9200000.0
16237,Nighat Bangash,DEMO-KPT-16237,House No. RCD-820,Street 4,Malir,12,3,Apartment,Nighat Bangash,Basit Zaman,Litigated,Due,Under Review,Due,9800000.0
11562,Qayyum Achakzai,DEMO-KPT-11562,House No. DR-894,Street 5,Malir,12,3,Apartment,Qayyum Achakzai,Wali Zardari,Pending,Paid,Under Review,Due,8600000.0
9848,Wahab Leghari,DEMO-KPT-9848,House No. RB-524,Street 7,Malir,12,3,Apartment,Wahab Leghari,Shifa Kidwai,Litigated,Due,Clear,Paid,8200000.0
11521,Nawal Yousaf,DEMO-KPT-11521,House No. CD-317,Street 7,Malir,12,3,Apartment,Nawal Yousaf,Marium Mari,Litigated,Paid,Under Review,Due,9000000.0
2280,Fabiha Latif,DEMO-KPT-2280,House No. R-390,Street 8,Malir,12,3,Apartment,Fabiha Latif,Khalid Dahri,Litigated,Due,Issue Found,Due,9500000.0
9822,Saeeda Aslam,DEMO-KPT-9822,House No. RD-743,Street 11,Malir,12,3,Apartment,Saeeda Aslam,Pervaiz Zahid,Pending,Due,Under Review,Due,8500000.0
14673,Bareera Talpur,DEMO-KPT-14673,House No. DRB-494,Street 11,Malir,12,3,Apartment,Bareera Talpur,Minahil Baig,Verified,Paid,Under Review,Due,9500000.0
8370,Bareera Tunio,DEMO-KPT-8370,House No. DB-414,Street 15,Malir,12,3,Apartment,Bareera Tunio,Iqbal Nasar,Pending,Paid,Clear,Paid,9800000.0
13082,Luqman Zaman,DEMO-KPT-13082,House No. CR-314,Street 15,Malir,12,3,Apartment,Luqman Zaman,Lina Saeed,Litigated,Due,Clear,Paid,8300000.0
16244,Masood Shafiq,DEMO-KPT-16244,House No. DRC-360,Street 15,Malir,12,3,Apartment,Masood Shafiq,Parvez Qureshi,Verified,Paid,Under Review,Due,9900000.0
3797,Ilyas Daudzai,DEMO-KPT-3797,House No. D-583,Street 16,Malir,12,3,Apartment,Ilyas Daudzai,Shahida Raza,Pending,Paid,Under Review,Paid,10000000.0
8352,Rustam Durrani,DEMO-KPT-8352,House No. CR-788,Street 20,Malir,12,3,Apartment,Rustam Durrani,Manahil Usmani,Litigated,Due,Clear,Due,8900000.0
14642,Mansha Lak,DEMO-KPT-14642,House No. DCB-675,Street 26,Malir,12,3,Apartment,Mansha Lak,Kainat Ghani,Verified,Due,Issue Found,Due,8100000.0
6815,Rizwaan Bugti,DEMO-KPT-6815,House No. DR-323,Street 27,Malir,12,3,Apartment,Rizwaan Bugti,Humaira Zaidi,Pending,Paid,Issue Found,Due,9800000.0
13119,Ramsha Kalhoro,DEMO-KPT-13119,House No. RD-344,Street 27,Malir,12,3,Apartment,Ramsha Kalhoro,Ikhlaq Gill,Litigated,Due,Under Review,Paid,9200000.0
16269,Azan Bettani,DEMO-KPT-16269,House No. RBC-804,Street 27,Malir,12,3,Apartment,Azan Bettani,Ihtisham Joiya,Litigated,Due,Under Review,Paid,8200000.0
13118,Yawar Jafri,DEMO-KPT-13118,House No. RC-356,Street 29,Malir,12,3,Apartment,Yawar Jafri,Arisha Saleem,Verified,Due,Issue Found,Due,8100000.0
9802,Emaad Majeed,DEMO-KPT-9802,House No. BB-817,Street 30,Malir,12,3,Apartment,Emaad Majeed,Sehrish Bangash,Verified,Paid,Under Review,Due,9000000.0
14744,Rabia Mazari,DEMO-KPT-14744,House No. DBR-450,Street 1,Malir,13,3,Apartment,Rabia Mazari,Siddique Sohu,Verified,Paid,Issue Found,Due,9100000.0
11623,Zarmeen Mohammadzai,DEMO-KPT-11623,House No. BD-515,Street 3,Malir,13,3,Apartment,Zarmeen Mohammadzai,Mirha Kiani,Pending,Due,Under Review,Due,9300000.0
3856,Shafay Dahri,DEMO-KPT-3856,House No. DR-768,Street 4,Malir,13,3,Apartment,Shafay Dahri,Minhaj Umer,Litigated,Due,Clear,Due,9300000.0
5437,Muhammad Gondal,DEMO-KPT-5437,House No. CB-381,Street 4,Malir,13,3,Apartment,Muhammad Gondal,Adeel Kazmi,Litigated,Due,Under Review,Due,8300000.0
8412,Sania Jadoon,DEMO-KPT-8412,House No. DD-889,Street 5,Malir,13,3,Apartment,Sania Jadoon,Hadiqa Bijarani,Pending,Paid,Under Review,Due,8700000.0
14712,Mazhar Panhwar,DEMO-KPT-14712,House No. DCB-721,Street 5,Malir,13,3,Apartment,Mazhar Panhwar,Sajid Dayo,Pending,Paid,Under Review,Due,10000000.0
5484,Umaima Bashir,DEMO-KPT-5484,House No. BD-506,Street 7,Malir,13,3,Apartment,Umaima Bashir,Ghazala Ali,Pending,Paid,Clear,Paid,9900000.0
13134,Shafaq Tahir,DEMO-KPT-13134,House No. BB-754,Street 7,Malir,13,3,Apartment,Shafaq Tahir,Haleema Qadir,Pending,Paid,Clear,Paid,8000000.0
13163,Sanam Minhas,DEMO-KPT-13163,House No. RR-799,Street 10,Malir,13,3,Apartment,Sanam Minhas,Rustam Naqvi,Litigated,Due,Clear,Paid,10000000.0
3873,Zohra Samo,DEMO-KPT-3873,House No. RD-376,Street 11,Malir,13,3,Apartment,Zohra Samo,Minhaj Nasar,Verified,Paid,Under Review,Due,10000000.0
3885,Waseem Javed,DEMO-KPT-3885,House No. BD-706,Street 16,Malir,13,3,Apartment,Waseem Javed,Ayesha Sohu,Verified,Due,Clear,Due,9200000.0
8430,Ibrahim Baig,DEMO-KPT-8430,House No. BC-748,Street 16,Malir,13,3,Apartment,Ibrahim Baig,Nargis Hoti,Verified,Due,Clear,Paid,8100000.0
6918,Zaheer Mustafa,DEMO-KPT-6918,House No. RR-617,Street 17,Malir,13,3,Apartment,Zaheer Mustafa,Rehan Ilyas,Litigated,Due,Under Review,Due,8900000.0
11606,Nauman Tareen,DEMO-KPT-11606,House No. DR-356,Street 17,Malir,13,3,Apartment,Nauman Tareen,Khizar Raza,Pending,Paid,Under Review,Due,9600000.0
2419,Sobia Sandhu,DEMO-KPT-2419,House No. B-369,Street 19,Malir,13,3,Apartment,Sobia Sandhu,Beenish Lak,Pending,Due,Clear,Due,8100000.0
6919,Nuzhat Tanoli,DEMO-KPT-6919,House No. CB-623,Street 19,Malir,13,3,Apartment,Nuzhat Tanoli,Zahid Zubairi,Pending,Due,Clear,Due,9000000.0
9931,Moiz Virk,DEMO-KPT-9931,House No. BR-553,Street 19,Malir,13,3,Apartment,Moiz Virk,Abeera Pasha,Verified,Due,Clear,Due,9700000.0
16369,Mazen Bajwa,DEMO-KPT-16369,House No. DCB-739,Street 19,Malir,13,3,Apartment,Mazen Bajwa,Yusra Soomro,Pending,Due,Clear,Due,9800000.0
14714,Arslan Panezai,DEMO-KPT-14714,House No. BCD-560,Street 21,Malir,13,3,Apartment,Arslan Panezai,Zartaj Hinjra,Pending,Paid,Issue Found,Paid,8400000.0
3880,Obaid Ansari,DEMO-KPT-3880,House No. DR-491,Street 25,Malir,13,3,Apartment,Obaid Ansari,Sara Wazir,Pending,Due,Under Review,Due,9000000.0
6930,Rohail Qureshi,DEMO-KPT-6930,House No. CC-487,Street 25,Malir,13,3,Apartment,Rohail Qureshi,Fahim Lari,Pending,Due,Issue Found,Paid,9600000.0
3916,Imtiaz Aslam,DEMO-KPT-3916,House No. DC-347,Street 26,Malir,13,3,Apartment,Imtiaz Aslam,Samra Laghari,Pending,Paid,Clear,Due,8700000.0
14716,Mehrunnisa Ahmed,DEMO-KPT-14716,House No. BDC-439,Street 26,Malir,13,3,Apartment,Mehrunnisa Ahmed,Shayan Zahid,Pending,Paid,Clear,Due,8400000.0
13208,Ghazala Mirani,DEMO-KPT-13208,House No. CB-579,Street 30,Malir,13,3,Apartment,Ghazala Mirani,Tauseef Bhat,Litigated,Due,Under Review,Due,8100000.0
13259,Wajiha Latif,DEMO-KPT-13259,House No. DB-798,Street 1,Malir,14,3,Apartment,Wajiha Latif,Rabia Rafique,Litigated,Paid,Clear,Paid,9200000.0
3973,Uroosa Mansoor,DEMO-KPT-3973,House No. BR-736,Street 3,Malir,14,3,Apartment,Uroosa Mansoor,Raheel Lari,Pending,Due,Under Review,Due,9400000.0
14773,Rashida Lak,DEMO-KPT-14773,House No. DRB-303,Street 3,Malir,14,3,Apartment,Rashida Lak,Hamid Mahsud,Pending,Due,Under Review,Due,9900000.0
2516,Ambreen Zaman,DEMO-KPT-2516,House No. C-566,Street 5,Malir,14,3,Apartment,Ambreen Zaman,Sagheer Khokhar,Litigated,Paid,Under Review,Paid,9800000.0
6999,Wahab Bilgrami,DEMO-KPT-6999,House No. DR-314,Street 8,Malir,14,3,Apartment,Wahab Bilgrami,Fozia Bhatti,Litigated,Paid,Under Review,Due,9600000.0
5513,Sahrish Dar,DEMO-KPT-5513,House No. DR-680,Street 10,Malir,14,3,Apartment,Sahrish Dar,Awais Daudzai,Litigated,Due,Clear,Paid,8200000.0
14772,Shabana Gakhar,DEMO-KPT-14772,House No. CRB-637,Street 11,Malir,14,3,Apartment,Shabana Gakhar,Aleeza Latif,Pending,Due,Under Review,Due,8700000.0
16397,Shahzad Lodhi,DEMO-KPT-16397,House No. RCD-437,Street 16,Malir,14,3,Apartment,Shahzad Lodhi,Tooba Javed,Pending,Paid,Under Review,Paid,9300000.0
3956,Mahjabeen Nadeem,DEMO-KPT-3956,House No. DB-694,Street 17,Malir,14,3,Apartment,Mahjabeen Nadeem,Laraib Tunio,Pending,Paid,Under Review,Due,8900000.0
10068,Sumaira Yaqoob,DEMO-KPT-10068,House No. RR-839,Street 17,Malir,14,3,Apartment,Sumaira Yaqoob,Rimsha Popalzai,Litigated,Due,Under Review,Due,9200000.0
14771,Palwasha Sandhu,DEMO-KPT-14771,House No. BDR-690,Street 17,Malir,14,3,Apartment,Palwasha Sandhu,Humayun Majeed,Pending,Due,Clear,Paid,8400000.0
6981,Ayaz Laghari,DEMO-KPT-6981,House No. BC-619,Street 18,Malir,14,3,Apartment,Ayaz Laghari,Mirha Tahir,Verified,Paid,Clear,Paid,8400000.0
8550,Hira Popalzai,DEMO-KPT-8550,House No. CB-436,Street 19,Malir,14,3,Apartment,Hira Popalzai,Farzana Mazari,Verified,Due,Under Review,Due,9000000.0
11700,Nauman Dogar,DEMO-KPT-11700,House No. DD-353,Street 19,Malir,14,3,Apartment,Nauman Dogar,Zaib Warsi,Verified,Due,Under Review,Due,8200000.0
13219,Shamim Noor,DEMO-KPT-13219,House No. CR-405,Street 19,Malir,14,3,Apartment,Shamim Noor,Salma Bukhari,Pending,Due,Clear,Due,9500000.0
11773,Fakhar Zaidi,DEMO-KPT-11773,House No. DB-574,Street 20,Malir,14,3,Apartment,Fakhar Zaidi,Yusra Tiwana,Pending,Due,Under Review,Due,9800000.0
7008,Junaid Mohammadzai,DEMO-KPT-7008,House No. DC-874,Street 23,Malir,14,3,Apartment,Junaid Mohammadzai,Sitara Nawaz,Verified,Due,Under Review,Paid,8100000.0
3984,Aryan Farooq,DEMO-KPT-3984,House No. BD-840,Street 24,Malir,14,3,Apartment,Aryan Farooq,Aneeqa Jamal,Verified,Paid,Under Review,Due,9700000.0
16435,Farheen Cheena,DEMO-KPT-16435,House No. BCR-315,Street 24,Malir,14,3,Apartment,Farheen Cheena,Nabeeha Sultan,Litigated,Paid,Issue Found,Paid,9200000.0
16383,Rashida Minhas,DEMO-KPT-16383,House No. BCR-449,Street 26,Malir,14,3,Apartment,Rashida Minhas,Nihal Shafiq,Pending,Paid,Issue Found,Due,8800000.0
16442,Nudrat Bilgrami,DEMO-KPT-16442,House No. BRC-674,Street 26,Malir,14,3,Apartment,Nudrat Bilgrami,Urwa Mari,Verified,Due,Issue Found,Due,8200000.0
2594,Asim Sadiq,DEMO-KPT-2594,House No. B-589,Street 1,Malir,15,3,Apartment,Asim Sadiq,Fatima Leghari,Verified,Paid,Issue Found,Due,9200000.0
11803,Shagufta Toor,DEMO-KPT-11803,House No. BD-334,Street 1,Malir,15,3,Apartment,Shagufta Toor,Javed Baig,Verified,Paid,Clear,Paid,9600000.0
2544,Mashal Hayat,DEMO-KPT-2544,House No. R-387,Street 3,Malir,15,3,Apartment,Mashal Hayat,Faisal Ghaffar,Litigated,Paid,Issue Found,Paid,9300000.0
8587,Tayyeb Virk,DEMO-KPT-8587,House No. CB-329,Street 4,Malir,15,3,Apartment,Tayyeb Virk,Zuha Bukhari,Litigated,Due,Under Review,Due,8400000.0
13393,Nailah Farooq,DEMO-KPT-13393,House No. CD-362,Street 4,Malir,15,3,Apartment,Nailah Farooq,Nafisa Durrani,Litigated,Paid,Under Review,Paid,8400000.0
4053,Ejaz Rajper,DEMO-KPT-4053,House No. RD-453,Street 5,Malir,15,3,Apartment,Ejaz Rajper,Aslam Rajper,Pending,Paid,Issue Found,Due,9500000.0
14866,Asad Gondal,DEMO-KPT-14866,House No. BDR-751,Street 5,Malir,15,3,Apartment,Asad Gondal,Zoya Dawood,Pending,Paid,Issue Found,Paid,9700000.0
13360,Qadir Mirani,DEMO-KPT-13360,House No. CD-420,Street 6,Malir,15,3,Apartment,Qadir Mirani,Israr Laghari,Verified,Due,Issue Found,Due,8600000.0
13299,Omer Waheed,DEMO-KPT-13299,House No. RC-621,Street 8,Malir,15,3,Apartment,Omer Waheed,Tariq Gakhar,Litigated,Paid,Under Review,Due,9500000.0
4006,Mehrunnisa Virk,DEMO-KPT-4006,House No. RC-363,Street 9,Malir,15,3,Apartment,Mehrunnisa Virk,Faizan Mughal,Pending,Paid,Issue Found,Paid,9200000.0
11801,Aneeqa Khan,DEMO-KPT-11801,House No. RC-691,Street 9,Malir,15,3,Apartment,Aneeqa Khan,Nida Lughmani,Litigated,Paid,Issue Found,Due,10000000.0
16477,Arooj Hayat,DEMO-KPT-16477,House No. BDR-394,Street 9,Malir,15,3,Apartment,Arooj Hayat,Naveed Lashari,Pending,Paid,Under Review,Due,9800000.0
7052,Bakhtawar Bijarani,DEMO-KPT-7052,House No. RR-399,Street 11,Malir,15,3,Apartment,Bakhtawar Bijarani,Athar Ghumman,Litigated,Due,Under Review,Due,8600000.0
4069,Tayyaba Hanif,DEMO-KPT-4069,House No. DR-444,Street 14,Malir,15,3,Apartment,Tayyaba Hanif,Asma Lodhi,Litigated,Due,Clear,Paid,9700000.0
8569,Yameen Zaidi,DEMO-KPT-8569,House No. CC-489,Street 14,Malir,15,3,Apartment,Yameen Zaidi,Jahangir Warsi,Litigated,Due,Clear,Paid,9900000.0
16470,Tariq Popalzai,DEMO-KPT-16470,House No. CDR-843,Street 15,Malir,15,3,Apartment,Tariq Popalzai,Babar Ilyas,Pending,Paid,Clear,Paid,9600000.0
10097,Mateen Joiya,DEMO-KPT-10097,House No. RB-692,Street 16,Malir,15,3,Apartment,Mateen Joiya,Nimra Haral,Pending,Paid,Under Review,Paid,8700000.0
5568,Mahrukh Mohmand,DEMO-KPT-5568,House No. CD-551,Street 17,Malir,15,3,Apartment,Mahrukh Mohmand,Maimoona Warsi,Litigated,Due,Under Review,Due,8700000.0
11856,Ehsan Hashmi,DEMO-KPT-11856,House No. BB-671,Street 17,Malir,15,3,Apartment,Ehsan Hashmi,Humayun Swati,Verified,Due,Issue Found,Due,8200000.0
4050,Jabbar Hoti,DEMO-KPT-4050,House No. DC-798,Street 19,Malir,15,3,Apartment,Jabbar Hoti,Rida Lak,Verified,Due,Under Review,Due,8800000.0
7076,Wajiha Ghani,DEMO-KPT-7076,House No. BC-652,Street 27,Malir,15,3,Apartment,Wajiha Ghani,Saba Daudzai,Verified,Due,Clear,Paid,9300000.0
8653,Irum Nadeem,DEMO-KPT-8653,House No. DC-351,Street 1,Malir,16,3,Apartment,Irum Nadeem,Awais Bashir,Verified,Paid,Clear,Paid,9000000.0
14910,Areeba Shafi,DEMO-KPT-14910,House No. RDB-572,Street 1,Malir,16,3,Apartment,Areeba Shafi,Komal Qadir,Pending,Paid,Issue Found,Due,9800000.0
4144,Arsalan Bangash,DEMO-KPT-4144,House No. CC-377,Street 3,Malir,16,3,Apartment,Arsalan Bangash,Saif Wani,Pending,Paid,Clear,Due,8200000.0
5591,Farooq Nawaz,DEMO-KPT-5591,House No. CC-608,Street 3,Malir,16,3,Apartment,Farooq Nawaz,Ihtisham Virk,Pending,Paid,Under Review,Paid,8300000.0
8644,Mariam Haral,DEMO-KPT-8644,House No. RR-437,Street 3,Malir,16,3,Apartment,Mariam Haral,Maaz Jadoon,Pending,Paid,Clear,Due,9300000.0
11879,Jabbar Unar,DEMO-KPT-11879,House No. DR-796,Street 3,Malir,16,3,Apartment,Jabbar Unar,Sakina Zaidi,Litigated,Paid,Issue Found,Due,9300000.0
13423,Hafiz Kalhoro,DEMO-KPT-13423,House No. RB-463,Street 3,Malir,16,3,Apartment,Hafiz Kalhoro,Laila Bhurgri,Pending,Due,Under Review,Due,9100000.0
2648,Zubia Hameed,DEMO-KPT-2648,House No. C-803,Street 7,Malir,16,3,Apartment,Zubia Hameed,Sheraz Mehmood,Litigated,Due,Clear,Paid,9100000.0
14906,Rashida Yousaf,DEMO-KPT-14906,House No. RDB-421,Street 9,Malir,16,3,Apartment,Rashida Yousaf,Jamila Alvi,Verified,Due,Under Review,Paid,8600000.0
13493,Esha Sahito,DEMO-KPT-13493,House No. RDC-864,Street 10,Malir,16,3,Apartment,Esha Sahito,Moeen Zahid,Litigated,Paid,Issue Found,Paid,9000000.0
14963,Ijaz Gill,DEMO-KPT-14963,House No. RCD-603,Street 10,Malir,16,3,Apartment,Ijaz Gill,Shoaib Sultan,Litigated,Due,Clear,Paid,9100000.0
5575,Sabeen Palijo,DEMO-KPT-5575,House No. BB-813,Street 12,Malir,16,3,Apartment,Sabeen Palijo,Sakina Dar,Pending,Paid,Under Review,Paid,9900000.0
16535,Subhan Mahar,DEMO-KPT-16535,House No. CRD-506,Street 13,Malir,16,3,Apartment,Subhan Mahar,Majid Saleem,Verified,Paid,Issue Found,Due,10000000.0
13511,Salman Shakeel,DEMO-KPT-13511,House No. BCD-754,Street 15,Malir,16,3,Apartment,Salman Shakeel,Zubair Yasin,Pending,Paid,Issue Found,Due,8000000.0
7136,Nouman Lodhi,DEMO-KPT-7136,House No. BC-843,Street 18,Malir,16,3,Apartment,Nouman Lodhi,Rahila Gandapur,Verified,Paid,Issue Found,Due,8900000.0
4081,Khalid Khan,DEMO-KPT-4081,House No. DB-852,Street 19,Malir,16,3,Apartment,Khalid Khan,Saira Naseem,Verified,Due,Clear,Due,8500000.0
10152,Hafsa Wani,DEMO-KPT-10152,House No. DC-309,Street 20,Malir,16,3,Apartment,Hafsa Wani,Tahir Awan,Litigated,Due,Clear,Due,9100000.0
11893,Sameer Wani,DEMO-KPT-11893,House No. DR-761,Street 23,Malir,16,3,Apartment,Sameer Wani,Mansha Warsi,Pending,Due,Clear,Paid,9900000.0
8617,Saleem Jaffri,DEMO-KPT-8617,House No. DD-710,Street 25,Malir,16,3,Apartment,Saleem Jaffri,Nadeem Jogezai,Pending,Due,Issue Found,Paid,9400000.0
2611,Bareera Magsi,DEMO-KPT-2611,House No. C-896,Street 26,Malir,16,3,Apartment,Bareera Magsi,Jibran Imran,Verified,Paid,Clear,Paid,9900000.0
5642,Sobia Wattoo,DEMO-KPT-5642,House No. BB-610,Street 26,Malir,16,3,Apartment,Sobia Wattoo,Hussain Korai,Verified,Due,Issue Found,Due,8400000.0
10172,Hamid Jaffri,DEMO-KPT-10172,House No. CC-679,Street 26,Malir,16,3,Apartment,Hamid Jaffri,Shamoon Ghani,Pending,Due,Under Review,Paid,9400000.0
4119,Zubaida Ghauri,DEMO-KPT-4119,House No. DC-465,Street 27,Malir,16,3,Apartment,Zubaida Ghauri,Saif Marri,Litigated,Due,Under Review,Paid,8100000.0
7119,Ghazala Swati,DEMO-KPT-7119,House No. RR-353,Street 28,Malir,16,3,Apartment,Ghazala Swati,Shanza Yazdani,Litigated,Paid,Issue Found,Due,8700000.0
10175,Naveed Bilgrami,DEMO-KPT-10175,House No. RB-656,Street 29,Malir,16,3,Apartment,Naveed Bilgrami,Zara Mangi,Litigated,Paid,Under Review,Paid,8600000.0
4153,Ayeza Wattoo,DEMO-KPT-4153,House No. RB-399,Street 1,Malir,17,3,Apartment,Ayeza Wattoo,Imad Cheena,Verified,Paid,Clear,Paid,9100000.0
10279,Asma Rajper,DEMO-KPT-10279,House No. RC-558,Street 1,Malir,17,3,Apartment,Asma Rajper,Atiya Ghumman,Pending,Due,Clear,Due,8400000.0
13515,Ahsan Baloch,DEMO-KPT-13515,House No. RCD-681,Street 4,Malir,17,3,Apartment,Ahsan Baloch,Noor Khan,Pending,Paid,Under Review,Due,8200000.0
4222,Kamal Rafique,DEMO-KPT-4222,House No. RR-356,Street 5,Malir,17,3,Apartment,Kamal Rafique,Sheraz Achakzai,Litigated,Due,Clear,Due,8300000.0
5702,Sadiq Zafar,DEMO-KPT-5702,House No. DD-305,Street 11,Malir,17,3,Apartment,Sadiq Zafar,Umar Chandio,Litigated,Due,Under Review,Due,8100000.0
2719,Haleema Zahid,DEMO-KPT-2719,House No. R-559,Street 14,Malir,17,3,Apartment,Haleema Zahid,Shehryar Lakhani,Litigated,Due,Clear,Paid,8700000.0
13532,Uroosa Mahar,DEMO-KPT-13532,House No. DRC-812,Street 15,Malir,17,3,Apartment,Uroosa Mahar,Afzal Rajput,Litigated,Due,Clear,Paid,9900000.0
5730,Hammad Mazari,DEMO-KPT-5730,House No. DD-825,Street 16,Malir,17,3,Apartment,Hammad Mazari,Inaya Kakar,Verified,Due,Clear,Paid,8400000.0
15018,Noman Mughal,DEMO-KPT-15018,House No. CDB-460,Street 17,Malir,17,3,Apartment,Noman Mughal,Nafisa Butt,Litigated,Due,Under Review,Due,8900000.0
4219,Ayaz Sardar,DEMO-KPT-4219,House No. CD-448,Street 19,Malir,17,3,Apartment,Ayaz Sardar,Adil Jadoon,Pending,Due,Clear,Due,8000000.0
7200,Mehreen Jamal,DEMO-KPT-7200,House No. BR-333,Street 19,Malir,17,3,Apartment,Mehreen Jamal,Zahida Wattoo,Verified,Due,Under Review,Due,9000000.0
8719,Shehryar Cheema,DEMO-KPT-8719,House No. BC-803,Street 19,Malir,17,3,Apartment,Shehryar Cheema,Asra Jaffri,Pending,Due,Clear,Due,8300000.0
15019,Shahroz Farooqi,DEMO-KPT-15019,House No. DRB-595,Street 19,Malir,17,3,Apartment,Shahroz Farooqi,Arsalan Qadri,Pending,Due,Clear,Due,8900000.0
16596,Nida Lone,DEMO-KPT-16596,House No. DCB-316,Street 21,Malir,17,3,Apartment,Nida Lone,Zoya Hoti,Verified,Paid,Clear,Due,9400000.0
10284,Fareed Palijo,DEMO-KPT-10284,House No. CR-624,Street 24,Malir,17,3,Apartment,Fareed Palijo,Tahseen Abbasi,Verified,Paid,Under Review,Due,9500000.0
11942,Qamar Sheikh,DEMO-KPT-11942,House No. RD-385,Street 26,Malir,17,3,Apartment,Qamar Sheikh,Sehrish Mazari,Verified,Due,Issue Found,Due,8000000.0
8676,Rustam Tanoli,DEMO-KPT-8676,House No. BC-539,Street 27,Malir,17,3,Apartment,Rustam Tanoli,Mubashra Mohammadzai,Pending,Paid,Issue Found,Paid,9000000.0
8697,Tamkeen Sohu,DEMO-KPT-8697,House No. CR-459,Street 27,Malir,17,3,Apartment,Tamkeen Sohu,Tanveer Samo,Pending,Due,Clear,Due,8600000.0
14997,Saleem Bhat,DEMO-KPT-14997,House No. RBC-415,Street 27,Malir,17,3,Apartment,Saleem Bhat,Zohra Qazi,Pending,Due,Clear,Due,9700000.0
16569,Farrukh Imran,DEMO-KPT-16569,House No. CBR-355,Street 28,Malir,17,3,Apartment,Farrukh Imran,Hashir Cheena,Litigated,Paid,Issue Found,Due,8600000.0
10252,Kaleem Jaffri,DEMO-KPT-10252,House No. RD-494,Street 30,Malir,17,3,Apartment,Kaleem Jaffri,Azeem Bhurgri,Verified,Paid,Under Review,Due,8600000.0
2803,Shagufta Popalzai,DEMO-KPT-2803,House No. C-325,Street 1,Malir,18,3,Apartment,Shagufta Popalzai,Muneeb Chaudhry,Verified,Paid,Clear,Paid,9700000.0
13560,Saira Jaffri,DEMO-KPT-13560,House No. DBR-309,Street 1,Malir,18,3,Apartment,Saira Jaffri,Shehzad Sohu,Pending,Paid,Issue Found,Due,9600000.0
15041,Zaid Gabol,DEMO-KPT-15041,House No. CDB-816,Street 3,Malir,18,3,Apartment,Zaid Gabol,Mahrukh Jadoon,Pending,Paid,Under Review,Paid,8800000.0
12043,Akram Baloch,DEMO-KPT-12043,House No. RD-658,Street 4,Malir,18,3,Apartment,Akram Baloch,Gohar Lakhani,Litigated,Paid,Under Review,Paid,9700000.0
8816,Mehmood Mohammadzai,DEMO-KPT-8816,House No. DD-349,Street 5,Malir,18,3,Apartment,Mehmood Mohammadzai,Asim Iqbal,Litigated,Paid,Under Review,Paid,9500000.0
10353,Hina Yaqoob,DEMO-KPT-10353,House No. DB-560,Street 5,Malir,18,3,Apartment,Hina Yaqoob,Sitara Javed,Pending,Paid,Issue Found,Due,9900000.0
11966,Luqmaan Qadir,DEMO-KPT-11966,House No. DC-488,Street 5,Malir,18,3,Apartment,Luqmaan Qadir,Wajiha Joiya,Litigated,Paid,Under Review,Paid,8400000.0
5798,Sumbal Tiwana,DEMO-KPT-5798,House No. DC-673,Street 7,Malir,18,3,Apartment,Sumbal Tiwana,Kabeer Rafique,Litigated,Due,Clear,Paid,8000000.0
2730,Khansa Sadiq,DEMO-KPT-2730,House No. R-573,Street 8,Malir,18,3,Apartment,Khansa Sadiq,Ahad Yaqoob,Litigated,Due,Issue Found,Due,9200000.0
4287,Kashif Waheed,DEMO-KPT-4287,House No. CD-715,Street 8,Malir,18,3,Apartment,Kashif Waheed,Syeda Tahir,Pending,Paid,Issue Found,Due,9800000.0
8799,Tehmina Kidwai,DEMO-KPT-8799,House No. BC-571,Street 8,Malir,18,3,Apartment,Tehmina Kidwai,Sadiq Ali,Litigated,Paid,Under Review,Due,9600000.0
11977,Madiha Toor,DEMO-KPT-11977,House No. DD-333,Street 9,Malir,18,3,Apartment,Madiha Toor,Asim Niazi,Pending,Paid,Under Review,Due,8100000.0
15031,Aleeza Tunio,DEMO-KPT-15031,House No. BDR-730,Street 14,Malir,18,3,Apartment,Aleeza Tunio,Manzoor Mahsud,Verified,Due,Under Review,Paid,8800000.0
2732,Sadiq Pirzada,DEMO-KPT-2732,House No. B-467,Street 15,Malir,18,3,Apartment,Sadiq Pirzada,Shagufta Sadiq,Litigated,Due,Clear,Paid,8500000.0
5882,Kafeel Gakhar,DEMO-KPT-5882,House No. RB-890,Street 15,Malir,18,3,Apartment,Kafeel Gakhar,Farwa Farooq,Litigated,Due,Clear,Paid,8100000.0
10361,Zehra Cheena,DEMO-KPT-10361,House No. RB-818,Street 15,Malir,18,3,Apartment,Zehra Cheena,Shama Bajwa,Pending,Paid,Issue Found,Due,8900000.0
13621,Zehra Tareen,DEMO-KPT-13621,House No. BCD-622,Street 16,Malir,18,3,Apartment,Zehra Tareen,Feryal Akhtar,Verified,Paid,Issue Found,Paid,8600000.0
10350,Atiya Orakzai,DEMO-KPT-10350,House No. DD-595,Street 19,Malir,18,3,Apartment,Atiya Orakzai,Sajjad Gilani,Verified,Due,Under Review,Due,9900000.0
11991,Rakhshanda Umer,DEMO-KPT-11991,House No. RB-599,Street 20,Malir,18,3,Apartment,Rakhshanda Umer,Sehrish Tanvir,Litigated,Paid,Issue Found,Due,8800000.0
12014,Sehrish Panezai,DEMO-KPT-12014,House No. BC-634,Street 21,Malir,18,3,Apartment,Sehrish Panezai,Sumaira Kakar,Pending,Paid,Issue Found,Paid,8100000.0
5791,Benazir Kasi,DEMO-KPT-5791,House No. BC-543,Street 22,Malir,18,3,Apartment,Benazir Kasi,Anum Gandapur,Verified,Due,Clear,Paid,9400000.0
16721,Asif Tanvir,DEMO-KPT-16721,House No. DBR-384,Street 22,Malir,18,3,Apartment,Asif Tanvir,Farid Randhawa,Verified,Paid,Under Review,Paid,10000000.0
8743,Shazia Sipra,DEMO-KPT-8743,House No. RD-722,Street 23,Malir,18,3,Apartment,Shazia Sipra,Khalid Lari,Pending,Due,Clear,Paid,8000000.0
8830,Waseem Rashid,DEMO-KPT-8830,House No. DC-708,Street 25,Malir,18,3,Apartment,Waseem Rashid,Dilshad Cheema,Pending,Due,Under Review,Due,8200000.0
7269,Maryum Kamboh,DEMO-KPT-7269,House No. CC-885,Street 27,Malir,18,3,Apartment,Maryum Kamboh,Kashif Naqvi,Litigated,Due,Under Review,Paid,9200000.0
2768,Sadia Zaman,DEMO-KPT-2768,House No. B-515,Street 29,Malir,18,3,Apartment,Sadia Zaman,Anas Janjua,Verified,Due,Issue Found,Due,8800000.0
16757,Rahim Buriro,DEMO-KPT-16757,House No. DBR-602,Street 30,Malir,18,3,Apartment,Rahim Buriro,Emaan Malik,Verified,Paid,Issue Found,Due,9100000.0
7303,Ghulam Afridi,DEMO-KPT-7303,House No. BB-863,Street 1,Malir,19,3,Apartment,Ghulam Afridi,Zamzam Awan,Verified,Paid,Clear,Paid,8300000.0
8894,Mahira Daudzai,DEMO-KPT-8894,House No. CD-578,Street 1,Malir,19,3,Apartment,Mahira Daudzai,Shoaib Tareen,Verified,Paid,Issue Found,Due,8000000.0
8844,Maryam Anwar,DEMO-KPT-8844,House No. DC-359,Street 3,Malir,19,3,Apartment,Maryam Anwar,Abeera Mengal,Litigated,Paid,Issue Found,Paid,8900000.0
13691,Nadia Dawood,DEMO-KPT-13691,House No. BCD-314,Street 3,Malir,19,3,Apartment,Nadia Dawood,Manzoor Ghauri,Pending,Paid,Under Review,Paid,10000000.0
15087,Bareera Yousaf,DEMO-KPT-15087,House No. CBD-682,Street 8,Malir,19,3,Apartment,Bareera Yousaf,Yousaf Yasin,Pending,Paid,Issue Found,Due,9200000.0
5906,Fiza Naqvi,DEMO-KPT-5906,House No. CC-420,Street 9,Malir,19,3,Apartment,Fiza Naqvi,Tariq Khattak,Verified,Due,Under Review,Paid,8700000.0
10394,Zamzam Zahid,DEMO-KPT-10394,House No. RB-842,Street 15,Malir,19,3,Apartment,Zamzam Zahid,Basit Qazi,Verified,Paid,Under Review,Due,9200000.0
2821,Jahangir Jaffri,DEMO-KPT-2821,House No. R-459,Street 16,Malir,19,3,Apartment,Jahangir Jaffri,Fayyaz Kalhoro,Verified,Paid,Issue Found,Paid,9600000.0
4335,Omer Awan,DEMO-KPT-4335,House No. CR-856,Street 16,Malir,19,3,Apartment,Omer Awan,Manahil Yasin,Verified,Due,Clear,Due,8300000.0
2856,Murtaza Ali,DEMO-KPT-2856,House No. C-790,Street 17,Malir,19,3,Apartment,Murtaza Ali,Nadeem Gill,Verified,Due,Issue Found,Due,9000000.0
7356,Sonia Tariq,DEMO-KPT-7356,House No. DD-808,Street 17,Malir,19,3,Apartment,Sonia Tariq,Zohair Randhawa,Verified,Due,Issue Found,Due,9500000.0
13668,Shahid Ghani,DEMO-KPT-13668,House No. BDR-716,Street 17,Malir,19,3,Apartment,Shahid Ghani,Lamia Zubairi,Litigated,Due,Under Review,Due,9900000.0
16806,Mehreen Panhwar,DEMO-KPT-16806,House No. DBR-371,Street 17,Malir,19,3,Apartment,Mehreen Panhwar,Jamshed Ahmed,Verified,Due,Issue Found,Due,9700000.0
15081,Sadaqat Turk,DEMO-KPT-15081,House No. BRD-584,Street 18,Malir,19,3,Apartment,Sadaqat Turk,Awais Ilyas,Verified,Paid,Clear,Paid,8200000.0
4341,Abdullah Peerzada,DEMO-KPT-4341,House No. BC-686,Street 20,Malir,19,3,Apartment,Abdullah Peerzada,Hashim Kasi,Litigated,Paid,Issue Found,Due,8500000.0
8841,Manzoor Naseem,DEMO-KPT-8841,House No. BD-618,Street 20,Malir,19,3,Apartment,Manzoor Naseem,Inam Bhurgri,Litigated,Paid,Issue Found,Due,8600000.0
15141,Rubina Yasin,DEMO-KPT-15141,House No. RBC-633,Street 20,Malir,19,3,Apartment,Rubina Yasin,Mariam Sindhi,Litigated,Paid,Issue Found,Due,9600000.0
12096,Nawaz Ghauri,DEMO-KPT-12096,House No. DC-579,Street 21,Malir,19,3,Apartment,Nawaz Ghauri,Ismail Panezai,Verified,Paid,Clear,Due,9400000.0
15108,Shamim Gakhar,DEMO-KPT-15108,House No. BCR-740,Street 23,Malir,19,3,Apartment,Shamim Gakhar,Hafiz Mahar,Verified,Due,Under Review,Paid,9700000.0
12084,Sara Kazmi,DEMO-KPT-12084,House No. DR-693,Street 24,Malir,19,3,Apartment,Sara Kazmi,Shoaib Talpur,Verified,Paid,Under Review,Due,8000000.0
5917,Aqib Dayo,DEMO-KPT-5917,House No. BB-404,Street 25,Malir,19,3,Apartment,Aqib Dayo,Laraib Magsi,Pending,Due,Issue Found,Paid,8100000.0
2847,Arsalan Mansoor,DEMO-KPT-2847,House No. R-393,Street 27,Malir,19,3,Apartment,Arsalan Mansoor,Mahjabeen Soomro,Pending,Due,Clear,Due,8700000.0
7326,Yahya Mian,DEMO-KPT-7326,House No. CR-767,Street 27,Malir,19,3,Apartment,Yahya Mian,Tamkeen Marwat,Pending,Paid,Issue Found,Paid,9600000.0
5926,Mahrukh Rizvi,DEMO-KPT-5926,House No. RB-847,Street 29,Malir,19,3,Apartment,Mahrukh Rizvi,Azeem Bettani,Pending,Paid,Issue Found,Due,8900000.0
15144,Minahil Warsi,DEMO-KPT-15144,House No. DRC-829,Street 3,Malir,20,3,Apartment,Minahil Warsi,Arisha Rehman,Litigated,Paid,Issue Found,Paid,9000000.0
16944,Ghazanfar Kidwai,DEMO-KPT-16944,House No. BCD-494,Street 3,Malir,20,3,Apartment,Ghazanfar Kidwai,Nayab Dawood,Litigated,Paid,Issue Found,Paid,9500000.0
12153,Shahab Soomro,DEMO-KPT-12153,House No. BC-649,Street 5,Malir,20,3,Apartment,Shahab Soomro,Shafaq Warraich,Pending,Paid,Issue Found,Due,9200000.0
12166,Shazia Alvi,DEMO-KPT-12166,House No. BD-728,Street 5,Malir,20,3,Apartment,Shazia Alvi,Manahil Jaffri,Pending,Paid,Issue Found,Paid,8500000.0
13766,Mohib Joiya,DEMO-KPT-13766,House No. BCR-579,Street 5,Malir,20,3,Apartment,Mohib Joiya,Mahjabeen Rashid,Litigated,Paid,Under Review,Paid,8000000.0
15162,Aun Bhurgri,DEMO-KPT-15162,House No. RDC-382,Street 5,Malir,20,3,Apartment,Aun Bhurgri,Arooj Mari,Pending,Paid,Under Review,Due,9100000.0
16921,Tasneem Hinjra,DEMO-KPT-16921,House No. CBD-617,Street 7,Malir,20,3,Apartment,Tasneem Hinjra,Nashra Aslam,Litigated,Paid,Under Review,Due,9100000.0
16899,Manahil Kazmi,DEMO-KPT-16899,House No. RBC-844,Street 8,Malir,20,3,Apartment,Manahil Kazmi,Iffat Dreshak,Litigated,Paid,Under Review,Due,9100000.0
8980,Faisal Naqvi,DEMO-KPT-8980,House No. DB-719,Street 9,Malir,20,3,Apartment,Faisal Naqvi,Ashar Sardar,Verified,Due,Issue Found,Paid,10000000.0
12206,Noman Parvez,DEMO-KPT-12206,House No. RB-592,Street 9,Malir,20,3,Apartment,Noman Parvez,Farrukh Lughmani,Verified,Due,Under Review,Paid,8900000.0
5963,Inaya Memon,DEMO-KPT-5963,House No. RB-794,Street 10,Malir,20,3,Apartment,Inaya Memon,Iram Lari,Litigated,Due,Clear,Paid,8700000.0
8922,Nosheen Shafi,DEMO-KPT-8922,House No. BC-868,Street 11,Malir,20,3,Apartment,Nosheen Shafi,Ilyas Naseem,Pending,Due,Under Review,Due,9600000.0
2875,Daniya Kamal,DEMO-KPT-2875,House No. B-596,Street 12,Malir,20,3,Apartment,Daniya Kamal,Saira Alvi,Pending,Paid,Under Review,Paid,8800000.0
5971,Sahar Sohu,DEMO-KPT-5971,House No. RD-386,Street 16,Malir,20,3,Apartment,Sahar Sohu,Nashra Mehmood,Verified,Paid,Issue Found,Paid,8100000.0
10547,Alina Wani,DEMO-KPT-10547,House No. CC-753,Street 16,Malir,20,3,Apartment,Alina Wani,Asad Khan,Pending,Paid,Under Review,Paid,10000000.0
4421,Hania Rizvi,DEMO-KPT-4421,House No. CB-634,Street 17,Malir,20,3,Apartment,Hania Rizvi,Mushtaq Hanif,Pending,Due,Clear,Paid,8800000.0
7368,Nauman Sial,DEMO-KPT-7368,House No. RD-570,Street 17,Malir,20,3,Apartment,Nauman Sial,Mehwish Cheena,Litigated,Due,Under Review,Due,9200000.0
7452,Khawar Tiwana,DEMO-KPT-7452,House No. CC-662,Street 20,Malir,20,3,Apartment,Khawar Tiwana,Qurat Shaikh,Litigated,Due,Clear,Due,8000000.0
16902,Farzana Waheed,DEMO-KPT-16902,House No. CDR-380,Street 20,Malir,20,3,Apartment,Farzana Waheed,Imad Shinwari,Litigated,Due,Clear,Due,9700000.0
16908,Ihtisham Farooqi,DEMO-KPT-16908,House No. RCD-386,Street 23,Malir,20,3,Apartment,Ihtisham Farooqi,Waleed Farooq,Verified,Due,Under Review,Paid,8800000.0
5985,Unaiza Butt,DEMO-KPT-5985,House No. BR-874,Street 26,Malir,20,3,Apartment,Unaiza Butt,Talat Mir,Verified,Paid,Clear,Paid,8700000.0
8911,Amber Dreshak,DEMO-KPT-8911,House No. RD-557,Street 26,Malir,20,3,Apartment,Amber Dreshak,Maham Rajput,Verified,Paid,Clear,Paid,8400000.0
5997,Rehan Kamal,DEMO-KPT-5997,House No. RC-575,Street 27,Malir,20,3,Apartment,Rehan Kamal,Hira Lone,Pending,Due,Clear,Due,9000000.0
15219,Emaad Ghani,DEMO-KPT-15219,House No. RDB-648,Street 28,Malir,20,3,Apartment,Emaad Ghani,Aryan Alvi,Litigated,Paid,Issue Found,Due,9200000.0
2858,Anam Gondal,DEMO-KPT-2858,House No. R-604,Street 30,Malir,20,3,Apartment,Anam Gondal,Abbas Gabol,Litigated,Due,Under Review,Due,8400000.0
14934,Shahida Riaz,DEMO-KPT-14934,House No. DRB-441,Street 7,Model Town,1,3,Apartment,Shahida Riaz,Naureen Baig,Pending,Paid,Clear,Paid,8300000.0
1587,Ifrah Malik,DEMO-KPT-1587,House No. C-510,Street 8,Model Town,1,3,Apartment,Ifrah Malik,Akbar Rashid,Pending,Paid,Issue Found,Due,9400000.0
14825,Sahar Ghaffar,DEMO-KPT-14825,House No. RCD-691,Street 9,Model Town,1,3,Apartment,Sahar Ghaffar,Nafisa Rana,Pending,Due,Clear,Due,9400000.0
5125,Anwar Cheena,DEMO-KPT-5125,House No. BC-876,Street 12,Model Town,1,3,Apartment,Anwar Cheena,Affan Joiya,Pending,Paid,Under Review,Paid,9300000.0
5131,Parvez Wani,DEMO-KPT-5131,House No. RR-305,Street 14,Model Town,1,3,Apartment,Parvez Wani,Malaika Mirza,Verified,Due,Under Review,Paid,8500000.0
11541,Ejaz Rafique,DEMO-KPT-11541,House No. RB-607,Street 20,Model Town,1,3,Apartment,Ejaz Rafique,Nosheen Tiwana,Litigated,Paid,Issue Found,Due,9000000.0
1080,Maham Hussain,DEMO-KPT-1080,House No. A-236,Street 25,Model Town,1,3,Apartment,Maham Hussain,Usman Iqbal,Pending,Due,Issue Found,Paid,8700000.0
5123,Ahad Rafique,DEMO-KPT-5123,House No. RD-533,Street 26,Model Town,1,3,Apartment,Ahad Rafique,Mansoor Hayat,Litigated,Due,Clear,Paid,8900000.0
11566,Alina Samo,DEMO-KPT-11566,House No. RD-696,Street 26,Model Town,1,3,Apartment,Alina Samo,Tayyeb Usmani,Pending,Paid,Clear,Due,9900000.0
1508,Zamzam Marri,DEMO-KPT-1508,House No. D-783,Street 30,Model Town,1,3,Apartment,Zamzam Marri,Hadi Jaffri,Litigated,Due,Under Review,Due,8500000.0
5216,Ishaq Ijaz,DEMO-KPT-5216,House No. DD-721,Street 5,Model Town,2,3,Apartment,Ishaq Ijaz,Hashim Bhutto,Litigated,Paid,Under Review,Paid,10000000.0
8553,Jamshed Janjua,DEMO-KPT-8553,House No. DC-451,Street 5,Model Town,2,3,Apartment,Jamshed Janjua,Kanwal Jafri,Pending,Paid,Issue Found,Due,9900000.0
1149,Laiba Naeem,DEMO-KPT-1149,House No. A-515,Street 8,Model Town,2,3,Apartment,Laiba Naeem,Hamza Shah,Litigated,Paid,Under Review,Due,8500000.0
5187,Aqeel Achakzai,DEMO-KPT-5187,House No. CC-812,Street 8,Model Town,2,3,Apartment,Aqeel Achakzai,Kashaf Kayani,Pending,Paid,Issue Found,Due,9800000.0
11712,Ashar Gill,DEMO-KPT-11712,House No. CR-303,Street 8,Model Town,2,3,Apartment,Ashar Gill,Ayla Waheed,Litigated,Due,Under Review,Due,9700000.0
5227,Aqeel Khan,DEMO-KPT-5227,House No. RC-666,Street 9,Model Town,2,3,Apartment,Aqeel Khan,Madiha Jamal,Pending,Paid,Under Review,Due,8700000.0
8530,Taha Gill,DEMO-KPT-8530,House No. BD-668,Street 9,Model Town,2,3,Apartment,Taha Gill,Mehak Latif,Verified,Due,Issue Found,Paid,8200000.0
1131,Mariam Ali,DEMO-KPT-1131,House No. A-161,Street 18,Model Town,2,3,Apartment,Mariam Ali,Sadia Qureshi,Verified,Paid,Clear,Paid,9300000.0
5230,Isha Mustafa,DEMO-KPT-5230,House No. RR-745,Street 25,Model Town,2,3,Apartment,Isha Mustafa,Jawad Mahar,Pending,Due,Under Review,Due,9600000.0
1142,Fahad Shah,DEMO-KPT-1142,House No. A-301,Street 26,Model Town,2,3,Apartment,Fahad Shah,Hira Hussain,Verified,Due,Issue Found,Due,9500000.0
1711,Emaan Bajwa,DEMO-KPT-1711,House No. B-438,Street 26,Model Town,2,3,Apartment,Emaan Bajwa,Sabahat Umer,Verified,Paid,Clear,Paid,8600000.0
5222,Yaqoob Ghaffar,DEMO-KPT-5222,House No. RC-519,Street 26,Model Town,2,3,Apartment,Yaqoob Ghaffar,Affan Lak,Pending,Due,Under Review,Paid,9800000.0
8461,Sarfraz Khattak,DEMO-KPT-8461,House No. RR-606,Street 26,Model Town,2,3,Apartment,Sarfraz Khattak,Kanwar Bugti,Verified,Paid,Clear,Paid,9500000.0
15033,Benazir Shah,DEMO-KPT-15033,House No. CBD-382,Street 26,Model Town,2,3,Apartment,Benazir Shah,Aslam Javed,Pending,Paid,Issue Found,Due,9400000.0
1603,Hafsa Sial,DEMO-KPT-1603,House No. B-771,Street 27,Model Town,2,3,Apartment,Hafsa Sial,Mirza Jamali,Litigated,Due,Clear,Paid,8800000.0
1194,Ahsan Ahmed,DEMO-KPT-1194,House No. A-913,Street 3,Model Town,3,3,Apartment,Ahsan Ahmed,Mahnoor Shah,Litigated,Paid,Issue Found,Paid,8000000.0
11794,Fariha Noor,DEMO-KPT-11794,House No. CC-391,Street 3,Model Town,3,3,Apartment,Fariha Noor,Salma Ghazali,Pending,Paid,Clear,Due,9300000.0
15337,Aqsa Mian,DEMO-KPT-15337,House No. RDC-442,Street 4,Model Town,3,3,Apartment,Aqsa Mian,Usman Malik,Litigated,Due,Under Review,Due,8700000.0
1166,Adnan Noor,DEMO-KPT-1166,House No. A-81,Street 5,Model Town,3,3,Apartment,Adnan Noor,Mariam Naeem,Litigated,Paid,Under Review,Paid,8700000.0
12012,Aziz Ghani,DEMO-KPT-12012,House No. DC-448,Street 5,Model Town,3,3,Apartment,Aziz Ghani,Fahim Warsi,Pending,Paid,Under Review,Due,9000000.0
11971,Wali Jaffri,DEMO-KPT-11971,House No. CB-658,Street 7,Model Town,3,3,Apartment,Wali Jaffri,Zartaj Mian,Litigated,Paid,Under Review,Due,9300000.0
1780,Khadija Pasha,DEMO-KPT-1780,House No. B-617,Street 9,Model Town,3,3,Apartment,Khadija Pasha,Afshan Haral,Verified,Due,Issue Found,Paid,9800000.0
15275,Nazia Hinjra,DEMO-KPT-15275,House No. BCR-750,Street 9,Model Town,3,3,Apartment,Nazia Hinjra,Ammar Akhtar,Pending,Due,Clear,Due,8700000.0
11813,Shakeel Qureshi,DEMO-KPT-11813,House No. DD-452,Street 10,Model Town,3,3,Apartment,Shakeel Qureshi,Shafaq Bajwa,Litigated,Due,Clear,Paid,9800000.0
15222,Nafisa Popalzai,DEMO-KPT-15222,House No. CDR-823,Street 11,Model Town,3,3,Apartment,Nafisa Popalzai,Mahmood Siddiqui,Pending,Due,Under Review,Due,8400000.0
8725,Zeeshan Awan,DEMO-KPT-8725,House No. DC-898,Street 12,Model Town,3,3,Apartment,Zeeshan Awan,Burhan Sandhu,Pending,Paid,Under Review,Paid,9800000.0
5382,Isha Ghani,DEMO-KPT-5382,House No. BB-405,Street 14,Model Town,3,3,Apartment,Isha Ghani,Shaista Talpur,Verified,Due,Issue Found,Due,8000000.0
8731,Asim Hafeez,DEMO-KPT-8731,House No. RR-359,Street 14,Model Town,3,3,Apartment,Asim Hafeez,Anmol Dar,Verified,Due,Under Review,Paid,9300000.0
15236,Fariha Zaidi,DEMO-KPT-15236,House No. BDC-695,Street 18,Model Town,3,3,Apartment,Fariha Zaidi,Esha Akhtar,Verified,Paid,Issue Found,Due,8100000.0
1152,Nimra Sheikh,DEMO-KPT-1152,House No. A-166,Street 20,Model Town,3,3,Apartment,Nimra Sheikh,Usman Tariq,Litigated,Due,Clear,Due,8100000.0
1191,Fatima Siddiqui,DEMO-KPT-1191,House No. A-26,Street 20,Model Town,3,3,Apartment,Fatima Siddiqui,Shoaib Raza,Litigated,Paid,Issue Found,Due,9500000.0
8623,Feroz Umer,DEMO-KPT-8623,House No. DD-722,Street 20,Model Town,3,3,Apartment,Feroz Umer,Alishba Hameed,Pending,Due,Under Review,Due,9600000.0
8730,Shan Mahar,DEMO-KPT-8730,House No. DB-662,Street 25,Model Town,3,3,Apartment,Shan Mahar,Palwasha Durrani,Pending,Due,Issue Found,Paid,8100000.0
1719,Zayan Zubairi,DEMO-KPT-1719,House No. C-686,Street 28,Model Town,3,3,Apartment,Zayan Zubairi,Uroosa Dreshak,Litigated,Paid,Issue Found,Due,9300000.0
5503,Anmol Hanif,DEMO-KPT-5503,House No. CC-402,Street 1,Model Town,4,3,Apartment,Anmol Hanif,Sonia Jaffri,Verified,Paid,Clear,Paid,9600000.0
1243,Fahad Ali,DEMO-KPT-1243,House No. A-609,Street 4,Model Town,4,3,Apartment,Fahad Ali,Arsalan Qureshi,Litigated,Paid,Under Review,Paid,9200000.0
12165,Wasim Ghauri,DEMO-KPT-12165,House No. CC-830,Street 4,Model Town,4,3,Apartment,Wasim Ghauri,Zainab Farooq,Pending,Paid,Under Review,Due,9500000.0
5572,Nimra Rehman,DEMO-KPT-5572,House No. DD-466,Street 5,Model Town,4,3,Apartment,Nimra Rehman,Mateen Saif,Litigated,Due,Clear,Due,8300000.0
8787,Hoorain Barakzai,DEMO-KPT-8787,House No. CB-866,Street 8,Model Town,4,3,Apartment,Hoorain Barakzai,Salma Chandio,Pending,Paid,Issue Found,Due,9400000.0
12106,Irtaza Shah,DEMO-KPT-12106,House No. BR-811,Street 9,Model Town,4,3,Apartment,Irtaza Shah,Hafeez Randhawa,Pending,Paid,Issue Found,Paid,9500000.0
1913,Shehzad Tarar,DEMO-KPT-1913,House No. B-645,Street 10,Model Town,4,3,Apartment,Shehzad Tarar,Ramsha Dogar,Litigated,Due,Clear,Paid,8700000.0
12072,Hina Unar,DEMO-KPT-12072,House No. BR-792,Street 11,Model Town,4,3,Apartment,Hina Unar,Esha Qazi,Pending,Due,Under Review,Due,8200000.0
1975,Madiha Dreshak,DEMO-KPT-1975,House No. B-637,Street 12,Model Town,4,3,Apartment,Madiha Dreshak,Inshal Bugti,Pending,Paid,Under Review,Paid,9700000.0
15475,Bilal Mughal,DEMO-KPT-15475,House No. CRB-534,Street 12,Model Town,4,3,Apartment,Bilal Mughal,Neha Lakhani,Pending,Paid,Under Review,Paid,8000000.0
8764,Luqmaan Wani,DEMO-KPT-8764,House No. CB-731,Street 14,Model Town,4,3,Apartment,Luqmaan Wani,Ghazanfar Hayat,Pending,Paid,Under Review,Due,9300000.0
1980,Saher Shakir,DEMO-KPT-1980,House No. B-504,Street 25,Model Town,4,3,Apartment,Saher Shakir,Sehrish Anwar,Pending,Due,Issue Found,Paid,8600000.0
1216,Hira Javed,DEMO-KPT-1216,House No. A-33,Street 26,Model Town,4,3,Apartment,Hira Javed,Fahad Tariq,Pending,Paid,Clear,Due,8400000.0
5573,Shamim Naqvi,DEMO-KPT-5573,House No. BR-800,Street 26,Model Town,4,3,Apartment,Shamim Naqvi,Sameer Farooqi,Litigated,Due,Clear,Paid,9100000.0
8822,Isha Hafeez,DEMO-KPT-8822,House No. BD-390,Street 26,Model Town,4,3,Apartment,Isha Hafeez,Ayesha Cheena,Pending,Due,Under Review,Paid,8900000.0
1926,Sania Gondal,DEMO-KPT-1926,House No. R-397,Street 27,Model Town,4,3,Apartment,Sania Gondal,Nasrullah Qureshi,Pending,Paid,Issue Found,Paid,8700000.0
5468,Qadir Nasar,DEMO-KPT-5468,House No. CB-742,Street 29,Model Town,4,3,Apartment,Qadir Nasar,Palwasha Iqbal,Verified,Due,Issue Found,Due,10000000.0
15509,Nimra Panhwar,DEMO-KPT-15509,House No. DCB-800,Street 1,Model Town,5,3,Apartment,Nimra Panhwar,Hoorain Gilani,Litigated,Paid,Clear,Paid,8200000.0
1273,Muhammad Haider,DEMO-KPT-1273,House No. A-336,Street 3,Model Town,5,3,Apartment,Muhammad Haider,Shoaib Mirza,Pending,Due,Under Review,Due,8000000.0
12244,Zohra Gandapur,DEMO-KPT-12244,House No. DC-505,Street 3,Model Town,5,3,Apartment,Zohra Gandapur,Farwa Zubair,Pending,Paid,Clear,Due,9500000.0
2265,Nabila Mansoor,DEMO-KPT-2265,House No. R-504,Street 4,Model Town,5,3,Apartment,Nabila Mansoor,Benazir Rind,Pending,Paid,Under Review,Due,8900000.0
2287,Mahmood Ali,DEMO-KPT-2287,House No. D-596,Street 4,Model Town,5,3,Apartment,Mahmood Ali,Lubna Wattoo,Litigated,Due,Under Review,Due,8500000.0
5677,Munib Zahid,DEMO-KPT-5677,House No. CC-321,Street 9,Model Town,5,3,Apartment,Munib Zahid,Jahangir Ilyas,Pending,Paid,Under Review,Due,9400000.0
1272,Ayesha Aslam,DEMO-KPT-1272,House No. A-668,Street 11,Model Town,5,3,Apartment,Ayesha Aslam,Hira Malik,Pending,Due,Under Review,Due,9800000.0
2216,Tauseef Farooqi,DEMO-KPT-2216,House No. B-834,Street 13,Model Town,5,3,Apartment,Tauseef Farooqi,Ihtisham Mohammadzai,Pending,Due,Clear,Due,9800000.0
1256,Owais Qureshi,DEMO-KPT-1256,House No. A-789,Street 17,Model Town,5,3,Apartment,Owais Qureshi,Danish Raza,Pending,Paid,Under Review,Due,8000000.0
2196,Alina Qadir,DEMO-KPT-2196,House No. R-720,Street 21,Model Town,5,3,Apartment,Alina Qadir,Nazia Panezai,Verified,Paid,Clear,Due,9400000.0
15558,Shagufta Lari,DEMO-KPT-15558,House No. CDB-464,Street 23,Model Town,5,3,Apartment,Shagufta Lari,Nizam Ghaffar,Verified,Due,Under Review,Paid,9400000.0
12385,Yusuf Memon,DEMO-KPT-12385,House No. CR-490,Street 24,Model Town,5,3,Apartment,Yusuf Memon,Tayyaba Tunio,Litigated,Paid,Issue Found,Paid,8400000.0
1261,Muhammad Qureshi,DEMO-KPT-1261,House No. A-363,Street 26,Model Town,5,3,Apartment,Muhammad Qureshi,Ali Sheikh,Verified,Paid,Clear,Paid,9200000.0
8919,Shagufta Rehman,DEMO-KPT-8919,House No. RD-886,Street 28,Model Town,5,3,Apartment,Shagufta Rehman,Nayab Tanoli,Litigated,Paid,Issue Found,Due,8500000.0
1252,Imran Haider,DEMO-KPT-1252,House No. A-457,Street 30,Model Town,5,3,Apartment,Imran Haider,Sadia Tariq,Verified,Paid,Under Review,Due,9100000.0
2429,Kainat Gabol,DEMO-KPT-2429,House No. C-568,Street 3,Model Town,6,3,Apartment,Kainat Gabol,Zayan Saleem,Litigated,Paid,Issue Found,Due,10000000.0
5712,Shahmeer Gondal,DEMO-KPT-5712,House No. BD-837,Street 5,Model Town,6,3,Apartment,Shahmeer Gondal,Saqib Hameed,Pending,Paid,Under Review,Due,9400000.0
2363,Anam Mahsud,DEMO-KPT-2363,House No. C-401,Street 10,Model Town,6,3,Apartment,Anam Mahsud,Anwar Leghari,Litigated,Due,Clear,Paid,10000000.0
9113,Fazal Ranjha,DEMO-KPT-9113,House No. BD-813,Street 10,Model Town,6,3,Apartment,Fazal Ranjha,Zarar Mohmand,Litigated,Due,Clear,Paid,8000000.0
1332,Imran Raza,DEMO-KPT-1332,House No. A-836,Street 14,Model Town,6,3,Apartment,Imran Raza,Mahnoor Butt,Verified,Due,Issue Found,Due,10000000.0
9168,Qasim Mirza,DEMO-KPT-9168,House No. RR-382,Street 17,Model Town,6,3,Apartment,Qasim Mirza,Hassan Ranjha,Litigated,Due,Under Review,Due,8200000.0
1286,Arsalan Butt,DEMO-KPT-1286,House No. A-360,Street 18,Model Town,6,3,Apartment,Arsalan Butt,Mahnoor Raza,Verified,Paid,Issue Found,Due,9200000.0
2430,Saleem Qadir,DEMO-KPT-2430,House No. B-303,Street 25,Model Town,6,3,Apartment,Saleem Qadir,Urooj Khuhro,Pending,Due,Issue Found,Paid,9000000.0
5726,Raheela Kazmi,DEMO-KPT-5726,House No. RB-429,Street 27,Model Town,6,3,Apartment,Raheela Kazmi,Atiya Warsi,Verified,Due,Clear,Paid,9600000.0
12425,Hammad Rana,DEMO-KPT-12425,House No. BC-528,Street 29,Model Town,6,3,Apartment,Hammad Rana,Kaneez Gakhar,Litigated,Paid,Under Review,Paid,8100000.0
9373,Manahil Mehmood,DEMO-KPT-9373,House No. BB-623,Street 3,Model Town,7,3,Apartment,Manahil Mehmood,Emaad Shinwari,Pending,Due,Under Review,Due,8900000.0
1387,Maham Sheikh,DEMO-KPT-1387,House No. A-354,Street 4,Model Town,7,3,Apartment,Maham Sheikh,Muhammad Ali,Litigated,Due,Under Review,Due,9300000.0
12615,Jannat Saif,DEMO-KPT-12615,House No. RB-884,Street 4,Model Town,7,3,Apartment,Jannat Saif,Tamkeen Lughmani,Pending,Paid,Under Review,Due,8800000.0
1353,Hassan Siddiqui,DEMO-KPT-1353,House No. A-210,Street 5,Model Town,7,3,Apartment,Hassan Siddiqui,Arsalan Iqbal,Pending,Paid,Issue Found,Due,9900000.0
15766,Lina Bhurgri,DEMO-KPT-15766,House No. RBD-566,Street 5,Model Town,7,3,Apartment,Lina Bhurgri,Arfa Khalid,Pending,Paid,Issue Found,Paid,9700000.0
15922,Tabassum Dogar,DEMO-KPT-15922,House No. RBC-629,Street 5,Model Town,7,3,Apartment,Tabassum Dogar,Fabiha Hameed,Litigated,Due,Clear,Due,9800000.0
12684,Bisma Mir,DEMO-KPT-12684,House No. RC-648,Street 7,Model Town,7,3,Apartment,Bisma Mir,Bilawal Tariq,Pending,Paid,Clear,Paid,8600000.0
12580,Qamar Jadoon,DEMO-KPT-12580,House No. CD-585,Street 9,Model Town,7,3,Apartment,Qamar Jadoon,Zawar Yasin,Verified,Due,Issue Found,Paid,8200000.0
2585,Safa Marwat,DEMO-KPT-2585,House No. D-308,Street 13,Model Town,7,3,Apartment,Safa Marwat,Kafeel Rabbani,Verified,Paid,Issue Found,Due,9900000.0
1361,Sara Sheikh,DEMO-KPT-1361,House No. A-881,Street 15,Model Town,7,3,Apartment,Sara Sheikh,Adnan Shah,Pending,Paid,Issue Found,Due,9000000.0
2606,Ejaz Bijarani,DEMO-KPT-2606,House No. R-688,Street 17,Model Town,7,3,Apartment,Ejaz Bijarani,Talal Jogezai,Pending,Paid,Under Review,Due,8100000.0
9371,Kaleem Mustafa,DEMO-KPT-9371,House No. CR-444,Street 17,Model Town,7,3,Apartment,Kaleem Mustafa,Kanwar Magsi,Pending,Due,Clear,Paid,9600000.0
1350,Maham Butt,DEMO-KPT-1350,House No. A-945,Street 19,Model Town,7,3,Apartment,Maham Butt,Saad Farooq,Verified,Due,Under Review,Due,9100000.0
2502,Anwar Ghumman,DEMO-KPT-2502,House No. R-857,Street 20,Model Town,7,3,Apartment,Anwar Ghumman,Aqsa Zaman,Litigated,Due,Clear,Due,8100000.0
2525,Osama Lari,DEMO-KPT-2525,House No. R-888,Street 29,Model Town,7,3,Apartment,Osama Lari,Mashal Rana,Litigated,Paid,Under Review,Paid,8300000.0
2602,Shumaila Cheena,DEMO-KPT-2602,House No. C-638,Street 30,Model Town,7,3,Apartment,Shumaila Cheena,Waheed Bashir,Verified,Paid,Under Review,Due,9200000.0
9352,Asad Samo,DEMO-KPT-9352,House No. CB-477,Street 30,Model Town,7,3,Apartment,Asad Samo,Ashraf Cheema,Verified,Paid,Under Review,Due,9100000.0
2879,Sultan Hanif,DEMO-KPT-2879,House No. C-362,Street 3,Model Town,8,3,Apartment,Sultan Hanif,Saira Lashari,Litigated,Paid,Issue Found,Due,9400000.0
16006,Abbas Kharal,DEMO-KPT-16006,House No. BDR-379,Street 4,Model Town,8,3,Apartment,Abbas Kharal,Kanwal Riaz,Litigated,Due,Clear,Due,9900000.0
2703,Junaid Sahito,DEMO-KPT-2703,House No. R-342,Street 5,Model Town,8,3,Apartment,Junaid Sahito,Shaista Joiya,Pending,Paid,Issue Found,Due,8100000.0
9462,Ashfaq Imran,DEMO-KPT-9462,House No. CB-552,Street 8,Model Town,8,3,Apartment,Ashfaq Imran,Sabir Ghumman,Litigated,Due,Under Review,Due,9100000.0
16052,Emaad Zaman,DEMO-KPT-16052,House No. BRD-529,Street 11,Model Town,8,3,Apartment,Emaad Zaman,Sheeba Lak,Litigated,Due,Under Review,Due,9100000.0
12781,Yousaf Bhatti,DEMO-KPT-12781,House No. RB-385,Street 14,Model Town,8,3,Apartment,Yousaf Bhatti,Mahwish Soomro,Verified,Due,Under Review,Paid,8500000.0
6047,Bareera Popalzai,DEMO-KPT-6047,House No. CD-467,Street 16,Model Town,8,3,Apartment,Bareera Popalzai,Osama Sardar,Pending,Paid,Under Review,Paid,10000000.0
6006,Rubab Farooqi,DEMO-KPT-6006,House No. CC-386,Street 17,Model Town,8,3,Apartment,Rubab Farooqi,Fakhar Sindhi,Verified,Due,Issue Found,Due,9700000.0
16064,Muneeba Tarar,DEMO-KPT-16064,House No. RCB-534,Street 21,Model Town,8,3,Apartment,Muneeba Tarar,Irum Rind,Pending,Paid,Issue Found,Paid,8200000.0
1417,Mahnoor Sheikh,DEMO-KPT-1417,House No. A-168,Street 25,Model Town,8,3,Apartment,Mahnoor Sheikh,Komal Malik,Pending,Due,Issue Found,Paid,9700000.0
5976,Sameer Durrani,DEMO-KPT-5976,House No. CR-507,Street 27,Model Town,8,3,Apartment,Sameer Durrani,Marwa Dogar,Pending,Paid,Issue Found,Paid,8600000.0
6384,Yusra Mehmood,DEMO-KPT-6384,House No. DD-886,Street 7,Model Town,9,3,Apartment,Yusra Mehmood,Hasnain Kazmi,Pending,Paid,Clear,Paid,8400000.0
16148,Bakhtawar Dahri,DEMO-KPT-16148,House No. RDC-517,Street 7,Model Town,9,3,Apartment,Bakhtawar Dahri,Alam Nadeem,Litigated,Due,Clear,Paid,9000000.0
12873,Sumaira Magsi,DEMO-KPT-12873,House No. CC-656,Street 11,Model Town,9,3,Apartment,Sumaira Magsi,Amjad Siddiqui,Verified,Paid,Under Review,Due,8700000.0
16080,Fasih Bashir,DEMO-KPT-16080,House No. BRD-733,Street 16,Model Town,9,3,Apartment,Fasih Bashir,Adeel Joiya,Verified,Due,Clear,Paid,9700000.0
2958,Sahil Ghani,DEMO-KPT-2958,House No. B-764,Street 23,Model Town,9,3,Apartment,Sahil Ghani,Naila Mari,Verified,Due,Under Review,Paid,8300000.0
2953,Faizan Ghauri,DEMO-KPT-2953,House No. C-699,Street 27,Model Town,9,3,Apartment,Faizan Ghauri,Shahzadi Hameed,Litigated,Due,Clear,Paid,10000000.0
6426,Saeed Hussain,DEMO-KPT-6426,House No. DB-552,Street 27,Model Town,9,3,Apartment,Saeed Hussain,Wasim Lari,Pending,Paid,Issue Found,Paid,9500000.0
9608,Tabassum Khan,DEMO-KPT-9608,House No. DD-542,Street 30,Model Town,9,3,Apartment,Tabassum Khan,Inam Javed,Litigated,Due,Under Review,Due,9800000.0
16379,Saima Hayat,DEMO-KPT-16379,House No. RCD-552,Street 3,Model Town,10,3,Apartment,Saima Hayat,Minhaj Mustafa,Litigated,Paid,Issue Found,Due,8600000.0
6472,Sumbal Cheena,DEMO-KPT-6472,House No. RD-805,Street 5,Model Town,10,3,Apartment,Sumbal Cheena,Fida Majeed,Litigated,Due,Clear,Due,8700000.0
6481,Sabahat Abbasi,DEMO-KPT-6481,House No. DC-684,Street 14,Model Town,10,3,Apartment,Sabahat Abbasi,Zafar Ghani,Verified,Due,Under Review,Paid,9000000.0
3182,Syeda Latif,DEMO-KPT-3182,House No. B-626,Street 15,Model Town,10,3,Apartment,Syeda Latif,Ammar Ansari,Litigated,Due,Clear,Paid,9100000.0
6591,Afshan Lashari,DEMO-KPT-6591,House No. BD-650,Street 20,Model Town,10,3,Apartment,Afshan Lashari,Ammar Mansoor,Litigated,Paid,Issue Found,Due,8800000.0
13121,Sehrish Shafi,DEMO-KPT-13121,House No. RR-410,Street 22,Model Town,10,3,Apartment,Sehrish Shafi,Salma Virk,Verified,Paid,Under Review,Paid,9600000.0
6558,Hashim Lashari,DEMO-KPT-6558,House No. BR-683,Street 23,Model Town,10,3,Apartment,Hashim Lashari,Iftikhar Bugti,Verified,Due,Under Review,Paid,9300000.0
6535,Adnan Mazari,DEMO-KPT-6535,House No. DD-504,Street 24,Model Town,10,3,Apartment,Adnan Mazari,Sadaf Rajput,Litigated,Paid,Issue Found,Paid,8800000.0
13185,Zunaira Khosa,DEMO-KPT-13185,House No. DB-823,Street 26,Model Town,10,3,Apartment,Zunaira Khosa,Mehreen Rabbani,Verified,Paid,Clear,Paid,8100000.0
16335,Zayan Achakzai,DEMO-KPT-16335,House No. DBC-539,Street 26,Model Town,10,3,Apartment,Zayan Achakzai,Mubeen Achakzai,Verified,Paid,Clear,Paid,8200000.0
6553,Ashraf Shaikh,DEMO-KPT-6553,House No. DD-336,Street 27,Model Town,10,3,Apartment,Ashraf Shaikh,Mukarram Mahesar,Litigated,Due,Clear,Paid,9100000.0
16312,Rehana Zaman,DEMO-KPT-16312,House No. CDR-551,Street 30,Model Town,10,3,Apartment,Rehana Zaman,Faiza Majeed,Verified,Due,Issue Found,Due,9100000.0
16510,Tamkeen Ghauri,DEMO-KPT-16510,House No. RDC-541,Street 6,Model Town,11,3,Apartment,Tamkeen Ghauri,Qamar Rizvi,Verified,Due,Issue Found,Due,9400000.0
3568,Sadiq Kasi,DEMO-KPT-3568,House No. R-364,Street 11,Model Town,11,3,Apartment,Sadiq Kasi,Laila Dreshak,Pending,Paid,Issue Found,Paid,9500000.0
6718,Dania Tariq,DEMO-KPT-6718,House No. BD-348,Street 11,Model Town,11,3,Apartment,Dania Tariq,Sabih Ghazali,Pending,Paid,Issue Found,Paid,9600000.0
9919,Sultan Shaikh,DEMO-KPT-9919,House No. BR-663,Street 14,Model Town,11,3,Apartment,Sultan Shaikh,Rafiq Chandio,Litigated,Due,Clear,Paid,9600000.0
6712,Jamila Kiani,DEMO-KPT-6712,House No. BR-511,Street 15,Model Town,11,3,Apartment,Jamila Kiani,Huma Baig,Verified,Paid,Clear,Paid,8300000.0
13335,Khalid Naqvi,DEMO-KPT-13335,House No. CB-344,Street 16,Model Town,11,3,Apartment,Khalid Naqvi,Hashim Aslam,Verified,Due,Clear,Due,9500000.0
6671,Fareed Sadiq,DEMO-KPT-6671,House No. DR-377,Street 17,Model Town,11,3,Apartment,Fareed Sadiq,Mahjabeen Laghari,Pending,Due,Clear,Paid,9700000.0
16431,Farah Gabol,DEMO-KPT-16431,House No. CBR-327,Street 18,Model Town,11,3,Apartment,Farah Gabol,Nudrat Zubair,Verified,Paid,Clear,Paid,9700000.0
3464,Alishba Nawaz,DEMO-KPT-3464,House No. B-386,Street 21,Model Town,11,3,Apartment,Alishba Nawaz,Wahab Lashari,Pending,Paid,Issue Found,Paid,8900000.0
13303,Rayyan Naseem,DEMO-KPT-13303,House No. CR-482,Street 27,Model Town,11,3,Apartment,Rayyan Naseem,Ayub Abbasi,Litigated,Due,Clear,Paid,9400000.0
6941,Noshaba Afridi,DEMO-KPT-6941,House No. DC-623,Street 3,Model Town,12,3,Apartment,Noshaba Afridi,Rubab Marwat,Pending,Paid,Under Review,Paid,9900000.0
16665,Mahjabeen Haral,DEMO-KPT-16665,House No. RDB-851,Street 4,Model Town,12,3,Apartment,Mahjabeen Haral,Ali Khuhro,Pending,Paid,Under Review,Due,9100000.0
6766,Sonia Imran,DEMO-KPT-6766,House No. BC-840,Street 5,Model Town,12,3,Apartment,Sonia Imran,Bilquis Umer,Pending,Paid,Issue Found,Paid,8200000.0
10298,Asma Raza,DEMO-KPT-10298,House No. CR-874,Street 7,Model Town,12,3,Apartment,Asma Raza,Mubashra Abbasi,Litigated,Due,Clear,Paid,8600000.0
3630,Shahzad Gabol,DEMO-KPT-3630,House No. C-433,Street 8,Model Town,12,3,Apartment,Shahzad Gabol,Obaid Mansoor,Litigated,Due,Issue Found,Due,9400000.0
6806,Khansa Kalhoro,DEMO-KPT-6806,House No. RD-536,Street 9,Model Town,12,3,Apartment,Khansa Kalhoro,Ejaz Mir,Verified,Due,Under Review,Paid,8200000.0
16630,Zahida Farooq,DEMO-KPT-16630,House No. BRD-759,Street 9,Model Town,12,3,Apartment,Zahida Farooq,Alishba Sahito,Verified,Due,Issue Found,Paid,8200000.0
3611,Sehrish Bijarani,DEMO-KPT-3611,House No. C-739,Street 15,Model Town,12,3,Apartment,Sehrish Bijarani,Kaleem Farooqi,Pending,Paid,Issue Found,Due,9200000.0
10230,Dilshad Aslam,DEMO-KPT-10230,House No. CR-514,Street 16,Model Town,12,3,Apartment,Dilshad Aslam,Samiya Zafar,Verified,Due,Clear,Paid,8500000.0
3673,Azan Baig,DEMO-KPT-3673,House No. R-807,Street 20,Model Town,12,3,Apartment,Azan Baig,Muneeba Palijo,Pending,Due,Under Review,Due,8900000.0
10214,Saeeda Gondal,DEMO-KPT-10214,House No. BC-416,Street 21,Model Town,12,3,Apartment,Saeeda Gondal,Iram Rabbani,Pending,Paid,Issue Found,Paid,8200000.0
3665,Rayyan Bettani,DEMO-KPT-3665,House No. D-384,Street 27,Model Town,12,3,Apartment,Rayyan Bettani,Yusuf Tunio,Pending,Paid,Issue Found,Due,8300000.0
13468,Maaz Zafar,DEMO-KPT-13468,House No. BRC-794,Street 11,Model Town,13,3,Apartment,Maaz Zafar,Arfa Niazi,Pending,Paid,Issue Found,Paid,8500000.0
10369,Sajida Mughal,DEMO-KPT-10369,House No. RB-436,Street 14,Model Town,13,3,Apartment,Sajida Mughal,Kafeel Zafar,Litigated,Due,Clear,Paid,8800000.0
13421,Zubaida Waheed,DEMO-KPT-13421,House No. CB-347,Street 17,Model Town,13,3,Apartment,Zubaida Waheed,Salahuddin Mir,Pending,Due,Clear,Paid,8300000.0
10381,Saeed Tahir,DEMO-KPT-10381,House No. CD-876,Street 19,Model Town,13,3,Apartment,Saeed Tahir,Humaira Qazi,Verified,Due,Clear,Due,8400000.0
7030,Waqar Mohmand,DEMO-KPT-7030,House No. BD-672,Street 25,Model Town,13,3,Apartment,Waqar Mohmand,Alina Bhurgri,Pending,Due,Under Review,Due,9500000.0
16922,Tamkeen Dreshak,DEMO-KPT-16922,House No. DBC-591,Street 26,Model Town,13,3,Apartment,Tamkeen Dreshak,Shahbaz Ahmed,Pending,Due,Under Review,Paid,8400000.0
16776,Saher Rehman,DEMO-KPT-16776,House No. RDC-871,Street 27,Model Town,13,3,Apartment,Saher Rehman,Bakht Mahesar,Pending,Paid,Issue Found,Paid,8600000.0
3758,Wali Leghari,DEMO-KPT-3758,House No. C-627,Street 30,Model Town,13,3,Apartment,Wali Leghari,Khurram Durrani,Litigated,Due,Under Review,Due,9600000.0
13556,Farheen Qazi,DEMO-KPT-13556,House No. RBD-544,Street 9,Model Town,14,3,Apartment,Farheen Qazi,Zunaira Bijarani,Verified,Due,Under Review,Paid,10000000.0
7121,Bilquis Hoti,DEMO-KPT-7121,House No. CB-363,Street 17,Model Town,14,3,Apartment,Bilquis Hoti,Nawal Rind,Pending,Due,Clear,Paid,8000000.0
13531,Jamil Sipra,DEMO-KPT-13531,House No. RCD-403,Street 19,Model Town,14,3,Apartment,Jamil Sipra,Zafar Akhtar,Verified,Due,Clear,Due,8900000.0
7141,Nudrat Mangi,DEMO-KPT-7141,House No. BB-846,Street 22,Model Town,14,3,Apartment,Nudrat Mangi,Farzana Ranjha,Verified,Due,Clear,Paid,9300000.0
4037,Ishaq Jadoon,DEMO-KPT-4037,House No. BD-788,Street 28,Model Town,14,3,Apartment,Ishaq Jadoon,Azeem Mir,Pending,Paid,Under Review,Due,9700000.0
10693,Mishal Niazi,DEMO-KPT-10693,House No. DR-704,Street 4,Model Town,15,3,Apartment,Mishal Niazi,Tahmina Qadri,Litigated,Paid,Under Review,Paid,8400000.0
7256,Sundas Bangash,DEMO-KPT-7256,House No. DB-628,Street 9,Model Town,15,3,Apartment,Sundas Bangash,Tahira Soomro,Verified,Due,Under Review,Paid,9500000.0
4264,Mohsin Toor,DEMO-KPT-4264,House No. RR-326,Street 14,Model Town,15,3,Apartment,Mohsin Toor,Saqib Lughmani,Pending,Paid,Under Review,Due,9100000.0
13669,Zunair Junejo,DEMO-KPT-13669,House No. RCD-350,Street 19,Model Town,15,3,Apartment,Zunair Junejo,Hoor Shaikh,Pending,Due,Clear,Due,9300000.0
13680,Shifa Nasar,DEMO-KPT-13680,House No. BDC-512,Street 25,Model Town,15,3,Apartment,Shifa Nasar,Fiza Turk,Pending,Due,Issue Found,Paid,9400000.0
10676,Shahmeer Bilgrami,DEMO-KPT-10676,House No. DC-713,Street 27,Model Town,15,3,Apartment,Shahmeer Bilgrami,Usman Farooqi,Verified,Due,Clear,Paid,10000000.0
7312,Afzal Sheikh,DEMO-KPT-7312,House No. CR-492,Street 30,Model Town,15,3,Apartment,Afzal Sheikh,Mateen Mansoor,Verified,Due,Issue Found,Due,8000000.0
10856,Sabih Gakhar,DEMO-KPT-10856,House No. CD-855,Street 9,Model Town,16,3,Apartment,Sabih Gakhar,Jazib Sandhu,Verified,Due,Under Review,Paid,8900000.0
4466,Masood Nawaz,DEMO-KPT-4466,House No. CB-628,Street 13,Model Town,16,3,Apartment,Masood Nawaz,Parveen Daudzai,Pending,Due,Clear,Due,8600000.0
7485,Sahar Samo,DEMO-KPT-7485,House No. CR-649,Street 16,Model Town,16,3,Apartment,Sahar Samo,Talha Ghazali,Verified,Due,Clear,Due,8200000.0
10871,Maham Bhittani,DEMO-KPT-10871,House No. RD-673,Street 22,Model Town,16,3,Apartment,Maham Bhittani,Riaz Rana,Verified,Paid,Under Review,Paid,8000000.0
13861,Shoaib Warsi,DEMO-KPT-13861,House No. DBC-799,Street 26,Model Town,16,3,Apartment,Shoaib Warsi,Pervaiz Afridi,Verified,Paid,Clear,Paid,8700000.0
13775,Jahangir Khosa,DEMO-KPT-13775,House No. DRB-736,Street 29,Model Town,16,3,Apartment,Jahangir Khosa,Yousaf Mahesar,Litigated,Paid,Under Review,Paid,9600000.0
10702,Farrukh Ali,DEMO-KPT-10702,House No. BD-649,Street 30,Model Town,16,3,Apartment,Farrukh Ali,Jannat Zahid,Verified,Paid,Under Review,Due,10000000.0
4560,Umair Bhat,DEMO-KPT-4560,House No. BD-709,Street 1,Model Town,17,3,Apartment,Umair Bhat,Nashra Hinjra,Pending,Paid,Issue Found,Due,9000000.0
7829,Naeem Ghazali,DEMO-KPT-7829,House No. DC-746,Street 3,Model Town,17,3,Apartment,Naeem Ghazali,Hammad Jadoon,Litigated,Paid,Issue Found,Due,9300000.0
7797,Mazen Kiani,DEMO-KPT-7797,House No. BR-727,Street 27,Model Town,17,3,Apartment,Mazen Kiani,Hadiqa Zahid,Pending,Due,Clear,Due,9800000.0
14097,Sheraz Mahsud,DEMO-KPT-14097,House No. BDR-607,Street 27,Model Town,17,3,Apartment,Sheraz Mahsud,Zafar Kidwai,Pending,Due,Clear,Due,9000000.0
7762,Arooj Memon,DEMO-KPT-7762,House No. CB-374,Street 30,Model Town,17,3,Apartment,Arooj Memon,Mina Mustafa,Verified,Due,Issue Found,Due,10000000.0
10958,Sumaira Mohammadzai,DEMO-KPT-10958,House No. RD-530,Street 30,Model Town,17,3,Apartment,Sumaira Mohammadzai,Luqman Dawood,Litigated,Due,Under Review,Due,10000000.0
11056,Erum Turk,DEMO-KPT-11056,House No. RC-460,Street 4,Model Town,18,3,Apartment,Erum Turk,Vaqar Soomro,Litigated,Due,Clear,Due,9000000.0
14403,Sohail Korai,DEMO-KPT-14403,House No. CBR-795,Street 5,Model Town,18,3,Apartment,Sohail Korai,Hania Niazi,Pending,Paid,Issue Found,Due,9500000.0
11077,Nasrullah Yousaf,DEMO-KPT-11077,House No. DC-372,Street 9,Model Town,18,3,Apartment,Nasrullah Yousaf,Amjad Bijarani,Pending,Paid,Under Review,Due,9800000.0
7923,Tamkeen Zaidi,DEMO-KPT-7923,House No. RR-317,Street 11,Model Town,18,3,Apartment,Tamkeen Zaidi,Sadiq Zia,Verified,Paid,Under Review,Due,9600000.0
4675,Anila Rajper,DEMO-KPT-4675,House No. CR-504,Street 12,Model Town,18,3,Apartment,Anila Rajper,Salma Barakzai,Pending,Paid,Under Review,Paid,9700000.0
4681,Hina Pasha,DEMO-KPT-4681,House No. BC-620,Street 14,Model Town,18,3,Apartment,Hina Pasha,Ihtisham Dar,Verified,Due,Under Review,Paid,9400000.0
7881,Javaria Joiya,DEMO-KPT-7881,House No. RR-413,Street 18,Model Town,18,3,Apartment,Javaria Joiya,Minahil Bhatti,Verified,Paid,Clear,Paid,9400000.0
11052,Umar Shaikh,DEMO-KPT-11052,House No. RR-591,Street 20,Model Town,18,3,Apartment,Umar Shaikh,Arsalan Rajper,Litigated,Due,Clear,Due,8900000.0
11184,Ramsha Turk,DEMO-KPT-11184,House No. BR-488,Street 24,Model Town,18,3,Apartment,Ramsha Turk,Asad Mari,Verified,Paid,Under Review,Due,9800000.0
4626,Nasrullah Afridi,DEMO-KPT-4626,House No. CB-792,Street 27,Model Town,18,3,Apartment,Nasrullah Afridi,Fauzia Iqbal,Pending,Paid,Issue Found,Paid,8400000.0
11075,Aisha Bajwa,DEMO-KPT-11075,House No. DC-665,Street 29,Model Town,18,3,Apartment,Aisha Bajwa,Mahwish Leghari,Litigated,Paid,Under Review,Paid,8900000.0
4612,Mariam Malik,DEMO-KPT-4612,House No. CB-425,Street 30,Model Town,18,3,Apartment,Mariam Malik,Jibran Kazmi,Verified,Due,Issue Found,Due,8500000.0
14494,Tabish Sahito,DEMO-KPT-14494,House No. CRB-842,Street 3,Model Town,19,3,Apartment,Tabish Sahito,Tauseef Niazi,Pending,Paid,Clear,Due,8800000.0
8137,Najma Nasar,DEMO-KPT-8137,House No. BD-391,Street 4,Model Town,19,3,Apartment,Najma Nasar,Sami Nawaz,Litigated,Due,Under Review,Due,8700000.0
11266,Waleed Dawood,DEMO-KPT-11266,House No. RD-413,Street 5,Model Town,19,3,Apartment,Waleed Dawood,Ubaid Sahito,Pending,Paid,Issue Found,Paid,9500000.0
4749,Sanam Sabri,DEMO-KPT-4749,House No. CB-797,Street 8,Model Town,19,3,Apartment,Sanam Sabri,Zawar Mehmood,Litigated,Paid,Under Review,Due,9100000.0
4770,Jahangir Yousafzai,DEMO-KPT-4770,House No. BC-776,Street 15,Model Town,19,3,Apartment,Jahangir Yousafzai,Iqra Afridi,Pending,Paid,Clear,Paid,8900000.0
7980,Shamim Shakir,DEMO-KPT-7980,House No. RD-469,Street 16,Model Town,19,3,Apartment,Shamim Shakir,Bareera Farooq,Verified,Due,Clear,Paid,8100000.0
14597,Masood Bangash,DEMO-KPT-14597,House No. RBD-850,Street 16,Model Town,19,3,Apartment,Masood Bangash,Ghulam Warsi,Pending,Paid,Under Review,Paid,8400000.0
11281,Lamia Sial,DEMO-KPT-11281,House No. DB-444,Street 19,Model Town,19,3,Apartment,Lamia Sial,Rabia Khuhro,Verified,Due,Clear,Due,9100000.0
14635,Zehra Shakeel,DEMO-KPT-14635,House No. CBR-715,Street 24,Model Town,19,3,Apartment,Zehra Shakeel,Nabeeha Sandhu,Litigated,Paid,Issue Found,Paid,8900000.0
4869,Shahida Dahri,DEMO-KPT-4869,House No. BC-411,Street 28,Model Town,19,3,Apartment,Shahida Dahri,Kanwar Naqvi,Litigated,Paid,Issue Found,Due,9400000.0
8309,Nayab Jadoon,DEMO-KPT-8309,House No. RB-360,Street 1,Model Town,20,3,Apartment,Nayab Jadoon,Nageen Yaqoob,Litigated,Paid,Clear,Paid,8500000.0
11429,Noreen Mehmood,DEMO-KPT-11429,House No. BB-335,Street 3,Model Town,20,3,Apartment,Noreen Mehmood,Moeen Bangash,Litigated,Paid,Issue Found,Due,9900000.0
14816,Zunair Haral,DEMO-KPT-14816,House No. BCR-508,Street 13,Model Town,20,3,Apartment,Zunair Haral,Dania Qureshi,Pending,Due,Clear,Due,8500000.0
4932,Sitara Cheena,DEMO-KPT-4932,House No. DD-842,Street 14,Model Town,20,3,Apartment,Sitara Cheena,Nuzhat Jaffri,Verified,Due,Issue Found,Due,9700000.0
11447,Asifa Orakzai,DEMO-KPT-11447,House No. DD-559,Street 16,Model Town,20,3,Apartment,Asifa Orakzai,Junaid Sabri,Pending,Paid,Under Review,Paid,8900000.0
4871,Ahsan Kamboh,DEMO-KPT-4871,House No. RD-670,Street 17,Model Town,20,3,Apartment,Ahsan Kamboh,Rauf Shah,Pending,Due,Clear,Paid,8500000.0
4950,Nasir Magsi,DEMO-KPT-4950,House No. CD-335,Street 19,Model Town,20,3,Apartment,Nasir Magsi,Raheel Randhawa,Verified,Due,Under Review,Due,8500000.0
14761,Saira Khattak,DEMO-KPT-14761,House No. DBR-753,Street 26,Model Town,20,3,Apartment,Saira Khattak,Rahim Rajper,Verified,Paid,Clear,Paid,8400000.0
14769,Nasreen Kiani,DEMO-KPT-14769,House No. CBR-367,Street 28,Model Town,20,3,Apartment,Nasreen Kiani,Mehwish Imran,Litigated,Paid,Issue Found,Due,8500000.0
1453,Zakariya Kasi,DEMO-KPT-1453,House No. A - 400,Street 1,North Karachi,1,3,Apartment,Zakariya Kasi,Warda Jaffri,Verified,Paid,Clear,Paid,8800000.0
16753,Alamgir Bhat,DEMO-KPT-16753,House No. BRD-410,Street 1,North Karachi,1,3,Apartment,Alamgir Bhat,Sumayya Ali,Verified,Paid,Clear,Paid,10000000.0
6673,Sumbal Wani,DEMO-KPT-6673,House No. DD-855,Street 3,North Karachi,1,3,Apartment,Sumbal Wani,Iftikhar Abbasi,Pending,Due,Under Review,Due,9700000.0
15106,Arbaz Shaikh,DEMO-KPT-15106,House No. CRB-835,Street 4,North Karachi,1,3,Apartment,Arbaz Shaikh,Shoaib Ilyas,Litigated,Due,Clear,Due,9900000.0
1522,Burhan Baloch,DEMO-KPT-1522,House No. R-371,Street 5,North Karachi,1,3,Apartment,Burhan Baloch,Nazia Jaffri,Litigated,Due,Clear,Due,9300000.0
11716,Mahir Daudzai,DEMO-KPT-11716,House No. CC-413,Street 5,North Karachi,1,3,Apartment,Mahir Daudzai,Rabia Waheed,Pending,Paid,Issue Found,Paid,9800000.0
13362,Naureen Lone,DEMO-KPT-13362,House No. BD-790,Street 5,North Karachi,1,3,Apartment,Naureen Lone,Feroz Abbasi,Pending,Paid,Under Review,Due,10000000.0
15116,Muneeba Shinwari,DEMO-KPT-15116,House No. BDC-505,Street 5,North Karachi,1,3,Apartment,Muneeba Shinwari,Yousaf Haral,Litigated,Paid,Under Review,Paid,8100000.0
11698,Aun Malik,DEMO-KPT-11698,House No. CR-595,Street 6,North Karachi,1,3,Apartment,Aun Malik,Ishaq Mazari,Litigated,Paid,Under Review,Paid,9600000.0
6698,Ikhlaq Rabbani,DEMO-KPT-6698,House No. BR-636,Street 7,North Karachi,1,3,Apartment,Ikhlaq Rabbani,Israr Ali,Litigated,Due,Clear,Paid,8600000.0
3180,Javed Imran,DEMO-KPT-3180,House No. B-721,Street 8,North Karachi,1,3,Apartment,Javed Imran,Bilawal Baloch,Litigated,Due,Issue Found,Due,9100000.0
4925,Jamil Tariq,DEMO-KPT-4925,House No. DD-885,Street 9,North Karachi,1,3,Apartment,Jamil Tariq,Sakina Pirzada,Pending,Due,Clear,Due,9400000.0
8377,Arbaz Talpur,DEMO-KPT-8377,House No. BC-601,Street 9,North Karachi,1,3,Apartment,Arbaz Talpur,Sadiq Rajper,Pending,Paid,Under Review,Due,8400000.0
10001,Ibrahim Shafi,DEMO-KPT-10001,House No. RC-311,Street 9,North Karachi,1,3,Apartment,Ibrahim Shafi,Mehrunnisa Aslam,Litigated,Paid,Issue Found,Due,8700000.0
11693,Mubashra Shinwari,DEMO-KPT-11693,House No. BC-853,Street 10,North Karachi,1,3,Apartment,Mubashra Shinwari,Rafia Yasin,Litigated,Paid,Issue Found,Paid,8400000.0
4872,Sitara Usmani,DEMO-KPT-4872,House No. DC-494,Street 11,North Karachi,1,3,Apartment,Sitara Usmani,Zameer Mughal,Pending,Due,Under Review,Due,8900000.0
6716,Shafiq Akhtar,DEMO-KPT-6716,House No. BB-318,Street 13,North Karachi,1,3,Apartment,Shafiq Akhtar,Sara Mahar,Pending,Due,Clear,Due,9300000.0
4961,Areeba Rana,DEMO-KPT-4961,House No. DB-437,Street 15,North Karachi,1,3,Apartment,Areeba Rana,Ramsha Tanoli,Pending,Paid,Issue Found,Due,9300000.0
1471,Zarar Turk,DEMO-KPT-1471,House No. C-789,Street 16,North Karachi,1,3,Apartment,Zarar Turk,Zamzam Rafique,Verified,Paid,Issue Found,Paid,9000000.0
8358,Lamia Shah,DEMO-KPT-8358,House No. RC-371,Street 23,North Karachi,1,3,Apartment,Lamia Shah,Kabir Dayo,Verified,Due,Under Review,Paid,8200000.0
1485,Hafeez Ghumman,DEMO-KPT-1485,House No. B-517,Street 26,North Karachi,1,3,Apartment,Hafeez Ghumman,Saira Dar,Verified,Paid,Clear,Paid,10000000.0
8416,Asad Akhtar,DEMO-KPT-8416,House No. BB-309,Street 26,North Karachi,1,3,Apartment,Asad Akhtar,Talat Gondal,Pending,Paid,Clear,Due,8600000.0
3219,Saira Iqbal,DEMO-KPT-3219,House No. D-702,Street 27,North Karachi,1,3,Apartment,Saira Iqbal,Hamid Kakar,Litigated,Due,Under Review,Paid,9300000.0
9969,Sumayya Sandhu,DEMO-KPT-9969,House No. RR-483,Street 27,North Karachi,1,3,Apartment,Sumayya Sandhu,Haseeb Mansoor,Litigated,Due,Under Review,Paid,8800000.0
3137,Shagufta Magsi,DEMO-KPT-3137,House No. D-317,Street 28,North Karachi,1,3,Apartment,Shagufta Magsi,Palwasha Panezai,Pending,Paid,Under Review,Due,8900000.0
9968,Mahad Hinjra,DEMO-KPT-9968,House No. BC-723,Street 29,North Karachi,1,3,Apartment,Mahad Hinjra,Nasrullah Chaudhry,Verified,Due,Issue Found,Due,10000000.0
16808,Urooj Zardari,DEMO-KPT-16808,House No. CRB-376,Street 30,North Karachi,1,3,Apartment,Urooj Zardari,Mubashir Afridi,Litigated,Due,Under Review,Due,8500000.0
10079,Ashfaq Naqvi,DEMO-KPT-10079,House No. RC-579,Street 3,North Karachi,2,3,Apartment,Ashfaq Naqvi,Zoya Swati,Litigated,Paid,Issue Found,Due,8800000.0
1621,Arsalan Durrani,DEMO-KPT-1621,House No. C-805,Street 7,North Karachi,2,3,Apartment,Arsalan Durrani,Azeem Yousafzai,Litigated,Paid,Under Review,Due,9900000.0
8498,Kamil Rind,DEMO-KPT-8498,House No. DC-717,Street 7,North Karachi,2,3,Apartment,Kamil Rind,Irum Farooqi,Litigated,Due,Clear,Paid,8700000.0
13512,Daniya Rajper,DEMO-KPT-13512,House No. CBR-350,Street 8,North Karachi,2,3,Apartment,Daniya Rajper,Noman Rafique,Litigated,Due,Under Review,Due,9200000.0
13456,Sania Lone,DEMO-KPT-13456,House No. DCB-468,Street 9,North Karachi,2,3,Apartment,Sania Lone,Ambreen Noor,Pending,Paid,Issue Found,Paid,8700000.0
3263,Mansha Ijaz,DEMO-KPT-3263,House No. C-858,Street 10,North Karachi,2,3,Apartment,Mansha Ijaz,Shan Ranjha,Litigated,Due,Clear,Paid,8300000.0
13422,Tahira Tanvir,DEMO-KPT-13422,House No. DD-771,Street 11,North Karachi,2,3,Apartment,Tahira Tanvir,Tahreem Nadeem,Pending,Due,Under Review,Due,8400000.0
1531,Hanzala Hameed,DEMO-KPT-1531,House No. B-601,Street 14,North Karachi,2,3,Apartment,Hanzala Hameed,Khadija Joiya,Verified,Due,Under Review,Paid,8600000.0
6794,Tahmina Zardari,DEMO-KPT-6794,House No. RB-448,Street 15,North Karachi,2,3,Apartment,Tahmina Zardari,Habib Minhas,Verified,Paid,Under Review,Due,8000000.0
10021,Sundas Kharal,DEMO-KPT-10021,House No. CC-461,Street 16,North Karachi,2,3,Apartment,Sundas Kharal,Jibran Tareen,Verified,Paid,Issue Found,Paid,8700000.0
11821,Faiza Cheena,DEMO-KPT-11821,House No. DD-738,Street 16,North Karachi,2,3,Apartment,Faiza Cheena,Inayat Bugti,Verified,Paid,Issue Found,Paid,8900000.0
16847,Zia Korai,DEMO-KPT-16847,House No. DRC-369,Street 16,North Karachi,2,3,Apartment,Zia Korai,Burhan Saleem,Pending,Paid,Under Review,Paid,9400000.0
8471,Akbar Khan,DEMO-KPT-8471,House No. CR-748,Street 17,North Karachi,2,3,Apartment,Akbar Khan,Mahnoor Shafiq,Pending,Due,Clear,Paid,9500000.0
16819,Javeria Mir,DEMO-KPT-16819,House No. CDR-826,Street 19,North Karachi,2,3,Apartment,Javeria Mir,Anum Zia,Pending,Due,Clear,Due,9700000.0
1641,Yahya Parvez,DEMO-KPT-1641,House No. R-670,Street 20,North Karachi,2,3,Apartment,Yahya Parvez,Sabrina Bijarani,Litigated,Paid,Issue Found,Due,9300000.0
10035,Isha Dawood,DEMO-KPT-10035,House No. RD-524,Street 26,North Karachi,2,3,Apartment,Isha Dawood,Akram Aslam,Verified,Paid,Clear,Paid,9300000.0
5019,Nabeel Bijarani,DEMO-KPT-5019,House No. BB-369,Street 27,North Karachi,2,3,Apartment,Nabeel Bijarani,Rustam Rehman,Litigated,Due,Under Review,Paid,10000000.0
8426,Amal Khalid,DEMO-KPT-8426,House No. CB-502,Street 27,North Karachi,2,3,Apartment,Amal Khalid,Fozia Bhittani,Verified,Due,Clear,Paid,8100000.0
6737,Sitara Bhittani,DEMO-KPT-6737,House No. BC-760,Street 28,North Karachi,2,3,Apartment,Sitara Bhittani,Rabia Gakhar,Pending,Paid,Under Review,Due,8600000.0
13487,Bilquis Hanif,DEMO-KPT-13487,House No. DBC-752,Street 28,North Karachi,2,3,Apartment,Bilquis Hanif,Nadia Alvi,Pending,Paid,Under Review,Due,8500000.0
3257,Shehryar Akhtar,DEMO-KPT-3257,House No. R-683,Street 30,North Karachi,2,3,Apartment,Shehryar Akhtar,Azka Bashir,Verified,Paid,Issue Found,Due,8800000.0
5062,Zarmeen Dahri,DEMO-KPT-5062,House No. DD-868,Street 30,North Karachi,2,3,Apartment,Zarmeen Dahri,Sakina Samo,Verified,Due,Issue Found,Due,8400000.0
10007,Shahzadi Jogezai,DEMO-KPT-10007,House No. DC-499,Street 30,North Karachi,2,3,Apartment,Shahzadi Jogezai,Nargis Magsi,Verified,Paid,Issue Found,Due,8000000.0
10058,Sahil Mahesar,DEMO-KPT-10058,House No. DB-312,Street 30,North Karachi,2,3,Apartment,Sahil Mahesar,Urooj Orakzai,Litigated,Due,Under Review,Due,8800000.0
11807,Farah Rana,DEMO-KPT-11807,House No. CR-686,Street 30,North Karachi,2,3,Apartment,Farah Rana,Sajjad Durrani,Verified,Paid,Issue Found,Due,8800000.0
11872,Aashir Saeed,DEMO-KPT-11872,House No. RD-420,Street 5,North Karachi,3,3,Apartment,Aashir Saeed,Ihtisham Mahar,Litigated,Due,Clear,Due,9700000.0
8506,Rida Afridi,DEMO-KPT-8506,House No. RC-429,Street 9,North Karachi,3,3,Apartment,Rida Afridi,Arbaz Panhwar,Pending,Paid,Issue Found,Paid,8500000.0
8525,Hoorain Zia,DEMO-KPT-8525,House No. BR-595,Street 9,North Karachi,3,3,Apartment,Hoorain Zia,Saif Niazi,Pending,Due,Clear,Due,10000000.0
10177,Jamshed Lodhi,DEMO-KPT-10177,House No. CC-700,Street 9,North Karachi,3,3,Apartment,Jamshed Lodhi,Ghazala Kiani,Pending,Paid,Under Review,Due,8100000.0
10173,Obaid Mangi,DEMO-KPT-10173,House No. CB-811,Street 11,North Karachi,3,3,Apartment,Obaid Mangi,Bilquis Sabri,Verified,Paid,Under Review,Due,9500000.0
16923,Mukarram Randhawa,DEMO-KPT-16923,House No. BCD-346,Street 11,North Karachi,3,3,Apartment,Mukarram Randhawa,Sakina Achakzai,Verified,Paid,Under Review,Due,8000000.0
11875,Zohaib Tunio,DEMO-KPT-11875,House No. CR-325,Street 12,North Karachi,3,3,Apartment,Zohaib Tunio,Sakina Sindhi,Pending,Paid,Under Review,Paid,8100000.0
8532,Shaheen Mengal,DEMO-KPT-8532,House No. DB-769,Street 14,North Karachi,3,3,Apartment,Shaheen Mengal,Feryal Sheikh,Verified,Due,Issue Found,Due,8200000.0
8561,Momina Sandhu,DEMO-KPT-8561,House No. RD-789,Street 15,North Karachi,3,3,Apartment,Momina Sandhu,Zamzam Bettani,Pending,Paid,Issue Found,Due,9000000.0
5118,Nadir Kidwai,DEMO-KPT-5118,House No. DD-534,Street 17,North Karachi,3,3,Apartment,Nadir Kidwai,Shahid Anwar,Litigated,Due,Under Review,Due,9900000.0
15206,Sahrish Jadoon,DEMO-KPT-15206,House No. DCR-715,Street 17,North Karachi,3,3,Apartment,Sahrish Jadoon,Muneeb Tariq,Pending,Paid,Under Review,Due,8900000.0
15221,Vaqar Bettani,DEMO-KPT-15221,House No. DRB-526,Street 17,North Karachi,3,3,Apartment,Vaqar Bettani,Taimur Javed,Pending,Due,Clear,Paid,8200000.0
16941,Zaib Virk,DEMO-KPT-16941,House No. BCR-475,Street 20,North Karachi,3,3,Apartment,Zaib Virk,Dawood Bhittani,Litigated,Paid,Issue Found,Due,9300000.0
11883,Zafar Nawaz,DEMO-KPT-11883,House No. DR-679,Street 26,North Karachi,3,3,Apartment,Zafar Nawaz,Farwa Khuhro,Pending,Paid,Issue Found,Due,9100000.0
5097,Mahjabeen Rizvi,DEMO-KPT-5097,House No. CB-828,Street 27,North Karachi,3,3,Apartment,Mahjabeen Rizvi,Shagufta Ahmed,Pending,Due,Clear,Due,8200000.0
13569,Tahmina Gabol,DEMO-KPT-13569,House No. BDC-831,Street 27,North Karachi,3,3,Apartment,Tahmina Gabol,Mahir Minhas,Litigated,Due,Under Review,Paid,9200000.0
13576,Javeria Mangi,DEMO-KPT-13576,House No. CBD-525,Street 29,North Karachi,3,3,Apartment,Javeria Mangi,Kaleem Yousafzai,Pending,Paid,Issue Found,Due,8400000.0
1702,Tamim Hameed,DEMO-KPT-1702,House No. R-814,Street 30,North Karachi,3,3,Apartment,Tamim Hameed,Shan Shinwari,Verified,Paid,Under Review,Due,8700000.0
3308,Daniya Minhas,DEMO-KPT-3308,House No. C-340,Street 30,North Karachi,3,3,Apartment,Daniya Minhas,Malaika Jadoon,Litigated,Due,Under Review,Due,8300000.0
13607,Sumayya Zubair,DEMO-KPT-13607,House No. CDR-660,Street 30,North Karachi,3,3,Apartment,Sumayya Zubair,Nihal Kidwai,Verified,Paid,Issue Found,Due,9800000.0
13612,Balaj Niazi,DEMO-KPT-13612,House No. DRB-897,Street 30,North Karachi,3,3,Apartment,Balaj Niazi,Sanam Parvez,Verified,Due,Issue Found,Due,9600000.0
5159,Shahzad Marwat,DEMO-KPT-5159,House No. CD-670,Street 1,North Karachi,4,3,Apartment,Shahzad Marwat,Rauf Mohmand,Litigated,Paid,Clear,Paid,8300000.0
13709,Rameez Hafeez,DEMO-KPT-13709,House No. CRD-839,Street 1,North Karachi,4,3,Apartment,Rameez Hafeez,Shaista Jamal,Litigated,Paid,Clear,Paid,9600000.0
3416,Kabir Ghauri,DEMO-KPT-3416,House No. B-652,Street 5,North Karachi,4,3,Apartment,Kabir Ghauri,Sameer Farooq,Litigated,Paid,Under Review,Paid,9800000.0
6922,Mahira Hayat,DEMO-KPT-6922,House No. BC-396,Street 5,North Karachi,4,3,Apartment,Mahira Hayat,Kaif Bukhari,Litigated,Due,Clear,Due,9600000.0
3427,Zainab Rizvi,DEMO-KPT-3427,House No. C-820,Street 9,North Karachi,4,3,Apartment,Zainab Rizvi,Tanzeela Mazari,Pending,Paid,Under Review,Due,8800000.0
3423,Tamkeen Mir,DEMO-KPT-3423,House No. D-718,Street 11,North Karachi,4,3,Apartment,Tamkeen Mir,Umair Dayo,Verified,Paid,Under Review,Due,9500000.0
10202,Tasneem Sultan,DEMO-KPT-10202,House No. RD-628,Street 11,North Karachi,4,3,Apartment,Tasneem Sultan,Nawal Bhat,Litigated,Due,Under Review,Due,8200000.0
15268,Asad Kayani,DEMO-KPT-15268,House No. BDC-342,Street 11,North Karachi,4,3,Apartment,Asad Kayani,Sana Mazari,Pending,Paid,Issue Found,Paid,8700000.0
6925,Zakariya Tarar,DEMO-KPT-6925,House No. CC-614,Street 12,North Karachi,4,3,Apartment,Zakariya Tarar,Rukhsana Memon,Pending,Paid,Under Review,Paid,9900000.0
6906,Kaleem Mahesar,DEMO-KPT-6906,House No. DR-752,Street 17,North Karachi,4,3,Apartment,Kaleem Mahesar,Mahnoor Leghari,Verified,Due,Issue Found,Due,8300000.0
10256,Shifa Lakhani,DEMO-KPT-10256,House No. BD-385,Street 17,North Karachi,4,3,Apartment,Shifa Lakhani,Tahir Butt,Pending,Paid,Under Review,Due,9000000.0
13656,Nafisa Dreshak,DEMO-KPT-13656,House No. DCB-645,Street 17,North Karachi,4,3,Apartment,Nafisa Dreshak,Abbas Yaqoob,Verified,Due,Issue Found,Due,9000000.0
11931,Asra Tarar,DEMO-KPT-11931,House No. BB-473,Street 18,North Karachi,4,3,Apartment,Asra Tarar,Zohra Mahsud,Verified,Paid,Clear,Paid,9800000.0
5202,Pervaiz Jamali,DEMO-KPT-5202,House No. DB-508,Street 20,North Karachi,4,3,Apartment,Pervaiz Jamali,Zoya Hameed,Litigated,Due,Clear,Due,9200000.0
15246,Rameez Kamboh,DEMO-KPT-15246,House No. DBC-586,Street 21,North Karachi,4,3,Apartment,Rameez Kamboh,Saima Abbasi,Verified,Paid,Clear,Due,8700000.0
6933,Jazib Yousaf,DEMO-KPT-6933,House No. DB-764,Street 26,North Karachi,4,3,Apartment,Jazib Yousaf,Mahjabeen Ahmed,Pending,Paid,Issue Found,Due,9300000.0
10226,Inaya Abro,DEMO-KPT-10226,House No. DD-426,Street 27,North Karachi,4,3,Apartment,Inaya Abro,Shahbaz Palijo,Verified,Due,Clear,Paid,8600000.0
11953,Bisma Hayat,DEMO-KPT-11953,House No. RD-657,Street 27,North Karachi,4,3,Apartment,Bisma Hayat,Naureen Toor,Litigated,Due,Clear,Paid,8400000.0
1787,Rayyan Jafri,DEMO-KPT-1787,House No. C-496,Street 28,North Karachi,4,3,Apartment,Rayyan Jafri,Taha Chattha,Pending,Paid,Under Review,Due,8300000.0
3425,Hasnain Yousafzai,DEMO-KPT-3425,House No. C-653,Street 29,North Karachi,4,3,Apartment,Hasnain Yousafzai,Shafiq Usmani,Litigated,Paid,Under Review,Paid,8500000.0
8662,Humaira Shafi,DEMO-KPT-8662,House No. RC-640,Street 30,North Karachi,4,3,Apartment,Humaira Shafi,Faisal Raza,Verified,Due,Issue Found,Due,8600000.0
8729,Nargis Bijarani,DEMO-KPT-8729,House No. CR-552,Street 3,North Karachi,5,3,Apartment,Nargis Bijarani,Waqas Lari,Litigated,Paid,Issue Found,Due,8800000.0
13794,Luqman Zia,DEMO-KPT-13794,House No. DBR-403,Street 3,North Karachi,5,3,Apartment,Luqman Zia,Sobia Kamal,Litigated,Paid,Issue Found,Paid,9400000.0
10366,Noshaba Swati,DEMO-KPT-10366,House No. DD-765,Street 5,North Karachi,5,3,Apartment,Noshaba Swati,Talha Qureshi,Pending,Paid,Issue Found,Paid,9300000.0
13812,Kaleem Laghari,DEMO-KPT-13812,House No. CRD-473,Street 5,North Karachi,5,3,Apartment,Kaleem Laghari,Sumaira Khalid,Pending,Paid,Under Review,Due,8800000.0
15316,Farheen Kamboh,DEMO-KPT-15316,House No. RBD-403,Street 5,North Karachi,5,3,Apartment,Farheen Kamboh,Awais Laghari,Pending,Paid,Issue Found,Paid,9800000.0
5221,Iram Sultan,DEMO-KPT-5221,House No. BC-475,Street 7,North Karachi,5,3,Apartment,Iram Sultan,Shoaib Sandhu,Litigated,Paid,Under Review,Due,8100000.0
1901,Shanza Turk,DEMO-KPT-1901,House No. B-378,Street 9,North Karachi,5,3,Apartment,Shanza Turk,Saleem Sohu,Litigated,Paid,Issue Found,Due,9500000.0
15356,Wajid Akhtar,DEMO-KPT-15356,House No. CBD-322,Street 9,North Karachi,5,3,Apartment,Wajid Akhtar,Komal Kiani,Verified,Due,Under Review,Paid,9700000.0
5252,Tahir Daudzai,DEMO-KPT-5252,House No. DD-390,Street 11,North Karachi,5,3,Apartment,Tahir Daudzai,Kamal Cheena,Litigated,Due,Under Review,Due,9100000.0
10272,Lubna Niazi,DEMO-KPT-10272,House No. BR-390,Street 11,North Karachi,5,3,Apartment,Lubna Niazi,Rida Kazmi,Pending,Due,Under Review,Due,8300000.0
3485,Kashaf Junejo,DEMO-KPT-3485,House No. C-728,Street 13,North Karachi,5,3,Apartment,Kashaf Junejo,Sabika Shinwari,Verified,Paid,Issue Found,Due,9000000.0
15319,Bilal Mustafa,DEMO-KPT-15319,House No. DRB-480,Street 14,North Karachi,5,3,Apartment,Bilal Mustafa,Laila Jaffri,Litigated,Due,Clear,Paid,9700000.0
1844,Bilquis Ali,DEMO-KPT-1844,House No. D-406,Street 15,North Karachi,5,3,Apartment,Bilquis Ali,Zainab Bukhari,Verified,Paid,Under Review,Due,9300000.0
10296,Fakhar Magsi,DEMO-KPT-10296,House No. BD-846,Street 21,North Karachi,5,3,Apartment,Fakhar Magsi,Sajida Khattak,Verified,Paid,Clear,Due,9500000.0
3534,Abdullah Panhwar,DEMO-KPT-3534,House No. B-533,Street 24,North Karachi,5,3,Apartment,Abdullah Panhwar,Murtaza Iqbal,Verified,Paid,Under Review,Due,8700000.0
6985,Lubna Anwar,DEMO-KPT-6985,House No. DB-735,Street 24,North Karachi,5,3,Apartment,Lubna Anwar,Babar Sadiq,Litigated,Paid,Issue Found,Paid,8800000.0
8723,Aneela Khan,DEMO-KPT-8723,House No. RB-575,Street 26,North Karachi,5,3,Apartment,Aneela Khan,Zeshan Hameed,Litigated,Due,Clear,Paid,8400000.0
7003,Abbas Qureshi,DEMO-KPT-7003,House No. RB-839,Street 27,North Karachi,5,3,Apartment,Abbas Qureshi,Lamia Bettani,Litigated,Due,Clear,Paid,9100000.0
1868,Yaqoob Virk,DEMO-KPT-1868,House No. D-831,Street 29,North Karachi,5,3,Apartment,Yaqoob Virk,Aryan Wattoo,Verified,Due,Issue Found,Due,9500000.0
5225,Shama Toor,DEMO-KPT-5225,House No. CB-538,Street 29,North Karachi,5,3,Apartment,Shama Toor,Azka Hameed,Litigated,Paid,Under Review,Paid,9100000.0
8708,Hidayat Swati,DEMO-KPT-8708,House No. DB-325,Street 30,North Karachi,5,3,Apartment,Hidayat Swati,Zulfiqar Korai,Litigated,Due,Under Review,Due,8900000.0
7129,Aneeqa Hashmi,DEMO-KPT-7129,House No. CC-464,Street 1,North Karachi,6,3,Apartment,Aneeqa Hashmi,Atiya Tanoli,Pending,Due,Clear,Due,8000000.0
5348,Inayat Dogar,DEMO-KPT-5348,House No. DR-724,Street 7,North Karachi,6,3,Apartment,Inayat Dogar,Muneeb Mohammadzai,Litigated,Due,Clear,Paid,10000000.0
12098,Shayan Warraich,DEMO-KPT-12098,House No. CB-376,Street 7,North Karachi,6,3,Apartment,Shayan Warraich,Ibrahim Dawood,Litigated,Due,Clear,Paid,9900000.0
13898,Samra Bijarani,DEMO-KPT-13898,House No. DRB-751,Street 7,North Karachi,6,3,Apartment,Samra Bijarani,Mahad Cheema,Litigated,Due,Clear,Paid,8100000.0
8827,Obaid Noor,DEMO-KPT-8827,House No. DC-894,Street 9,North Karachi,6,3,Apartment,Obaid Noor,Sitara Unar,Pending,Paid,Under Review,Due,8100000.0
13835,Ghazala Talpur,DEMO-KPT-13835,House No. RBC-885,Street 13,North Karachi,6,3,Apartment,Ghazala Talpur,Ahtisham Hafeez,Verified,Paid,Issue Found,Due,8700000.0
3632,Shees Dahri,DEMO-KPT-3632,House No. R-819,Street 15,North Karachi,6,3,Apartment,Shees Dahri,Hafeez Dreshak,Litigated,Due,Clear,Paid,8800000.0
8747,Mahmood Ghazali,DEMO-KPT-8747,House No. DC-624,Street 16,North Karachi,6,3,Apartment,Mahmood Ghazali,Naureen Sindhi,Pending,Paid,Under Review,Paid,9700000.0
12030,Sameer Talpur,DEMO-KPT-12030,House No. RR-318,Street 16,North Karachi,6,3,Apartment,Sameer Talpur,Zuha Zia,Verified,Due,Clear,Paid,9200000.0
13871,Manzoor Dayo,DEMO-KPT-13871,House No. BRC-888,Street 17,North Karachi,6,3,Apartment,Manzoor Dayo,Zakir Hameed,Pending,Due,Clear,Paid,8900000.0
7134,Hanzala Sandhu,DEMO-KPT-7134,House No. RR-775,Street 24,North Karachi,6,3,Apartment,Hanzala Sandhu,Ihsan Alvi,Verified,Paid,Under Review,Due,10000000.0
8792,Ammar Sultan,DEMO-KPT-8792,House No. RC-412,Street 26,North Karachi,6,3,Apartment,Ammar Sultan,Qurat Parvez,Verified,Due,Issue Found,Due,9100000.0
1947,Maryum Anwar,DEMO-KPT-1947,House No. R-564,Street 27,North Karachi,6,3,Apartment,Maryum Anwar,Sidrah Abro,Pending,Due,Clear,Due,8300000.0
13826,Mubeen Buriro,DEMO-KPT-13826,House No. BRC-844,Street 27,North Karachi,6,3,Apartment,Mubeen Buriro,Saleha Randhawa,Verified,Due,Clear,Paid,9700000.0
8825,Rahila Yousaf,DEMO-KPT-8825,House No. BB-560,Street 29,North Karachi,6,3,Apartment,Rahila Yousaf,Rameez Tunio,Litigated,Paid,Under Review,Paid,8700000.0
10418,Farzana Mohammadzai,DEMO-KPT-10418,House No. RD-309,Street 29,North Karachi,6,3,Apartment,Farzana Mohammadzai,Hashim Niazi,Verified,Due,Issue Found,Due,9400000.0
15412,Lamia Ijaz,DEMO-KPT-15412,House No. RBD-681,Street 30,North Karachi,6,3,Apartment,Lamia Ijaz,Zainab Jafri,Verified,Due,Issue Found,Due,9200000.0
10453,Emaad Orakzai,DEMO-KPT-10453,House No. DC-693,Street 1,North Karachi,7,3,Apartment,Emaad Orakzai,Nabila Dar,Verified,Paid,Clear,Paid,8000000.0
10529,Manahil Majeed,DEMO-KPT-10529,House No. DD-857,Street 3,North Karachi,7,3,Apartment,Manahil Majeed,Mahreen Tariq,Litigated,Paid,Issue Found,Due,9200000.0
13966,Sajida Wani,DEMO-KPT-13966,House No. BCR-499,Street 5,North Karachi,7,3,Apartment,Sajida Wani,Zahid Achakzai,Pending,Paid,Issue Found,Paid,8800000.0
2049,Sabih Rabbani,DEMO-KPT-2049,House No. C-633,Street 8,North Karachi,7,3,Apartment,Sabih Rabbani,Daniya Shafiq,Litigated,Paid,Under Review,Due,8900000.0
7230,Sumaira Haral,DEMO-KPT-7230,House No. CB-300,Street 8,North Karachi,7,3,Apartment,Sumaira Haral,Waheed Zafar,Litigated,Due,Issue Found,Due,8200000.0
12162,Saleha Rana,DEMO-KPT-12162,House No. RB-608,Street 8,North Karachi,7,3,Apartment,Saleha Rana,Aiman Usmani,Litigated,Due,Under Review,Due,8700000.0
7219,Neha Marwat,DEMO-KPT-7219,House No. CC-395,Street 14,North Karachi,7,3,Apartment,Neha Marwat,Naureen Zaman,Litigated,Due,Clear,Paid,8900000.0
13932,Abbas Ilyas,DEMO-KPT-13932,House No. RCD-705,Street 14,North Karachi,7,3,Apartment,Abbas Ilyas,Mahnoor Mohammadzai,Verified,Due,Issue Found,Due,8600000.0
7244,Jamil Bhat,DEMO-KPT-7244,House No. CD-484,Street 15,North Karachi,7,3,Apartment,Jamil Bhat,Qadir Barakzai,Verified,Paid,Under Review,Due,8500000.0
10471,Sania Noor,DEMO-KPT-10471,House No. CR-503,Street 16,North Karachi,7,3,Apartment,Sania Noor,Marium Bangash,Verified,Paid,Issue Found,Paid,9400000.0
5400,Mahreen Ijaz,DEMO-KPT-5400,House No. BR-306,Street 19,North Karachi,7,3,Apartment,Mahreen Ijaz,Khadija Tariq,Verified,Due,Under Review,Due,10000000.0
10519,Asma Qureshi,DEMO-KPT-10519,House No. BB-845,Street 19,North Karachi,7,3,Apartment,Asma Qureshi,Hafiz Khattak,Pending,Due,Clear,Due,9000000.0
2091,Saeeda Kasi,DEMO-KPT-2091,House No. D-467,Street 20,North Karachi,7,3,Apartment,Saeeda Kasi,Mahmood Mahesar,Litigated,Paid,Issue Found,Due,10000000.0
8866,Zubia Mirani,DEMO-KPT-8866,House No. RD-713,Street 26,North Karachi,7,3,Apartment,Zubia Mirani,Akbar Saif,Pending,Paid,Clear,Due,9300000.0
10523,Aun Gandapur,DEMO-KPT-10523,House No. CR-330,Street 26,North Karachi,7,3,Apartment,Aun Gandapur,Numan Turk,Litigated,Due,Clear,Paid,8100000.0
14053,Firdous Saif,DEMO-KPT-14053,House No. BRD-727,Street 1,North Karachi,8,3,Apartment,Firdous Saif,Hafsa Mustafa,Verified,Paid,Clear,Paid,8800000.0
3779,Ghazala Marri,DEMO-KPT-3779,House No. B-849,Street 3,North Karachi,8,3,Apartment,Ghazala Marri,Alamgir Baig,Litigated,Paid,Issue Found,Due,8200000.0
3791,Saba Kasi,DEMO-KPT-3791,House No. R-607,Street 3,North Karachi,8,3,Apartment,Saba Kasi,Amjad Usmani,Pending,Paid,Under Review,Paid,9500000.0
8923,Hoorain Jaffri,DEMO-KPT-8923,House No. DB-528,Street 3,North Karachi,8,3,Apartment,Hoorain Jaffri,Younas Swati,Pending,Due,Under Review,Due,9500000.0
14044,Noor Dahri,DEMO-KPT-14044,House No. DRC-493,Street 3,North Karachi,8,3,Apartment,Noor Dahri,Mateen Sial,Pending,Paid,Clear,Due,9300000.0
8998,Mahira Jaffri,DEMO-KPT-8998,House No. CD-708,Street 6,North Karachi,8,3,Apartment,Mahira Jaffri,Mohsin Ali,Litigated,Paid,Under Review,Paid,9000000.0
15610,Salma Shaikh,DEMO-KPT-15610,House No. DRC-568,Street 6,North Karachi,8,3,Apartment,Salma Shaikh,Farooq Rana,Verified,Due,Issue Found,Due,9300000.0
5501,Arfa Durrani,DEMO-KPT-5501,House No. DB-595,Street 9,North Karachi,8,3,Apartment,Arfa Durrani,Majid Hussain,Litigated,Paid,Issue Found,Due,8300000.0
14051,Hidayat Kalhoro,DEMO-KPT-14051,House No. BRC-624,Street 9,North Karachi,8,3,Apartment,Hidayat Kalhoro,Kaneez Minhas,Litigated,Paid,Issue Found,Due,8500000.0
7313,Sadia Warraich,DEMO-KPT-7313,House No. BR-482,Street 10,North Karachi,8,3,Apartment,Sadia Warraich,Yahya Malik,Litigated,Due,Clear,Paid,8800000.0
8982,Farhan Janjua,DEMO-KPT-8982,House No. BC-432,Street 14,North Karachi,8,3,Apartment,Farhan Janjua,Noor Durrani,Verified,Due,Issue Found,Due,9600000.0
7321,Imad Toor,DEMO-KPT-7321,House No. DB-866,Street 16,North Karachi,8,3,Apartment,Imad Toor,Tamim Kamboh,Verified,Paid,Issue Found,Paid,8200000.0
5431,Sumbal Shakir,DEMO-KPT-5431,House No. DC-825,Street 19,North Karachi,8,3,Apartment,Sumbal Shakir,Aryan Shinwari,Verified,Due,Clear,Due,9100000.0
9000,Taha Malik,DEMO-KPT-9000,House No. DR-700,Street 19,North Karachi,8,3,Apartment,Taha Malik,Sarah Shinwari,Verified,Due,Under Review,Due,9300000.0
7273,Sajid Barakzai,DEMO-KPT-7273,House No. BD-701,Street 20,North Karachi,8,3,Apartment,Sajid Barakzai,Nayyar Ghani,Pending,Due,Under Review,Due,9900000.0
15614,Mirza Yousafzai,DEMO-KPT-15614,House No. CRD-602,Street 21,North Karachi,8,3,Apartment,Mirza Yousafzai,Mustafa Tunio,Pending,Paid,Issue Found,Paid,9700000.0
15616,Rehan Khan,DEMO-KPT-15616,House No. CRD-760,Street 26,North Karachi,8,3,Apartment,Rehan Khan,Sajida Latif,Pending,Paid,Clear,Due,9000000.0
3726,Parvez Khuhro,DEMO-KPT-3726,House No. C-428,Street 27,North Karachi,8,3,Apartment,Parvez Khuhro,Noman Popalzai,Pending,Paid,Issue Found,Paid,9400000.0
8987,Rehana Kamboh,DEMO-KPT-8987,House No. CR-782,Street 28,North Karachi,8,3,Apartment,Rehana Kamboh,Parveen Unar,Pending,Paid,Under Review,Due,8000000.0
7268,Talal Samo,DEMO-KPT-7268,House No. DB-847,Street 29,North Karachi,8,3,Apartment,Talal Samo,Owais Lari,Verified,Due,Issue Found,Due,8100000.0
7276,Fida Tarar,DEMO-KPT-7276,House No. CR-824,Street 29,North Karachi,8,3,Apartment,Fida Tarar,Esha Khosa,Pending,Paid,Issue Found,Due,10000000.0
2310,Jannat Malik,DEMO-KPT-2310,House No. D-792,Street 1,North Karachi,9,3,Apartment,Jannat Malik,Manahil Swati,Pending,Paid,Issue Found,Due,10000000.0
12359,Zaynab Bajwa,DEMO-KPT-12359,House No. RD-426,Street 1,North Karachi,9,3,Apartment,Zaynab Bajwa,Rustam Virk,Litigated,Paid,Clear,Paid,8500000.0
5579,Neelam Tareen,DEMO-KPT-5579,House No. BR-513,Street 3,North Karachi,9,3,Apartment,Neelam Tareen,Khalid Sabri,Litigated,Paid,Issue Found,Due,10000000.0
7391,Alam Dawood,DEMO-KPT-7391,House No. DB-722,Street 3,North Karachi,9,3,Apartment,Alam Dawood,Lina Lakhani,Pending,Paid,Under Review,Paid,9400000.0
12329,Farhan Gakhar,DEMO-KPT-12329,House No. CR-420,Street 3,North Karachi,9,3,Apartment,Farhan Gakhar,Bashir Mahesar,Litigated,Paid,Issue Found,Due,10000000.0
9037,Samina Rana,DEMO-KPT-9037,House No. DD-648,Street 4,North Karachi,9,3,Apartment,Samina Rana,Beenish Bangash,Litigated,Due,Under Review,Due,8400000.0
3866,Faisal Khosa,DEMO-KPT-3866,House No. BB-325,Street 5,North Karachi,9,3,Apartment,Faisal Khosa,Mashal Jaffri,Litigated,Paid,Under Review,Paid,8000000.0
2198,Shamoon Ilyas,DEMO-KPT-2198,House No. C-429,Street 7,North Karachi,9,3,Apartment,Shamoon Ilyas,Mansha Jamali,Litigated,Due,Clear,Paid,9200000.0
9012,Yusuf Peerzada,DEMO-KPT-9012,House No. BC-708,Street 8,North Karachi,9,3,Apartment,Yusuf Peerzada,Taha Zaman,Litigated,Due,Under Review,Due,8600000.0
14125,Feroz Gabol,DEMO-KPT-14125,House No. BRC-452,Street 12,North Karachi,9,3,Apartment,Feroz Gabol,Tasneem Mahar,Pending,Paid,Under Review,Paid,10000000.0
2232,Ayub Sahito,DEMO-KPT-2232,House No. D-526,Street 14,North Karachi,9,3,Apartment,Ayub Sahito,Kamil Niazi,Verified,Due,Issue Found,Due,8900000.0
3870,Burhan Yazdani,DEMO-KPT-3870,House No. DC-591,Street 15,North Karachi,9,3,Apartment,Burhan Yazdani,Dua Umer,Pending,Paid,Clear,Paid,9000000.0
9011,Nudrat Awan,DEMO-KPT-9011,House No. RD-756,Street 15,North Karachi,9,3,Apartment,Nudrat Awan,Bakhtawar Rafique,Pending,Paid,Issue Found,Due,9800000.0
10635,Nosheen Gilani,DEMO-KPT-10635,House No. RC-740,Street 16,North Karachi,9,3,Apartment,Nosheen Gilani,Hanif Sohu,Verified,Due,Clear,Due,8200000.0
12318,Beenish Kamboh,DEMO-KPT-12318,House No. RC-534,Street 17,North Karachi,9,3,Apartment,Beenish Kamboh,Munib Achakzai,Litigated,Due,Under Review,Due,8300000.0
12319,Sania Kidwai,DEMO-KPT-12319,House No. RR-822,Street 19,North Karachi,9,3,Apartment,Sania Kidwai,Aleeza Haral,Pending,Due,Clear,Due,8500000.0
14119,Kausar Qadir,DEMO-KPT-14119,House No. DRB-448,Street 19,North Karachi,9,3,Apartment,Kausar Qadir,Iftikhar Kasi,Pending,Due,Clear,Due,8700000.0
15696,Zubaid Hayat,DEMO-KPT-15696,House No. CRB-859,Street 21,North Karachi,9,3,Apartment,Zubaid Hayat,Javaria Sadiq,Verified,Paid,Clear,Due,9600000.0
15691,Zunair Hashmi,DEMO-KPT-15691,House No. DBC-565,Street 22,North Karachi,9,3,Apartment,Zunair Hashmi,Sadaqat Bhittani,Verified,Due,Clear,Paid,10000000.0
7380,Amal Naqvi,DEMO-KPT-7380,House No. RB-769,Street 25,North Karachi,9,3,Apartment,Amal Naqvi,Anila Mir,Pending,Due,Issue Found,Paid,8400000.0
12330,Murtaza Hashmi,DEMO-KPT-12330,House No. CB-339,Street 25,North Karachi,9,3,Apartment,Murtaza Hashmi,Izhar Shinwari,Pending,Due,Issue Found,Paid,9900000.0
10622,Eman Lari,DEMO-KPT-10622,House No. RR-324,Street 26,North Karachi,9,3,Apartment,Eman Lari,Komal Warraich,Pending,Due,Under Review,Paid,9300000.0
14076,Mehrunnisa Mustafa,DEMO-KPT-14076,House No. BDC-466,Street 27,North Karachi,9,3,Apartment,Mehrunnisa Mustafa,Rakhshanda Lari,Pending,Paid,Issue Found,Paid,9000000.0
9068,Farah Sindhi,DEMO-KPT-9068,House No. BD-775,Street 29,North Karachi,9,3,Apartment,Farah Sindhi,Mashal Abro,Verified,Due,Issue Found,Due,9400000.0
9103,Sumaira Zaidi,DEMO-KPT-9103,House No. BC-420,Street 1,North Karachi,10,3,Apartment,Sumaira Zaidi,Yameen Daudzai,Verified,Paid,Clear,Paid,9500000.0
5656,Yawar Dogar,DEMO-KPT-5656,House No. RB-763,Street 4,North Karachi,10,3,Apartment,Yawar Dogar,Junaid Zubair,Litigated,Due,Clear,Due,8400000.0
12406,Kamal Zafar,DEMO-KPT-12406,House No. BD-774,Street 4,North Karachi,10,3,Apartment,Kamal Zafar,Nighat Talpur,Litigated,Due,Clear,Due,8800000.0
14206,Siddique Zardari,DEMO-KPT-14206,House No. RCB-877,Street 4,North Karachi,10,3,Apartment,Siddique Zardari,Tayyaba Warsi,Litigated,Due,Clear,Due,8500000.0
15787,Tahmina Bukhari,DEMO-KPT-15787,House No. CBR-587,Street 4,North Karachi,10,3,Apartment,Tahmina Bukhari,Burhan Hoti,Litigated,Due,Under Review,Due,9800000.0
5666,Anila Talpur,DEMO-KPT-5666,House No. RB-690,Street 5,North Karachi,10,3,Apartment,Anila Talpur,Nimra Shaikh,Litigated,Paid,Under Review,Paid,9000000.0
9084,Hamid Bettani,DEMO-KPT-9084,House No. RB-715,Street 7,North Karachi,10,3,Apartment,Hamid Bettani,Fazal Peerzada,Pending,Paid,Clear,Paid,8900000.0
5649,Moeen Lakhani,DEMO-KPT-5649,House No. CC-639,Street 8,North Karachi,10,3,Apartment,Moeen Lakhani,Nizam Mehmood,Litigated,Paid,Under Review,Due,8600000.0
15762,Sikandar Zafar,DEMO-KPT-15762,House No. BDC-493,Street 8,North Karachi,10,3,Apartment,Sikandar Zafar,Mukarram Saeed,Litigated,Due,Under Review,Due,8200000.0
15780,Aneela Kayani,DEMO-KPT-15780,House No. BCR-556,Street 8,North Karachi,10,3,Apartment,Aneela Kayani,Nabila Bhatti,Litigated,Due,Issue Found,Due,9300000.0
5685,Zubaid Bugti,DEMO-KPT-5685,House No. CC-569,Street 16,North Karachi,10,3,Apartment,Zubaid Bugti,Shumaila Noor,Verified,Due,Clear,Due,9100000.0
14147,Dilawar Yasin,DEMO-KPT-14147,House No. DCB-300,Street 16,North Karachi,10,3,Apartment,Dilawar Yasin,Hina Qazi,Pending,Paid,Under Review,Paid,8500000.0
2406,Mudassar Shakir,DEMO-KPT-2406,House No. D-571,Street 17,North Karachi,10,3,Apartment,Mudassar Shakir,Huma Bhurgri,Verified,Due,Issue Found,Due,9200000.0
10741,Hammad Mir,DEMO-KPT-10741,House No. DD-656,Street 22,North Karachi,10,3,Apartment,Hammad Mir,Riaz Rajput,Verified,Due,Clear,Paid,9200000.0
5658,Raees Haral,DEMO-KPT-5658,House No. BC-566,Street 23,North Karachi,10,3,Apartment,Raees Haral,Nuzhat Ghumman,Verified,Due,Under Review,Paid,9800000.0
7458,Saira Hameed,DEMO-KPT-7458,House No. DR-853,Street 23,North Karachi,10,3,Apartment,Saira Hameed,Farhan Hafeez,Verified,Due,Under Review,Paid,8700000.0
7435,Aziz Parvez,DEMO-KPT-7435,House No. BC-320,Street 24,North Karachi,10,3,Apartment,Aziz Parvez,Qurat Saif,Litigated,Paid,Issue Found,Paid,8000000.0
14185,Bashir Jafri,DEMO-KPT-14185,House No. BDC-362,Street 24,North Karachi,10,3,Apartment,Bashir Jafri,Amara Lone,Litigated,Paid,Issue Found,Paid,8000000.0
5680,Arbaz Jamal,DEMO-KPT-5680,House No. RB-675,Street 25,North Karachi,10,3,Apartment,Arbaz Jamal,Aun Parvez,Pending,Due,Under Review,Due,9700000.0
7480,Mirha Afridi,DEMO-KPT-7480,House No. CR-558,Street 25,North Karachi,10,3,Apartment,Mirha Afridi,Shazia Pirzada,Pending,Due,Under Review,Due,10000000.0
7442,Zunaira Malik,DEMO-KPT-7442,House No. CR-870,Street 26,North Karachi,10,3,Apartment,Zunaira Malik,Shanza Daudzai,Verified,Due,Issue Found,Due,9900000.0
9135,Nargis Imran,DEMO-KPT-9135,House No. RC-665,Street 26,North Karachi,10,3,Apartment,Nargis Imran,Abid Sipra,Verified,Paid,Clear,Paid,10000000.0
10711,Tahmina Shah,DEMO-KPT-10711,House No. RB-392,Street 26,North Karachi,10,3,Apartment,Tahmina Shah,Nabeel Mian,Verified,Paid,Clear,Paid,8700000.0
12392,Inaya Sipra,DEMO-KPT-12392,House No. BB-766,Street 26,North Karachi,10,3,Apartment,Inaya Sipra,Sarfraz Daudzai,Verified,Due,Issue Found,Due,8200000.0
2315,Haleema Sheikh,DEMO-KPT-2315,House No. R-334,Street 27,North Karachi,10,3,Apartment,Haleema Sheikh,Noor Saif,Pending,Paid,Issue Found,Due,9400000.0
7475,Khansa Khalid,DEMO-KPT-7475,House No. RC-612,Street 29,North Karachi,10,3,Apartment,Khansa Khalid,Aiman Hashmi,Litigated,Paid,Under Review,Paid,8600000.0
7579,Samra Sabri,DEMO-KPT-7579,House No. DB-681,Street 1,North Karachi,11,3,Apartment,Samra Sabri,Alishba Gill,Pending,Due,Clear,Due,8800000.0
9191,Abid Soomro,DEMO-KPT-9191,House No. RC-357,Street 3,North Karachi,11,3,Apartment,Abid Soomro,Javeria Naqvi,Pending,Paid,Under Review,Paid,8500000.0
12462,Iffat Waheed,DEMO-KPT-12462,House No. BR-699,Street 5,North Karachi,11,3,Apartment,Iffat Waheed,Shees Daudzai,Pending,Paid,Under Review,Due,8100000.0
14262,Riaz Mir,DEMO-KPT-14262,House No. BCD-307,Street 5,North Karachi,11,3,Apartment,Riaz Mir,Ali Lak,Pending,Paid,Under Review,Due,9200000.0
4080,Sundas Korai,DEMO-KPT-4080,House No. RC-613,Street 8,North Karachi,11,3,Apartment,Sundas Korai,Nosheen Pirzada,Litigated,Due,Issue Found,Due,9900000.0
5772,Shumaila Yaqoob,DEMO-KPT-5772,House No. CR-742,Street 11,North Karachi,11,3,Apartment,Shumaila Yaqoob,Manzoor Hanif,Pending,Due,Under Review,Due,9300000.0
14223,Anam Kazmi,DEMO-KPT-14223,House No. DBC-742,Street 11,North Karachi,11,3,Apartment,Anam Kazmi,Shan Sandhu,Verified,Paid,Under Review,Due,9900000.0
14252,Asra Unar,DEMO-KPT-14252,House No. DRB-658,Street 11,North Karachi,11,3,Apartment,Asra Unar,Azhar Hinjra,Litigated,Due,Under Review,Due,8800000.0
7535,Bushra Shafi,DEMO-KPT-7535,House No. DC-836,Street 13,North Karachi,11,3,Apartment,Bushra Shafi,Zaheer Chattha,Verified,Paid,Issue Found,Due,8400000.0
12485,Qadir Shafi,DEMO-KPT-12485,House No. RB-473,Street 13,North Karachi,11,3,Apartment,Qadir Shafi,Irfan Wani,Verified,Paid,Issue Found,Due,8200000.0
4032,Asif Tarar,DEMO-KPT-4032,House No. RC-553,Street 14,North Karachi,11,3,Apartment,Asif Tarar,Marwa Aslam,Verified,Due,Issue Found,Due,9100000.0
4082,Shazia Noor,DEMO-KPT-4082,House No. CC-680,Street 15,North Karachi,11,3,Apartment,Shazia Noor,Zoya Unar,Litigated,Due,Clear,Paid,8500000.0
14241,Nihal Sultan,DEMO-KPT-14241,House No. RDB-391,Street 20,North Karachi,11,3,Apartment,Nihal Sultan,Zahra Shakir,Litigated,Paid,Issue Found,Due,9800000.0
14264,Iffat Farooqi,DEMO-KPT-14264,House No. DRB-443,Street 21,North Karachi,11,3,Apartment,Iffat Farooqi,Erum Sadiq,Pending,Paid,Issue Found,Paid,8300000.0
9180,Samiya Bhatti,DEMO-KPT-9180,House No. RR-319,Street 25,North Karachi,11,3,Apartment,Samiya Bhatti,Iftikhar Bhatti,Pending,Due,Issue Found,Paid,8000000.0
10869,Marwa Gakhar,DEMO-KPT-10869,House No. BD-752,Street 27,North Karachi,11,3,Apartment,Marwa Gakhar,Ashraf Dayo,Litigated,Due,Under Review,Paid,9600000.0
12476,Imad Latif,DEMO-KPT-12476,House No. CC-341,Street 27,North Karachi,11,3,Apartment,Imad Latif,Naureen Mughal,Verified,Due,Clear,Paid,9300000.0
15876,Mubeen Mahar,DEMO-KPT-15876,House No. CRB-517,Street 27,North Karachi,11,3,Apartment,Mubeen Mahar,Arbaz Mengal,Pending,Paid,Issue Found,Paid,9400000.0
10903,Adnan Swati,DEMO-KPT-10903,House No. CC-318,Street 1,North Karachi,12,3,Apartment,Adnan Swati,Aneesa Buriro,Verified,Paid,Clear,Paid,9500000.0
12523,Nihal Wazir,DEMO-KPT-12523,House No. DB-750,Street 3,North Karachi,12,3,Apartment,Nihal Wazir,Khurram Khokhar,Pending,Due,Under Review,Due,8300000.0
16044,Sajjad Rind,DEMO-KPT-16044,House No. BRD-645,Street 3,North Karachi,12,3,Apartment,Sajjad Rind,Lubna Dayo,Litigated,Paid,Issue Found,Paid,8700000.0
16021,Mahjabeen Jadoon,DEMO-KPT-16021,House No. DCR-345,Street 7,North Karachi,12,3,Apartment,Mahjabeen Jadoon,Sabahat Jaffri,Litigated,Paid,Under Review,Due,8600000.0
5862,Maryam Akhtar,DEMO-KPT-5862,House No. CD-755,Street 8,North Karachi,12,3,Apartment,Maryam Akhtar,Kabir Marwat,Litigated,Due,Under Review,Due,8600000.0
5880,Rakhshanda Mohmand,DEMO-KPT-5880,House No. DB-687,Street 8,North Karachi,12,3,Apartment,Rakhshanda Mohmand,Sufyan Waheed,Litigated,Due,Issue Found,Due,8800000.0
4106,Zameer Qadir,DEMO-KPT-4106,House No. BR-429,Street 9,North Karachi,12,3,Apartment,Zameer Qadir,Zohra Joiya,Verified,Due,Under Review,Paid,8900000.0
7625,Dania Kharal,DEMO-KPT-7625,House No. RC-529,Street 9,North Karachi,12,3,Apartment,Dania Kharal,Nuzhat Jogezai,Pending,Due,Clear,Due,9500000.0
5861,Rizwan Mirani,DEMO-KPT-5861,House No. DD-859,Street 15,North Karachi,12,3,Apartment,Rizwan Mirani,Faiza Bashir,Pending,Paid,Issue Found,Due,9200000.0
14306,Omer Gakhar,DEMO-KPT-14306,House No. BCR-429,Street 17,North Karachi,12,3,Apartment,Omer Gakhar,Asra Janjua,Pending,Paid,Under Review,Due,8400000.0
7596,Nabila Khattak,DEMO-KPT-7596,House No. DD-624,Street 21,North Karachi,12,3,Apartment,Nabila Khattak,Sonia Cheena,Verified,Paid,Clear,Due,9300000.0
15985,Daniya Gilani,DEMO-KPT-15985,House No. DCR-848,Street 24,North Karachi,12,3,Apartment,Daniya Gilani,Rimsha Mehmood,Litigated,Paid,Issue Found,Paid,8600000.0
16022,Zainab Pirzada,DEMO-KPT-16022,House No. DCB-412,Street 26,North Karachi,12,3,Apartment,Zainab Pirzada,Shabbir Sindhi,Pending,Due,Under Review,Paid,9900000.0
7637,Jannat Sial,DEMO-KPT-7637,House No. DD-543,Street 28,North Karachi,12,3,Apartment,Jannat Sial,Amara Javed,Pending,Paid,Under Review,Due,8600000.0
12660,Atif Rafique,DEMO-KPT-12660,House No. RC-404,Street 1,North Karachi,13,3,Apartment,Atif Rafique,Zayan Janjua,Pending,Paid,Issue Found,Due,8900000.0
16094,Urooj Ali,DEMO-KPT-16094,House No. RCB-446,Street 1,North Karachi,13,3,Apartment,Urooj Ali,Ismail Jadoon,Verified,Paid,Issue Found,Due,8600000.0
7687,Amber Saleem,DEMO-KPT-7687,House No. BD-467,Street 4,North Karachi,13,3,Apartment,Amber Saleem,Abubakar Hafeez,Litigated,Due,Under Review,Due,9300000.0
12637,Arbaz Ghaffar,DEMO-KPT-12637,House No. RB-478,Street 4,North Karachi,13,3,Apartment,Arbaz Ghaffar,Bisma Siddiqui,Litigated,Due,Under Review,Due,8500000.0
7666,Hania Ijaz,DEMO-KPT-7666,House No. RC-485,Street 5,North Karachi,13,3,Apartment,Hania Ijaz,Atiya Zaman,Pending,Paid,Issue Found,Paid,9300000.0
10972,Iffat Afridi,DEMO-KPT-10972,House No. BB-839,Street 5,North Karachi,13,3,Apartment,Iffat Afridi,Neha Lughmani,Litigated,Due,Clear,Due,8400000.0
14416,Alizeh Mengal,DEMO-KPT-14416,House No. CRD-765,Street 5,North Karachi,13,3,Apartment,Alizeh Mengal,Fozia Hashmi,Pending,Paid,Issue Found,Paid,8000000.0
9310,Zubia Noor,DEMO-KPT-9310,House No. RC-304,Street 6,North Karachi,13,3,Apartment,Zubia Noor,Iqbal Tiwana,Verified,Due,Issue Found,Due,8900000.0
5934,Hassan Palijo,DEMO-KPT-5934,House No. RB-479,Street 7,North Karachi,13,3,Apartment,Hassan Palijo,Nadia Rehman,Pending,Paid,Clear,Paid,8800000.0
12656,Naeem Zaidi,DEMO-KPT-12656,House No. CB-385,Street 9,North Karachi,13,3,Apartment,Naeem Zaidi,Ahsan Kamal,Verified,Due,Under Review,Paid,8700000.0
16085,Alam Jamal,DEMO-KPT-16085,House No. BDR-827,Street 13,North Karachi,13,3,Apartment,Alam Jamal,Sabrina Naseem,Verified,Paid,Issue Found,Due,9900000.0
9356,Aleena Wazir,DEMO-KPT-9356,House No. BR-369,Street 17,North Karachi,13,3,Apartment,Aleena Wazir,Ali Tunio,Pending,Paid,Under Review,Due,9400000.0
12673,Lamia Mian,DEMO-KPT-12673,House No. RR-468,Street 20,North Karachi,13,3,Apartment,Lamia Mian,Imtiaz Naseem,Pending,Due,Under Review,Due,8700000.0
2564,Zohair Bhat,DEMO-KPT-2564,House No. D-587,Street 21,North Karachi,13,3,Apartment,Zohair Bhat,Atiya Gondal,Pending,Paid,Issue Found,Paid,9100000.0
2566,Zainab Rajper,DEMO-KPT-2566,House No. D-714,Street 26,North Karachi,13,3,Apartment,Zainab Rajper,Jalal Kalhoro,Pending,Paid,Clear,Due,9800000.0
16111,Kaif Majeed,DEMO-KPT-16111,House No. RBC-346,Street 26,North Karachi,13,3,Apartment,Kaif Majeed,Tanzeela Qureshi,Verified,Paid,Clear,Paid,10000000.0
4303,Sahar Haral,DEMO-KPT-4303,House No. CR-837,Street 27,North Karachi,13,3,Apartment,Sahar Haral,Balaj Lodhi,Litigated,Due,Clear,Paid,9400000.0
12668,Zainab Naqvi,DEMO-KPT-12668,House No. DD-708,Street 29,North Karachi,13,3,Apartment,Zainab Naqvi,Zarmeen Zahid,Verified,Due,Issue Found,Due,8200000.0
14460,Jahangir Bashir,DEMO-KPT-14460,House No. BCR-420,Street 1,North Karachi,14,3,Apartment,Jahangir Bashir,Zartaj Tanoli,Pending,Paid,Issue Found,Due,8000000.0
11094,Farwa Dahri,DEMO-KPT-11094,House No. DR-540,Street 3,North Karachi,14,3,Apartment,Farwa Dahri,Azeem Panezai,Litigated,Paid,Issue Found,Paid,9500000.0
6022,Younas Bugti,DEMO-KPT-6022,House No. CB-404,Street 5,North Karachi,14,3,Apartment,Younas Bugti,Zameer Parvez,Litigated,Due,Clear,Due,8400000.0
4321,Sehar Randhawa,DEMO-KPT-4321,House No. CD-771,Street 7,North Karachi,14,3,Apartment,Sehar Randhawa,Neha Dogar,Litigated,Paid,Under Review,Due,9000000.0
11049,Humaira Riaz,DEMO-KPT-11049,House No. CB-398,Street 8,North Karachi,14,3,Apartment,Humaira Riaz,Inayat Samo,Litigated,Paid,Under Review,Due,9200000.0
9430,Mehboob Marri,DEMO-KPT-9430,House No. BB-647,Street 9,North Karachi,14,3,Apartment,Mehboob Marri,Noaman Cheena,Verified,Due,Issue Found,Paid,8600000.0
14501,Talha Daudzai,DEMO-KPT-14501,House No. RDC-305,Street 9,North Karachi,14,3,Apartment,Talha Daudzai,Kainat Sahito,Litigated,Paid,Issue Found,Due,9200000.0
9443,Mariam Bugti,DEMO-KPT-9443,House No. CB-444,Street 10,North Karachi,14,3,Apartment,Mariam Bugti,Saif Mahsud,Litigated,Paid,Issue Found,Paid,9300000.0
2622,Naveed Gilani,DEMO-KPT-2622,House No. R-652,Street 11,North Karachi,14,3,Apartment,Naveed Gilani,Sameen Yaqoob,Pending,Due,Under Review,Due,9900000.0
12775,Rashid Kamboh,DEMO-KPT-12775,House No. DR-626,Street 12,North Karachi,14,3,Apartment,Rashid Kamboh,Areeba Jamali,Pending,Paid,Under Review,Paid,8800000.0
4385,Ahad Dar,DEMO-KPT-4385,House No. CR-896,Street 13,North Karachi,14,3,Apartment,Ahad Dar,Saira Ranjha,Verified,Paid,Issue Found,Due,8200000.0
9416,Noshaba Aslam,DEMO-KPT-9416,House No. BB-575,Street 13,North Karachi,14,3,Apartment,Noshaba Aslam,Dania Wattoo,Pending,Due,Clear,Due,8300000.0
16162,Atiya Pasha,DEMO-KPT-16162,House No. CRD-801,Street 15,North Karachi,14,3,Apartment,Atiya Pasha,Muhammad Tarar,Verified,Paid,Clear,Paid,9700000.0
16121,Ghazala Kamal,DEMO-KPT-16121,House No. RCB-680,Street 17,North Karachi,14,3,Apartment,Ghazala Kamal,Tahir Ghauri,Pending,Due,Clear,Paid,8100000.0
11091,Owais Minhas,DEMO-KPT-11091,House No. BB-401,Street 20,North Karachi,14,3,Apartment,Owais Minhas,Farid Mari,Litigated,Paid,Issue Found,Due,8100000.0
4364,Nabeeha Lakhani,DEMO-KPT-4364,House No. BD-651,Street 21,North Karachi,14,3,Apartment,Nabeeha Lakhani,Shafiq Sandhu,Pending,Paid,Issue Found,Paid,9000000.0
9391,Urooj Dogar,DEMO-KPT-9391,House No. RB-629,Street 22,North Karachi,14,3,Apartment,Urooj Dogar,Bareera Hayat,Verified,Due,Clear,Paid,8700000.0
7785,Faisal Gondal,DEMO-KPT-7785,House No. DC-390,Street 26,North Karachi,14,3,Apartment,Faisal Gondal,Sabahat Lodhi,Verified,Paid,Clear,Paid,9500000.0
11072,Asma Gondal,DEMO-KPT-11072,House No. RD-352,Street 26,North Karachi,14,3,Apartment,Asma Gondal,Momina Zubair,Pending,Due,Under Review,Paid,9100000.0
12735,Shaheen Rajper,DEMO-KPT-12735,House No. DR-312,Street 26,North Karachi,14,3,Apartment,Shaheen Rajper,Hina Shafi,Verified,Paid,Clear,Paid,9900000.0
12773,Abeera Lodhi,DEMO-KPT-12773,House No. RC-312,Street 26,North Karachi,14,3,Apartment,Abeera Lodhi,Hoor Kalhoro,Litigated,Due,Clear,Paid,9900000.0
7776,Samad Yousaf,DEMO-KPT-7776,House No. DB-782,Street 27,North Karachi,14,3,Apartment,Samad Yousaf,Dua Mazari,Pending,Paid,Issue Found,Paid,8100000.0
16119,Saba Rashid,DEMO-KPT-16119,House No. RCB-306,Street 28,North Karachi,14,3,Apartment,Saba Rashid,Jamshed Cheema,Litigated,Paid,Issue Found,Due,8000000.0
12707,Lubna Tanvir,DEMO-KPT-12707,House No. CD-608,Street 30,North Karachi,14,3,Apartment,Lubna Tanvir,Hanzala Shafiq,Verified,Paid,Issue Found,Due,8800000.0
4393,Javed Barakzai,DEMO-KPT-4393,House No. DR-551,Street 4,North Karachi,15,3,Apartment,Javed Barakzai,Mahira Lari,Litigated,Paid,Under Review,Paid,9600000.0
16215,Bahadur Gondal,DEMO-KPT-16215,House No. RBD-651,Street 4,North Karachi,15,3,Apartment,Bahadur Gondal,Khushbu Dayo,Pending,Paid,Under Review,Due,9900000.0
11112,Ruqayya Lak,DEMO-KPT-11112,House No. RR-335,Street 5,North Karachi,15,3,Apartment,Ruqayya Lak,Sahar Peerzada,Pending,Paid,Under Review,Due,9200000.0
9534,Wajiha Qadir,DEMO-KPT-9534,House No. RD-853,Street 7,North Karachi,15,3,Apartment,Wajiha Qadir,Fahad Bhutto,Pending,Paid,Clear,Paid,8900000.0
9480,Shafay Khokhar,DEMO-KPT-9480,House No. CD-584,Street 8,North Karachi,15,3,Apartment,Shafay Khokhar,Zaib Tiwana,Litigated,Due,Issue Found,Due,9200000.0
12837,Kaneez Sardar,DEMO-KPT-12837,House No. DB-816,Street 8,North Karachi,15,3,Apartment,Kaneez Sardar,Tahreem Lodhi,Pending,Paid,Issue Found,Due,9100000.0
6127,Usman Raza,DEMO-KPT-6127,House No. BR-470,Street 9,North Karachi,15,3,Apartment,Usman Raza,Ashar Shakir,Pending,Paid,Under Review,Due,8400000.0
4468,Nageen Javed,DEMO-KPT-4468,House No. DD-749,Street 11,North Karachi,15,3,Apartment,Nageen Javed,Kaleemullah Mian,Pending,Paid,Issue Found,Paid,9700000.0
14575,Farhan Malik,DEMO-KPT-14575,House No. CBD-470,Street 12,North Karachi,15,3,Apartment,Farhan Malik,Munir Bangash,Pending,Paid,Under Review,Paid,8100000.0
2711,Daniya Cheema,DEMO-KPT-2711,House No. B-510,Street 15,North Karachi,15,3,Apartment,Daniya Cheema,Tanveer Virk,Pending,Paid,Issue Found,Due,9800000.0
16211,Marium Dawood,DEMO-KPT-16211,House No. DRC-756,Street 15,North Karachi,15,3,Apartment,Marium Dawood,Muzammil Sardar,Pending,Paid,Issue Found,Due,8500000.0
14556,Haider Ghaffar,DEMO-KPT-14556,House No. CBR-800,Street 17,North Karachi,15,3,Apartment,Haider Ghaffar,Aneela Lone,Verified,Due,Issue Found,Due,8800000.0
2700,Rafia Ghauri,DEMO-KPT-2700,House No. R-427,Street 19,North Karachi,15,3,Apartment,Rafia Ghauri,Afreen Usmani,Verified,Due,Under Review,Due,8500000.0
16200,Afreen Ansari,DEMO-KPT-16200,House No. RBC-834,Street 19,North Karachi,15,3,Apartment,Afreen Ansari,Warda Tanoli,Verified,Due,Under Review,Due,9600000.0
6102,Abid Junejo,DEMO-KPT-6102,House No. BD-874,Street 20,North Karachi,15,3,Apartment,Abid Junejo,Aslam Soomro,Litigated,Due,Clear,Due,9500000.0
2646,Hoor Mughal,DEMO-KPT-2646,House No. B-396,Street 21,North Karachi,15,3,Apartment,Hoor Mughal,Irfan Palijo,Verified,Paid,Clear,Due,9000000.0
12793,Hina Korai,DEMO-KPT-12793,House No. BR-822,Street 23,North Karachi,15,3,Apartment,Hina Korai,Fozia Butt,Pending,Due,Clear,Paid,9400000.0
4434,Rameez Cheema,DEMO-KPT-4434,House No. RD-665,Street 24,North Karachi,15,3,Apartment,Rameez Cheema,Zahida Qadir,Verified,Paid,Under Review,Due,8400000.0
12835,Fayyaz Rehman,DEMO-KPT-12835,House No. RR-457,Street 24,North Karachi,15,3,Apartment,Fayyaz Rehman,Asma Dreshak,Litigated,Paid,Issue Found,Paid,8200000.0
4487,Rakhshanda Ghaffar,DEMO-KPT-4487,House No. DR-719,Street 28,North Karachi,15,3,Apartment,Rakhshanda Ghaffar,Rustam Marri,Pending,Paid,Under Review,Due,9000000.0
14512,Nihal Kamal,DEMO-KPT-14512,House No. CDB-477,Street 30,North Karachi,15,3,Apartment,Nihal Kamal,Adil Sheikh,Verified,Due,Issue Found,Due,9600000.0
2760,Tayyaba Sial,DEMO-KPT-2760,House No. D-309,Street 1,North Karachi,16,3,Apartment,Tayyaba Sial,Ayaz Aslam,Pending,Paid,Issue Found,Due,9300000.0
16303,Emaad Gill,DEMO-KPT-16303,House No. BCR-730,Street 1,North Karachi,16,3,Apartment,Emaad Gill,Sabrina Memon,Verified,Paid,Clear,Paid,8400000.0
9641,Siddique Dawood,DEMO-KPT-9641,House No. RC-686,Street 3,North Karachi,16,3,Apartment,Siddique Dawood,Farrukh Mohmand,Pending,Paid,Under Review,Paid,8800000.0
11253,Alishba Turk,DEMO-KPT-11253,House No. CD-872,Street 5,North Karachi,16,3,Apartment,Alishba Turk,Sania Bajwa,Pending,Paid,Issue Found,Due,8300000.0
11198,Fiza Bashir,DEMO-KPT-11198,House No. BB-403,Street 7,North Karachi,16,3,Apartment,Fiza Bashir,Hadiqa Durrani,Litigated,Due,Clear,Paid,9000000.0
7899,Marium Abro,DEMO-KPT-7899,House No. CC-466,Street 8,North Karachi,16,3,Apartment,Marium Abro,Arfa Nawaz,Litigated,Paid,Under Review,Due,8100000.0
11262,Nigar Waheed,DEMO-KPT-11262,House No. DD-347,Street 8,North Karachi,16,3,Apartment,Nigar Waheed,Suleman Mehmood,Litigated,Due,Under Review,Due,8400000.0
4556,Nadir Sabri,DEMO-KPT-4556,House No. BB-553,Street 9,North Karachi,16,3,Apartment,Nadir Sabri,Syeda Cheena,Verified,Due,Under Review,Paid,9500000.0
11230,Nageen Wattoo,DEMO-KPT-11230,House No. DC-872,Street 9,North Karachi,16,3,Apartment,Nageen Wattoo,Samra Ansari,Verified,Due,Issue Found,Paid,8800000.0
6185,Ifrah Qadir,DEMO-KPT-6185,House No. CR-715,Street 13,North Karachi,16,3,Apartment,Ifrah Qadir,Noor Panezai,Verified,Paid,Issue Found,Due,9100000.0
11232,Muzammil Bashir,DEMO-KPT-11232,House No. DB-438,Street 14,North Karachi,16,3,Apartment,Muzammil Bashir,Zarar Qadri,Verified,Due,Issue Found,Due,9300000.0
2744,Sufyan Talpur,DEMO-KPT-2744,House No. D-330,Street 15,North Karachi,16,3,Apartment,Sufyan Talpur,Kamran Nawaz,Verified,Paid,Under Review,Due,8900000.0
4511,Sara Bhutto,DEMO-KPT-4511,House No. DD-615,Street 15,North Karachi,16,3,Apartment,Sara Bhutto,Sohail Janjua,Pending,Paid,Issue Found,Due,8800000.0
2731,Muhammad Marri,DEMO-KPT-2731,House No. C-738,Street 19,North Karachi,16,3,Apartment,Muhammad Marri,Tahseen Lodhi,Verified,Due,Clear,Due,9900000.0
4500,Areeba Lashari,DEMO-KPT-4500,House No. RD-443,Street 19,North Karachi,16,3,Apartment,Areeba Lashari,Saeeda Shafiq,Verified,Due,Under Review,Due,8800000.0
16231,Furqan Toor,DEMO-KPT-16231,House No. RDB-321,Street 19,North Karachi,16,3,Apartment,Furqan Toor,Asifa Ghauri,Verified,Due,Clear,Due,9600000.0
6241,Shafay Lughmani,DEMO-KPT-6241,House No. RD-592,Street 22,North Karachi,16,3,Apartment,Shafay Lughmani,Javeria Parvez,Verified,Due,Clear,Paid,9000000.0
7908,Afzal Sahito,DEMO-KPT-7908,House No. CR-547,Street 23,North Karachi,16,3,Apartment,Afzal Sahito,Ahad Warraich,Verified,Due,Under Review,Paid,9300000.0
9643,Anila Kazmi,DEMO-KPT-9643,House No. RR-514,Street 23,North Karachi,16,3,Apartment,Anila Kazmi,Farwa Kamboh,Pending,Due,Clear,Paid,8500000.0
12858,Zaid Popalzai,DEMO-KPT-12858,House No. BD-783,Street 23,North Karachi,16,3,Apartment,Zaid Popalzai,Wali Kakar,Verified,Due,Under Review,Paid,9000000.0
6211,Mohsin Tanoli,DEMO-KPT-6211,House No. CC-774,Street 26,North Karachi,16,3,Apartment,Mohsin Tanoli,Samad Kidwai,Verified,Paid,Clear,Paid,9500000.0
7922,Beenish Aslam,DEMO-KPT-7922,House No. CD-437,Street 26,North Karachi,16,3,Apartment,Beenish Aslam,Beenish Lari,Pending,Due,Under Review,Paid,8400000.0
12842,Farzana Warraich,DEMO-KPT-12842,House No. CC-511,Street 26,North Karachi,16,3,Apartment,Farzana Warraich,Jibran Mian,Verified,Due,Issue Found,Due,9700000.0
14653,Waqas Baig,DEMO-KPT-14653,House No. BDR-688,Street 27,North Karachi,16,3,Apartment,Waqas Baig,Anas Lari,Litigated,Due,Clear,Paid,10000000.0
12973,Nabeel Rajper,DEMO-KPT-12973,House No. CD-825,Street 3,North Karachi,17,3,Apartment,Nabeel Rajper,Maqsood Khan,Pending,Due,Under Review,Due,9400000.0
7993,Sajida Kidwai,DEMO-KPT-7993,House No. RR-649,Street 4,North Karachi,17,3,Apartment,Sajida Kidwai,Zahra Chattha,Litigated,Paid,Under Review,Paid,8100000.0
9706,Anam Nasar,DEMO-KPT-9706,House No. BC-875,Street 4,North Karachi,17,3,Apartment,Anam Nasar,Syeda Achakzai,Litigated,Due,Clear,Due,8600000.0
11287,Arfa Panezai,DEMO-KPT-11287,House No. CB-458,Street 4,North Karachi,17,3,Apartment,Arfa Panezai,Muneeba Randhawa,Litigated,Due,Under Review,Due,8400000.0
14666,Adil Kakar,DEMO-KPT-14666,House No. CRD-488,Street 5,North Karachi,17,3,Apartment,Adil Kakar,Yusra Sabri,Litigated,Paid,Under Review,Paid,8100000.0
16372,Nabeeha Chaudhry,DEMO-KPT-16372,House No. RDC-328,Street 5,North Karachi,17,3,Apartment,Nabeeha Chaudhry,Shafaq Hanif,Litigated,Due,Clear,Due,8700000.0
6298,Imtiaz Pasha,DEMO-KPT-6298,House No. RC-488,Street 6,North Karachi,17,3,Apartment,Imtiaz Pasha,Nauman Hoti,Litigated,Paid,Under Review,Paid,8500000.0
13006,Aamir Hinjra,DEMO-KPT-13006,House No. BB-443,Street 9,North Karachi,17,3,Apartment,Aamir Hinjra,Areeba Zafar,Pending,Paid,Issue Found,Paid,8100000.0
12972,Bakhtawar Sipra,DEMO-KPT-12972,House No. RB-423,Street 11,North Karachi,17,3,Apartment,Bakhtawar Sipra,Waqas Kamboh,Pending,Due,Under Review,Due,9500000.0
16414,Mazhar Sindhi,DEMO-KPT-16414,House No. RDB-677,Street 14,North Karachi,17,3,Apartment,Mazhar Sindhi,Nafisa Jaffri,Pending,Paid,Under Review,Due,8800000.0
8021,Shahab Shafi,DEMO-KPT-8021,House No. CR-439,Street 17,North Karachi,17,3,Apartment,Shahab Shafi,Fariha Tareen,Pending,Due,Clear,Paid,8500000.0
16356,Rehman Mohammadzai,DEMO-KPT-16356,House No. CBR-386,Street 17,North Karachi,17,3,Apartment,Rehman Mohammadzai,Nouman Siddiqui,Verified,Due,Issue Found,Due,9400000.0
12986,Mishal Swati,DEMO-KPT-12986,House No. DB-728,Street 18,North Karachi,17,3,Apartment,Mishal Swati,Rizwaan Yasin,Verified,Paid,Issue Found,Due,9300000.0
8046,Sahar Daudzai,DEMO-KPT-8046,House No. DR-671,Street 21,North Karachi,17,3,Apartment,Sahar Daudzai,Yaqoob Unar,Verified,Paid,Clear,Due,8300000.0
8034,Mahrukh Rafique,DEMO-KPT-8034,House No. DR-612,Street 24,North Karachi,17,3,Apartment,Mahrukh Rafique,Erum Korai,Verified,Paid,Under Review,Due,9500000.0
14779,Isha Bhat,DEMO-KPT-14779,House No. BDR-682,Street 1,North Karachi,18,3,Apartment,Isha Bhat,Asra Korai,Pending,Due,Clear,Due,8100000.0
9823,Luqman Tunio,DEMO-KPT-9823,House No. BR-567,Street 3,North Karachi,18,3,Apartment,Luqman Tunio,Hina Chaudhry,Pending,Due,Under Review,Due,9400000.0
11344,Shifa Aslam,DEMO-KPT-11344,House No. RC-347,Street 3,North Karachi,18,3,Apartment,Shifa Aslam,Usman Turk,Pending,Paid,Clear,Due,9100000.0
2966,Maryam Sipra,DEMO-KPT-2966,House No. C-839,Street 5,North Karachi,18,3,Apartment,Maryam Sipra,Jamila Naqvi,Litigated,Paid,Under Review,Paid,9700000.0
4672,Mahreen Shakir,DEMO-KPT-4672,House No. RR-416,Street 5,North Karachi,18,3,Apartment,Mahreen Shakir,Maryum Baloch,Litigated,Due,Clear,Due,9500000.0
9762,Sobia Qazi,DEMO-KPT-9762,House No. CB-328,Street 5,North Karachi,18,3,Apartment,Sobia Qazi,Arfa Jafri,Pending,Paid,Under Review,Due,9400000.0
11422,Haider Gakhar,DEMO-KPT-11422,House No. RD-538,Street 5,North Karachi,18,3,Apartment,Haider Gakhar,Mariam Alvi,Litigated,Due,Clear,Due,9500000.0
2971,Aleeza Ghaffar,DEMO-KPT-2971,House No. B-451,Street 7,North Karachi,18,3,Apartment,Aleeza Ghaffar,Aftab Ghaffar,Litigated,Paid,Under Review,Due,8300000.0
11334,Aamir Hoti,DEMO-KPT-11334,House No. CB-605,Street 7,North Karachi,18,3,Apartment,Aamir Hoti,Salahuddin Farooq,Pending,Paid,Clear,Paid,8400000.0
13080,Muneeba Siddiqui,DEMO-KPT-13080,House No. RB-355,Street 8,North Karachi,18,3,Apartment,Muneeba Siddiqui,Aziz Bugti,Litigated,Due,Issue Found,Due,8300000.0
14806,Aiman Umer,DEMO-KPT-14806,House No. BCD-885,Street 9,North Karachi,18,3,Apartment,Aiman Umer,Zaib Ghani,Pending,Paid,Issue Found,Paid,9100000.0
8068,Marium Mahsud,DEMO-KPT-8068,House No. RC-449,Street 11,North Karachi,18,3,Apartment,Marium Mahsud,Fabiha Zafar,Pending,Paid,Issue Found,Paid,8200000.0
16473,Musa Saeed,DEMO-KPT-16473,House No. CRD-335,Street 11,North Karachi,18,3,Apartment,Musa Saeed,Zuha Lughmani,Verified,Paid,Under Review,Due,8600000.0
4714,Idrees Hameed,DEMO-KPT-4714,House No. BB-576,Street 14,North Karachi,18,3,Apartment,Idrees Hameed,Marium Sohu,Pending,Paid,Under Review,Due,8900000.0
8082,Hadi Daudzai,DEMO-KPT-8082,House No. DD-522,Street 14,North Karachi,18,3,Apartment,Hadi Daudzai,Munir Warraich,Verified,Due,Issue Found,Due,8500000.0
8111,Rabia Hoti,DEMO-KPT-8111,House No. DD-662,Street 15,North Karachi,18,3,Apartment,Rabia Hoti,Balaj Saif,Pending,Paid,Issue Found,Due,8500000.0
8144,Warda Lari,DEMO-KPT-8144,House No. CB-428,Street 15,North Karachi,18,3,Apartment,Warda Lari,Shagufta Jamali,Verified,Paid,Under Review,Due,9600000.0
11371,Waqas Akhtar,DEMO-KPT-11371,House No. BC-691,Street 16,North Karachi,18,3,Apartment,Waqas Akhtar,Maryum Rehman,Verified,Paid,Issue Found,Paid,8800000.0
16485,Ejaz Rehman,DEMO-KPT-16485,House No. DRC-620,Street 16,North Karachi,18,3,Apartment,Ejaz Rehman,Inayat Lughmani,Verified,Due,Clear,Due,9800000.0
9806,Tayyab Ahmed,DEMO-KPT-9806,House No. DD-474,Street 17,North Karachi,18,3,Apartment,Tayyab Ahmed,Kanwar Soomro,Pending,Paid,Under Review,Due,9800000.0
14786,Nailah Kidwai,DEMO-KPT-14786,House No. RDB-333,Street 18,North Karachi,18,3,Apartment,Nailah Kidwai,Hashim Kakar,Verified,Paid,Issue Found,Due,8600000.0
9764,Imtiaz Ghazali,DEMO-KPT-9764,House No. DR-765,Street 21,North Karachi,18,3,Apartment,Imtiaz Ghazali,Naseer Leghari,Pending,Paid,Issue Found,Paid,9800000.0
6367,Yahya Jaffri,DEMO-KPT-6367,House No. RD-433,Street 25,North Karachi,18,3,Apartment,Yahya Jaffri,Sameen Sadiq,Pending,Due,Issue Found,Paid,8000000.0
13117,Samra Yousaf,DEMO-KPT-13117,House No. BD-886,Street 25,North Karachi,18,3,Apartment,Samra Yousaf,Ruqayya Anwar,Pending,Due,Issue Found,Paid,9600000.0
2942,Urwa Kakar,DEMO-KPT-2942,House No. B-802,Street 26,North Karachi,18,3,Apartment,Urwa Kakar,Rayyan Jamal,Verified,Due,Issue Found,Due,9800000.0
16516,Hafeez Shinwari,DEMO-KPT-16516,House No. DRC-658,Street 26,North Karachi,18,3,Apartment,Hafeez Shinwari,Rehana Dahri,Pending,Paid,Clear,Due,8500000.0
9776,Jibran Yousafzai,DEMO-KPT-9776,House No. BD-320,Street 27,North Karachi,18,3,Apartment,Jibran Yousafzai,Nazia Panhwar,Verified,Due,Clear,Paid,9300000.0
11397,Talha Rana,DEMO-KPT-11397,House No. RR-777,Street 27,North Karachi,18,3,Apartment,Talha Rana,Dawood Zardari,Pending,Due,Clear,Due,8200000.0
16453,Athar Kasi,DEMO-KPT-16453,House No. CBR-335,Street 27,North Karachi,18,3,Apartment,Athar Kasi,Nouman Hinjra,Litigated,Due,Clear,Paid,8700000.0
6412,Amir Khalid,DEMO-KPT-6412,House No. BD-466,Street 30,North Karachi,18,3,Apartment,Amir Khalid,Malaika Korai,Verified,Due,Issue Found,Due,9500000.0
6509,Tahreem Laghari,DEMO-KPT-6509,House No. DC-379,Street 1,North Karachi,19,3,Apartment,Tahreem Laghari,Maryum Ranjha,Litigated,Paid,Clear,Paid,8300000.0
16579,Jamil Khattak,DEMO-KPT-16579,House No. CDR-666,Street 1,North Karachi,19,3,Apartment,Jamil Khattak,Sundas Sardar,Pending,Due,Clear,Due,9000000.0
8194,Aleeza Mirza,DEMO-KPT-8194,House No. RC-792,Street 3,North Karachi,19,3,Apartment,Aleeza Mirza,Talha Zia,Pending,Paid,Clear,Due,8000000.0
16598,Ifrah Yousaf,DEMO-KPT-16598,House No. BRD-833,Street 7,North Karachi,19,3,Apartment,Ifrah Yousaf,Kinza Turk,Litigated,Due,Clear,Paid,8900000.0
4737,Zeshan Kharal,DEMO-KPT-4737,House No. BC-474,Street 8,North Karachi,19,3,Apartment,Zeshan Kharal,Rakhshanda Warraich,Pending,Paid,Issue Found,Due,8300000.0
11487,Salman Panezai,DEMO-KPT-11487,House No. DD-517,Street 8,North Karachi,19,3,Apartment,Salman Panezai,Shehzad Mohmand,Pending,Paid,Issue Found,Due,9200000.0
4777,Tahmina Tarar,DEMO-KPT-4777,House No. RB-427,Street 9,North Karachi,19,3,Apartment,Tahmina Tarar,Moeen Zia,Pending,Paid,Under Review,Due,9100000.0
8156,Sharjeel Parvez,DEMO-KPT-8156,House No. RC-458,Street 9,North Karachi,19,3,Apartment,Sharjeel Parvez,Khushbu Mirani,Verified,Due,Under Review,Paid,9800000.0
14818,Mazen Naqvi,DEMO-KPT-14818,House No. BDC-501,Street 11,North Karachi,19,3,Apartment,Mazen Naqvi,Mubashra Haral,Pending,Paid,Issue Found,Paid,8300000.0
11425,Amal Ijaz,DEMO-KPT-11425,House No. RD-365,Street 12,North Karachi,19,3,Apartment,Amal Ijaz,Naila Ghaffar,Pending,Paid,Under Review,Paid,9000000.0
9862,Kanwar Tarar,DEMO-KPT-9862,House No. RB-441,Street 15,North Karachi,19,3,Apartment,Kanwar Tarar,Batool Kasi,Verified,Paid,Clear,Paid,8400000.0
14881,Mehboob Buriro,DEMO-KPT-14881,House No. DCR-483,Street 19,North Karachi,19,3,Apartment,Mehboob Buriro,Mahwish Saeed,Verified,Due,Clear,Due,8000000.0
4752,Imad Tareen,DEMO-KPT-4752,House No. CB-588,Street 20,North Karachi,19,3,Apartment,Imad Tareen,Shafaq Kalhoro,Litigated,Due,Clear,Due,8200000.0
6493,Jannat Bijarani,DEMO-KPT-6493,House No. DB-425,Street 23,North Karachi,19,3,Apartment,Jannat Bijarani,Sibtain Sial,Pending,Due,Clear,Paid,9400000.0
11508,Mahir Orakzai,DEMO-KPT-11508,House No. DC-810,Street 23,North Karachi,19,3,Apartment,Mahir Orakzai,Abdullah Latif,Verified,Due,Under Review,Paid,9500000.0
9834,Haroon Mehmood,DEMO-KPT-9834,House No. BR-375,Street 24,North Karachi,19,3,Apartment,Haroon Mehmood,Nosheen Raza,Verified,Paid,Under Review,Due,9400000.0
2980,Shahzad Zardari,DEMO-KPT-2980,House No. R-468,Street 25,North Karachi,19,3,Apartment,Shahzad Zardari,Zahid Qadir,Pending,Due,Under Review,Due,10000000.0
3026,Omer Sial,DEMO-KPT-3026,House No. D-803,Street 27,North Karachi,19,3,Apartment,Omer Sial,Tayyab Ghani,Verified,Due,Clear,Paid,8800000.0
8207,Mustafa Lughmani,DEMO-KPT-8207,House No. BD-619,Street 30,North Karachi,19,3,Apartment,Mustafa Lughmani,Manahil Shakir,Verified,Paid,Issue Found,Due,9900000.0
13157,Arsalan Buriro,DEMO-KPT-13157,House No. RR-702,Street 30,North Karachi,19,3,Apartment,Arsalan Buriro,Urwa Zaidi,Verified,Paid,Issue Found,Due,8000000.0
11593,Mishal Rajput,DEMO-KPT-11593,House No. DD-570,Street 4,North Karachi,20,3,Apartment,Mishal Rajput,Kainat Shakeel,Litigated,Paid,Under Review,Paid,9000000.0
3098,Gohar Nawaz,DEMO-KPT-3098,House No. C-438,Street 7,North Karachi,20,3,Apartment,Gohar Nawaz,Mahrukh Joiya,Litigated,Due,Clear,Paid,8100000.0
9930,Faisal Ghazali,DEMO-KPT-9930,House No. DD-687,Street 8,North Karachi,20,3,Apartment,Faisal Ghazali,Marium Lak,Litigated,Due,Issue Found,Due,10000000.0
6602,Zia Tarar,DEMO-KPT-6602,House No. RR-453,Street 11,North Karachi,20,3,Apartment,Zia Tarar,Mahreen Gakhar,Litigated,Due,Under Review,Due,9900000.0
11622,Khadija Shah,DEMO-KPT-11622,House No. BC-451,Street 11,North Karachi,20,3,Apartment,Khadija Shah,Javeria Iqbal,Pending,Due,Under Review,Due,9400000.0
8275,Rubab Buriro,DEMO-KPT-8275,House No. CR-318,Street 12,North Karachi,20,3,Apartment,Rubab Buriro,Rubina Rizvi,Pending,Paid,Under Review,Paid,9000000.0
8281,Zoya Bhatti,DEMO-KPT-8281,House No. BR-317,Street 14,North Karachi,20,3,Apartment,Zoya Bhatti,Mahnaz Wani,Verified,Due,Under Review,Paid,9800000.0
9944,Wasim Mahar,DEMO-KPT-9944,House No. CR-762,Street 15,North Karachi,20,3,Apartment,Wasim Mahar,Bakhtawar Qazi,Verified,Paid,Under Review,Due,8400000.0
4856,Rehan Sultan,DEMO-KPT-4856,House No. DD-377,Street 17,North Karachi,20,3,Apartment,Rehan Sultan,Yawar Yazdani,Pending,Paid,Under Review,Due,8600000.0
3086,Shahzadi Mohmand,DEMO-KPT-3086,House No. C-897,Street 18,North Karachi,20,3,Apartment,Shahzadi Mohmand,Majid Riaz,Verified,Paid,Issue Found,Due,8100000.0
6614,Rashid Khuhro,DEMO-KPT-6614,House No. BR-707,Street 21,North Karachi,20,3,Apartment,Rashid Khuhro,Umaima Bhutto,Pending,Paid,Issue Found,Paid,10000000.0
11646,Jabbar Rafique,DEMO-KPT-11646,House No. RD-567,Street 21,North Karachi,20,3,Apartment,Jabbar Rafique,Ahmed Riaz,Verified,Paid,Clear,Due,8900000.0
8293,Aqsa Marwat,DEMO-KPT-8293,House No. CB-660,Street 23,North Karachi,20,3,Apartment,Aqsa Marwat,Hussnain Bhat,Pending,Due,Clear,Paid,9000000.0
13243,Aamir Qadir,DEMO-KPT-13243,House No. DD-727,Street 23,North Karachi,20,3,Apartment,Aamir Qadir,Minhaj Ghauri,Pending,Due,Clear,Paid,8100000.0
15030,Salman Samo,DEMO-KPT-15030,House No. RCD-779,Street 25,North Karachi,20,3,Apartment,Salman Samo,Kashif Rabbani,Pending,Due,Issue Found,Paid,8200000.0
4816,Sara Kamal,DEMO-KPT-4816,House No. RC-364,Street 26,North Karachi,20,3,Apartment,Sara Kamal,Urwa Hafeez,Pending,Paid,Clear,Due,9700000.0
8247,Haris Usmani,DEMO-KPT-8247,House No. DR-844,Street 27,North Karachi,20,3,Apartment,Haris Usmani,Nasreen Randhawa,Pending,Due,Clear,Due,9900000.0
11619,Afzal Yazdani,DEMO-KPT-11619,House No. BR-679,Street 28,North Karachi,20,3,Apartment,Afzal Yazdani,Urwa Sabri,Litigated,Paid,Issue Found,Due,9200000.0
6575,Omer Lone,DEMO-KPT-6575,House No. BC-587,Street 29,North Karachi,20,3,Apartment,Omer Lone,Naureen Khosa,Litigated,Paid,Under Review,Paid,8200000.0
11602,Aleeza Saleem,DEMO-KPT-11602,House No. CC-417,Street 30,North Karachi,20,3,Apartment,Aleeza Saleem,Naila Daudzai,Verified,Paid,Under Review,Due,9200000.0
1644,Kaleem Dogar,DEMO-KPT-1644,House No. C-471,Street 3,North Nazimabad,1,3,Apartment,Kaleem Dogar,Khadija Sahito,Litigated,Paid,Issue Found,Paid,9600000.0
8112,Kaif Noor,DEMO-KPT-8112,House No. RB-536,Street 8,North Nazimabad,1,3,Apartment,Kaif Noor,Hoorain Tareen,Litigated,Due,Under Review,Due,9200000.0
1001,Ali Tariq,DEMO-KPT-1001,House No. A-923,Street 9,North Nazimabad,1,3,Apartment,Ali Tariq,Bilal Shah,Litigated,Paid,Issue Found,Due,10000000.0
14375,Hadi Hanif,DEMO-KPT-14375,House No. DBR-879,Street 9,North Nazimabad,1,3,Apartment,Hadi Hanif,Rubina Majeed,Pending,Due,Clear,Due,9600000.0
1013,Kashif Ahmed,DEMO-KPT-1013,House No. A-707,Street 10,North Nazimabad,1,3,Apartment,Kashif Ahmed,Hamza Farooq,Litigated,Due,Clear,Paid,9100000.0
8093,Liaquat Yaqoob,DEMO-KPT-8093,House No. BB-427,Street 10,North Nazimabad,1,3,Apartment,Liaquat Yaqoob,Sharmeen Hafeez,Litigated,Paid,Issue Found,Paid,9500000.0
5223,Zoya Kasi,DEMO-KPT-5223,House No. RR-472,Street 11,North Nazimabad,1,3,Apartment,Zoya Kasi,Kaif Shah,Verified,Paid,Under Review,Due,9600000.0
1635,Kaleem Zardari,DEMO-KPT-1635,House No. B-405,Street 16,North Nazimabad,1,3,Apartment,Kaleem Zardari,Akif Kayani,Verified,Due,Clear,Due,9400000.0
11406,Kanwal Bijarani,DEMO-KPT-11406,House No. BC-374,Street 17,North Nazimabad,1,3,Apartment,Kanwal Bijarani,Aneeqa Panezai,Verified,Due,Issue Found,Due,8500000.0
14473,Haris Tanvir,DEMO-KPT-14473,House No. RDC-777,Street 20,North Nazimabad,1,3,Apartment,Haris Tanvir,Rehana Gilani,Pending,Due,Under Review,Due,9000000.0
11321,Farwa Gilani,DEMO-KPT-11321,House No. DC-609,Street 22,North Nazimabad,1,3,Apartment,Farwa Gilani,Mahjabeen Magsi,Verified,Paid,Under Review,Paid,9100000.0
5185,Noshaba Alvi,DEMO-KPT-5185,House No. CD-767,Street 24,North Nazimabad,1,3,Apartment,Noshaba Alvi,Emaan Sadiq,Litigated,Paid,Issue Found,Paid,9600000.0
1035,Owais Haider,DEMO-KPT-1035,House No. A-605,Street 26,North Nazimabad,1,3,Apartment,Owais Haider,Usman Aslam,Verified,Paid,Clear,Paid,9500000.0
1533,Benazir Zaidi,DEMO-KPT-1533,House No. C-427,Street 26,North Nazimabad,1,3,Apartment,Benazir Zaidi,Alina Nadeem,Pending,Paid,Issue Found,Due,9500000.0
1666,Shan Ghani,DEMO-KPT-1666,House No. B-324,Street 26,North Nazimabad,1,3,Apartment,Shan Ghani,Idrees Saleem,Pending,Paid,Clear,Due,9500000.0
5203,Amir Khosa,DEMO-KPT-5203,House No. DD-459,Street 27,North Nazimabad,1,3,Apartment,Amir Khosa,Shaista Alvi,Litigated,Due,Clear,Paid,8800000.0
1457,Nizam Shaikh,DEMO-KPT-1457,House No. C-628,Street 30,North Nazimabad,1,3,Apartment,Nizam Shaikh,Ayeza Soomro,Verified,Paid,Issue Found,Due,9800000.0
1079,Shoaib Butt,DEMO-KPT-1079,House No. A-474,Street 3,North Nazimabad,2,3,Apartment,Shoaib Butt,Maham Shah,Litigated,Paid,Issue Found,Due,9200000.0
14591,Naureen Daudzai,DEMO-KPT-14591,House No. BCD-439,Street 3,North Nazimabad,2,3,Apartment,Naureen Daudzai,Luqman Memon,Pending,Paid,Under Review,Paid,10000000.0
1815,Imtiaz Tarar,DEMO-KPT-1815,House No. R-820,Street 4,North Nazimabad,2,3,Apartment,Imtiaz Tarar,Rayyan Tareen,Pending,Paid,Under Review,Due,9800000.0
8356,Maimoona Rashid,DEMO-KPT-8356,House No. DC-705,Street 4,North Nazimabad,2,3,Apartment,Maimoona Rashid,Rehan Magsi,Litigated,Due,Clear,Due,10000000.0
1816,Dawood Panezai,DEMO-KPT-1816,House No. D-512,Street 5,North Nazimabad,2,3,Apartment,Dawood Panezai,Shahzadi Kidwai,Pending,Paid,Issue Found,Paid,8100000.0
1884,Isha Saleem,DEMO-KPT-1884,House No. R-474,Street 7,North Nazimabad,2,3,Apartment,Isha Saleem,Ihsan Tanoli,Pending,Paid,Clear,Paid,8600000.0
1811,Bisma Nasar,DEMO-KPT-1811,House No. R-330,Street 15,North Nazimabad,2,3,Apartment,Bisma Nasar,Shaheen Marri,Pending,Paid,Issue Found,Due,8700000.0
1056,Zain Sheikh,DEMO-KPT-1056,House No. A-793,Street 17,North Nazimabad,2,3,Apartment,Zain Sheikh,Arsalan Sheikh,Verified,Due,Issue Found,Due,8600000.0
1068,Waleed Ali,DEMO-KPT-1068,House No. A-420,Street 17,North Nazimabad,2,3,Apartment,Waleed Ali,Zain Noor,Litigated,Due,Under Review,Due,9400000.0
8268,Zohair Tiwana,DEMO-KPT-8268,House No. BR-824,Street 17,North Nazimabad,2,3,Apartment,Zohair Tiwana,Amjad Soomro,Litigated,Due,Under Review,Due,8700000.0
11418,Tahseen Mangi,DEMO-KPT-11418,House No. DB-512,Street 17,North Nazimabad,2,3,Apartment,Tahseen Mangi,Muneeb Sadiq,Litigated,Due,Under Review,Due,9200000.0
14631,Afreen Jogezai,DEMO-KPT-14631,House No. RBD-771,Street 18,North Nazimabad,2,3,Apartment,Afreen Jogezai,Laiba Javed,Verified,Paid,Clear,Paid,8600000.0
5264,Aziz Bangash,DEMO-KPT-5264,House No. DC-357,Street 21,North Nazimabad,2,3,Apartment,Aziz Bangash,Nashra Hoti,Pending,Paid,Issue Found,Paid,8900000.0
8273,Sumbal Ghazali,DEMO-KPT-8273,House No. BC-367,Street 26,North Nazimabad,2,3,Apartment,Sumbal Ghazali,Javed Afridi,Litigated,Due,Clear,Paid,9300000.0
11423,Mubashir Awan,DEMO-KPT-11423,House No. RD-480,Street 26,North Nazimabad,2,3,Apartment,Mubashir Awan,Sabih Leghari,Litigated,Due,Clear,Paid,9200000.0
1865,Zia Bukhari,DEMO-KPT-1865,House No. R-714,Street 27,North Nazimabad,2,3,Apartment,Zia Bukhari,Ashfaq Jamal,Pending,Paid,Issue Found,Due,9800000.0
11525,Jazib Dogar,DEMO-KPT-11525,House No. BC-781,Street 29,North Nazimabad,2,3,Apartment,Jazib Dogar,Waheed Bijarani,Litigated,Paid,Under Review,Paid,8500000.0
8479,Sonia Mehmood,DEMO-KPT-8479,House No. CB-464,Street 1,North Nazimabad,3,3,Apartment,Sonia Mehmood,Iqra Kakar,Pending,Due,Clear,Due,9100000.0
8473,Naureen Bettani,DEMO-KPT-8473,House No. RR-697,Street 3,North Nazimabad,3,3,Apartment,Naureen Bettani,Rabia Sahito,Pending,Due,Under Review,Due,8800000.0
2110,Lina Ghazali,DEMO-KPT-2110,House No. B-740,Street 6,North Nazimabad,3,3,Apartment,Lina Ghazali,Anum Tahir,Verified,Due,Issue Found,Due,9700000.0
8371,Shafaq Hafeez,DEMO-KPT-8371,House No. CB-402,Street 7,North Nazimabad,3,3,Apartment,Shafaq Hafeez,Yasmeen Sardar,Litigated,Paid,Under Review,Due,8200000.0
14649,Mehak Dogar,DEMO-KPT-14649,House No. RDC-663,Street 8,North Nazimabad,3,3,Apartment,Mehak Dogar,Faiza Sahito,Litigated,Paid,Under Review,Due,8400000.0
2077,Rehan Rehman,DEMO-KPT-2077,House No. D-447,Street 9,North Nazimabad,3,3,Apartment,Rehan Rehman,Muneeb Wattoo,Pending,Paid,Under Review,Due,8200000.0
5393,Kabir Shakeel,DEMO-KPT-5393,House No. BD-578,Street 10,North Nazimabad,3,3,Apartment,Kabir Shakeel,Sanam Mian,Litigated,Paid,Issue Found,Paid,8900000.0
5368,Shehzad Bilgrami,DEMO-KPT-5368,House No. DC-548,Street 11,North Nazimabad,3,3,Apartment,Shehzad Bilgrami,Ishaq Imran,Pending,Paid,Issue Found,Paid,9400000.0
2114,Hafsa Bashir,DEMO-KPT-2114,House No. C-684,Street 21,North Nazimabad,3,3,Apartment,Hafsa Bashir,Arbaz Yousaf,Pending,Paid,Issue Found,Paid,9600000.0
5346,Ghulam Mari,DEMO-KPT-5346,House No. RB-835,Street 21,North Nazimabad,3,3,Apartment,Ghulam Mari,Ishaq Anwar,Verified,Paid,Clear,Due,9100000.0
8496,Anila Hashmi,DEMO-KPT-8496,House No. DD-415,Street 21,North Nazimabad,3,3,Apartment,Anila Hashmi,Huma Gondal,Verified,Paid,Clear,Due,8700000.0
5334,Ehsan Hanif,DEMO-KPT-5334,House No. RB-325,Street 24,North Nazimabad,3,3,Apartment,Ehsan Hanif,Shoaib Qureshi,Verified,Paid,Under Review,Due,9800000.0
1973,Zawar Ghumman,DEMO-KPT-1973,House No. B-439,Street 26,North Nazimabad,3,3,Apartment,Zawar Ghumman,Kainat Tareen,Litigated,Due,Clear,Paid,8100000.0
5311,Benazir Mangi,DEMO-KPT-5311,House No. DR-316,Street 26,North Nazimabad,3,3,Apartment,Benazir Mangi,Laraib Turk,Verified,Paid,Clear,Paid,9400000.0
14675,Zamzam Qadri,DEMO-KPT-14675,House No. RCB-517,Street 29,North Nazimabad,3,3,Apartment,Zamzam Qadri,Jamila Rashid,Litigated,Paid,Under Review,Paid,9600000.0
8759,Babar Shakir,DEMO-KPT-8759,House No. DR-445,Street 1,North Nazimabad,4,3,Apartment,Babar Shakir,Anas Afridi,Litigated,Paid,Clear,Paid,9900000.0
1156,Shoaib Aslam,DEMO-KPT-1156,House No. A-274,Street 4,North Nazimabad,4,3,Apartment,Shoaib Aslam,Ahmed Javed,Litigated,Due,Clear,Due,9000000.0
1137,Muhammad Mirza,DEMO-KPT-1137,House No. A-899,Street 8,North Nazimabad,4,3,Apartment,Muhammad Mirza,Maham Haider,Pending,Paid,Issue Found,Due,9300000.0
5412,Nasir Rizvi,DEMO-KPT-5412,House No. BB-621,Street 8,North Nazimabad,4,3,Apartment,Nasir Rizvi,Hussnain Kamal,Litigated,Due,Under Review,Due,9400000.0
14843,Amal Nawaz,DEMO-KPT-14843,House No. CBD-430,Street 10,North Nazimabad,4,3,Apartment,Amal Nawaz,Firdous Rajper,Litigated,Paid,Issue Found,Paid,9400000.0
2135,Muneeba Tahir,DEMO-KPT-2135,House No. C-526,Street 13,North Nazimabad,4,3,Apartment,Muneeba Tahir,Idrees Rabbani,Verified,Paid,Issue Found,Due,9300000.0
2212,Moiz Rana,DEMO-KPT-2212,House No. R-308,Street 15,North Nazimabad,4,3,Apartment,Moiz Rana,Faiza Usmani,Verified,Paid,Clear,Paid,9300000.0
5535,Azhar Tanoli,DEMO-KPT-5535,House No. DD-613,Street 26,North Nazimabad,4,3,Apartment,Azhar Tanoli,Manzoor Qadir,Verified,Paid,Clear,Paid,9100000.0
5558,Areeba Ilyas,DEMO-KPT-5558,House No. RC-469,Street 30,North Nazimabad,4,3,Apartment,Areeba Ilyas,Nasir Junejo,Litigated,Due,Under Review,Due,9500000.0
14957,Jalal Hashmi,DEMO-KPT-14957,House No. CBD-657,Street 30,North Nazimabad,4,3,Apartment,Jalal Hashmi,Siddique Mirza,Verified,Paid,Issue Found,Due,9000000.0
2353,Sajid Afridi,DEMO-KPT-2353,House No. C-444,Street 1,North Nazimabad,5,3,Apartment,Sajid Afridi,Mehreen Kakar,Verified,Paid,Clear,Paid,8800000.0
2459,Hoorain Warsi,DEMO-KPT-2459,House No. R-462,Street 1,North Nazimabad,5,3,Apartment,Hoorain Warsi,Noshaba Tiwana,Litigated,Paid,Clear,Paid,9200000.0
5710,Sheeba Mehmood,DEMO-KPT-5710,House No. DR-423,Street 6,North Nazimabad,5,3,Apartment,Sheeba Mehmood,Bashir Chaudhry,Verified,Due,Issue Found,Due,8000000.0
5671,Zaib Wattoo,DEMO-KPT-5671,House No. RB-862,Street 7,North Nazimabad,5,3,Apartment,Zaib Wattoo,Bakhtawar Hanif,Litigated,Paid,Under Review,Due,8500000.0
8823,Shahroz Samo,DEMO-KPT-8823,House No. BC-444,Street 11,North Nazimabad,5,3,Apartment,Shahroz Samo,Hina Kalhoro,Verified,Paid,Under Review,Due,9400000.0
1230,Usman Noor,DEMO-KPT-1230,House No. A-50,Street 16,North Nazimabad,5,3,Apartment,Usman Noor,Hussain Ali,Verified,Due,Clear,Paid,8700000.0
15135,Naureen Abbasi,DEMO-KPT-15135,House No. CDR-393,Street 16,North Nazimabad,5,3,Apartment,Naureen Abbasi,Sharjeel Pirzada,Verified,Due,Clear,Due,8800000.0
11873,Ubaid Khosa,DEMO-KPT-11873,House No. DC-388,Street 26,North Nazimabad,5,3,Apartment,Ubaid Khosa,Rizwaan Ranjha,Litigated,Due,Clear,Paid,10000000.0
15166,Manahil Ghazali,DEMO-KPT-15166,House No. DCR-503,Street 26,North Nazimabad,5,3,Apartment,Manahil Ghazali,Haziq Mahar,Pending,Paid,Clear,Due,8200000.0
1279,Fatima Mirza,DEMO-KPT-1279,House No. A-48,Street 1,North Nazimabad,6,3,Apartment,Fatima Mirza,Zara Sheikh,Pending,Due,Clear,Due,9100000.0
15303,Subhan Panezai,DEMO-KPT-15303,House No. RBC-505,Street 5,North Nazimabad,6,3,Apartment,Subhan Panezai,Shoaib Bhutto,Pending,Paid,Issue Found,Due,8200000.0
15248,Ghazanfar Lughmani,DEMO-KPT-15248,House No. DBC-466,Street 7,North Nazimabad,6,3,Apartment,Ghazanfar Lughmani,Nafisa Bashir,Litigated,Due,Clear,Paid,8900000.0
15330,Aqsa Bugti,DEMO-KPT-15330,House No. CBR-722,Street 8,North Nazimabad,6,3,Apartment,Aqsa Bugti,Bahadur Abro,Litigated,Due,Issue Found,Due,9600000.0
8975,Sadaf Unar,DEMO-KPT-8975,House No. DD-712,Street 9,North Nazimabad,6,3,Apartment,Sadaf Unar,Bakhtawar Akhtar,Pending,Due,Clear,Due,9600000.0
5818,Anila Ranjha,DEMO-KPT-5818,House No. DR-379,Street 11,North Nazimabad,6,3,Apartment,Anila Ranjha,Maaz Kidwai,Pending,Paid,Issue Found,Paid,9700000.0
1271,Salman Malik,DEMO-KPT-1271,House No. A-861,Street 17,North Nazimabad,6,3,Apartment,Salman Malik,Zain Tariq,Pending,Due,Clear,Paid,10000000.0
5786,Ashraf Durrani,DEMO-KPT-5786,House No. RB-444,Street 18,North Nazimabad,6,3,Apartment,Ashraf Durrani,Kafeel Magsi,Verified,Paid,Issue Found,Due,8200000.0
12086,Kanwal Aslam,DEMO-KPT-12086,House No. DB-618,Street 18,North Nazimabad,6,3,Apartment,Kanwal Aslam,Ikram Hoti,Verified,Paid,Issue Found,Due,8800000.0
2508,Marwa Bukhari,DEMO-KPT-2508,House No. D-590,Street 23,North Nazimabad,6,3,Apartment,Marwa Bukhari,Yusuf Daudzai,Verified,Due,Under Review,Paid,8700000.0
1284,Zain Malik,DEMO-KPT-1284,House No. A-755,Street 24,North Nazimabad,6,3,Apartment,Zain Malik,Alina Aslam,Verified,Paid,Under Review,Due,8300000.0
1269,Sadia Siddiqui,DEMO-KPT-1269,House No. A-66,Street 28,North Nazimabad,6,3,Apartment,Sadia Siddiqui,Muhammad Farooq,Litigated,Paid,Issue Found,Due,8300000.0
5953,Shagufta Imran,DEMO-KPT-5953,House No. BD-560,Street 1,North Nazimabad,7,3,Apartment,Shagufta Imran,Sabahat Khan,Verified,Paid,Clear,Paid,8200000.0
9060,Bisma Marri,DEMO-KPT-9060,House No. DC-598,Street 1,North Nazimabad,7,3,Apartment,Bisma Marri,Taha Memon,Pending,Paid,Issue Found,Due,9100000.0
2623,Amir Dar,DEMO-KPT-2623,House No. R-704,Street 3,North Nazimabad,7,3,Apartment,Amir Dar,Sahrish Farooqi,Pending,Due,Under Review,Due,8100000.0
5865,Sehrish Lak,DEMO-KPT-5865,House No. BB-364,Street 4,North Nazimabad,7,3,Apartment,Sehrish Lak,Aashir Kasi,Pending,Paid,Under Review,Due,9700000.0
6106,Javaria Ijaz,DEMO-KPT-6106,House No. RB-647,Street 4,North Nazimabad,7,3,Apartment,Javaria Ijaz,Nudrat Shafiq,Litigated,Due,Clear,Due,8600000.0
1298,Bilal Ali,DEMO-KPT-1298,House No. A-997,Street 7,North Nazimabad,7,3,Apartment,Bilal Ali,Shoaib Farooq,Litigated,Due,Clear,Paid,9000000.0
15384,Tariq Chaudhry,DEMO-KPT-15384,House No. BCD-870,Street 7,North Nazimabad,7,3,Apartment,Tariq Chaudhry,Pervaiz Ansari,Pending,Paid,Clear,Paid,8600000.0
9030,Lamia Lari,DEMO-KPT-9030,House No. DC-800,Street 8,North Nazimabad,7,3,Apartment,Lamia Lari,Riaz Gilani,Litigated,Due,Issue Found,Due,9000000.0
15456,Numan Siddiqui,DEMO-KPT-15456,House No. DBR-730,Street 17,North Nazimabad,7,3,Apartment,Numan Siddiqui,Emaan Tarar,Verified,Due,Issue Found,Due,8800000.0
15367,Fakhar Leghari,DEMO-KPT-15367,House No. BCR-844,Street 25,North Nazimabad,7,3,Apartment,Fakhar Leghari,Ishaq Bettani,Pending,Due,Issue Found,Paid,8900000.0
15435,Ruqayya Yasin,DEMO-KPT-15435,House No. CDB-325,Street 26,North Nazimabad,7,3,Apartment,Ruqayya Yasin,Nudrat Abbasi,Verified,Paid,Clear,Paid,8800000.0
9069,Iftikhar Shakir,DEMO-KPT-9069,House No. BC-750,Street 27,North Nazimabad,7,3,Apartment,Iftikhar Shakir,Taimoor Yousaf,Litigated,Due,Under Review,Paid,8600000.0
2619,Mehak Hashmi,DEMO-KPT-2619,House No. R-369,Street 28,North Nazimabad,7,3,Apartment,Mehak Hashmi,Tahreem Shinwari,Litigated,Paid,Issue Found,Due,9900000.0
12226,Nudrat Hinjra,DEMO-KPT-12226,House No. DC-727,Street 29,North Nazimabad,7,3,Apartment,Nudrat Hinjra,Sumbal Qadir,Pending,Paid,Issue Found,Due,8400000.0
12262,Muzammil Lughmani,DEMO-KPT-12262,House No. RD-856,Street 30,North Nazimabad,7,3,Apartment,Muzammil Lughmani,Sadiq Toor,Verified,Due,Issue Found,Due,9700000.0
9094,Mukarram Ahmed,DEMO-KPT-9094,House No. BD-440,Street 3,North Nazimabad,8,3,Apartment,Mukarram Ahmed,Sahil Samo,Pending,Paid,Clear,Due,8800000.0
15479,Alamgir Gondal,DEMO-KPT-15479,House No. RCD-421,Street 3,North Nazimabad,8,3,Apartment,Alamgir Gondal,Shaheen Mahesar,Litigated,Paid,Issue Found,Due,8000000.0
15556,Fareeha Khan,DEMO-KPT-15556,House No. DCB-641,Street 4,North Nazimabad,8,3,Apartment,Fareeha Khan,Rehmat Korai,Litigated,Due,Clear,Due,8900000.0
1366,Waleed Sheikh,DEMO-KPT-1366,House No. A-594,Street 5,North Nazimabad,8,3,Apartment,Waleed Sheikh,Mahnoor Ali,Pending,Paid,Issue Found,Paid,8900000.0
2872,Bushra Jadoon,DEMO-KPT-2872,House No. B-892,Street 5,North Nazimabad,8,3,Apartment,Bushra Jadoon,Sabika Lak,Litigated,Due,Clear,Due,9100000.0
9172,Nawaz Qureshi,DEMO-KPT-9172,House No. CD-835,Street 5,North Nazimabad,8,3,Apartment,Nawaz Qureshi,Kabeer Gabol,Litigated,Due,Clear,Due,9200000.0
1362,Iqra Khan,DEMO-KPT-1362,House No. A-837,Street 8,North Nazimabad,8,3,Apartment,Iqra Khan,Fahad Iqbal,Litigated,Due,Under Review,Due,9200000.0
15537,Hanif Cheena,DEMO-KPT-15537,House No. BRD-860,Street 8,North Nazimabad,8,3,Apartment,Hanif Cheena,Ashraf Sandhu,Pending,Paid,Issue Found,Due,9800000.0
15549,Nasrullah Gill,DEMO-KPT-15549,House No. DRB-650,Street 8,North Nazimabad,8,3,Apartment,Nasrullah Gill,Imtiaz Bashir,Litigated,Paid,Under Review,Due,10000000.0
6256,Misbah Rabbani,DEMO-KPT-6256,House No. BB-314,Street 9,North Nazimabad,8,3,Apartment,Misbah Rabbani,Aftab Wazir,Pending,Paid,Issue Found,Paid,8000000.0
1369,Anaya Ahmed,DEMO-KPT-1369,House No. A-469,Street 14,North Nazimabad,8,3,Apartment,Anaya Ahmed,Owais Shah,Litigated,Due,Clear,Paid,9500000.0
2881,Haleema Tarar,DEMO-KPT-2881,House No. D-894,Street 14,North Nazimabad,8,3,Apartment,Haleema Tarar,Taimur Qadir,Verified,Due,Under Review,Paid,10000000.0
6319,Sheraz Bhat,DEMO-KPT-6319,House No. RB-501,Street 14,North Nazimabad,8,3,Apartment,Sheraz Bhat,Aqsa Lashari,Litigated,Due,Clear,Paid,9600000.0
6180,Muneeba Dahri,DEMO-KPT-6180,House No. DB-431,Street 16,North Nazimabad,8,3,Apartment,Muneeba Dahri,Farah Virk,Verified,Due,Clear,Paid,8400000.0
2893,Dawood Tahir,DEMO-KPT-2893,House No. B-341,Street 23,North Nazimabad,8,3,Apartment,Dawood Tahir,Manzoor Memon,Pending,Due,Clear,Paid,9200000.0
6108,Khawar Mansoor,DEMO-KPT-6108,House No. RB-644,Street 23,North Nazimabad,8,3,Apartment,Khawar Mansoor,Abeera Zardari,Verified,Due,Under Review,Paid,8700000.0
9173,Neelam Hoti,DEMO-KPT-9173,House No. BD-365,Street 26,North Nazimabad,8,3,Apartment,Neelam Hoti,Sitara Hinjra,Litigated,Due,Clear,Paid,8700000.0
2826,Tayyab Hayat,DEMO-KPT-2826,House No. D-404,Street 27,North Nazimabad,8,3,Apartment,Tayyab Hayat,Tahira Joiya,Pending,Paid,Issue Found,Paid,8600000.0
1337,Anaya Shah,DEMO-KPT-1337,House No. A-161,Street 28,North Nazimabad,8,3,Apartment,Anaya Shah,Hassan Ahmed,Pending,Paid,Under Review,Due,9500000.0
2776,Maira Samo,DEMO-KPT-2776,House No. B-837,Street 29,North Nazimabad,8,3,Apartment,Maira Samo,Abeera Rafique,Pending,Paid,Issue Found,Due,8700000.0
15458,Tooba Panezai,DEMO-KPT-15458,House No. CBR-470,Street 30,North Nazimabad,8,3,Apartment,Tooba Panezai,Asifa Saeed,Litigated,Due,Under Review,Due,9600000.0
1410,Laiba Ali,DEMO-KPT-1410,House No. A-985,Street 1,North Nazimabad,9,3,Apartment,Laiba Ali,Zain Naeem,Pending,Paid,Issue Found,Due,9800000.0
6360,Ghazala Gandapur,DEMO-KPT-6360,House No. BC-800,Street 1,North Nazimabad,9,3,Apartment,Ghazala Gandapur,Rubab Usmani,Pending,Paid,Issue Found,Due,9700000.0
15679,Raees Ghauri,DEMO-KPT-15679,House No. BRD-837,Street 1,North Nazimabad,9,3,Apartment,Raees Ghauri,Abrar Jadoon,Pending,Due,Clear,Due,9400000.0
2956,Rahim Randhawa,DEMO-KPT-2956,House No. C-856,Street 4,North Nazimabad,9,3,Apartment,Rahim Randhawa,Urwa Yousaf,Litigated,Due,Clear,Due,9400000.0
1406,Mariam Noor,DEMO-KPT-1406,House No. A-326,Street 9,North Nazimabad,9,3,Apartment,Mariam Noor,Anaya Raza,Verified,Due,Under Review,Paid,9000000.0
6401,Bilal Bettani,DEMO-KPT-6401,House No. CD-650,Street 9,North Nazimabad,9,3,Apartment,Bilal Bettani,Feroz Rafique,Litigated,Paid,Issue Found,Due,8200000.0
9270,Marium Baloch,DEMO-KPT-9270,House No. BR-358,Street 15,North Nazimabad,9,3,Apartment,Marium Baloch,Abubakar Mohmand,Pending,Paid,Clear,Paid,9000000.0
2897,Samina Pasha,DEMO-KPT-2897,House No. D-375,Street 16,North Nazimabad,9,3,Apartment,Samina Pasha,Musa Javed,Pending,Paid,Under Review,Paid,8600000.0
12430,Yasmeen Marri,DEMO-KPT-12430,House No. CD-549,Street 25,North Nazimabad,9,3,Apartment,Yasmeen Marri,Zoya Dreshak,Pending,Due,Under Review,Due,9300000.0
1415,Hamza Tariq,DEMO-KPT-1415,House No. A-930,Street 27,North Nazimabad,9,3,Apartment,Hamza Tariq,Imran Shah,Pending,Paid,Issue Found,Due,9300000.0
6365,Alamgir Mengal,DEMO-KPT-6365,House No. CB-878,Street 27,North Nazimabad,9,3,Apartment,Alamgir Mengal,Zoya Abbasi,Pending,Paid,Issue Found,Due,8600000.0
9369,Faiza Tunio,DEMO-KPT-9369,House No. RB-334,Street 28,North Nazimabad,9,3,Apartment,Faiza Tunio,Fayyaz Yaqoob,Litigated,Paid,Issue Found,Due,9400000.0
1418,Kashif Khan,DEMO-KPT-1418,House No. A-25,Street 29,North Nazimabad,9,3,Apartment,Kashif Khan,Hassan Raza,Verified,Due,Issue Found,Due,9400000.0
3043,Hafsa Sindhi,DEMO-KPT-3043,House No. R-882,Street 4,North Nazimabad,10,3,Apartment,Hafsa Sindhi,Kainat Zaidi,Litigated,Paid,Under Review,Paid,9700000.0
9453,Tayyeb Shah,DEMO-KPT-9453,House No. DR-576,Street 5,North Nazimabad,10,3,Apartment,Tayyeb Shah,Nimra Qureshi,Pending,Paid,Issue Found,Due,8000000.0
6706,Adeel Achakzai,DEMO-KPT-6706,House No. DR-451,Street 9,North Nazimabad,10,3,Apartment,Adeel Achakzai,Beenish Dayo,Pending,Paid,Issue Found,Paid,9100000.0
12701,Sheeba Mazari,DEMO-KPT-12701,House No. DD-563,Street 9,North Nazimabad,10,3,Apartment,Sheeba Mazari,Anwar Hoti,Litigated,Paid,Issue Found,Due,8400000.0
15730,Shazia Lone,DEMO-KPT-15730,House No. BRC-345,Street 9,North Nazimabad,10,3,Apartment,Shazia Lone,Ayeza Lughmani,Verified,Due,Issue Found,Paid,9800000.0
3143,Adeel Mughal,DEMO-KPT-3143,House No. C-603,Street 10,North Nazimabad,10,3,Apartment,Adeel Mughal,Tahmina Sultan,Litigated,Paid,Issue Found,Paid,8400000.0
6743,Nazia Tariq,DEMO-KPT-6743,House No. RB-303,Street 10,North Nazimabad,10,3,Apartment,Nazia Tariq,Adil Shinwari,Litigated,Paid,Issue Found,Paid,8900000.0
15718,Saif Kasi,DEMO-KPT-15718,House No. RCB-743,Street 11,North Nazimabad,10,3,Apartment,Saif Kasi,Athar Kamal,Pending,Paid,Issue Found,Paid,8000000.0
9386,Zara Wattoo,DEMO-KPT-9386,House No. RC-317,Street 18,North Nazimabad,10,3,Apartment,Zara Wattoo,Ammar Ilyas,Verified,Paid,Issue Found,Due,9500000.0
12669,Zakariya Waheed,DEMO-KPT-12669,House No. BR-651,Street 27,North Nazimabad,10,3,Apartment,Zakariya Waheed,Farzana Afridi,Litigated,Due,Under Review,Paid,9100000.0
12726,Nuzhat Swati,DEMO-KPT-12726,House No. DD-781,Street 27,North Nazimabad,10,3,Apartment,Nuzhat Swati,Qasim Lak,Pending,Paid,Issue Found,Paid,9000000.0
1426,Bilal Raza,DEMO-KPT-1426,House No. A-791,Street 29,North Nazimabad,10,3,Apartment,Bilal Raza,Salman Malik,Pending,Paid,Issue Found,Due,8700000.0
3262,Aneesa Riaz,DEMO-KPT-3262,House No. C-468,Street 30,North Nazimabad,10,3,Apartment,Aneesa Riaz,Shahbaz Tunio,Verified,Due,Issue Found,Due,9300000.0
6652,Bilquis Rafique,DEMO-KPT-6652,House No. CR-616,Street 30,North Nazimabad,10,3,Apartment,Bilquis Rafique,Jamila Wattoo,Verified,Paid,Under Review,Due,9300000.0
12712,Ihtisham Toor,DEMO-KPT-12712,House No. DD-646,Street 30,North Nazimabad,10,3,Apartment,Ihtisham Toor,Dilshad Swati,Verified,Due,Issue Found,Due,9200000.0
6853,Javeria Saleem,DEMO-KPT-6853,House No. CC-442,Street 1,North Nazimabad,11,3,Apartment,Javeria Saleem,Laiba Yazdani,Verified,Paid,Clear,Paid,9700000.0
6765,Mirza Yasin,DEMO-KPT-6765,House No. DD-538,Street 4,North Nazimabad,11,3,Apartment,Mirza Yasin,Farwa Gakhar,Pending,Paid,Under Review,Due,8900000.0
12943,Saad Butt,DEMO-KPT-12943,House No. BR-557,Street 4,North Nazimabad,11,3,Apartment,Saad Butt,Mehrunnisa Tanoli,Litigated,Paid,Under Review,Paid,9000000.0
6834,Nasreen Nadeem,DEMO-KPT-6834,House No. DD-371,Street 7,North Nazimabad,11,3,Apartment,Nasreen Nadeem,Zulekha Saif,Pending,Paid,Clear,Paid,9800000.0
9723,Firdous Marwat,DEMO-KPT-9723,House No. BC-863,Street 11,North Nazimabad,11,3,Apartment,Firdous Marwat,Muneeba Khuhro,Verified,Paid,Under Review,Due,8000000.0
9664,Ikram Mahsud,DEMO-KPT-9664,House No. RC-379,Street 14,North Nazimabad,11,3,Apartment,Ikram Mahsud,Asma Siddiqui,Pending,Paid,Under Review,Due,9800000.0
9720,Faiza Imran,DEMO-KPT-9720,House No. CR-511,Street 15,North Nazimabad,11,3,Apartment,Faiza Imran,Akbar Dreshak,Pending,Paid,Clear,Paid,8100000.0
12930,Lina Khalid,DEMO-KPT-12930,House No. CD-617,Street 16,North Nazimabad,11,3,Apartment,Lina Khalid,Kafeel Ali,Verified,Due,Clear,Paid,8400000.0
12852,Sidra Gondal,DEMO-KPT-12852,House No. RB-432,Street 20,North Nazimabad,11,3,Apartment,Sidra Gondal,Vaqar Hameed,Litigated,Due,Clear,Due,8400000.0
12952,Hoorain Shafi,DEMO-KPT-12952,House No. CR-724,Street 30,North Nazimabad,11,3,Apartment,Hoorain Shafi,Yousaf Qadri,Verified,Paid,Under Review,Due,9000000.0
9794,Fariha Durrani,DEMO-KPT-9794,House No. BC-801,Street 1,North Nazimabad,12,3,Apartment,Fariha Durrani,Luqmaan Mahsud,Verified,Paid,Issue Found,Due,9800000.0
9829,Nabeel Khalid,DEMO-KPT-9829,House No. CD-310,Street 1,North Nazimabad,12,3,Apartment,Nabeel Khalid,Komal Farooqi,Pending,Due,Clear,Due,10000000.0
7006,Hussam Riaz,DEMO-KPT-7006,House No. DC-461,Street 4,North Nazimabad,12,3,Apartment,Hussam Riaz,Jazib Shinwari,Litigated,Due,Clear,Due,9900000.0
16203,Tayyab Qadir,DEMO-KPT-16203,House No. BDC-486,Street 5,North Nazimabad,12,3,Apartment,Tayyab Qadir,Hadi Warsi,Pending,Paid,Issue Found,Due,9900000.0
7023,Qurat Ali,DEMO-KPT-7023,House No. RB-732,Street 11,North Nazimabad,12,3,Apartment,Qurat Ali,Ihtisham Nasar,Verified,Paid,Under Review,Due,9800000.0
16232,Khalid Ghazali,DEMO-KPT-16232,House No. CDR-703,Street 15,North Nazimabad,12,3,Apartment,Khalid Ghazali,Tamim Gabol,Litigated,Due,Clear,Paid,9200000.0
7035,Ikhlaq Dawood,DEMO-KPT-7035,House No. BD-328,Street 16,North Nazimabad,12,3,Apartment,Ikhlaq Dawood,Shaista Bhittani,Verified,Due,Clear,Due,9200000.0
6923,Saleha Durrani,DEMO-KPT-6923,House No. CD-741,Street 26,North Nazimabad,12,3,Apartment,Saleha Durrani,Laraib Kakar,Litigated,Due,Clear,Paid,8600000.0
6992,Huma Kidwai,DEMO-KPT-6992,House No. BB-390,Street 26,North Nazimabad,12,3,Apartment,Huma Kidwai,Junaid Tanvir,Verified,Due,Issue Found,Due,9200000.0
3476,Mohib Tarar,DEMO-KPT-3476,House No. C-744,Street 27,North Nazimabad,12,3,Apartment,Mohib Tarar,Palwasha Cheena,Verified,Due,Clear,Paid,8200000.0
3519,Rehana Iqbal,DEMO-KPT-3519,House No. R-517,Street 28,North Nazimabad,12,3,Apartment,Rehana Iqbal,Najma Sheikh,Litigated,Paid,Issue Found,Due,9700000.0
16276,Aiman Kayani,DEMO-KPT-16276,House No. BDC-336,Street 29,North Nazimabad,12,3,Apartment,Aiman Kayani,Hafsa Qadri,Pending,Paid,Issue Found,Due,9200000.0
13087,Khawar Junejo,DEMO-KPT-13087,House No. DD-549,Street 4,North Nazimabad,13,3,Apartment,Khawar Junejo,Shamoon Javed,Litigated,Due,Under Review,Due,8600000.0
3656,Sultan Niazi,DEMO-KPT-3656,House No. R-551,Street 9,North Nazimabad,13,3,Apartment,Sultan Niazi,Raheela Samo,Verified,Due,Under Review,Paid,9500000.0
7180,Asra Dayo,DEMO-KPT-7180,House No. DB-646,Street 9,North Nazimabad,13,3,Apartment,Asra Dayo,Ramsha Samo,Verified,Due,Issue Found,Paid,8300000.0
10075,Khawar Warsi,DEMO-KPT-10075,House No. DR-614,Street 12,North Nazimabad,13,3,Apartment,Khawar Warsi,Sheeba Peerzada,Pending,Paid,Under Review,Paid,9000000.0
10170,Humaira Mansoor,DEMO-KPT-10170,House No. RR-332,Street 15,North Nazimabad,13,3,Apartment,Humaira Mansoor,Shehryar Toor,Pending,Paid,Clear,Paid,9800000.0
7064,Neha Bukhari,DEMO-KPT-7064,House No. BB-555,Street 21,North Nazimabad,13,3,Apartment,Neha Bukhari,Saad Wazir,Pending,Paid,Issue Found,Paid,9400000.0
7146,Haroon Warsi,DEMO-KPT-7146,House No. BC-593,Street 21,North Nazimabad,13,3,Apartment,Haroon Warsi,Kaleemullah Jogezai,Verified,Paid,Clear,Due,10000000.0
10073,Saif Tanoli,DEMO-KPT-10073,House No. RD-829,Street 26,North Nazimabad,13,3,Apartment,Saif Tanoli,Sehar Bajwa,Litigated,Due,Clear,Paid,8900000.0
10153,Wajid Shinwari,DEMO-KPT-10153,House No. CC-319,Street 27,North Nazimabad,13,3,Apartment,Wajid Shinwari,Emaad Awan,Litigated,Due,Clear,Paid,8200000.0
13115,Tariq Mahesar,DEMO-KPT-13115,House No. CD-717,Street 27,North Nazimabad,13,3,Apartment,Tariq Mahesar,Khansa Wani,Pending,Paid,Issue Found,Due,8500000.0
3979,Bilal Kasi,DEMO-KPT-3979,House No. BR-431,Street 1,North Nazimabad,14,3,Apartment,Bilal Kasi,Sajjad Jogezai,Pending,Due,Clear,Due,8300000.0
10244,Athar Mughal,DEMO-KPT-10244,House No. CD-552,Street 1,North Nazimabad,14,3,Apartment,Athar Mughal,Saleha Yousafzai,Verified,Paid,Issue Found,Due,9700000.0
16544,Afreen Tanvir,DEMO-KPT-16544,House No. RCD-409,Street 1,North Nazimabad,14,3,Apartment,Afreen Tanvir,Zakir Panezai,Verified,Paid,Issue Found,Due,8500000.0
7237,Tooba Mengal,DEMO-KPT-7237,House No. DC-780,Street 4,North Nazimabad,14,3,Apartment,Tooba Mengal,Nashra Mirza,Litigated,Due,Under Review,Due,8100000.0
3910,Sadiq Orakzai,DEMO-KPT-3910,House No. CD-346,Street 6,North Nazimabad,14,3,Apartment,Sadiq Orakzai,Mehak Rana,Verified,Due,Issue Found,Due,9900000.0
13321,Tahira Mirza,DEMO-KPT-13321,House No. BC-648,Street 7,North Nazimabad,14,3,Apartment,Tahira Mirza,Dania Shaikh,Litigated,Paid,Under Review,Due,9500000.0
13475,Hoor Ghani,DEMO-KPT-13475,House No. RBD-456,Street 9,North Nazimabad,14,3,Apartment,Hoor Ghani,Sabir Ansari,Pending,Due,Clear,Due,8000000.0
7193,Nighat Rehman,DEMO-KPT-7193,House No. CR-371,Street 10,North Nazimabad,14,3,Apartment,Nighat Rehman,Zunaira Lone,Litigated,Paid,Issue Found,Paid,8500000.0
13462,Khizar Latif,DEMO-KPT-13462,House No. CRB-364,Street 15,North Nazimabad,14,3,Apartment,Khizar Latif,Sarah Butt,Verified,Paid,Clear,Paid,8600000.0
10185,Sharmeen Sadiq,DEMO-KPT-10185,House No. CD-774,Street 16,North Nazimabad,14,3,Apartment,Sharmeen Sadiq,Sidrah Hashmi,Verified,Due,Clear,Due,8200000.0
16650,Muneeb Sultan,DEMO-KPT-16650,House No. CDB-620,Street 19,North Nazimabad,14,3,Apartment,Muneeb Sultan,Arslan Ali,Verified,Due,Under Review,Due,9200000.0
3858,Maira Rind,DEMO-KPT-3858,House No. DD-799,Street 23,North Nazimabad,14,3,Apartment,Maira Rind,Humayun Hinjra,Verified,Due,Under Review,Paid,8900000.0
13503,Mukhtar Riaz,DEMO-KPT-13503,House No. RCB-421,Street 5,North Nazimabad,15,3,Apartment,Mukhtar Riaz,Samad Randhawa,Pending,Paid,Issue Found,Due,8600000.0
16662,Imran Khattak,DEMO-KPT-16662,House No. BRC-710,Street 8,North Nazimabad,15,3,Apartment,Imran Khattak,Ibrahim Lari,Litigated,Due,Under Review,Due,8700000.0
7373,Sohail Hussain,DEMO-KPT-7373,House No. BC-393,Street 26,North Nazimabad,15,3,Apartment,Sohail Hussain,Safa Qazi,Litigated,Due,Clear,Paid,8900000.0
4115,Sohail Nawaz,DEMO-KPT-4115,House No. CB-400,Street 27,North Nazimabad,15,3,Apartment,Sohail Nawaz,Asim Yazdani,Pending,Paid,Issue Found,Due,9600000.0
13568,Benazir Swati,DEMO-KPT-13568,House No. DRB-777,Street 29,North Nazimabad,15,3,Apartment,Benazir Swati,Mahwish Khattak,Verified,Due,Issue Found,Due,8200000.0
4259,Shafaq Sipra,DEMO-KPT-4259,House No. RD-701,Street 1,North Nazimabad,16,3,Apartment,Shafaq Sipra,Laraib Ranjha,Litigated,Paid,Clear,Paid,9400000.0
4241,Zakariya Leghari,DEMO-KPT-4241,House No. CD-662,Street 3,North Nazimabad,16,3,Apartment,Zakariya Leghari,Sajid Yaqoob,Pending,Paid,Under Review,Paid,8100000.0
13679,Iram Zardari,DEMO-KPT-13679,House No. RBC-379,Street 3,North Nazimabad,16,3,Apartment,Iram Zardari,Zehra Gill,Litigated,Paid,Issue Found,Due,9100000.0
7456,Isha Awan,DEMO-KPT-7456,House No. RD-424,Street 4,North Nazimabad,16,3,Apartment,Isha Awan,Kamran Raza,Litigated,Due,Clear,Due,9600000.0
7466,Mina Anwar,DEMO-KPT-7466,House No. RR-545,Street 5,North Nazimabad,16,3,Apartment,Mina Anwar,Samiya Khosa,Litigated,Paid,Under Review,Paid,8000000.0
7512,Sabahat Mazari,DEMO-KPT-7512,House No. DR-504,Street 5,North Nazimabad,16,3,Apartment,Sabahat Mazari,Umair Yousaf,Pending,Paid,Under Review,Due,8500000.0
13672,Tamim Jogezai,DEMO-KPT-13672,House No. BCR-316,Street 5,North Nazimabad,16,3,Apartment,Tamim Jogezai,Awais Ijaz,Litigated,Due,Clear,Due,9000000.0
7471,Asra Bhat,DEMO-KPT-7471,House No. CC-448,Street 7,North Nazimabad,16,3,Apartment,Asra Bhat,Kamil Shah,Litigated,Paid,Under Review,Due,9300000.0
10621,Nabila Zardari,DEMO-KPT-10621,House No. CR-784,Street 7,North Nazimabad,16,3,Apartment,Nabila Zardari,Aisha Jafri,Litigated,Paid,Under Review,Due,9200000.0
13771,Shagufta Kakar,DEMO-KPT-13771,House No. DRB-442,Street 7,North Nazimabad,16,3,Apartment,Shagufta Kakar,Mahmood Tariq,Litigated,Paid,Under Review,Due,8500000.0
7449,Amna Mian,DEMO-KPT-7449,House No. RB-708,Street 8,North Nazimabad,16,3,Apartment,Amna Mian,Nizam Mian,Litigated,Paid,Under Review,Due,8300000.0
10627,Asad Naseem,DEMO-KPT-10627,House No. CC-821,Street 9,North Nazimabad,16,3,Apartment,Asad Naseem,Iqra Shaikh,Pending,Paid,Under Review,Due,8400000.0
16927,Junaid Tahir,DEMO-KPT-16927,House No. RDB-370,Street 9,North Nazimabad,16,3,Apartment,Junaid Tahir,Aslam Cheena,Pending,Paid,Under Review,Due,9700000.0
7473,Haroon Saleem,DEMO-KPT-7473,House No. CB-341,Street 11,North Nazimabad,16,3,Apartment,Haroon Saleem,Inaya Lughmani,Verified,Paid,Under Review,Due,9300000.0
10564,Danish Mirani,DEMO-KPT-10564,House No. CC-629,Street 14,North Nazimabad,16,3,Apartment,Danish Mirani,Yusra Rabbani,Pending,Paid,Under Review,Due,9500000.0
16831,Saba Ranjha,DEMO-KPT-16831,House No. DRC-513,Street 14,North Nazimabad,16,3,Apartment,Saba Ranjha,Sharjeel Malik,Verified,Due,Under Review,Paid,8200000.0
16920,Mashal Jafri,DEMO-KPT-16920,House No. CBD-586,Street 15,North Nazimabad,16,3,Apartment,Mashal Jafri,Mushtaq Kazmi,Pending,Paid,Clear,Paid,9200000.0
7516,Osama Bugti,DEMO-KPT-7516,House No. RB-531,Street 26,North Nazimabad,16,3,Apartment,Osama Bugti,Luqman Dogar,Pending,Paid,Clear,Due,8600000.0
13753,Subhan Hayat,DEMO-KPT-13753,House No. CBR-322,Street 27,North Nazimabad,16,3,Apartment,Subhan Hayat,Murtaza Soomro,Litigated,Due,Clear,Paid,8400000.0
4208,Munir Shah,DEMO-KPT-4208,House No. RD-391,Street 30,North Nazimabad,16,3,Apartment,Munir Shah,Umaima Hashmi,Litigated,Due,Under Review,Due,8600000.0
16994,Lubna Shinwari,DEMO-KPT-16994,House No. CBR-705,Street 1,North Nazimabad,17,3,Apartment,Lubna Shinwari,Waleed Magsi,Verified,Paid,Issue Found,Due,8900000.0
7573,Sehar Parvez,DEMO-KPT-7573,House No. DC-824,Street 3,North Nazimabad,17,3,Apartment,Sehar Parvez,Qaiser Rizvi,Pending,Due,Under Review,Due,9300000.0
7665,Usman Sipra,DEMO-KPT-7665,House No. CB-448,Street 4,North Nazimabad,17,3,Apartment,Usman Sipra,Feryal Bajwa,Pending,Paid,Under Review,Due,9500000.0
13918,Aleeza Turk,DEMO-KPT-13918,House No. BCR-399,Street 11,North Nazimabad,17,3,Apartment,Aleeza Turk,Haseeb Talpur,Pending,Paid,Issue Found,Paid,8500000.0
10685,Aun Javed,DEMO-KPT-10685,House No. DB-323,Street 13,North Nazimabad,17,3,Apartment,Aun Javed,Noaman Bhat,Verified,Paid,Issue Found,Due,9900000.0
13916,Obaid Korai,DEMO-KPT-13916,House No. CRB-474,Street 13,North Nazimabad,17,3,Apartment,Obaid Korai,Shazia Javed,Pending,Due,Clear,Due,9800000.0
16985,Rukhsana Lak,DEMO-KPT-16985,House No. CBR-467,Street 13,North Nazimabad,17,3,Apartment,Rukhsana Lak,Jalal Butt,Verified,Paid,Issue Found,Due,8900000.0
13785,Shagufta Zaman,DEMO-KPT-13785,House No. CRB-619,Street 16,North Nazimabad,17,3,Apartment,Shagufta Zaman,Arslan Orakzai,Verified,Due,Clear,Due,9800000.0
4436,Yameen Saeed,DEMO-KPT-4436,House No. DR-639,Street 18,North Nazimabad,17,3,Apartment,Yameen Saeed,Dilshad Lodhi,Verified,Paid,Issue Found,Due,8600000.0
10746,Waqar Sultan,DEMO-KPT-10746,House No. RB-611,Street 21,North Nazimabad,17,3,Apartment,Waqar Sultan,Rimsha Mohmand,Verified,Paid,Clear,Due,9600000.0
7584,Ayub Chandio,DEMO-KPT-7584,House No. RR-742,Street 24,North Nazimabad,17,3,Apartment,Ayub Chandio,Nazia Tareen,Verified,Paid,Under Review,Due,9400000.0
10867,Khansa Ahmed,DEMO-KPT-10867,House No. BR-855,Street 25,North Nazimabad,17,3,Apartment,Khansa Ahmed,Nawaz Magsi,Pending,Due,Issue Found,Paid,8800000.0
13772,Sonia Naseem,DEMO-KPT-13772,House No. DRC-830,Street 26,North Nazimabad,17,3,Apartment,Sonia Naseem,Aqib Jafri,Pending,Due,Under Review,Paid,8600000.0
14010,Izhar Yasin,DEMO-KPT-14010,House No. CDR-525,Street 1,North Nazimabad,18,3,Apartment,Izhar Yasin,Rehana Awan,Pending,Paid,Issue Found,Due,8000000.0
13965,Arfa Tiwana,DEMO-KPT-13965,House No. DBC-347,Street 4,North Nazimabad,18,3,Apartment,Arfa Tiwana,Majid Joiya,Pending,Paid,Under Review,Due,8400000.0
4601,Anmol Lashari,DEMO-KPT-4601,House No. CD-469,Street 9,North Nazimabad,18,3,Apartment,Anmol Lashari,Abid Mangi,Litigated,Paid,Issue Found,Due,9400000.0
7706,Saira Shinwari,DEMO-KPT-7706,House No. RD-521,Street 9,North Nazimabad,18,3,Apartment,Saira Shinwari,Ayesha Saeed,Verified,Due,Under Review,Paid,8200000.0
10901,Sehrish Kiani,DEMO-KPT-10901,House No. RD-761,Street 9,North Nazimabad,18,3,Apartment,Sehrish Kiani,Bilal Pirzada,Litigated,Paid,Issue Found,Due,9200000.0
10993,Aqsa Ilyas,DEMO-KPT-10993,House No. CD-616,Street 23,North Nazimabad,18,3,Apartment,Aqsa Ilyas,Raheela Ghaffar,Pending,Due,Clear,Paid,9900000.0
11042,Eman Khalid,DEMO-KPT-11042,House No. CB-609,Street 26,North Nazimabad,18,3,Apartment,Eman Khalid,Kinza Kamal,Verified,Due,Issue Found,Due,8700000.0
4753,Shifa Mengal,DEMO-KPT-4753,House No. BC-735,Street 27,North Nazimabad,18,3,Apartment,Shifa Mengal,Luqman Laghari,Litigated,Due,Clear,Paid,9600000.0
14015,Zara Bijarani,DEMO-KPT-14015,House No. CDR-366,Street 27,North Nazimabad,18,3,Apartment,Zara Bijarani,Naureen Ghani,Pending,Paid,Issue Found,Due,9000000.0
10876,Raza Yousafzai,DEMO-KPT-10876,House No. DB-474,Street 29,North Nazimabad,18,3,Apartment,Raza Yousafzai,Haseeb Lodhi,Pending,Paid,Issue Found,Due,9800000.0
7841,Mohsin Mari,DEMO-KPT-7841,House No. CB-557,Street 3,North Nazimabad,19,3,Apartment,Mohsin Mari,Inam Shafi,Pending,Paid,Under Review,Paid,9500000.0
4756,Naila Zafar,DEMO-KPT-4756,House No. BC-557,Street 4,North Nazimabad,19,3,Apartment,Naila Zafar,Amal Majeed,Litigated,Due,Clear,Due,9400000.0
7921,Unaiza Mustafa,DEMO-KPT-7921,House No. RR-398,Street 7,North Nazimabad,19,3,Apartment,Unaiza Mustafa,Nabeeha Saif,Litigated,Paid,Under Review,Due,9400000.0
7847,Adeel Pirzada,DEMO-KPT-7847,House No. CD-523,Street 16,North Nazimabad,19,3,Apartment,Adeel Pirzada,Osama Lodhi,Pending,Paid,Under Review,Paid,9800000.0
4791,Musa Ilyas,DEMO-KPT-4791,House No. CC-782,Street 20,North Nazimabad,19,3,Apartment,Musa Ilyas,Hussnain Bhurgri,Litigated,Paid,Issue Found,Due,8100000.0
11053,Babar Panezai,DEMO-KPT-11053,House No. BR-576,Street 27,North Nazimabad,19,3,Apartment,Babar Panezai,Rehmat Bajwa,Litigated,Due,Clear,Paid,8200000.0
14221,Ijaz Qadri,DEMO-KPT-14221,House No. RCB-556,Street 7,North Nazimabad,20,3,Apartment,Ijaz Qadri,Mina Sheikh,Litigated,Paid,Under Review,Due,8900000.0
14199,Inshal Rind,DEMO-KPT-14199,House No. RCD-338,Street 8,North Nazimabad,20,3,Apartment,Inshal Rind,Inayat Khuhro,Litigated,Paid,Under Review,Due,10000000.0
8022,Mahwish Lakhani,DEMO-KPT-8022,House No. CR-847,Street 11,North Nazimabad,20,3,Apartment,Mahwish Lakhani,Fatima Chaudhry,Pending,Due,Under Review,Due,9400000.0
11171,Asra Tunio,DEMO-KPT-11171,House No. CD-429,Street 17,North Nazimabad,20,3,Apartment,Asra Tunio,Umair Hameed,Pending,Due,Clear,Paid,9100000.0
4896,Bisma Kiani,DEMO-KPT-4896,House No. CC-356,Street 21,North Nazimabad,20,3,Apartment,Bisma Kiani,Noor Yousaf,Verified,Paid,Clear,Due,8900000.0
14334,Anum Ghauri,DEMO-KPT-14334,House No. DBR-510,Street 24,North Nazimabad,20,3,Apartment,Anum Ghauri,Haleema Panhwar,Verified,Paid,Under Review,Due,9200000.0
5085,Jannat Mustafa,DEMO-KPT-5085,House No. CB-727,Street 26,North Nazimabad,20,3,Apartment,Jannat Mustafa,Kabir Lashari,Verified,Paid,Clear,Paid,9900000.0
5026,Sahar Mangi,DEMO-KPT-5026,House No. RC-810,Street 29,North Nazimabad,20,3,Apartment,Sahar Mangi,Bakht Sahito,Pending,Paid,Issue Found,Due,8500000.0
3494,Nafisa Bhittani,DEMO-KPT-3494,House No. R-767,Street 1,Saddar,1,3,Apartment,Nafisa Bhittani,Raheela Hinjra,Verified,Paid,Issue Found,Due,8800000.0
10803,Zahida Kamal,DEMO-KPT-10803,House No. RB-700,Street 5,Saddar,1,3,Apartment,Zahida Kamal,Jamil Gondal,Pending,Paid,Issue Found,Due,9800000.0
16016,Talha Naqvi,DEMO-KPT-16016,House No. DCB-334,Street 5,Saddar,1,3,Apartment,Talha Naqvi,Sitara Mohammadzai,Litigated,Paid,Under Review,Paid,9500000.0
7284,Zawar Afridi,DEMO-KPT-7284,House No. CC-878,Street 7,Saddar,1,3,Apartment,Zawar Afridi,Noshaba Hussain,Pending,Paid,Clear,Paid,10000000.0
5375,Mahir Usmani,DEMO-KPT-5375,House No. DD-576,Street 9,Saddar,1,3,Apartment,Mahir Usmani,Shanza Ghazali,Pending,Due,Clear,Due,8600000.0
12575,Tanzeela Qazi,DEMO-KPT-12575,House No. RC-684,Street 9,Saddar,1,3,Apartment,Tanzeela Qazi,Shanza Shinwari,Pending,Due,Clear,Due,9500000.0
1463,Rohail Anwar,DEMO-KPT-1463,House No. D-482,Street 10,Saddar,1,3,Apartment,Rohail Anwar,Riaz Farooq,Litigated,Due,Clear,Paid,8900000.0
12593,Sadia Jamali,DEMO-KPT-12593,House No. BC-435,Street 10,Saddar,1,3,Apartment,Sadia Jamali,Sobia Ijaz,Litigated,Paid,Issue Found,Paid,9200000.0
3452,Zeeshan Lughmani,DEMO-KPT-3452,House No. B-792,Street 11,Saddar,1,3,Apartment,Zeeshan Lughmani,Anwar Raza,Litigated,Due,Under Review,Due,8100000.0
10819,Nudrat Bhutto,DEMO-KPT-10819,House No. DR-712,Street 14,Saddar,1,3,Apartment,Nudrat Bhutto,Babar Jadoon,Litigated,Due,Clear,Paid,9000000.0
15964,Kanwal Gondal,DEMO-KPT-15964,House No. BRD-349,Street 14,Saddar,1,3,Apartment,Kanwal Gondal,Aashir Ali,Pending,Paid,Under Review,Due,8400000.0
5336,Saleem Janjua,DEMO-KPT-5336,House No. DB-572,Street 18,Saddar,1,3,Apartment,Saleem Janjua,Rehman Dogar,Verified,Paid,Issue Found,Due,8600000.0
14336,Jannat Mahesar,DEMO-KPT-14336,House No. RCD-540,Street 18,Saddar,1,3,Apartment,Jannat Mahesar,Jannat Umer,Verified,Paid,Issue Found,Due,8700000.0
7271,Sikandar Warsi,DEMO-KPT-7271,House No. RB-411,Street 22,Saddar,1,3,Apartment,Sikandar Warsi,Fatima Naseem,Verified,Paid,Under Review,Paid,8100000.0
12541,Irtaza Zardari,DEMO-KPT-12541,House No. BD-547,Street 22,Saddar,1,3,Apartment,Irtaza Zardari,Bashir Ahmed,Verified,Due,Clear,Paid,8500000.0
9147,Syeda Junejo,DEMO-KPT-9147,House No. RC-662,Street 27,Saddar,1,3,Apartment,Syeda Junejo,Sohaib Sipra,Pending,Due,Clear,Due,9500000.0
3529,Alizeh Palijo,DEMO-KPT-3529,House No. C-860,Street 1,Saddar,2,3,Apartment,Alizeh Palijo,Munir Tareen,Pending,Due,Clear,Due,9200000.0
5494,Hasnain Dayo,DEMO-KPT-5494,House No. RR-561,Street 3,Saddar,2,3,Apartment,Hasnain Dayo,Sundas Mustafa,Pending,Paid,Clear,Due,8900000.0
1606,Arfa Hashmi,DEMO-KPT-1606,House No. B-705,Street 4,Saddar,2,3,Apartment,Arfa Hashmi,Zahida Sahito,Litigated,Due,Clear,Due,8500000.0
16093,Shoaib Mirani,DEMO-KPT-16093,House No. CRD-517,Street 4,Saddar,2,3,Apartment,Shoaib Mirani,Syeda Leghari,Litigated,Paid,Under Review,Paid,8000000.0
5416,Muhammad Baig,DEMO-KPT-5416,House No. CC-726,Street 5,Saddar,2,3,Apartment,Muhammad Baig,Bisma Dogar,Pending,Paid,Issue Found,Paid,9700000.0
3598,Arsalan Farooq,DEMO-KPT-3598,House No. B-342,Street 6,Saddar,2,3,Apartment,Arsalan Farooq,Dua Malik,Litigated,Paid,Under Review,Paid,9200000.0
9249,Kafeel Jaffri,DEMO-KPT-9249,House No. CR-867,Street 8,Saddar,2,3,Apartment,Kafeel Jaffri,Nasreen Khalid,Litigated,Paid,Under Review,Due,9000000.0
3562,Jalal Kharal,DEMO-KPT-3562,House No. R-375,Street 15,Saddar,2,3,Apartment,Jalal Kharal,Jamil Rind,Verified,Paid,Clear,Paid,9300000.0
12611,Shan Rind,DEMO-KPT-12611,House No. BR-771,Street 15,Saddar,2,3,Apartment,Shan Rind,Syeda Farooqi,Pending,Paid,Issue Found,Due,9500000.0
16020,Mahnoor Pasha,DEMO-KPT-16020,House No. DCB-882,Street 15,Saddar,2,3,Apartment,Mahnoor Pasha,Jamil Usmani,Pending,Paid,Clear,Paid,9100000.0
10997,Asifa Kayani,DEMO-KPT-10997,House No. DR-828,Street 16,Saddar,2,3,Apartment,Asifa Kayani,Tanveer Hoti,Pending,Paid,Under Review,Paid,9200000.0
16035,Babar Unar,DEMO-KPT-16035,House No. BDC-316,Street 16,Saddar,2,3,Apartment,Babar Unar,Musa Mirani,Verified,Due,Clear,Due,9200000.0
3521,Mohsin Bugti,DEMO-KPT-3521,House No. R-864,Street 17,Saddar,2,3,Apartment,Mohsin Bugti,Khushbu Dahri,Pending,Due,Clear,Paid,8200000.0
10968,Ikram Magsi,DEMO-KPT-10968,House No. DB-853,Street 17,Saddar,2,3,Apartment,Ikram Magsi,Syeda Chattha,Litigated,Due,Under Review,Due,9600000.0
7369,Lina Qadri,DEMO-KPT-7369,House No. RD-346,Street 19,Saddar,2,3,Apartment,Lina Qadri,Sarah Shafiq,Pending,Due,Clear,Due,8900000.0
12631,Dania Bugti,DEMO-KPT-12631,House No. DC-654,Street 19,Saddar,2,3,Apartment,Dania Bugti,Mubeen Cheena,Verified,Due,Clear,Due,8900000.0
14341,Komal Mahesar,DEMO-KPT-14341,House No. RBC-493,Street 22,Saddar,2,3,Apartment,Komal Mahesar,Ishaq Unar,Verified,Due,Clear,Paid,8600000.0
7383,Sundas Sindhi,DEMO-KPT-7383,House No. DB-846,Street 26,Saddar,2,3,Apartment,Sundas Sindhi,Mehak Dar,Pending,Paid,Issue Found,Due,9700000.0
9272,Rooman Tunio,DEMO-KPT-9272,House No. DC-830,Street 26,Saddar,2,3,Apartment,Rooman Tunio,Abubakar Lodhi,Pending,Due,Under Review,Paid,9200000.0
10935,Khushbu Rizvi,DEMO-KPT-10935,House No. CC-621,Street 26,Saddar,2,3,Apartment,Khushbu Rizvi,Sabir Zia,Verified,Paid,Clear,Paid,8300000.0
10983,Zulekha Dayo,DEMO-KPT-10983,House No. CD-354,Street 26,Saddar,2,3,Apartment,Zulekha Dayo,Maham Aslam,Pending,Paid,Issue Found,Due,8400000.0
10947,Zara Shafiq,DEMO-KPT-10947,House No. CC-481,Street 27,Saddar,2,3,Apartment,Zara Shafiq,Arif Dawood,Pending,Due,Clear,Due,9000000.0
9344,Iqbal Turk,DEMO-KPT-9344,House No. RD-368,Street 1,Saddar,3,3,Apartment,Iqbal Turk,Zain Abbasi,Verified,Paid,Issue Found,Due,9800000.0
3637,Mubashra Lari,DEMO-KPT-3637,House No. R-662,Street 4,Saddar,3,3,Apartment,Mubashra Lari,Amir Tahir,Litigated,Due,Under Review,Due,8100000.0
14380,Furqan Naqvi,DEMO-KPT-14380,House No. DBC-780,Street 9,Saddar,3,3,Apartment,Furqan Naqvi,Sonia Sohu,Verified,Due,Issue Found,Paid,8900000.0
16156,Khadija Lodhi,DEMO-KPT-16156,House No. DCR-559,Street 9,Saddar,3,3,Apartment,Khadija Lodhi,Aqeel Gondal,Pending,Paid,Issue Found,Paid,9400000.0
5581,Tehmina Mirani,DEMO-KPT-5581,House No. BR-768,Street 14,Saddar,3,3,Apartment,Tehmina Mirani,Subhan Sadiq,Verified,Due,Under Review,Paid,10000000.0
16182,Nizam Mahesar,DEMO-KPT-16182,House No. RDC-656,Street 14,Saddar,3,3,Apartment,Nizam Mahesar,Nazia Tarar,Verified,Due,Issue Found,Due,8500000.0
12756,Ashfaq Marri,DEMO-KPT-12756,House No. DR-350,Street 17,Saddar,3,3,Apartment,Ashfaq Marri,Ashfaq Joiya,Verified,Due,Issue Found,Due,9800000.0
16106,Fariha Ghumman,DEMO-KPT-16106,House No. BRC-648,Street 17,Saddar,3,3,Apartment,Fariha Ghumman,Salahuddin Bettani,Pending,Paid,Under Review,Due,8400000.0
1800,Sania Ghazali,DEMO-KPT-1800,House No. R-361,Street 19,Saddar,3,3,Apartment,Sania Ghazali,Zakir Mohammadzai,Verified,Due,Under Review,Due,9400000.0
7491,Shehzad Parvez,DEMO-KPT-7491,House No. CD-688,Street 20,Saddar,3,3,Apartment,Shehzad Parvez,Aisha Sial,Litigated,Paid,Issue Found,Due,9500000.0
11114,Salma Khokhar,DEMO-KPT-11114,House No. CC-750,Street 21,Saddar,3,3,Apartment,Salma Khokhar,Alam Lak,Pending,Paid,Issue Found,Paid,8900000.0
16146,Adeel Niazi,DEMO-KPT-16146,House No. CBD-477,Street 21,Saddar,3,3,Apartment,Adeel Niazi,Ehsan Akhtar,Verified,Paid,Clear,Due,8400000.0
11035,Shan Kamal,DEMO-KPT-11035,House No. RC-463,Street 24,Saddar,3,3,Apartment,Shan Kamal,Noman Riaz,Litigated,Paid,Issue Found,Paid,8600000.0
5580,Ashfaq Bugti,DEMO-KPT-5580,House No. BD-311,Street 25,Saddar,3,3,Apartment,Ashfaq Bugti,Aamir Gakhar,Pending,Due,Issue Found,Paid,8600000.0
12747,Sumbal Dawood,DEMO-KPT-12747,House No. CC-813,Street 27,Saddar,3,3,Apartment,Sumbal Dawood,Hira Talpur,Pending,Due,Clear,Due,8600000.0
16187,Taimoor Lodhi,DEMO-KPT-16187,House No. DBR-811,Street 28,Saddar,3,3,Apartment,Taimoor Lodhi,Shahmeer Lakhani,Pending,Paid,Under Review,Due,10000000.0
14468,Rafay Mohammadzai,DEMO-KPT-14468,House No. RCB-893,Street 29,Saddar,3,3,Apartment,Rafay Mohammadzai,Farrukh Farooq,Verified,Due,Issue Found,Due,8000000.0
7543,Ali Yousafzai,DEMO-KPT-7543,House No. RD-602,Street 4,Saddar,4,3,Apartment,Ali Yousafzai,Amal Bettani,Litigated,Paid,Under Review,Paid,9100000.0
14484,Urwa Saleem,DEMO-KPT-14484,House No. RCD-669,Street 7,Saddar,4,3,Apartment,Urwa Saleem,Nailah Pirzada,Pending,Paid,Clear,Paid,9800000.0
9406,Tahseen Zafar,DEMO-KPT-9406,House No. BB-608,Street 9,Saddar,4,3,Apartment,Tahseen Zafar,Aashir Awan,Pending,Paid,Issue Found,Paid,8300000.0
9425,Tanzeela Bajwa,DEMO-KPT-9425,House No. BB-520,Street 9,Saddar,4,3,Apartment,Tanzeela Bajwa,Nimra Shafi,Pending,Due,Clear,Due,8400000.0
3713,Shoaib Anwar,DEMO-KPT-3713,House No. B-377,Street 10,Saddar,4,3,Apartment,Shoaib Anwar,Izhar Abbasi,Litigated,Due,Clear,Paid,9200000.0
14513,Kainat Anwar,DEMO-KPT-14513,House No. BRD-321,Street 10,Saddar,4,3,Apartment,Kainat Anwar,Ubaid Ansari,Litigated,Due,Clear,Paid,9300000.0
16193,Tooba Hussain,DEMO-KPT-16193,House No. RCD-553,Street 10,Saddar,4,3,Apartment,Tooba Hussain,Aiman Rashid,Litigated,Paid,Issue Found,Paid,8500000.0
12814,Bilawal Zahid,DEMO-KPT-12814,House No. RB-684,Street 14,Saddar,4,3,Apartment,Bilawal Zahid,Fida Wazir,Pending,Paid,Under Review,Due,8100000.0
5670,Shees Bilgrami,DEMO-KPT-5670,House No. BC-583,Street 15,Saddar,4,3,Apartment,Shees Bilgrami,Kaneez Mehmood,Pending,Paid,Clear,Paid,8300000.0
5597,Faisal Iqbal,DEMO-KPT-5597,House No. CD-703,Street 16,Saddar,4,3,Apartment,Faisal Iqbal,Arisha Kiani,Pending,Paid,Under Review,Paid,9100000.0
14521,Wania Shakeel,DEMO-KPT-14521,House No. DRB-667,Street 16,Saddar,4,3,Apartment,Wania Shakeel,Yaqoob Rajper,Verified,Paid,Issue Found,Paid,9500000.0
7556,Adeel Chandio,DEMO-KPT-7556,House No. RB-315,Street 17,Saddar,4,3,Apartment,Adeel Chandio,Safa Samo,Pending,Paid,Under Review,Due,8500000.0
1873,Qaiser Rajper,DEMO-KPT-1873,House No. D-887,Street 20,Saddar,4,3,Apartment,Qaiser Rajper,Athar Farooqi,Pending,Due,Under Review,Due,8100000.0
5714,Qadir Zahid,DEMO-KPT-5714,House No. RB-753,Street 21,Saddar,4,3,Apartment,Qadir Zahid,Yasir Naqvi,Pending,Paid,Issue Found,Paid,8300000.0
11191,Inam Zaman,DEMO-KPT-11191,House No. RB-580,Street 22,Saddar,4,3,Apartment,Inam Zaman,Fawad Malik,Verified,Due,Clear,Paid,9600000.0
9384,Irfan Jadoon,DEMO-KPT-9384,House No. CC-796,Street 24,Saddar,4,3,Apartment,Irfan Jadoon,Zamzam Sahito,Verified,Paid,Under Review,Due,10000000.0
5761,Qudrat Butt,DEMO-KPT-5761,House No. BR-349,Street 26,Saddar,4,3,Apartment,Qudrat Butt,Zaib Khosa,Verified,Paid,Clear,Paid,9000000.0
9361,Waqas Noor,DEMO-KPT-9361,House No. RB-545,Street 26,Saddar,4,3,Apartment,Waqas Noor,Ihsan Magsi,Verified,Paid,Clear,Paid,9800000.0
11161,Mina Sabri,DEMO-KPT-11161,House No. CC-474,Street 26,Saddar,4,3,Apartment,Mina Sabri,Nudrat Gabol,Verified,Paid,Clear,Paid,9300000.0
14573,Jawad Warsi,DEMO-KPT-14573,House No. DRC-845,Street 26,Saddar,4,3,Apartment,Jawad Warsi,Minhaj Jaffri,Litigated,Due,Clear,Paid,8400000.0
3747,Fatima Achakzai,DEMO-KPT-3747,House No. D-733,Street 27,Saddar,4,3,Apartment,Fatima Achakzai,Humaira Javed,Pending,Due,Clear,Due,10000000.0
16265,Haroon Jafri,DEMO-KPT-16265,House No. DCB-447,Street 27,Saddar,4,3,Apartment,Haroon Jafri,Rukhsana Waheed,Pending,Paid,Issue Found,Due,9200000.0
1876,Sibtain Parvez,DEMO-KPT-1876,House No. C-629,Street 29,Saddar,4,3,Apartment,Sibtain Parvez,Afreen Panhwar,Pending,Paid,Issue Found,Due,8700000.0
12758,Tahmina Ghazali,DEMO-KPT-12758,House No. RB-502,Street 30,Saddar,4,3,Apartment,Tahmina Ghazali,Haris Soomro,Litigated,Due,Under Review,Due,8100000.0
1903,Kamran Junejo,DEMO-KPT-1903,House No. B-388,Street 1,Saddar,5,3,Apartment,Kamran Junejo,Nageen Cheema,Verified,Paid,Clear,Paid,8300000.0
3809,Sarah Mir,DEMO-KPT-3809,House No. R-578,Street 1,Saddar,5,3,Apartment,Sarah Mir,Kabir Laghari,Litigated,Paid,Clear,Paid,8700000.0
5779,Afreen Samo,DEMO-KPT-5779,House No. CB-717,Street 1,Saddar,5,3,Apartment,Afreen Samo,Sahar Gabol,Pending,Due,Clear,Due,9200000.0
9465,Anmol Tunio,DEMO-KPT-9465,House No. DB-720,Street 4,Saddar,5,3,Apartment,Anmol Tunio,Zahida Dawood,Pending,Paid,Under Review,Due,9500000.0
9466,Kamal Ali,DEMO-KPT-9466,House No. CR-308,Street 5,Saddar,5,3,Apartment,Kamal Ali,Zubia Qazi,Pending,Paid,Issue Found,Paid,8900000.0
12912,Yaqoob Farooqi,DEMO-KPT-12912,House No. DR-336,Street 5,Saddar,5,3,Apartment,Yaqoob Farooqi,Fida Ilyas,Pending,Paid,Under Review,Due,9900000.0
7648,Jalal Khosa,DEMO-KPT-7648,House No. CC-789,Street 6,Saddar,5,3,Apartment,Jalal Khosa,Jannat Marwat,Litigated,Paid,Under Review,Paid,8500000.0
11248,Nargis Jamali,DEMO-KPT-11248,House No. RR-810,Street 6,Saddar,5,3,Apartment,Nargis Jamali,Sheraz Talpur,Litigated,Paid,Under Review,Paid,10000000.0
12910,Raheela Hanif,DEMO-KPT-12910,House No. RD-663,Street 6,Saddar,5,3,Apartment,Raheela Hanif,Mehreen Qadri,Verified,Due,Issue Found,Due,9200000.0
3837,Nabeel Sohu,DEMO-KPT-3837,House No. B-419,Street 8,Saddar,5,3,Apartment,Nabeel Sohu,Ashar Naqvi,Pending,Paid,Issue Found,Due,8200000.0
11243,Hadi Jamal,DEMO-KPT-11243,House No. RC-610,Street 10,Saddar,5,3,Apartment,Hadi Jamal,Aslam Toor,Litigated,Paid,Issue Found,Paid,9400000.0
16375,Tahmina Jadoon,DEMO-KPT-16375,House No. CDB-387,Street 12,Saddar,5,3,Apartment,Tahmina Jadoon,Iram Bukhari,Pending,Paid,Under Review,Paid,10000000.0
11216,Affan Kamboh,DEMO-KPT-11216,House No. RB-483,Street 13,Saddar,5,3,Apartment,Affan Kamboh,Fareed Ghumman,Pending,Due,Clear,Due,9200000.0
3814,Rustam Qureshi,DEMO-KPT-3814,House No. C-731,Street 14,Saddar,5,3,Apartment,Rustam Qureshi,Mahir Warraich,Pending,Paid,Under Review,Due,8800000.0
11269,Irum Ahmed,DEMO-KPT-11269,House No. BR-320,Street 14,Saddar,5,3,Apartment,Irum Ahmed,Khawar Tahir,Litigated,Due,Clear,Paid,10000000.0
7612,Junaid Chattha,DEMO-KPT-7612,House No. DB-448,Street 15,Saddar,5,3,Apartment,Junaid Chattha,Bakhtiar Mansoor,Verified,Paid,Clear,Paid,10000000.0
5850,Rashida Jadoon,DEMO-KPT-5850,House No. BR-325,Street 19,Saddar,5,3,Apartment,Rashida Jadoon,Iftikhar Raza,Verified,Due,Under Review,Due,9400000.0
9481,Fauzia Bukhari,DEMO-KPT-9481,House No. RD-619,Street 19,Saddar,5,3,Apartment,Fauzia Bukhari,Nafisa Kamal,Verified,Due,Clear,Due,9100000.0
14691,Shafaq Mohmand,DEMO-KPT-14691,House No. DCR-478,Street 20,Saddar,5,3,Apartment,Shafaq Mohmand,Aftab Warsi,Litigated,Paid,Issue Found,Due,8000000.0
5796,Omer Kiani,DEMO-KPT-5796,House No. BB-503,Street 21,Saddar,5,3,Apartment,Omer Kiani,Madiha Sardar,Verified,Paid,Clear,Due,8300000.0
14680,Adnan Kamboh,DEMO-KPT-14680,House No. CDB-459,Street 25,Saddar,5,3,Apartment,Adnan Kamboh,Mubashra Wani,Pending,Due,Under Review,Due,8300000.0
1935,Zia Ghani,DEMO-KPT-1935,House No. B-314,Street 26,Saddar,5,3,Apartment,Zia Ghani,Rabia Sheikh,Verified,Paid,Clear,Paid,8200000.0
3842,Naveed Abro,DEMO-KPT-3842,House No. C-502,Street 26,Saddar,5,3,Apartment,Naveed Abro,Madiha Wazir,Verified,Due,Issue Found,Due,8300000.0
14672,Hoor Rajput,DEMO-KPT-14672,House No. DBC-395,Street 26,Saddar,5,3,Apartment,Hoor Rajput,Pervaiz Bajwa,Pending,Due,Under Review,Paid,9500000.0
9519,Moiz Ghumman,DEMO-KPT-9519,House No. CR-799,Street 27,Saddar,5,3,Apartment,Moiz Ghumman,Abeera Kiani,Litigated,Due,Under Review,Paid,10000000.0
16307,Urooj Mustafa,DEMO-KPT-16307,House No. RDC-863,Street 30,Saddar,5,3,Apartment,Urooj Mustafa,Zehra Alvi,Verified,Paid,Issue Found,Due,9600000.0
11310,Noreen Kharal,DEMO-KPT-11310,House No. CB-390,Street 1,Saddar,6,3,Apartment,Noreen Kharal,Zunair Peerzada,Pending,Paid,Issue Found,Due,8700000.0
11353,Ikram Zafar,DEMO-KPT-11353,House No. RC-542,Street 1,Saddar,6,3,Apartment,Ikram Zafar,Shifa Khalid,Verified,Paid,Clear,Paid,8000000.0
14743,Marwa Lashari,DEMO-KPT-14743,House No. BRC-584,Street 4,Saddar,6,3,Apartment,Marwa Lashari,Qayyum Hussain,Litigated,Paid,Under Review,Paid,9800000.0
16512,Tamim Raza,DEMO-KPT-16512,House No. BCR-850,Street 5,Saddar,6,3,Apartment,Tamim Raza,Habib Gilani,Pending,Paid,Under Review,Due,9800000.0
16437,Sabih Imran,DEMO-KPT-16437,House No. RCD-728,Street 8,Saddar,6,3,Apartment,Sabih Imran,Zahra Hayat,Pending,Paid,Issue Found,Due,9800000.0
2014,Neha Hafeez,DEMO-KPT-2014,House No. C-821,Street 14,Saddar,6,3,Apartment,Neha Hafeez,Ahmed Noor,Pending,Paid,Under Review,Due,9500000.0
5894,Asim Bukhari,DEMO-KPT-5894,House No. DD-488,Street 15,Saddar,6,3,Apartment,Asim Bukhari,Sharjeel Mohmand,Verified,Paid,Under Review,Due,8800000.0
7682,Kamal Saif,DEMO-KPT-7682,House No. BD-662,Street 15,Saddar,6,3,Apartment,Kamal Saif,Obaid Naseem,Litigated,Due,Clear,Paid,8300000.0
14812,Zameer Naseem,DEMO-KPT-14812,House No. RCB-804,Street 15,Saddar,6,3,Apartment,Zameer Naseem,Nargis Dreshak,Verified,Paid,Clear,Paid,9800000.0
5881,Khizar Majeed,DEMO-KPT-5881,House No. DD-703,Street 19,Saddar,6,3,Apartment,Khizar Majeed,Mehmood Tahir,Verified,Due,Clear,Due,8500000.0
7681,Sumayya Sadiq,DEMO-KPT-7681,House No. CD-690,Street 19,Saddar,6,3,Apartment,Sumayya Sadiq,Asif Rafique,Verified,Due,Clear,Due,9200000.0
12914,Fayyaz Daudzai,DEMO-KPT-12914,House No. BB-708,Street 21,Saddar,6,3,Apartment,Fayyaz Daudzai,Aleena Sheikh,Pending,Paid,Issue Found,Paid,9500000.0
12916,Zain Kamboh,DEMO-KPT-12916,House No. DR-808,Street 26,Saddar,6,3,Apartment,Zain Kamboh,Bareera Hashmi,Pending,Paid,Clear,Due,10000000.0
12961,Alamgir Siddiqui,DEMO-KPT-12961,House No. RC-731,Street 26,Saddar,6,3,Apartment,Alamgir Siddiqui,Sumbal Junejo,Verified,Paid,Clear,Paid,9300000.0
16472,Bakht Jadoon,DEMO-KPT-16472,House No. RDC-673,Street 26,Saddar,6,3,Apartment,Bakht Jadoon,Arfa Nadeem,Pending,Due,Under Review,Paid,8900000.0
12926,Majid Khalid,DEMO-KPT-12926,House No. BC-706,Street 27,Saddar,6,3,Apartment,Majid Khalid,Masood Achakzai,Verified,Due,Clear,Paid,9800000.0
3875,Mubeen Kamal,DEMO-KPT-3875,House No. DR-564,Street 29,Saddar,6,3,Apartment,Mubeen Kamal,Shanza Barakzai,Litigated,Paid,Under Review,Paid,8400000.0
12979,Asim Lak,DEMO-KPT-12979,House No. CD-729,Street 1,Saddar,7,3,Apartment,Asim Lak,Mehrunnisa Lone,Pending,Due,Clear,Due,8300000.0
14865,Rafiq Sindhi,DEMO-KPT-14865,House No. BDR-635,Street 4,Saddar,7,3,Apartment,Rafiq Sindhi,Rakhshanda Soomro,Pending,Paid,Under Review,Due,9000000.0
9622,Zarmeen Mansoor,DEMO-KPT-9622,House No. DR-741,Street 5,Saddar,7,3,Apartment,Zarmeen Mansoor,Nasreen Bhat,Litigated,Due,Clear,Due,8200000.0
3998,Zahid Zahid,DEMO-KPT-3998,House No. DC-381,Street 7,Saddar,7,3,Apartment,Zahid Zahid,Nabeeha Hoti,Litigated,Due,Clear,Paid,9700000.0
4025,Zahra Zaman,DEMO-KPT-4025,House No. DR-475,Street 9,Saddar,7,3,Apartment,Zahra Zaman,Emaan Zardari,Pending,Due,Clear,Due,8500000.0
2073,Sabika Laghari,DEMO-KPT-2073,House No. B-661,Street 11,Saddar,7,3,Apartment,Sabika Laghari,Jamshed Zia,Verified,Paid,Under Review,Due,9200000.0
13016,Faisal Shakir,DEMO-KPT-13016,House No. DC-613,Street 13,Saddar,7,3,Apartment,Faisal Shakir,Bashir Yaqoob,Pending,Due,Clear,Due,8000000.0
7831,Zehra Akhtar,DEMO-KPT-7831,House No. CC-672,Street 14,Saddar,7,3,Apartment,Zehra Akhtar,Qudrat Mahsud,Verified,Due,Under Review,Paid,9200000.0
7819,Irtaza Abro,DEMO-KPT-7819,House No. CR-533,Street 19,Saddar,7,3,Apartment,Irtaza Abro,Ihsan Pirzada,Pending,Due,Clear,Due,9700000.0
9619,Zamzam Kamboh,DEMO-KPT-9619,House No. DB-515,Street 19,Saddar,7,3,Apartment,Zamzam Kamboh,Nosheen Shinwari,Pending,Due,Clear,Due,9700000.0
12991,Waqar Jamali,DEMO-KPT-12991,House No. BD-727,Street 22,Saddar,7,3,Apartment,Waqar Jamali,Iffat Lakhani,Verified,Due,Clear,Paid,9600000.0
11443,Haroon Shafiq,DEMO-KPT-11443,House No. CD-533,Street 23,Saddar,7,3,Apartment,Haroon Shafiq,Hanif Raza,Pending,Due,Clear,Paid,9500000.0
2035,Yumna Ahmed,DEMO-KPT-2035,House No. D-409,Street 24,Saddar,7,3,Apartment,Yumna Ahmed,Sadaqat Bugti,Litigated,Paid,Issue Found,Paid,8200000.0
6030,Hafeez Tariq,DEMO-KPT-6030,House No. BD-471,Street 25,Saddar,7,3,Apartment,Hafeez Tariq,Farooq Bukhari,Pending,Due,Issue Found,Paid,9600000.0
6023,Fasih Raza,DEMO-KPT-6023,House No. BB-678,Street 26,Saddar,7,3,Apartment,Fasih Raza,Mahmood Kiani,Litigated,Due,Clear,Paid,9800000.0
2126,Mahira Memon,DEMO-KPT-2126,House No. D-788,Street 27,Saddar,7,3,Apartment,Mahira Memon,Maryum Zaidi,Verified,Due,Clear,Paid,9700000.0
7903,Balaj Sheikh,DEMO-KPT-7903,House No. RR-688,Street 27,Saddar,7,3,Apartment,Balaj Sheikh,Parvez Unar,Litigated,Due,Clear,Paid,10000000.0
14837,Shahzadi Tareen,DEMO-KPT-14837,House No. DCB-827,Street 28,Saddar,7,3,Apartment,Shahzadi Tareen,Nayab Orakzai,Pending,Paid,Under Review,Due,8300000.0
8029,Mehrunnisa Pasha,DEMO-KPT-8029,House No. DR-635,Street 1,Saddar,8,3,Apartment,Mehrunnisa Pasha,Maimoona Panhwar,Pending,Due,Clear,Due,8600000.0
13065,Misbah Aslam,DEMO-KPT-13065,House No. CB-569,Street 4,Saddar,8,3,Apartment,Misbah Aslam,Hadi Gill,Pending,Paid,Under Review,Due,8300000.0
7916,Sabir Saeed,DEMO-KPT-7916,House No. RD-634,Street 5,Saddar,8,3,Apartment,Sabir Saeed,Yumna Usmani,Litigated,Paid,Under Review,Paid,8500000.0
16666,Samad Rana,DEMO-KPT-16666,House No. CDR-819,Street 5,Saddar,8,3,Apartment,Samad Rana,Maimoona Shafi,Pending,Paid,Issue Found,Paid,9900000.0
13048,Zehra Chandio,DEMO-KPT-13048,House No. BD-479,Street 6,Saddar,8,3,Apartment,Zehra Chandio,Parveen Farooq,Litigated,Paid,Under Review,Paid,8500000.0
4030,Shama Jafri,DEMO-KPT-4030,House No. BC-873,Street 9,Saddar,8,3,Apartment,Shama Jafri,Shahroz Tanvir,Verified,Due,Issue Found,Paid,8000000.0
9727,Madiha Baloch,DEMO-KPT-9727,House No. CD-543,Street 9,Saddar,8,3,Apartment,Madiha Baloch,Naureen Ahmed,Pending,Paid,Under Review,Due,9700000.0
16706,Rohail Yazdani,DEMO-KPT-16706,House No. DCB-868,Street 9,Saddar,8,3,Apartment,Rohail Yazdani,Wali Lak,Verified,Due,Under Review,Paid,9400000.0
13043,Mahnoor Mirani,DEMO-KPT-13043,House No. BR-500,Street 10,Saddar,8,3,Apartment,Mahnoor Mirani,Sidra Kidwai,Litigated,Paid,Issue Found,Paid,9000000.0
2172,Nashra Akhtar,DEMO-KPT-2172,House No. B-773,Street 11,Saddar,8,3,Apartment,Nashra Akhtar,Arooj Qazi,Pending,Due,Under Review,Due,8300000.0
15025,Inshal Rizvi,DEMO-KPT-15025,House No. BRC-704,Street 12,Saddar,8,3,Apartment,Inshal Rizvi,Shumaila Rehman,Pending,Paid,Under Review,Paid,8100000.0
11585,Aneela Bangash,DEMO-KPT-11585,House No. DD-638,Street 13,Saddar,8,3,Apartment,Aneela Bangash,Hammad Gandapur,Verified,Paid,Issue Found,Due,8400000.0
6031,Sahrish Mengal,DEMO-KPT-6031,House No. CD-707,Street 14,Saddar,8,3,Apartment,Sahrish Mengal,Shazia Anwar,Verified,Due,Under Review,Paid,9800000.0
11520,Laiba Abbasi,DEMO-KPT-11520,House No. RB-475,Street 15,Saddar,8,3,Apartment,Laiba Abbasi,Dilawar Gondal,Pending,Paid,Clear,Paid,8600000.0
16682,Jamil Khalid,DEMO-KPT-16682,House No. CBR-390,Street 15,Saddar,8,3,Apartment,Jamil Khalid,Bisma Umer,Litigated,Due,Clear,Paid,10000000.0
9735,Syeda Palijo,DEMO-KPT-9735,House No. RR-846,Street 16,Saddar,8,3,Apartment,Syeda Palijo,Zakariya Sheikh,Verified,Due,Clear,Due,8500000.0
9780,Nageen Wazir,DEMO-KPT-9780,House No. RR-493,Street 16,Saddar,8,3,Apartment,Nageen Wazir,Aqib Dahri,Verified,Due,Clear,Paid,8200000.0
2171,Zaynab Raza,DEMO-KPT-2171,House No. D-609,Street 17,Saddar,8,3,Apartment,Zaynab Raza,Usman Bajwa,Pending,Due,Clear,Paid,9700000.0
11481,Kashif Ahmed,DEMO-KPT-11481,House No. CD-341,Street 18,Saddar,8,3,Apartment,Kashif Ahmed,Taha Gabol,Verified,Paid,Clear,Paid,8800000.0
13081,Ayla Yaqoob,DEMO-KPT-13081,House No. DR-728,Street 19,Saddar,8,3,Apartment,Ayla Yaqoob,Asifa Mir,Verified,Due,Clear,Due,8100000.0
2191,Abeera Dreshak,DEMO-KPT-2191,House No. R-786,Street 22,Saddar,8,3,Apartment,Abeera Dreshak,Kainat Marwat,Verified,Due,Clear,Paid,8200000.0
4121,Manzoor Panhwar,DEMO-KPT-4121,House No. DB-428,Street 22,Saddar,8,3,Apartment,Manzoor Panhwar,Raheela Alvi,Verified,Paid,Under Review,Paid,8300000.0
6085,Murtaza Mahesar,DEMO-KPT-6085,House No. CD-554,Street 24,Saddar,8,3,Apartment,Murtaza Mahesar,Bakhtiar Gabol,Litigated,Paid,Issue Found,Paid,9600000.0
14976,Aneesa Daudzai,DEMO-KPT-14976,House No. BRD-633,Street 27,Saddar,8,3,Apartment,Aneesa Daudzai,Saleem Rana,Pending,Paid,Issue Found,Paid,8900000.0
6229,Rakhshanda Baig,DEMO-KPT-6229,House No. DC-343,Street 1,Saddar,9,3,Apartment,Rakhshanda Baig,Kabir Bajwa,Pending,Due,Clear,Due,9100000.0
13153,Kashaf Awan,DEMO-KPT-13153,House No. RD-870,Street 1,Saddar,9,3,Apartment,Kashaf Awan,Raheel Usmani,Verified,Paid,Clear,Paid,9700000.0
16744,Mahnaz Abro,DEMO-KPT-16744,House No. DCB-552,Street 3,Saddar,9,3,Apartment,Mahnaz Abro,Isha Zaidi,Pending,Paid,Clear,Due,8500000.0
2266,Qamar Riaz,DEMO-KPT-2266,House No. C-886,Street 5,Saddar,9,3,Apartment,Qamar Riaz,Shahida Laghari,Pending,Paid,Issue Found,Paid,9300000.0
8116,Aleena Bijarani,DEMO-KPT-8116,House No. BR-805,Street 5,Saddar,9,3,Apartment,Aleena Bijarani,Imad Haral,Pending,Paid,Issue Found,Paid,8000000.0
11648,Israr Qadir,DEMO-KPT-11648,House No. DR-537,Street 7,Saddar,9,3,Apartment,Israr Qadir,Sumaira Majeed,Litigated,Due,Clear,Paid,8700000.0
16734,Asif Kasi,DEMO-KPT-16734,House No. CRB-791,Street 7,Saddar,9,3,Apartment,Asif Kasi,Palwasha Jaffri,Pending,Paid,Clear,Paid,8900000.0
15099,Firdous Kharal,DEMO-KPT-15099,House No. CBR-720,Street 8,Saddar,9,3,Apartment,Firdous Kharal,Parvez Panhwar,Litigated,Paid,Under Review,Due,8100000.0
4151,Amna Sindhi,DEMO-KPT-4151,House No. DR-843,Street 9,Saddar,9,3,Apartment,Amna Sindhi,Nihal Abbasi,Litigated,Paid,Issue Found,Due,9600000.0
8056,Amjad Mughal,DEMO-KPT-8056,House No. CB-317,Street 9,Saddar,9,3,Apartment,Amjad Mughal,Nailah Jamali,Pending,Paid,Issue Found,Paid,8900000.0
8080,Hania Hafeez,DEMO-KPT-8080,House No. BC-531,Street 9,Saddar,9,3,Apartment,Hania Hafeez,Fiza Khosa,Verified,Due,Issue Found,Paid,9700000.0
6282,Amal Ghazali,DEMO-KPT-6282,House No. BD-722,Street 14,Saddar,9,3,Apartment,Amal Ghazali,Nabeel Sardar,Verified,Due,Issue Found,Due,9400000.0
15064,Khansa Iqbal,DEMO-KPT-15064,House No. CRD-443,Street 14,Saddar,9,3,Apartment,Khansa Iqbal,Maryum Zaman,Pending,Paid,Under Review,Due,8400000.0
2261,Aleena Aslam,DEMO-KPT-2261,House No. C-824,Street 15,Saddar,9,3,Apartment,Aleena Aslam,Ahsan Janjua,Pending,Paid,Issue Found,Due,9800000.0
4247,Wali Mohammadzai,DEMO-KPT-4247,House No. CR-880,Street 16,Saddar,9,3,Apartment,Wali Mohammadzai,Humaira Naseem,Pending,Paid,Under Review,Paid,9500000.0
15043,Lina Jaffri,DEMO-KPT-15043,House No. DRC-304,Street 23,Saddar,9,3,Apartment,Lina Jaffri,Bisma Ghani,Pending,Due,Clear,Paid,9000000.0
13162,Shamoon Waheed,DEMO-KPT-13162,House No. RC-408,Street 30,Saddar,9,3,Apartment,Shamoon Waheed,Owais Naseem,Verified,Due,Issue Found,Due,9600000.0
8160,Jazib Mahar,DEMO-KPT-8160,House No. CD-773,Street 1,Saddar,10,3,Apartment,Jazib Mahar,Jibran Bilgrami,Pending,Paid,Issue Found,Due,9100000.0
9903,Taimur Popalzai,DEMO-KPT-9903,House No. RR-601,Street 5,Saddar,10,3,Apartment,Taimur Popalzai,Wali Farooqi,Pending,Paid,Issue Found,Due,9900000.0
2351,Fareed Saleem,DEMO-KPT-2351,House No. D-747,Street 9,Saddar,10,3,Apartment,Fareed Saleem,Nadeem Peerzada,Litigated,Paid,Issue Found,Due,9700000.0
6356,Rameez Mengal,DEMO-KPT-6356,House No. RB-565,Street 9,Saddar,10,3,Apartment,Rameez Mengal,Tauseef Virk,Verified,Due,Under Review,Paid,9600000.0
9880,Kaleem Kazmi,DEMO-KPT-9880,House No. BD-773,Street 9,Saddar,10,3,Apartment,Kaleem Kazmi,Tariq Farooq,Verified,Due,Issue Found,Paid,8600000.0
11756,Warda Rind,DEMO-KPT-11756,House No. CD-674,Street 9,Saddar,10,3,Apartment,Warda Rind,Zarar Chattha,Verified,Due,Under Review,Paid,8300000.0
8119,Rafay Khuhro,DEMO-KPT-8119,House No. BB-662,Street 14,Saddar,10,3,Apartment,Rafay Khuhro,Aziz Yasin,Litigated,Due,Clear,Paid,8100000.0
2294,Wania Joiya,DEMO-KPT-2294,House No. B-839,Street 15,Saddar,10,3,Apartment,Wania Joiya,Neelam Junejo,Verified,Paid,Under Review,Due,8700000.0
6311,Shanza Yousaf,DEMO-KPT-6311,House No. BB-367,Street 15,Saddar,10,3,Apartment,Shanza Yousaf,Dilshad Sheikh,Pending,Paid,Issue Found,Due,8100000.0
9911,Shayan Mahesar,DEMO-KPT-9911,House No. CR-753,Street 15,Saddar,10,3,Apartment,Shayan Mahesar,Marwa Baloch,Pending,Paid,Issue Found,Due,8600000.0
13171,Sadaqat Peerzada,DEMO-KPT-13171,House No. CR-765,Street 16,Saddar,10,3,Apartment,Sadaqat Peerzada,Bilal Hameed,Verified,Paid,Issue Found,Paid,8400000.0
6331,Qurat Kazmi,DEMO-KPT-6331,House No. CR-732,Street 19,Saddar,10,3,Apartment,Qurat Kazmi,Muneeb Barakzai,Verified,Due,Clear,Due,8900000.0
8171,Mehwish Mazari,DEMO-KPT-8171,House No. BC-662,Street 22,Saddar,10,3,Apartment,Mehwish Mazari,Tasneem Mari,Verified,Paid,Under Review,Paid,8600000.0
4322,Rehan Tareen,DEMO-KPT-4322,House No. DR-640,Street 26,Saddar,10,3,Apartment,Rehan Tareen,Syeda Bhatti,Pending,Due,Under Review,Paid,8400000.0
13223,Sajida Gabol,DEMO-KPT-13223,House No. BD-579,Street 26,Saddar,10,3,Apartment,Sajida Gabol,Zara Pasha,Litigated,Due,Clear,Paid,9900000.0
2319,Mishal Gabol,DEMO-KPT-2319,House No. D-322,Street 27,Saddar,10,3,Apartment,Mishal Gabol,Sadiq Shinwari,Litigated,Due,Under Review,Paid,9700000.0
9887,Jawad Saeed,DEMO-KPT-9887,House No. DD-442,Street 28,Saddar,10,3,Apartment,Jawad Saeed,Isha Jafri,Pending,Paid,Under Review,Due,8600000.0
11760,Mahmood Zubairi,DEMO-KPT-11760,House No. CD-668,Street 1,Saddar,11,3,Apartment,Mahmood Zubairi,Tahreem Qureshi,Pending,Paid,Issue Found,Due,9800000.0
15229,Tamkeen Kalhoro,DEMO-KPT-15229,House No. CBD-810,Street 1,Saddar,11,3,Apartment,Tamkeen Kalhoro,Jibran Mehmood,Pending,Due,Clear,Due,9100000.0
2441,Ikhlaq Noor,DEMO-KPT-2441,House No. B-574,Street 3,Saddar,11,3,Apartment,Ikhlaq Noor,Shakeel Kamboh,Pending,Paid,Under Review,Paid,8800000.0
4344,Tehmina Butt,DEMO-KPT-4344,House No. RR-805,Street 3,Saddar,11,3,Apartment,Tehmina Butt,Tamim Laghari,Litigated,Paid,Issue Found,Paid,8400000.0
9937,Zahid Tanvir,DEMO-KPT-9937,House No. BB-795,Street 4,Saddar,11,3,Apartment,Zahid Tanvir,Sana Korai,Litigated,Due,Under Review,Due,9900000.0
9916,Rooman Zia,DEMO-KPT-9916,House No. DR-854,Street 5,Saddar,11,3,Apartment,Rooman Zia,Tehmina Mazari,Pending,Paid,Issue Found,Paid,9300000.0
13316,Hasnain Kakar,DEMO-KPT-13316,House No. RD-604,Street 5,Saddar,11,3,Apartment,Hasnain Kakar,Bilawal Lodhi,Litigated,Paid,Under Review,Paid,8200000.0
8201,Javaria Khalid,DEMO-KPT-8201,House No. DB-838,Street 9,Saddar,11,3,Apartment,Javaria Khalid,Tahmina Umer,Litigated,Paid,Issue Found,Due,9700000.0
13264,Affan Zia,DEMO-KPT-13264,House No. CD-656,Street 14,Saddar,11,3,Apartment,Affan Zia,Fawad Waheed,Pending,Paid,Under Review,Due,8800000.0
9971,Wali Zaman,DEMO-KPT-9971,House No. BB-422,Street 22,Saddar,11,3,Apartment,Wali Zaman,Sakina Marri,Verified,Paid,Under Review,Paid,8800000.0
2443,Laila Daudzai,DEMO-KPT-2443,House No. R-880,Street 23,Saddar,11,3,Apartment,Laila Daudzai,Mahnaz Jaffri,Pending,Due,Clear,Paid,9200000.0
15234,Rafiq Rana,DEMO-KPT-15234,House No. DRB-675,Street 24,Saddar,11,3,Apartment,Rafiq Rana,Sumbal Jamal,Verified,Paid,Under Review,Due,10000000.0
4330,Ikram Hameed,DEMO-KPT-4330,House No. BR-745,Street 25,Saddar,11,3,Apartment,Ikram Hameed,Nafisa Kayani,Pending,Due,Under Review,Due,8500000.0
2385,Waqas Magsi,DEMO-KPT-2385,House No. B-400,Street 26,Saddar,11,3,Apartment,Waqas Magsi,Yasmeen Khokhar,Verified,Paid,Clear,Paid,9200000.0
2433,Dilshad Ghani,DEMO-KPT-2433,House No. B-484,Street 26,Saddar,11,3,Apartment,Dilshad Ghani,Bareera Qazi,Pending,Paid,Issue Found,Due,9400000.0
15211,Siddique Mangi,DEMO-KPT-15211,House No. RDB-388,Street 26,Saddar,11,3,Apartment,Siddique Mangi,Khansa Mir,Verified,Paid,Clear,Paid,8200000.0
2376,Numan Mengal,DEMO-KPT-2376,House No. B-416,Street 27,Saddar,11,3,Apartment,Numan Mengal,Omer Jamal,Pending,Paid,Issue Found,Paid,8800000.0
4376,Irtaza Gill,DEMO-KPT-4376,House No. CR-481,Street 27,Saddar,11,3,Apartment,Irtaza Gill,Rehmat Ranjha,Verified,Due,Clear,Paid,9300000.0
11765,Nauman Kazmi,DEMO-KPT-11765,House No. BC-668,Street 27,Saddar,11,3,Apartment,Nauman Kazmi,Feryal Rind,Pending,Paid,Issue Found,Due,8400000.0
10012,Alizeh Hanif,DEMO-KPT-10012,House No. BD-623,Street 30,Saddar,11,3,Apartment,Alizeh Hanif,Qayyum Aslam,Verified,Due,Issue Found,Due,9700000.0
13394,Zubia Jamal,DEMO-KPT-13394,House No. DD-762,Street 1,Saddar,12,3,Apartment,Zubia Jamal,Manahil Alvi,Verified,Paid,Issue Found,Due,8600000.0
16962,Ihsan Iqbal,DEMO-KPT-16962,House No. CDR-870,Street 5,Saddar,12,3,Apartment,Ihsan Iqbal,Javaria Jafri,Pending,Paid,Under Review,Due,8200000.0
2487,Salma Sardar,DEMO-KPT-2487,House No. D-711,Street 8,Saddar,12,3,Apartment,Salma Sardar,Hussam Achakzai,Pending,Paid,Issue Found,Due,10000000.0
15280,Aleeza Zaman,DEMO-KPT-15280,House No. BDC-666,Street 9,Saddar,12,3,Apartment,Aleeza Zaman,Awais Bijarani,Verified,Due,Issue Found,Paid,8800000.0
6475,Mohsin Qadir,DEMO-KPT-6475,House No. CR-777,Street 12,Saddar,12,3,Apartment,Mohsin Qadir,Sumbal Unar,Pending,Paid,Under Review,Paid,10000000.0
8314,Tahira Cheema,DEMO-KPT-8314,House No. CB-316,Street 14,Saddar,12,3,Apartment,Tahira Cheema,Shaheer Samo,Pending,Paid,Under Review,Due,10000000.0
2447,Aisha Randhawa,DEMO-KPT-2447,House No. R-452,Street 16,Saddar,12,3,Apartment,Aisha Randhawa,Zawar Chaudhry,Pending,Paid,Under Review,Paid,8600000.0
16980,Anwar Rafique,DEMO-KPT-16980,House No. CRD-430,Street 16,Saddar,12,3,Apartment,Anwar Rafique,Aryan Bhatti,Verified,Due,Clear,Paid,9100000.0
4406,Saeeda Hussain,DEMO-KPT-4406,House No. CD-377,Street 17,Saddar,12,3,Apartment,Saeeda Hussain,Haroon Khosa,Pending,Paid,Under Review,Due,9800000.0
11868,Kaif Ali,DEMO-KPT-11868,House No. DD-895,Street 17,Saddar,12,3,Apartment,Kaif Ali,Hassan Swati,Litigated,Due,Under Review,Due,10000000.0
6469,Zubia Mehmood,DEMO-KPT-6469,House No. DR-411,Street 19,Saddar,12,3,Apartment,Zubia Mehmood,Kabir Bangash,Pending,Due,Clear,Due,9600000.0
10069,Zohaib Saeed,DEMO-KPT-10069,House No. BD-891,Street 19,Saddar,12,3,Apartment,Zohaib Saeed,Marium Khattak,Pending,Due,Clear,Due,9900000.0
4446,Esha Kamal,DEMO-KPT-4446,House No. CR-871,Street 21,Saddar,12,3,Apartment,Esha Kamal,Amir Shinwari,Verified,Paid,Clear,Due,8500000.0
2503,Raheel Tahir,DEMO-KPT-2503,House No. D-895,Street 27,Saddar,12,3,Apartment,Raheel Tahir,Arsalan Zubair,Litigated,Due,Clear,Paid,9300000.0
15315,Saleha Khan,DEMO-KPT-15315,House No. BDR-636,Street 4,Saddar,13,3,Apartment,Saleha Khan,Kausar Sandhu,Pending,Paid,Under Review,Due,8400000.0
4503,Kaleem Mahar,DEMO-KPT-4503,House No. DB-875,Street 5,Saddar,13,3,Apartment,Kaleem Mahar,Jamila Farooqi,Pending,Paid,Issue Found,Due,9000000.0
2560,Feryal Khokhar,DEMO-KPT-2560,House No. D-872,Street 6,Saddar,13,3,Apartment,Feryal Khokhar,Iffat Gabol,Verified,Due,Issue Found,Due,9300000.0
4584,Sajjad Hashmi,DEMO-KPT-4584,House No. BR-695,Street 7,Saddar,13,3,Apartment,Sajjad Hashmi,Sohaib Shakir,Pending,Paid,Clear,Paid,9200000.0
10171,Esha Sardar,DEMO-KPT-10171,House No. DC-728,Street 7,Saddar,13,3,Apartment,Esha Sardar,Nasir Dogar,Litigated,Paid,Under Review,Due,8000000.0
4530,Afzal Jogezai,DEMO-KPT-4530,House No. DB-650,Street 8,Saddar,13,3,Apartment,Afzal Jogezai,Dilshad Janjua,Litigated,Due,Issue Found,Due,9900000.0
8337,Qasim Bhittani,DEMO-KPT-8337,House No. CB-874,Street 8,Saddar,13,3,Apartment,Qasim Bhittani,Nadir Awan,Pending,Paid,Issue Found,Due,8700000.0
11937,Shayan Nasar,DEMO-KPT-11937,House No. BB-425,Street 8,Saddar,13,3,Apartment,Shayan Nasar,Samina Wazir,Pending,Paid,Issue Found,Due,8200000.0
2656,Ehsan Janjua,DEMO-KPT-2656,House No. R-301,Street 9,Saddar,13,3,Apartment,Ehsan Janjua,Sania Magsi,Pending,Paid,Issue Found,Paid,8800000.0
6573,Nazia Rana,DEMO-KPT-6573,House No. RD-430,Street 11,Saddar,13,3,Apartment,Nazia Rana,Hira Yazdani,Verified,Paid,Under Review,Due,8300000.0
8373,Sehar Cheema,DEMO-KPT-8373,House No. BC-513,Street 11,Saddar,13,3,Apartment,Sehar Cheema,Yumna Jafri,Verified,Paid,Under Review,Due,9700000.0
4532,Iram Korai,DEMO-KPT-4532,House No. CR-571,Street 15,Saddar,13,3,Apartment,Iram Korai,Asma Palijo,Litigated,Due,Clear,Paid,8300000.0
15344,Hina Hoti,DEMO-KPT-15344,House No. RBD-888,Street 15,Saddar,13,3,Apartment,Hina Hoti,Kamil Zubair,Verified,Paid,Under Review,Due,9700000.0
13406,Nazia Chandio,DEMO-KPT-13406,House No. RB-542,Street 17,Saddar,13,3,Apartment,Nazia Chandio,Sami Leghari,Pending,Paid,Under Review,Due,9300000.0
6552,Sahar Saeed,DEMO-KPT-6552,House No. CD-725,Street 20,Saddar,13,3,Apartment,Sahar Saeed,Tasneem Rajper,Litigated,Due,Clear,Due,8200000.0
11952,Azeem Jamal,DEMO-KPT-11952,House No. BR-517,Street 20,Saddar,13,3,Apartment,Azeem Jamal,Shahroz Ghumman,Litigated,Due,Clear,Due,9000000.0
2634,Shifa Haral,DEMO-KPT-2634,House No. B-460,Street 24,Saddar,13,3,Apartment,Shifa Haral,Fawad Khokhar,Verified,Paid,Under Review,Due,10000000.0
13434,Mehak Yasin,DEMO-KPT-13434,House No. RBD-627,Street 24,Saddar,13,3,Apartment,Mehak Yasin,Momina Mehmood,Verified,Paid,Under Review,Due,8200000.0
6580,Azan Khuhro,DEMO-KPT-6580,House No. DC-864,Street 25,Saddar,13,3,Apartment,Azan Khuhro,Yasmeen Rizvi,Pending,Due,Under Review,Due,9100000.0
8380,Wania Ghaffar,DEMO-KPT-8380,House No. DR-408,Street 25,Saddar,13,3,Apartment,Wania Ghaffar,Sundas Bukhari,Pending,Due,Under Review,Due,9000000.0
11972,Mushtaq Junejo,DEMO-KPT-11972,House No. BB-386,Street 26,Saddar,13,3,Apartment,Mushtaq Junejo,Akbar Korai,Pending,Due,Under Review,Paid,8800000.0
4565,Hammad Hussain,DEMO-KPT-4565,House No. RR-310,Street 27,Saddar,13,3,Apartment,Hammad Hussain,Bilawal Umer,Pending,Paid,Issue Found,Due,8400000.0
8353,Ghulam Samo,DEMO-KPT-8353,House No. CB-645,Street 27,Saddar,13,3,Apartment,Ghulam Samo,Saeeda Nasar,Litigated,Due,Clear,Paid,8700000.0
15403,Samiya Kharal,DEMO-KPT-15403,House No. CBR-679,Street 1,Saddar,14,3,Apartment,Samiya Kharal,Sumayya Khattak,Verified,Paid,Clear,Paid,8800000.0
11994,Awais Parvez,DEMO-KPT-11994,House No. CB-802,Street 3,Saddar,14,3,Apartment,Awais Parvez,Mubashra Kayani,Litigated,Paid,Issue Found,Paid,8000000.0
8443,Yameen Bilgrami,DEMO-KPT-8443,House No. RB-854,Street 4,Saddar,14,3,Apartment,Yameen Bilgrami,Arbaz Panezai,Litigated,Paid,Under Review,Paid,8300000.0
2698,Hamza Zubairi,DEMO-KPT-2698,House No. B-852,Street 6,Saddar,14,3,Apartment,Hamza Zubairi,Khalid Rizvi,Litigated,Paid,Under Review,Paid,9200000.0
2756,Azka Usmani,DEMO-KPT-2756,House No. C-414,Street 9,Saddar,14,3,Apartment,Azka Usmani,Noreen Hoti,Verified,Due,Under Review,Paid,8700000.0
15401,Maira Nasar,DEMO-KPT-15401,House No. BCD-349,Street 9,Saddar,14,3,Apartment,Maira Nasar,Fazal Rana,Litigated,Paid,Issue Found,Due,9200000.0
11973,Afshan Sandhu,DEMO-KPT-11973,House No. RB-403,Street 11,Saddar,14,3,Apartment,Afshan Sandhu,Khushbu Baig,Verified,Paid,Under Review,Due,8300000.0
11985,Mina Magsi,DEMO-KPT-11985,House No. RB-570,Street 16,Saddar,14,3,Apartment,Mina Magsi,Qaiser Bhatti,Verified,Due,Clear,Due,8300000.0
4669,Saleem Chaudhry,DEMO-KPT-4669,House No. RB-641,Street 19,Saddar,14,3,Apartment,Saleem Chaudhry,Zaid Daudzai,Pending,Due,Clear,Due,8500000.0
13500,Arbaz Baloch,DEMO-KPT-13500,House No. BCD-387,Street 19,Saddar,14,3,Apartment,Arbaz Baloch,Tayyaba Tariq,Verified,Due,Under Review,Due,9600000.0
13446,Rafia Mughal,DEMO-KPT-13446,House No. CRB-404,Street 21,Saddar,14,3,Apartment,Rafia Mughal,Hina Pirzada,Verified,Paid,Clear,Due,8900000.0
13441,Tanveer Jafri,DEMO-KPT-13441,House No. BCD-764,Street 22,Saddar,14,3,Apartment,Tanveer Jafri,Hashir Ahmed,Verified,Due,Clear,Paid,9800000.0
4680,Zeshan Bhittani,DEMO-KPT-4680,House No. DC-491,Street 25,Saddar,14,3,Apartment,Zeshan Bhittani,Arslan Ghazali,Pending,Due,Issue Found,Paid,9500000.0
11980,Zawar Ghauri,DEMO-KPT-11980,House No. BD-875,Street 25,Saddar,14,3,Apartment,Zawar Ghauri,Azan Rind,Pending,Due,Under Review,Due,8300000.0
4683,Kaneez Parvez,DEMO-KPT-4683,House No. BR-587,Street 26,Saddar,14,3,Apartment,Kaneez Parvez,Nida Ghazali,Pending,Paid,Issue Found,Due,9600000.0
15376,Batool Latif,DEMO-KPT-15376,House No. BRD-301,Street 29,Saddar,14,3,Apartment,Batool Latif,Bareera Ghani,Pending,Paid,Issue Found,Due,9100000.0
6748,Umaima Khattak,DEMO-KPT-6748,House No. CC-604,Street 6,Saddar,15,3,Apartment,Umaima Khattak,Wajid Naqvi,Litigated,Paid,Under Review,Paid,9800000.0
13584,Momina Hafeez,DEMO-KPT-13584,House No. CDR-810,Street 7,Saddar,15,3,Apartment,Momina Hafeez,Izhar Bhatti,Pending,Paid,Clear,Paid,8900000.0
4802,Wajid Mazari,DEMO-KPT-4802,House No. DC-850,Street 11,Saddar,15,3,Apartment,Wajid Mazari,Maryam Shaikh,Litigated,Due,Under Review,Due,9700000.0
8518,Ayla Rashid,DEMO-KPT-8518,House No. RC-887,Street 11,Saddar,15,3,Apartment,Ayla Rashid,Yaqoob Ahmed,Pending,Paid,Issue Found,Paid,8800000.0
10318,Mukarram Ghazali,DEMO-KPT-10318,House No. DB-505,Street 11,Saddar,15,3,Apartment,Mukarram Ghazali,Moeen Umer,Pending,Paid,Issue Found,Paid,9900000.0
4830,Irtaza Sabri,DEMO-KPT-4830,House No. CC-845,Street 16,Saddar,15,3,Apartment,Irtaza Sabri,Ayub Nasar,Verified,Due,Clear,Paid,8300000.0
4826,Naveed Korai,DEMO-KPT-4826,House No. BD-755,Street 27,Saddar,15,3,Apartment,Naveed Korai,Numan Mangi,Verified,Due,Clear,Paid,8100000.0
4852,Nadir Shah,DEMO-KPT-4852,House No. DR-521,Street 30,Saddar,15,3,Apartment,Nadir Shah,Sumbal Chaudhry,Verified,Paid,Under Review,Due,8500000.0
10410,Arooj Sipra,DEMO-KPT-10410,House No. RR-491,Street 1,Saddar,16,3,Apartment,Arooj Sipra,Shahid Warsi,Pending,Paid,Issue Found,Due,9000000.0
8634,Iffat Javed,DEMO-KPT-8634,House No. DD-735,Street 7,Saddar,16,3,Apartment,Iffat Javed,Farheen Shafiq,Pending,Paid,Clear,Paid,9200000.0
2937,Riaz Qazi,DEMO-KPT-2937,House No. B-759,Street 8,Saddar,16,3,Apartment,Riaz Qazi,Nageen Baig,Pending,Paid,Issue Found,Due,8500000.0
8580,Shagufta Jogezai,DEMO-KPT-8580,House No. DB-332,Street 8,Saddar,16,3,Apartment,Shagufta Jogezai,Raheela Buriro,Litigated,Due,Issue Found,Due,9100000.0
6851,Bilawal Yaqoob,DEMO-KPT-6851,House No. DD-790,Street 9,Saddar,16,3,Apartment,Bilawal Yaqoob,Nudrat Zaman,Litigated,Paid,Issue Found,Due,9700000.0
12125,Tahmina Gilani,DEMO-KPT-12125,House No. RB-853,Street 9,Saddar,16,3,Apartment,Tahmina Gilani,Rizwaan Wattoo,Pending,Due,Clear,Due,9700000.0
15577,Mohsin Mirani,DEMO-KPT-15577,House No. RCD-397,Street 9,Saddar,16,3,Apartment,Mohsin Mirani,Mehreen Popalzai,Pending,Paid,Under Review,Due,9900000.0
13802,Zamzam Lodhi,DEMO-KPT-13802,House No. CBR-443,Street 11,Saddar,16,3,Apartment,Zamzam Lodhi,Aqeel Zubair,Litigated,Due,Under Review,Due,9200000.0
4916,Fahad Niazi,DEMO-KPT-4916,House No. DD-759,Street 13,Saddar,16,3,Apartment,Fahad Niazi,Nayyar Toor,Pending,Due,Clear,Due,9500000.0
2914,Zohair Rafique,DEMO-KPT-2914,House No. R-730,Street 14,Saddar,16,3,Apartment,Zohair Rafique,Yaqoob Naqvi,Pending,Paid,Under Review,Due,9800000.0
15570,Firdous Mengal,DEMO-KPT-15570,House No. BDR-494,Street 15,Saddar,16,3,Apartment,Firdous Mengal,Furqan Farooqi,Pending,Paid,Clear,Paid,8400000.0
2869,Mustafa Zafar,DEMO-KPT-2869,House No. R-655,Street 19,Saddar,16,3,Apartment,Mustafa Zafar,Shamoon Dahri,Pending,Due,Clear,Due,8800000.0
13752,Arif Memon,DEMO-KPT-13752,House No. CBR-359,Street 20,Saddar,16,3,Apartment,Arif Memon,Zia Lari,Litigated,Due,Clear,Due,8000000.0
2935,Maryum Gandapur,DEMO-KPT-2935,House No. R-755,Street 24,Saddar,16,3,Apartment,Maryum Gandapur,Saleem Rabbani,Litigated,Paid,Issue Found,Paid,9600000.0
13735,Bakht Durrani,DEMO-KPT-13735,House No. BRD-764,Street 24,Saddar,16,3,Apartment,Bakht Durrani,Anila Ghauri,Litigated,Paid,Issue Found,Paid,8400000.0
6817,Rahim Nawaz,DEMO-KPT-6817,House No. RD-659,Street 25,Saddar,16,3,Apartment,Rahim Nawaz,Mustafa Zubair,Pending,Due,Issue Found,Paid,8400000.0
15572,Mahjabeen Mustafa,DEMO-KPT-15572,House No. RDC-669,Street 26,Saddar,16,3,Apartment,Mahjabeen Mustafa,Hira Tarar,Pending,Due,Under Review,Paid,8400000.0
15553,Lina Achakzai,DEMO-KPT-15553,House No. DBR-541,Street 27,Saddar,16,3,Apartment,Lina Achakzai,Ayeza Gill,Litigated,Due,Clear,Paid,9200000.0
6818,Wajiha Korai,DEMO-KPT-6818,House No. BD-309,Street 29,Saddar,16,3,Apartment,Wajiha Korai,Anum Umer,Verified,Due,Issue Found,Due,9800000.0
10426,Vaqar Mansoor,DEMO-KPT-10426,House No. DC-360,Street 29,Saddar,16,3,Apartment,Vaqar Mansoor,Hasnain Virk,Pending,Paid,Issue Found,Due,8800000.0
15575,Aneesa Zahid,DEMO-KPT-15575,House No. DRC-415,Street 29,Saddar,16,3,Apartment,Aneesa Zahid,Rahim Korai,Litigated,Paid,Under Review,Paid,8100000.0
15644,Khadija Hussain,DEMO-KPT-15644,House No. BRC-501,Street 1,Saddar,17,3,Apartment,Khadija Hussain,Hamza Chaudhry,Verified,Paid,Issue Found,Due,10000000.0
12187,Murtaza Bijarani,DEMO-KPT-12187,House No. CC-576,Street 4,Saddar,17,3,Apartment,Murtaza Bijarani,Mishal Naqvi,Litigated,Due,Under Review,Due,9100000.0
13843,Nuzhat Kazmi,DEMO-KPT-13843,House No. DCR-498,Street 4,Saddar,17,3,Apartment,Nuzhat Kazmi,Noreen Ghauri,Litigated,Paid,Under Review,Paid,8700000.0
12234,Malaika Bajwa,DEMO-KPT-12234,House No. RD-537,Street 7,Saddar,17,3,Apartment,Malaika Bajwa,Tanzeela Alvi,Pending,Paid,Clear,Paid,9900000.0
13925,Zeeshan Dahri,DEMO-KPT-13925,House No. RDB-357,Street 9,Saddar,17,3,Apartment,Zeeshan Dahri,Zubaida Qadri,Pending,Due,Clear,Due,9300000.0
15635,Sufyan Bugti,DEMO-KPT-15635,House No. CBD-458,Street 13,Saddar,17,3,Apartment,Sufyan Bugti,Bilawal Joiya,Verified,Paid,Issue Found,Due,9400000.0
6964,Shahab Kakar,DEMO-KPT-6964,House No. CC-856,Street 14,Saddar,17,3,Apartment,Shahab Kakar,Farzana Hameed,Pending,Paid,Under Review,Due,8500000.0
4982,Nawal Khan,DEMO-KPT-4982,House No. RB-736,Street 15,Saddar,17,3,Apartment,Nawal Khan,Saqib Chandio,Litigated,Due,Clear,Paid,9400000.0
13912,Javeria Orakzai,DEMO-KPT-13912,House No. CRB-577,Street 15,Saddar,17,3,Apartment,Javeria Orakzai,Sara Zia,Verified,Paid,Clear,Paid,9100000.0
3030,Ruqayya Niazi,DEMO-KPT-3030,House No. C-505,Street 16,Saddar,17,3,Apartment,Ruqayya Niazi,Fakhar Naseem,Verified,Due,Clear,Paid,9400000.0
6947,Israr Ahmed,DEMO-KPT-6947,House No. DC-774,Street 16,Saddar,17,3,Apartment,Israr Ahmed,Kafeel Rind,Pending,Paid,Under Review,Paid,9600000.0
15630,Tehmina Hanif,DEMO-KPT-15630,House No. CBR-546,Street 16,Saddar,17,3,Apartment,Tehmina Hanif,Hanzala Dahri,Verified,Due,Clear,Paid,8900000.0
13856,Younas Bijarani,DEMO-KPT-13856,House No. DRB-379,Street 17,Saddar,17,3,Apartment,Younas Bijarani,Rafia Wattoo,Pending,Paid,Under Review,Due,8800000.0
3014,Hussain Panhwar,DEMO-KPT-3014,House No. D-862,Street 21,Saddar,17,3,Apartment,Hussain Panhwar,Fauzia Zardari,Pending,Paid,Issue Found,Paid,9300000.0
10497,Musa Aslam,DEMO-KPT-10497,House No. RR-421,Street 27,Saddar,17,3,Apartment,Musa Aslam,Khurram Wazir,Pending,Due,Clear,Due,9600000.0
10508,Erum Virk,DEMO-KPT-10508,House No. CB-737,Street 30,Saddar,17,3,Apartment,Erum Virk,Tamim Bukhari,Litigated,Due,Under Review,Due,8700000.0
5141,Sundas Gondal,DEMO-KPT-5141,House No. DC-822,Street 3,Saddar,18,3,Apartment,Sundas Gondal,Mahjabeen Shafi,Pending,Paid,Under Review,Paid,8900000.0
7016,Hamid Farooqi,DEMO-KPT-7016,House No. BD-519,Street 5,Saddar,18,3,Apartment,Hamid Farooqi,Muhammad Turk,Litigated,Paid,Under Review,Paid,10000000.0
3148,Mahnaz Shinwari,DEMO-KPT-3148,House No. B-866,Street 6,Saddar,18,3,Apartment,Mahnaz Shinwari,Mahnaz Sultan,Litigated,Paid,Under Review,Paid,8200000.0
7148,Asifa Peerzada,DEMO-KPT-7148,House No. BD-831,Street 7,Saddar,18,3,Apartment,Asifa Peerzada,Qasim Sardar,Litigated,Due,Clear,Paid,8900000.0
5063,Rafia Mohmand,DEMO-KPT-5063,House No. RR-480,Street 10,Saddar,18,3,Apartment,Rafia Mohmand,Zaid Talpur,Litigated,Due,Clear,Paid,9300000.0
13969,Farrukh Soomro,DEMO-KPT-13969,House No. RBC-651,Street 14,Saddar,18,3,Apartment,Farrukh Soomro,Hussnain Hinjra,Litigated,Due,Clear,Paid,9000000.0
10620,Jamil Mohammadzai,DEMO-KPT-10620,House No. DR-872,Street 15,Saddar,18,3,Apartment,Jamil Mohammadzai,Tahir Yasin,Pending,Paid,Clear,Paid,8200000.0
3056,Jamila Rajper,DEMO-KPT-3056,House No. C-771,Street 17,Saddar,18,3,Apartment,Jamila Rajper,Zahra Jamali,Pending,Paid,Under Review,Due,10000000.0
8785,Muneeb Marwat,DEMO-KPT-8785,House No. DB-306,Street 24,Saddar,18,3,Apartment,Muneeb Marwat,Ismail Rana,Litigated,Paid,Issue Found,Paid,8200000.0
10585,Mina Shafi,DEMO-KPT-10585,House No. CD-302,Street 24,Saddar,18,3,Apartment,Mina Shafi,Waleed Abro,Litigated,Paid,Issue Found,Paid,8200000.0
5130,Hussnain Ghazali,DEMO-KPT-5130,House No. BR-625,Street 25,Saddar,18,3,Apartment,Hussnain Ghazali,Amna Bukhari,Pending,Due,Issue Found,Paid,8700000.0
14017,Zarar Shaikh,DEMO-KPT-14017,House No. BDR-671,Street 25,Saddar,18,3,Apartment,Zarar Shaikh,Anmol Bijarani,Pending,Due,Issue Found,Paid,8200000.0
10603,Naila Bhurgri,DEMO-KPT-10603,House No. RB-486,Street 27,Saddar,18,3,Apartment,Naila Bhurgri,Zaynab Swati,Litigated,Due,Clear,Paid,8500000.0
5057,Alishba Kasi,DEMO-KPT-5057,House No. CD-487,Street 30,Saddar,18,3,Apartment,Alishba Kasi,Farwa Lashari,Verified,Paid,Issue Found,Due,9800000.0
12257,Ajmal Mengal,DEMO-KPT-12257,House No. CB-480,Street 30,Saddar,18,3,Apartment,Ajmal Mengal,Akif Panhwar,Verified,Paid,Issue Found,Due,8100000.0
12308,Farooq Pirzada,DEMO-KPT-12308,House No. RD-584,Street 30,Saddar,18,3,Apartment,Farooq Pirzada,Shafiq Ghazali,Litigated,Due,Under Review,Due,8200000.0
3253,Sadia Mian,DEMO-KPT-3253,House No. D-576,Street 1,Saddar,19,3,Apartment,Sadia Mian,Farooq Sadiq,Verified,Paid,Clear,Paid,8900000.0
15844,Zohra Bhurgri,DEMO-KPT-15844,House No. RCB-466,Street 3,Saddar,19,3,Apartment,Zohra Bhurgri,Rabia Dreshak,Pending,Paid,Clear,Due,9700000.0
3187,Manzoor Mohammadzai,DEMO-KPT-3187,House No. R-515,Street 4,Saddar,19,3,Apartment,Manzoor Mohammadzai,Sarah Ghumman,Litigated,Due,Under Review,Due,9500000.0
10662,Asim Shakeel,DEMO-KPT-10662,House No. CC-593,Street 5,Saddar,19,3,Apartment,Asim Shakeel,Asad Sohu,Pending,Paid,Under Review,Due,8000000.0
7198,Uroosa Shafiq,DEMO-KPT-7198,House No. RR-859,Street 6,Saddar,19,3,Apartment,Uroosa Shafiq,Yasmeen Zia,Litigated,Paid,Under Review,Paid,9300000.0
5199,Zaheer Zubair,DEMO-KPT-5199,House No. DD-700,Street 8,Saddar,19,3,Apartment,Zaheer Zubair,Momina Mari,Litigated,Paid,Under Review,Due,9600000.0
15851,Naureen Ali,DEMO-KPT-15851,House No. RCD-507,Street 9,Saddar,19,3,Apartment,Naureen Ali,Kainat Bajwa,Litigated,Paid,Issue Found,Due,8400000.0
10652,Hoorain Khuhro,DEMO-KPT-10652,House No. CB-767,Street 11,Saddar,19,3,Apartment,Hoorain Khuhro,Fida Barakzai,Litigated,Due,Under Review,Due,9500000.0
12325,Rafia Butt,DEMO-KPT-12325,House No. CR-776,Street 12,Saddar,19,3,Apartment,Rafia Butt,Anas Mehmood,Pending,Paid,Under Review,Paid,9500000.0
7166,Qamar Saleem,DEMO-KPT-7166,House No. BR-845,Street 13,Saddar,19,3,Apartment,Qamar Saleem,Sohail Wattoo,Pending,Due,Clear,Due,9600000.0
7162,Aryan Dar,DEMO-KPT-7162,House No. BB-686,Street 15,Saddar,19,3,Apartment,Aryan Dar,Fasih Qadir,Verified,Paid,Clear,Paid,9700000.0
15761,Jamshed Bashir,DEMO-KPT-15761,House No. CDR-337,Street 15,Saddar,19,3,Apartment,Jamshed Bashir,Rahim Yazdani,Pending,Paid,Issue Found,Due,8300000.0
5147,Naseer Shafiq,DEMO-KPT-5147,House No. DB-436,Street 16,Saddar,19,3,Apartment,Naseer Shafiq,Nailah Dar,Pending,Paid,Under Review,Paid,9200000.0
12347,Wahab Popalzai,DEMO-KPT-12347,House No. BD-393,Street 16,Saddar,19,3,Apartment,Wahab Popalzai,Zeeshan Rashid,Pending,Paid,Under Review,Paid,8000000.0
8906,Sania Mir,DEMO-KPT-8906,House No. BR-377,Street 17,Saddar,19,3,Apartment,Sania Mir,Muneeba Lak,Pending,Paid,Under Review,Due,9900000.0
8921,Hafiz Dogar,DEMO-KPT-8921,House No. BB-827,Street 17,Saddar,19,3,Apartment,Hafiz Dogar,Sidrah Minhas,Pending,Due,Clear,Paid,8600000.0
14106,Benazir Shakeel,DEMO-KPT-14106,House No. RCB-752,Street 17,Saddar,19,3,Apartment,Benazir Shakeel,Aleeza Jamal,Verified,Due,Issue Found,Due,8000000.0
10641,Numan Durrani,DEMO-KPT-10641,House No. CB-758,Street 20,Saddar,19,3,Apartment,Numan Durrani,Mahrukh Khan,Litigated,Paid,Issue Found,Due,9300000.0
8946,Mahira Shafiq,DEMO-KPT-8946,House No. BD-444,Street 21,Saddar,19,3,Apartment,Mahira Shafiq,Shaheen Bhittani,Verified,Paid,Clear,Due,9700000.0
8941,Alam Shinwari,DEMO-KPT-8941,House No. DB-384,Street 22,Saddar,19,3,Apartment,Alam Shinwari,Tamkeen Ghani,Verified,Due,Clear,Paid,9100000.0
12422,Bakht Sohu,DEMO-KPT-12422,House No. CR-311,Street 26,Saddar,19,3,Apartment,Bakht Sohu,Zohra Sadiq,Pending,Due,Under Review,Paid,8700000.0
14108,Tahseen Hafeez,DEMO-KPT-14108,House No. BRD-445,Street 30,Saddar,19,3,Apartment,Tahseen Hafeez,Misbah Laghari,Litigated,Due,Under Review,Due,9600000.0
15862,Rafia Bhittani,DEMO-KPT-15862,House No. BCD-701,Street 30,Saddar,19,3,Apartment,Rafia Bhittani,Qaiser Javed,Verified,Due,Issue Found,Due,9900000.0
3406,Alina Hoti,DEMO-KPT-3406,House No. B-472,Street 4,Saddar,20,3,Apartment,Alina Hoti,Adeel Raza,Litigated,Due,Clear,Due,8100000.0
7215,Rabia Hanif,DEMO-KPT-7215,House No. CB-598,Street 4,Saddar,20,3,Apartment,Rabia Hanif,Shanza Gabol,Pending,Paid,Under Review,Due,9900000.0
9015,Azka Qureshi,DEMO-KPT-9015,House No. RR-863,Street 4,Saddar,20,3,Apartment,Azka Qureshi,Samra Kidwai,Pending,Paid,Under Review,Due,9400000.0
7203,Rimsha Ahmed,DEMO-KPT-7203,House No. CC-873,Street 5,Saddar,20,3,Apartment,Rimsha Ahmed,Zawar Shafiq,Pending,Paid,Issue Found,Due,8500000.0
9003,Sidra Awan,DEMO-KPT-9003,House No. DB-748,Street 5,Saddar,20,3,Apartment,Sidra Awan,Athar Hafeez,Pending,Paid,Issue Found,Due,9600000.0
9016,Nudrat Ahmed,DEMO-KPT-9016,House No. CC-744,Street 5,Saddar,20,3,Apartment,Nudrat Ahmed,Sarmad Bukhari,Pending,Paid,Issue Found,Paid,8700000.0
8968,Saher Bhat,DEMO-KPT-8968,House No. RC-652,Street 11,Saddar,20,3,Apartment,Saher Bhat,Rafia Raza,Pending,Paid,Issue Found,Paid,8500000.0
12423,Musa Randhawa,DEMO-KPT-12423,House No. CB-646,Street 11,Saddar,20,3,Apartment,Musa Randhawa,Nafisa Hashmi,Verified,Paid,Under Review,Due,8200000.0
14164,Fozia Javed,DEMO-KPT-14164,House No. CBR-803,Street 14,Saddar,20,3,Apartment,Fozia Javed,Sumbal Wazir,Pending,Paid,Under Review,Due,9100000.0
15947,Akif Bukhari,DEMO-KPT-15947,House No. BCR-501,Street 16,Saddar,20,3,Apartment,Akif Bukhari,Amna Bashir,Pending,Paid,Under Review,Paid,8400000.0
12521,Kashaf Hayat,DEMO-KPT-12521,House No. RD-648,Street 17,Saddar,20,3,Apartment,Kashaf Hayat,Sikandar Jogezai,Pending,Due,Clear,Paid,9600000.0
14118,Shehzad Saleem,DEMO-KPT-14118,House No. DRC-301,Street 17,Saddar,20,3,Apartment,Shehzad Saleem,Samina Tanvir,Litigated,Due,Under Review,Due,9100000.0
15919,Haziq Mahsud,DEMO-KPT-15919,House No. CRB-596,Street 19,Saddar,20,3,Apartment,Haziq Mahsud,Sumbal Popalzai,Pending,Due,Clear,Due,8100000.0
3343,Aryan Kazmi,DEMO-KPT-3343,House No. R-822,Street 23,Saddar,20,3,Apartment,Aryan Kazmi,Fareed Soomro,Pending,Due,Clear,Paid,9300000.0
7267,Nayab Hinjra,DEMO-KPT-7267,House No. DB-872,Street 25,Saddar,20,3,Apartment,Nayab Hinjra,Kamil Korai,Pending,Due,Issue Found,Paid,9500000.0
12519,Hammad Sipra,DEMO-KPT-12519,House No. BD-518,Street 28,Saddar,20,3,Apartment,Hammad Sipra,Amber Kiani,Litigated,Paid,Issue Found,Due,9200000.0
14225,Nargis Mansoor,DEMO-KPT-14225,House No. CRB-793,Street 29,Saddar,20,3,Apartment,Nargis Mansoor,Sakina Gilani,Litigated,Paid,Under Review,Paid,8500000.0
14122,Iqbal Mengal,DEMO-KPT-14122,House No. RCD-301,Street 5,Tower,1,3,Apartment,Iqbal Mengal,Sheraz Akhtar,Litigated,Due,Clear,Due,9900000.0
7662,Zubaid Abro,DEMO-KPT-7662,House No. DR-505,Street 8,Tower,1,3,Apartment,Zubaid Abro,Firdous Naseem,Litigated,Due,Under Review,Due,10000000.0
13980,Rafiq Sial,DEMO-KPT-13980,House No. DRC-505,Street 8,Tower,1,3,Apartment,Rafiq Sial,Jamil Rana,Litigated,Due,Issue Found,Due,9200000.0
7606,Afzal Joiya,DEMO-KPT-7606,House No. DC-777,Street 9,Tower,1,3,Apartment,Afzal Joiya,Raees Wattoo,Pending,Paid,Issue Found,Paid,8100000.0
10756,Basit Bashir,DEMO-KPT-10756,House No. CC-567,Street 9,Tower,1,3,Apartment,Basit Bashir,Moiz Shinwari,Pending,Paid,Issue Found,Paid,9800000.0
7661,Mirza Bijarani,DEMO-KPT-7661,House No. RR-463,Street 15,Tower,1,3,Apartment,Mirza Bijarani,Zunaira Dawood,Pending,Paid,Issue Found,Due,9300000.0
4281,Bashir Rizvi,DEMO-KPT-4281,House No. BR-498,Street 18,Tower,1,3,Apartment,Bashir Rizvi,Mansoor Sandhu,Verified,Paid,Clear,Paid,8400000.0
7721,Najma Haral,DEMO-KPT-7721,House No. RD-771,Street 22,Tower,1,3,Apartment,Najma Haral,Zubia Shah,Verified,Paid,Under Review,Paid,10000000.0
1585,Tariq Saleem,DEMO-KPT-1585,House No. R-675,Street 24,Tower,1,3,Apartment,Tariq Saleem,Waleed Hameed,Litigated,Paid,Issue Found,Paid,9200000.0
4233,Shahida Bettani,DEMO-KPT-4233,House No. CC-824,Street 26,Tower,1,3,Apartment,Shahida Bettani,Sadiq Mian,Pending,Paid,Issue Found,Due,8500000.0
1026,Danish Shah,DEMO-KPT-1026,House No. A-269,Street 27,Tower,1,3,Apartment,Danish Shah,Anaya Sheikh,Pending,Paid,Issue Found,Paid,9200000.0
1047,Salman Khan,DEMO-KPT-1047,House No. A-782,Street 27,Tower,1,3,Apartment,Salman Khan,Sana Khan,Pending,Due,Clear,Due,9000000.0
10787,Asif Raza,DEMO-KPT-10787,House No. RB-304,Street 28,Tower,1,3,Apartment,Asif Raza,Sadia Kiani,Pending,Paid,Under Review,Due,9600000.0
7726,Saqib Qazi,DEMO-KPT-7726,House No. CR-497,Street 29,Tower,1,3,Apartment,Saqib Qazi,Laila Kamal,Pending,Paid,Issue Found,Due,8500000.0
10868,Firdous Naqvi,DEMO-KPT-10868,House No. CB-546,Street 29,Tower,1,3,Apartment,Firdous Naqvi,Noshaba Kidwai,Verified,Due,Issue Found,Due,9300000.0
4316,Mazhar Sheikh,DEMO-KPT-4316,House No. DB-884,Street 5,Tower,2,3,Apartment,Mazhar Sheikh,Sehar Butt,Litigated,Paid,Under Review,Paid,8700000.0
4327,Ghazala Rind,DEMO-KPT-4327,House No. RB-788,Street 9,Tower,2,3,Apartment,Ghazala Rind,Hafeez Dahri,Pending,Paid,Under Review,Due,8300000.0
1081,Saad Ali,DEMO-KPT-1081,House No. A-313,Street 14,Tower,2,3,Apartment,Saad Ali,Arsalan Farooq,Verified,Due,Under Review,Paid,8400000.0
7864,Fariha Panezai,DEMO-KPT-7864,House No. CD-492,Street 14,Tower,2,3,Apartment,Fariha Panezai,Uzair Bugti,Pending,Paid,Under Review,Due,9600000.0
1069,Sara Iqbal,DEMO-KPT-1069,House No. A-787,Street 19,Tower,2,3,Apartment,Sara Iqbal,Hamza Haider,Pending,Due,Clear,Due,8300000.0
14202,Mahmood Wani,DEMO-KPT-14202,House No. DRC-305,Street 20,Tower,2,3,Apartment,Mahmood Wani,Asifa Zafar,Litigated,Due,Clear,Due,10000000.0
7843,Kausar Daudzai,DEMO-KPT-7843,House No. BB-549,Street 23,Tower,2,3,Apartment,Kausar Daudzai,Sara Kasi,Pending,Due,Clear,Paid,9800000.0
1630,Arham Anwar,DEMO-KPT-1630,House No. B-760,Street 25,Tower,2,3,Apartment,Arham Anwar,Javaria Tarar,Pending,Due,Under Review,Due,9200000.0
1083,Laiba Haider,DEMO-KPT-1083,House No. A-475,Street 26,Tower,2,3,Apartment,Laiba Haider,Komal Naeem,Pending,Paid,Issue Found,Due,10000000.0
1625,Javaria Cheema,DEMO-KPT-1625,House No. B-585,Street 29,Tower,2,3,Apartment,Javaria Cheema,Minhaj Dogar,Litigated,Paid,Under Review,Paid,8800000.0
7925,Sahrish Lari,DEMO-KPT-7925,House No. DR-624,Street 29,Tower,2,3,Apartment,Sahrish Lari,Mehrunnisa Sial,Litigated,Paid,Under Review,Paid,9700000.0
10912,Maham Leghari,DEMO-KPT-10912,House No. BD-829,Street 30,Tower,2,3,Apartment,Maham Leghari,Anmol Barakzai,Verified,Due,Issue Found,Due,8500000.0
1798,Tahira Khalid,DEMO-KPT-1798,House No. C-495,Street 6,Tower,3,3,Apartment,Tahira Khalid,Tahir Haral,Litigated,Paid,Under Review,Paid,9000000.0
1171,Zain Mirza,DEMO-KPT-1171,House No. A-300,Street 7,Tower,3,3,Apartment,Zain Mirza,Arsalan Ahmed,Litigated,Paid,Under Review,Due,8600000.0
1177,Usman Malik,DEMO-KPT-1177,House No. A-274,Street 9,Tower,3,3,Apartment,Usman Malik,Maham Iqbal,Pending,Paid,Under Review,Due,8200000.0
1775,Ajmal Sindhi,DEMO-KPT-1775,House No. B-363,Street 9,Tower,3,3,Apartment,Ajmal Sindhi,Kamal Sahito,Pending,Due,Clear,Due,8200000.0
8075,Uroosa Ghauri,DEMO-KPT-8075,House No. CB-753,Street 9,Tower,3,3,Apartment,Uroosa Ghauri,Iqra Tarar,Pending,Due,Clear,Due,8000000.0
11225,Nadir Durrani,DEMO-KPT-11225,House No. RR-738,Street 9,Tower,3,3,Apartment,Nadir Durrani,Rauf Bashir,Pending,Due,Clear,Due,9300000.0
4422,Sidrah Zia,DEMO-KPT-4422,House No. DD-523,Street 11,Tower,3,3,Apartment,Sidrah Zia,Zunaira Ghumman,Pending,Due,Under Review,Due,8000000.0
8132,Asifa Rajper,DEMO-KPT-8132,House No. DB-506,Street 15,Tower,3,3,Apartment,Asifa Rajper,Shahzadi Saif,Litigated,Due,Clear,Paid,10000000.0
14411,Nasreen Ali,DEMO-KPT-14411,House No. RDC-784,Street 15,Tower,3,3,Apartment,Nasreen Ali,Aqsa Khosa,Pending,Paid,Issue Found,Due,9800000.0
4668,Iffat Zaidi,DEMO-KPT-4668,House No. BD-750,Street 17,Tower,3,3,Apartment,Iffat Zaidi,Zahra Mansoor,Litigated,Due,Under Review,Due,8400000.0
11186,Raheela Iqbal,DEMO-KPT-11186,House No. CB-366,Street 18,Tower,3,3,Apartment,Raheela Iqbal,Asif Farooq,Verified,Paid,Issue Found,Due,8000000.0
1746,Sahar Tahir,DEMO-KPT-1746,House No. D-725,Street 21,Tower,3,3,Apartment,Sahar Tahir,Hammad Barakzai,Verified,Paid,Clear,Due,9900000.0
14311,Waleed Zardari,DEMO-KPT-14311,House No. DBC-561,Street 26,Tower,3,3,Apartment,Waleed Zardari,Shahmeer Mangi,Verified,Paid,Clear,Paid,9700000.0
4569,Aleena Marri,DEMO-KPT-4569,House No. DD-754,Street 27,Tower,3,3,Apartment,Aleena Marri,Marwa Sultan,Litigated,Due,Under Review,Paid,8200000.0
1212,Sadia Hussain,DEMO-KPT-1212,House No. A-789,Street 5,Tower,4,3,Apartment,Sadia Hussain,Nimra Butt,Pending,Paid,Under Review,Due,9800000.0
14572,Haleema Gill,DEMO-KPT-14572,House No. DBR-708,Street 5,Tower,4,3,Apartment,Haleema Gill,Sikandar Gabol,Litigated,Due,Clear,Due,9200000.0
11280,Zameer Gabol,DEMO-KPT-11280,House No. BC-574,Street 8,Tower,4,3,Apartment,Zameer Gabol,Shan Noor,Litigated,Due,Issue Found,Due,8000000.0
1856,Sahil Panezai,DEMO-KPT-1856,House No. C-587,Street 9,Tower,4,3,Apartment,Sahil Panezai,Aleena Korai,Verified,Due,Under Review,Paid,8400000.0
1202,Nimra Mirza,DEMO-KPT-1202,House No. A-129,Street 11,Tower,4,3,Apartment,Nimra Mirza,Bilal Ahmed,Litigated,Due,Under Review,Due,9400000.0
14614,Shifa Jamali,DEMO-KPT-14614,House No. BRC-788,Street 14,Tower,4,3,Apartment,Shifa Jamali,Tamim Haral,Pending,Paid,Under Review,Due,10000000.0
11282,Ahtisham Rana,DEMO-KPT-11282,House No. DR-449,Street 15,Tower,4,3,Apartment,Ahtisham Rana,Nazia Gilani,Litigated,Due,Clear,Paid,10000000.0
4731,Ishaq Buriro,DEMO-KPT-4731,House No. DD-814,Street 18,Tower,4,3,Apartment,Ishaq Buriro,Ghulam Kayani,Verified,Paid,Clear,Paid,9100000.0
1180,Hamza Sheikh,DEMO-KPT-1180,House No. A-125,Street 25,Tower,4,3,Apartment,Hamza Sheikh,Adnan Sheikh,Pending,Due,Under Review,Due,8500000.0
4742,Bakhtiar Mian,DEMO-KPT-4742,House No. DR-795,Street 26,Tower,4,3,Apartment,Bakhtiar Mian,Laraib Lodhi,Verified,Due,Issue Found,Due,8700000.0
11319,Munir Bukhari,DEMO-KPT-11319,House No. BD-844,Street 27,Tower,4,3,Apartment,Munir Bukhari,Anwar Buriro,Litigated,Due,Under Review,Paid,10000000.0
1958,Aftab Ghauri,DEMO-KPT-1958,House No. D-842,Street 30,Tower,4,3,Apartment,Aftab Ghauri,Rameez Nadeem,Litigated,Due,Under Review,Due,8700000.0
1244,Kashif Qureshi,DEMO-KPT-1244,House No. A-942,Street 1,Tower,5,3,Apartment,Kashif Qureshi,Hussain Ahmed,Verified,Paid,Issue Found,Due,8900000.0
8444,Mahad Anwar,DEMO-KPT-8444,House No. DR-456,Street 1,Tower,5,3,Apartment,Mahad Anwar,Hashir Shafiq,Verified,Paid,Issue Found,Due,8600000.0
8394,Lina Bhat,DEMO-KPT-8394,House No. DC-534,Street 3,Tower,5,3,Apartment,Lina Bhat,Zara Zafar,Litigated,Paid,Issue Found,Paid,9700000.0
4965,Nasreen Ghani,DEMO-KPT-4965,House No. BD-848,Street 4,Tower,5,3,Apartment,Nasreen Ghani,Sharmeen Dawood,Pending,Paid,Under Review,Due,8700000.0
14637,Tahir Rabbani,DEMO-KPT-14637,House No. RBC-760,Street 8,Tower,5,3,Apartment,Tahir Rabbani,Aneela Korai,Pending,Paid,Issue Found,Due,9200000.0
8472,Zain Gilani,DEMO-KPT-8472,House No. RC-692,Street 11,Tower,5,3,Apartment,Zain Gilani,Hira Tanvir,Pending,Due,Under Review,Due,8800000.0
14702,Lamia Rizvi,DEMO-KPT-14702,House No. DBR-809,Street 11,Tower,5,3,Apartment,Lamia Rizvi,Nimra Zubair,Litigated,Due,Under Review,Due,8100000.0
4912,Bisma Sandhu,DEMO-KPT-4912,House No. CR-769,Street 15,Tower,5,3,Apartment,Bisma Sandhu,Ejaz Daudzai,Verified,Paid,Clear,Paid,8800000.0
2085,Fatima Marwat,DEMO-KPT-2085,House No. D-310,Street 16,Tower,5,3,Apartment,Fatima Marwat,Komal Lone,Verified,Due,Clear,Due,8200000.0
11535,Azhar Zia,DEMO-KPT-11535,House No. RD-871,Street 16,Tower,5,3,Apartment,Azhar Zia,Shama Qadir,Verified,Due,Clear,Due,8400000.0
14685,Jabbar Randhawa,DEMO-KPT-14685,House No. BCR-444,Street 16,Tower,5,3,Apartment,Jabbar Randhawa,Zohaib Sandhu,Verified,Due,Clear,Due,10000000.0
14730,Ahmed Hameed,DEMO-KPT-14730,House No. RCB-557,Street 16,Tower,5,3,Apartment,Ahmed Hameed,Farah Ilyas,Verified,Due,Clear,Paid,8000000.0
8456,Laila Mahsud,DEMO-KPT-8456,House No. BC-402,Street 17,Tower,5,3,Apartment,Laila Mahsud,Nashra Mari,Pending,Paid,Under Review,Due,10000000.0
14652,Aashir Khalid,DEMO-KPT-14652,House No. CBD-462,Street 20,Tower,5,3,Apartment,Aashir Khalid,Haider Khokhar,Litigated,Due,Clear,Due,9800000.0
1993,Afreen Kasi,DEMO-KPT-1993,House No. R-620,Street 23,Tower,5,3,Apartment,Afreen Kasi,Anam Kamboh,Pending,Due,Clear,Paid,8300000.0
1983,Sarah Achakzai,DEMO-KPT-1983,House No. D-821,Street 26,Tower,5,3,Apartment,Sarah Achakzai,Mazen Zia,Pending,Paid,Issue Found,Due,8300000.0
2072,Sibtain Kayani,DEMO-KPT-2072,House No. D-878,Street 26,Tower,5,3,Apartment,Sibtain Kayani,Ghulam Parvez,Pending,Due,Under Review,Paid,9400000.0
11357,Wali Sindhi,DEMO-KPT-11357,House No. DB-388,Street 30,Tower,5,3,Apartment,Wali Sindhi,Zunair Toor,Verified,Paid,Issue Found,Due,9900000.0
11362,Jabbar Palijo,DEMO-KPT-11362,House No. RD-749,Street 30,Tower,5,3,Apartment,Jabbar Palijo,Kashif Shakir,Verified,Due,Issue Found,Due,8300000.0
8606,Zahra Ghaffar,DEMO-KPT-8606,House No. RB-811,Street 9,Tower,6,3,Apartment,Zahra Ghaffar,Rimsha Ghumman,Verified,Due,Under Review,Paid,8300000.0
1316,Hussain Siddiqui,DEMO-KPT-1316,House No. A-6,Street 13,Tower,6,3,Apartment,Hussain Siddiqui,Muhammad Hussain,Pending,Due,Clear,Due,8400000.0
1312,Danish Malik,DEMO-KPT-1312,House No. A-501,Street 15,Tower,6,3,Apartment,Danish Malik,Saad Mirza,Verified,Paid,Clear,Paid,8900000.0
14850,Athar Chandio,DEMO-KPT-14850,House No. DCR-481,Street 19,Tower,6,3,Apartment,Athar Chandio,Zubaid Chaudhry,Verified,Due,Under Review,Due,8800000.0
11564,Rayyan Qureshi,DEMO-KPT-11564,House No. DB-381,Street 21,Tower,6,3,Apartment,Rayyan Qureshi,Emaan Ghani,Pending,Paid,Issue Found,Paid,8500000.0
14796,Shafay Palijo,DEMO-KPT-14796,House No. RBD-636,Street 21,Tower,6,3,Apartment,Shafay Palijo,Sara Mangi,Verified,Paid,Clear,Due,8200000.0
8491,Sara Hashmi,DEMO-KPT-8491,House No. CC-538,Street 22,Tower,6,3,Apartment,Sara Hashmi,Abeera Shakeel,Verified,Due,Clear,Paid,8200000.0
14784,Fakhar Naqvi,DEMO-KPT-14784,House No. CRD-823,Street 24,Tower,6,3,Apartment,Fakhar Naqvi,Kashif Riaz,Verified,Paid,Under Review,Due,9500000.0
2317,Malaika Shaikh,DEMO-KPT-2317,House No. D-613,Street 25,Tower,6,3,Apartment,Malaika Shaikh,Salahuddin Mirani,Pending,Due,Issue Found,Paid,9100000.0
2344,Hania Nawaz,DEMO-KPT-2344,House No. B-458,Street 3,Tower,7,3,Apartment,Hania Nawaz,Rashid Kayani,Pending,Paid,Clear,Due,8600000.0
2422,Imtiaz Naqvi,DEMO-KPT-2422,House No. R-521,Street 5,Tower,7,3,Apartment,Imtiaz Naqvi,Luqmaan Qadri,Litigated,Due,Clear,Due,9200000.0
1325,Hussain Malik,DEMO-KPT-1325,House No. A-518,Street 9,Tower,7,3,Apartment,Hussain Malik,Bilal Javed,Pending,Due,Clear,Due,8300000.0
1330,Kashif Farooq,DEMO-KPT-1330,House No. A-670,Street 9,Tower,7,3,Apartment,Kashif Farooq,Sara Aslam,Verified,Due,Issue Found,Paid,9500000.0
14951,Hania Aslam,DEMO-KPT-14951,House No. CRB-537,Street 9,Tower,7,3,Apartment,Hania Aslam,Afreen Pasha,Litigated,Paid,Issue Found,Due,8000000.0
5322,Jibran Hinjra,DEMO-KPT-5322,House No. RB-739,Street 11,Tower,7,3,Apartment,Jibran Hinjra,Hafeez Bettani,Pending,Due,Under Review,Due,9300000.0
11744,Mahnaz Javed,DEMO-KPT-11744,House No. RD-721,Street 15,Tower,7,3,Apartment,Mahnaz Javed,Vaqar Ghazali,Verified,Paid,Under Review,Due,8200000.0
5280,Saima Korai,DEMO-KPT-5280,House No. BD-392,Street 16,Tower,7,3,Apartment,Saima Korai,Parveen Khokhar,Verified,Due,Clear,Paid,9500000.0
8671,Muzammil Dogar,DEMO-KPT-8671,House No. BB-653,Street 16,Tower,7,3,Apartment,Muzammil Dogar,Feryal Jamal,Verified,Paid,Issue Found,Paid,10000000.0
2418,Nargis Bhat,DEMO-KPT-2418,House No. B-509,Street 17,Tower,7,3,Apartment,Nargis Bhat,Amara Leghari,Litigated,Due,Under Review,Due,8200000.0
14985,Tayyeb Waheed,DEMO-KPT-14985,House No. CDR-836,Street 26,Tower,7,3,Apartment,Tayyeb Waheed,Nosheen Mahesar,Verified,Paid,Clear,Paid,8600000.0
11687,Farhan Bilgrami,DEMO-KPT-11687,House No. RR-548,Street 28,Tower,7,3,Apartment,Farhan Bilgrami,Asifa Abbasi,Pending,Paid,Under Review,Due,9300000.0
5460,Ihsan Zaidi,DEMO-KPT-5460,House No. CB-679,Street 1,Tower,8,3,Apartment,Ihsan Zaidi,Irum Tahir,Pending,Paid,Issue Found,Due,9200000.0
8929,Shahid Siddiqui,DEMO-KPT-8929,House No. BC-326,Street 1,Tower,8,3,Apartment,Shahid Siddiqui,Fawad Parvez,Pending,Due,Clear,Due,9000000.0
11909,Nihal Kayani,DEMO-KPT-11909,House No. DD-574,Street 1,Tower,8,3,Apartment,Nihal Kayani,Kamal Jaffri,Litigated,Paid,Clear,Paid,10000000.0
15193,Esha Yasin,DEMO-KPT-15193,House No. DRC-637,Street 4,Tower,8,3,Apartment,Esha Yasin,Fariha Rizvi,Litigated,Paid,Under Review,Paid,9400000.0
1348,Danish Javed,DEMO-KPT-1348,House No. A-284,Street 6,Tower,8,3,Apartment,Danish Javed,Sana Iqbal,Litigated,Paid,Under Review,Paid,8500000.0
2499,Zohair Jogezai,DEMO-KPT-2499,House No. C-674,Street 8,Tower,8,3,Apartment,Zohair Jogezai,Rehmat Sahito,Litigated,Paid,Under Review,Due,8500000.0
1343,Alina Mirza,DEMO-KPT-1343,House No. A-301,Street 10,Tower,8,3,Apartment,Alina Mirza,Kashif Hussain,Litigated,Paid,Issue Found,Paid,8900000.0
12035,Humaira Jamal,DEMO-KPT-12035,House No. BC-364,Street 13,Tower,8,3,Apartment,Humaira Jamal,Naila Marwat,Verified,Paid,Issue Found,Due,8000000.0
5362,Mehreen Achakzai,DEMO-KPT-5362,House No. CB-823,Street 15,Tower,8,3,Apartment,Mehreen Achakzai,Nudrat Lashari,Verified,Paid,Clear,Paid,8500000.0
5432,Moeen Siddiqui,DEMO-KPT-5432,House No. DD-376,Street 15,Tower,8,3,Apartment,Moeen Siddiqui,Hania Ghazali,Litigated,Due,Clear,Paid,9800000.0
8880,Manzoor Sardar,DEMO-KPT-8880,House No. BR-869,Street 16,Tower,8,3,Apartment,Manzoor Sardar,Shahida Khattak,Verified,Due,Clear,Paid,10000000.0
1381,Maham Noor,DEMO-KPT-1381,House No. A-335,Street 19,Tower,8,3,Apartment,Maham Noor,Hussain Siddiqui,Verified,Due,Clear,Due,9900000.0
2530,Daniya Kayani,DEMO-KPT-2530,House No. D-388,Street 25,Tower,8,3,Apartment,Daniya Kayani,Shahzad Ijaz,Pending,Due,Under Review,Due,8100000.0
11880,Yusuf Ali,DEMO-KPT-11880,House No. BB-488,Street 25,Tower,8,3,Apartment,Yusuf Ali,Benazir Niazi,Pending,Due,Issue Found,Paid,8300000.0
8803,Umaima Hafeez,DEMO-KPT-8803,House No. DR-374,Street 27,Tower,8,3,Apartment,Umaima Hafeez,Zohra Jaffri,Litigated,Due,Clear,Paid,9000000.0
11847,Yasir Bettani,DEMO-KPT-11847,House No. CR-635,Street 27,Tower,8,3,Apartment,Yasir Bettani,Sundas Panezai,Pending,Due,Clear,Due,9100000.0
15103,Saif Yazdani,DEMO-KPT-15103,House No. BCR-536,Street 27,Tower,8,3,Apartment,Saif Yazdani,Sabrina Rashid,Litigated,Due,Clear,Paid,9500000.0
15176,Laraib Yasin,DEMO-KPT-15176,House No. CRB-824,Street 27,Tower,8,3,Apartment,Laraib Yasin,Bareera Bhittani,Verified,Due,Clear,Paid,9900000.0
2552,Bilal Shafi,DEMO-KPT-2552,House No. D-546,Street 11,Tower,9,3,Apartment,Bilal Shafi,Sheraz Gakhar,Litigated,Due,Under Review,Due,9900000.0
2668,Qudrat Kalhoro,DEMO-KPT-2668,House No. D-836,Street 11,Tower,9,3,Apartment,Qudrat Kalhoro,Kaif Hinjra,Pending,Paid,Issue Found,Paid,9700000.0
2666,Salma Joiya,DEMO-KPT-2666,House No. R-738,Street 13,Tower,9,3,Apartment,Salma Joiya,Iqra Mehmood,Pending,Due,Clear,Due,8000000.0
9019,Malaika Talpur,DEMO-KPT-9019,House No. DC-794,Street 14,Tower,9,3,Apartment,Malaika Talpur,Shifa Kazmi,Litigated,Due,Clear,Paid,8500000.0
12169,Kaneez Mian,DEMO-KPT-12169,House No. DB-370,Street 14,Tower,9,3,Apartment,Kaneez Mian,Qayyum Mansoor,Litigated,Due,Clear,Paid,9600000.0
1394,Komal Ali,DEMO-KPT-1394,House No. A-160,Street 15,Tower,9,3,Apartment,Komal Ali,Ahsan Shah,Verified,Paid,Under Review,Due,8800000.0
2580,Noreen Nawaz,DEMO-KPT-2580,House No. C-711,Street 16,Tower,9,3,Apartment,Noreen Nawaz,Saif Magsi,Verified,Due,Clear,Paid,8300000.0
12071,Daniyal Gondal,DEMO-KPT-12071,House No. CR-817,Street 17,Tower,9,3,Apartment,Daniyal Gondal,Rashida Mohmand,Pending,Due,Clear,Paid,8600000.0
15300,Mahnoor Bashir,DEMO-KPT-15300,House No. BDR-526,Street 19,Tower,9,3,Apartment,Mahnoor Bashir,Zawar Khokhar,Verified,Due,Under Review,Due,9900000.0
1423,Alina Farooq,DEMO-KPT-1423,House No. A-516,Street 20,Tower,9,3,Apartment,Alina Farooq,Waleed Javed,Pending,Due,Under Review,Due,8000000.0
15241,Mirha Zia,DEMO-KPT-15241,House No. CBR-435,Street 22,Tower,9,3,Apartment,Mirha Zia,Burhan Sabri,Verified,Due,Clear,Paid,9700000.0
5635,Nabila Qadir,DEMO-KPT-5635,House No. BB-582,Street 24,Tower,9,3,Apartment,Nabila Qadir,Rizwaan Zaman,Litigated,Paid,Issue Found,Paid,8000000.0
8934,Farah Mustafa,DEMO-KPT-8934,House No. CD-431,Street 24,Tower,9,3,Apartment,Farah Mustafa,Haseeb Mohammadzai,Verified,Paid,Under Review,Due,9600000.0
2687,Urwa Usmani,DEMO-KPT-2687,House No. R-762,Street 28,Tower,9,3,Apartment,Urwa Usmani,Jahangir Waheed,Pending,Paid,Under Review,Due,9600000.0
1444,Hussain Butt,DEMO-KPT-1444,House No. A-883,Street 3,Tower,10,3,Apartment,Hussain Butt,Ali Raza,Pending,Paid,Clear,Due,8400000.0
2737,Raheela Haral,DEMO-KPT-2737,House No. C-315,Street 4,Tower,10,3,Apartment,Raheela Haral,Omer Unar,Litigated,Due,Under Review,Due,8600000.0
9256,Eman Ijaz,DEMO-KPT-9256,House No. CC-803,Street 4,Tower,10,3,Apartment,Eman Ijaz,Zeshan Achakzai,Litigated,Due,Clear,Due,9100000.0
1434,Adnan Shah,DEMO-KPT-1434,House No. A-473,Street 7,Tower,10,3,Apartment,Adnan Shah,Laiba Siddiqui,Pending,Paid,Clear,Paid,8300000.0
9277,Wajiha Hayat,DEMO-KPT-9277,House No. DR-656,Street 9,Tower,10,3,Apartment,Wajiha Hayat,Laila Panhwar,Pending,Paid,Under Review,Due,8600000.0
12182,Beenish Dreshak,DEMO-KPT-12182,House No. CB-696,Street 15,Tower,10,3,Apartment,Beenish Dreshak,Rahila Butt,Litigated,Due,Clear,Paid,8000000.0
9197,Fahim Malik,DEMO-KPT-9197,House No. CD-422,Street 16,Tower,10,3,Apartment,Fahim Malik,Qasim Hanif,Pending,Paid,Under Review,Paid,9000000.0
2773,Kaneez Qadri,DEMO-KPT-2773,House No. D-604,Street 20,Tower,10,3,Apartment,Kaneez Qadri,Sajjad Sheikh,Pending,Due,Under Review,Due,8400000.0
5784,Rukhsana Bhatti,DEMO-KPT-5784,House No. RD-576,Street 24,Tower,10,3,Apartment,Rukhsana Bhatti,Hasnain Shah,Verified,Paid,Under Review,Due,8700000.0
15480,Afzal Rajper,DEMO-KPT-15480,House No. BCR-756,Street 25,Tower,10,3,Apartment,Afzal Rajper,Sajida Tarar,Pending,Due,Issue Found,Paid,8200000.0
5672,Moeen Shinwari,DEMO-KPT-5672,House No. BR-860,Street 26,Tower,10,3,Apartment,Moeen Shinwari,Nabeeha Mahar,Pending,Due,Under Review,Paid,8400000.0
5716,Owais Nasar,DEMO-KPT-5716,House No. RB-615,Street 26,Tower,10,3,Apartment,Owais Nasar,Asim Tarar,Pending,Paid,Clear,Due,8800000.0
2765,Mashal Qadir,DEMO-KPT-2765,House No. R-673,Street 27,Tower,10,3,Apartment,Mashal Qadir,Qurat Rajper,Pending,Paid,Issue Found,Due,8800000.0
15368,Idrees Khokhar,DEMO-KPT-15368,House No. CBR-379,Street 29,Tower,10,3,Apartment,Idrees Khokhar,Jamil Bangash,Verified,Due,Issue Found,Due,9500000.0
5910,Mahnoor Dahri,DEMO-KPT-5910,House No. RD-753,Street 1,Tower,11,3,Apartment,Mahnoor Dahri,Neelam Mahar,Pending,Paid,Issue Found,Due,8600000.0
15594,Mehwish Jogezai,DEMO-KPT-15594,House No. RCD-735,Street 3,Tower,11,3,Apartment,Mehwish Jogezai,Ayesha Khattak,Litigated,Paid,Issue Found,Paid,8200000.0
5853,Talha Zubairi,DEMO-KPT-5853,House No. BC-409,Street 5,Tower,11,3,Apartment,Talha Zubairi,Shakeel Abro,Pending,Paid,Issue Found,Due,9100000.0
9412,Imtiaz Khosa,DEMO-KPT-9412,House No. BC-406,Street 15,Tower,11,3,Apartment,Imtiaz Khosa,Maaz Kakar,Verified,Paid,Clear,Paid,9700000.0
9330,Talha Tareen,DEMO-KPT-9330,House No. BD-514,Street 16,Tower,11,3,Apartment,Talha Tareen,Shabana Peerzada,Verified,Due,Clear,Paid,10000000.0
2952,Aslam Warraich,DEMO-KPT-2952,House No. R-337,Street 20,Tower,11,3,Apartment,Aslam Warraich,Mehmood Soomro,Litigated,Due,Clear,Due,8900000.0
12402,Hanif Alvi,DEMO-KPT-12402,House No. DC-831,Street 20,Tower,11,3,Apartment,Hanif Alvi,Kamil Mohmand,Litigated,Due,Clear,Due,9400000.0
2883,Tasneem Parvez,DEMO-KPT-2883,House No. R-734,Street 26,Tower,11,3,Apartment,Tasneem Parvez,Arfa Chaudhry,Pending,Paid,Issue Found,Due,9500000.0
15661,Athar Barakzai,DEMO-KPT-15661,House No. RBC-850,Street 26,Tower,11,3,Apartment,Athar Barakzai,Maqsood Warraich,Verified,Paid,Clear,Paid,9300000.0
9326,Najma Rashid,DEMO-KPT-9326,House No. DC-495,Street 27,Tower,11,3,Apartment,Najma Rashid,Sohaib Saif,Verified,Due,Clear,Paid,9600000.0
12403,Aneeqa Shafi,DEMO-KPT-12403,House No. RB-553,Street 27,Tower,11,3,Apartment,Aneeqa Shafi,Hussain Zubair,Litigated,Due,Clear,Paid,9200000.0
2994,Palwasha Dar,DEMO-KPT-2994,House No. D-405,Street 3,Tower,12,3,Apartment,Palwasha Dar,Furqan Lashari,Litigated,Paid,Issue Found,Paid,8600000.0
3010,Amal Kiani,DEMO-KPT-3010,House No. B-623,Street 6,Tower,12,3,Apartment,Amal Kiani,Idrees Mazari,Verified,Due,Issue Found,Due,8800000.0
6160,Sajid Magsi,DEMO-KPT-6160,House No. DC-775,Street 6,Tower,12,3,Apartment,Sajid Magsi,Nawaz Bettani,Verified,Due,Issue Found,Due,8500000.0
12630,Izhar Sabri,DEMO-KPT-12630,House No. CB-368,Street 8,Tower,12,3,Apartment,Izhar Sabri,Ayesha Lari,Litigated,Due,Issue Found,Due,8600000.0
9563,Fazal Zaidi,DEMO-KPT-9563,House No. DB-861,Street 10,Tower,12,3,Apartment,Fazal Zaidi,Shagufta Naseem,Litigated,Due,Clear,Paid,8800000.0
12568,Nabeeha Kazmi,DEMO-KPT-12568,House No. CD-727,Street 11,Tower,12,3,Apartment,Nabeeha Kazmi,Aneela Zia,Pending,Paid,Issue Found,Paid,9200000.0
15672,Asifa Abro,DEMO-KPT-15672,House No. BDR-561,Street 11,Tower,12,3,Apartment,Asifa Abro,Tahmina Mian,Pending,Due,Under Review,Due,8300000.0
3116,Urooj Majeed,DEMO-KPT-3116,House No. R-695,Street 13,Tower,12,3,Apartment,Urooj Majeed,Salman Nasar,Pending,Due,Clear,Due,9800000.0
12632,Rayyan Zubair,DEMO-KPT-12632,House No. DB-480,Street 15,Tower,12,3,Apartment,Rayyan Zubair,Zunaira Nasar,Litigated,Due,Clear,Paid,9800000.0
9571,Umaima Imran,DEMO-KPT-9571,House No. CB-410,Street 16,Tower,12,3,Apartment,Umaima Imran,Sania Raza,Verified,Paid,Issue Found,Paid,8900000.0
9450,Malaika Khuhro,DEMO-KPT-9450,House No. CD-343,Street 19,Tower,12,3,Apartment,Malaika Khuhro,Anam Raza,Verified,Due,Under Review,Due,8500000.0
15781,Unaiza Yazdani,DEMO-KPT-15781,House No. BRD-425,Street 19,Tower,12,3,Apartment,Unaiza Yazdani,Waheed Orakzai,Verified,Due,Clear,Due,8600000.0
6141,Talat Kalhoro,DEMO-KPT-6141,House No. CR-340,Street 20,Tower,12,3,Apartment,Talat Kalhoro,Shan Pasha,Litigated,Paid,Issue Found,Due,9500000.0
12671,Shehryar Mohammadzai,DEMO-KPT-12671,House No. DC-338,Street 22,Tower,12,3,Apartment,Shehryar Mohammadzai,Aneesa Majeed,Verified,Paid,Under Review,Paid,9300000.0
9623,Hassan Hameed,DEMO-KPT-9623,House No. BR-653,Street 26,Tower,12,3,Apartment,Hassan Hameed,Asim Dar,Litigated,Due,Clear,Paid,9400000.0
12665,Aisha Mehmood,DEMO-KPT-12665,House No. CR-625,Street 27,Tower,12,3,Apartment,Aisha Mehmood,Rashid Sabri,Pending,Paid,Issue Found,Due,9300000.0
15737,Luqman Sabri,DEMO-KPT-15737,House No. BDR-457,Street 28,Tower,12,3,Apartment,Luqman Sabri,Ubaid Janjua,Pending,Paid,Under Review,Due,9900000.0
6403,Bashir Kharal,DEMO-KPT-6403,House No. BC-793,Street 1,Tower,13,3,Apartment,Bashir Kharal,Sakina Mian,Verified,Paid,Clear,Paid,8800000.0
15810,Aneeqa Zafar,DEMO-KPT-15810,House No. CDB-605,Street 1,Tower,13,3,Apartment,Aneeqa Zafar,Mukarram Turk,Pending,Paid,Issue Found,Due,9000000.0
6223,Sami Hayat,DEMO-KPT-6223,House No. CC-426,Street 3,Tower,13,3,Apartment,Sami Hayat,Bashir Lashari,Pending,Due,Under Review,Due,9900000.0
6413,Fareeha Bhutto,DEMO-KPT-6413,House No. RD-623,Street 10,Tower,13,3,Apartment,Fareeha Bhutto,Ayesha Talpur,Litigated,Due,Clear,Paid,8300000.0
12713,Ismail Rabbani,DEMO-KPT-12713,House No. CD-720,Street 10,Tower,13,3,Apartment,Ismail Rabbani,Nigar Lughmani,Litigated,Due,Clear,Paid,9900000.0
15863,Mehmood Bhatti,DEMO-KPT-15863,House No. RCD-365,Street 10,Tower,13,3,Apartment,Mehmood Bhatti,Adeel Yazdani,Litigated,Due,Clear,Paid,9200000.0
9752,Jamil Mahsud,DEMO-KPT-9752,House No. RB-533,Street 11,Tower,13,3,Apartment,Jamil Mahsud,Imtiaz Kiani,Litigated,Due,Under Review,Due,9300000.0
12768,Nailah Kamal,DEMO-KPT-12768,House No. RB-745,Street 17,Tower,13,3,Apartment,Nailah Kamal,Farah Joiya,Litigated,Due,Under Review,Due,8600000.0
15823,Ali Mahesar,DEMO-KPT-15823,House No. DBC-692,Street 20,Tower,13,3,Apartment,Ali Mahesar,Laiba Majeed,Pending,Due,Under Review,Due,9800000.0
9633,Sabika Warsi,DEMO-KPT-9633,House No. DC-765,Street 26,Tower,13,3,Apartment,Sabika Warsi,Mariam Achakzai,Pending,Paid,Issue Found,Due,9100000.0
3297,Mateen Chandio,DEMO-KPT-3297,House No. D-775,Street 27,Tower,13,3,Apartment,Mateen Chandio,Nafisa Lak,Pending,Due,Clear,Due,9100000.0
6369,Husna Zardari,DEMO-KPT-6369,House No. CB-485,Street 27,Tower,13,3,Apartment,Husna Zardari,Ismail Wazir,Litigated,Due,Under Review,Paid,10000000.0
9725,Iram Ghumman,DEMO-KPT-9725,House No. DC-691,Street 29,Tower,13,3,Apartment,Iram Ghumman,Sabeen Kayani,Litigated,Paid,Under Review,Paid,8200000.0
15908,Faisal Hinjra,DEMO-KPT-15908,House No. CRB-423,Street 30,Tower,13,3,Apartment,Faisal Hinjra,Aiman Pasha,Litigated,Due,Under Review,Due,9400000.0
3399,Areeba Jogezai,DEMO-KPT-3399,House No. C-425,Street 8,Tower,14,3,Apartment,Areeba Jogezai,Fareeha Kasi,Litigated,Paid,Under Review,Due,8500000.0
9875,Sehrish Jafri,DEMO-KPT-9875,House No. RD-358,Street 9,Tower,14,3,Apartment,Sehrish Jafri,Abrar Jogezai,Pending,Due,Clear,Due,8100000.0
16003,Arfa Ghani,DEMO-KPT-16003,House No. DCB-605,Street 27,Tower,14,3,Apartment,Arfa Ghani,Uroosa Rana,Litigated,Due,Clear,Paid,9600000.0
9994,Khansa Jadoon,DEMO-KPT-9994,House No. RC-424,Street 3,Tower,15,3,Apartment,Khansa Jadoon,Nargis Malik,Pending,Paid,Clear,Due,8800000.0
3493,Nawal Shakeel,DEMO-KPT-3493,House No. D-481,Street 4,Tower,15,3,Apartment,Nawal Shakeel,Sami Hafeez,Litigated,Paid,Under Review,Paid,9800000.0
3462,Nawal Hayat,DEMO-KPT-3462,House No. D-717,Street 5,Tower,15,3,Apartment,Nawal Hayat,Kinza Rana,Pending,Paid,Under Review,Due,9300000.0
6566,Ambreen Turk,DEMO-KPT-6566,House No. RB-653,Street 5,Tower,15,3,Apartment,Ambreen Turk,Sadiq Mirza,Litigated,Paid,Under Review,Paid,8900000.0
13222,Taha Lak,DEMO-KPT-13222,House No. CR-657,Street 5,Tower,15,3,Apartment,Taha Lak,Haziq Hafeez,Litigated,Due,Clear,Due,9900000.0
16216,Qayyum Khosa,DEMO-KPT-16216,House No. DRC-509,Street 5,Tower,15,3,Apartment,Qayyum Khosa,Hoorain Khokhar,Pending,Paid,Issue Found,Paid,10000000.0
16212,Ayan Wazir,DEMO-KPT-16212,House No. CDB-480,Street 8,Tower,15,3,Apartment,Ayan Wazir,Mansoor Rajper,Litigated,Due,Under Review,Due,9600000.0
16230,Zahra Mustafa,DEMO-KPT-16230,House No. BDR-808,Street 8,Tower,15,3,Apartment,Zahra Mustafa,Zafar Soomro,Litigated,Due,Issue Found,Due,9100000.0
6570,Daniya Imran,DEMO-KPT-6570,House No. CB-396,Street 15,Tower,15,3,Apartment,Daniya Imran,Ubaid Shakir,Pending,Paid,Clear,Paid,9200000.0
9932,Farooq Farooq,DEMO-KPT-9932,House No. CB-633,Street 15,Tower,15,3,Apartment,Farooq Farooq,Benazir Leghari,Litigated,Due,Clear,Paid,8000000.0
3435,Qaiser Ansari,DEMO-KPT-3435,House No. D-451,Street 16,Tower,15,3,Apartment,Qaiser Ansari,Mustafa Junejo,Verified,Due,Clear,Due,8300000.0
6656,Sabika Ansari,DEMO-KPT-6656,House No. DD-467,Street 17,Tower,15,3,Apartment,Sabika Ansari,Nabila Dayo,Pending,Paid,Under Review,Due,8500000.0
13206,Hoorain Jadoon,DEMO-KPT-13206,House No. RC-808,Street 17,Tower,15,3,Apartment,Hoorain Jadoon,Nafisa Iqbal,Verified,Due,Issue Found,Due,9000000.0
6696,Saad Dawood,DEMO-KPT-6696,House No. DR-447,Street 21,Tower,15,3,Apartment,Saad Dawood,Laiba Bugti,Verified,Paid,Clear,Due,9300000.0
6691,Imran Panezai,DEMO-KPT-6691,House No. DR-703,Street 22,Tower,15,3,Apartment,Imran Panezai,Rehana Mirza,Verified,Due,Clear,Paid,8500000.0
13230,Shaheer Laghari,DEMO-KPT-13230,House No. CC-369,Street 25,Tower,15,3,Apartment,Shaheer Laghari,Salahuddin Ranjha,Pending,Due,Issue Found,Paid,9100000.0
3502,Zaheer Minhas,DEMO-KPT-3502,House No. B-735,Street 30,Tower,15,3,Apartment,Zaheer Minhas,Javeria Abbasi,Verified,Paid,Under Review,Due,8700000.0
6810,Usman Mustafa,DEMO-KPT-6810,House No. BD-849,Street 1,Tower,16,3,Apartment,Usman Mustafa,Tayyeb Gabol,Pending,Paid,Issue Found,Due,8200000.0
13306,Tooba Khosa,DEMO-KPT-13306,House No. CD-368,Street 4,Tower,16,3,Apartment,Tooba Khosa,Javed Rabbani,Litigated,Due,Clear,Due,8600000.0
3556,Zameer Kazmi,DEMO-KPT-3556,House No. C-423,Street 9,Tower,16,3,Apartment,Zameer Kazmi,Jibran Saif,Pending,Paid,Issue Found,Paid,9100000.0
3582,Waheed Sohu,DEMO-KPT-3582,House No. R-411,Street 14,Tower,16,3,Apartment,Waheed Sohu,Liaquat Lone,Verified,Due,Issue Found,Due,9100000.0
3619,Safa Lone,DEMO-KPT-3619,House No. B-668,Street 14,Tower,16,3,Apartment,Safa Lone,Tooba Jamali,Litigated,Due,Clear,Paid,8400000.0
10114,Samiya Qureshi,DEMO-KPT-10114,House No. BC-865,Street 14,Tower,16,3,Apartment,Samiya Qureshi,Inam Hinjra,Pending,Paid,Under Review,Due,9000000.0
13380,Iqbal Imran,DEMO-KPT-13380,House No. DC-380,Street 16,Tower,16,3,Apartment,Iqbal Imran,Zartaj Durrani,Verified,Due,Clear,Paid,8300000.0
13436,Ishaq Qazi,DEMO-KPT-13436,House No. CRB-427,Street 18,Tower,16,3,Apartment,Ishaq Qazi,Ayub Talpur,Verified,Paid,Issue Found,Due,8000000.0
13341,Qaiser Mazari,DEMO-KPT-13341,House No. BD-659,Street 20,Tower,16,3,Apartment,Qaiser Mazari,Rakhshanda Ghauri,Litigated,Paid,Issue Found,Due,9000000.0
13364,Alam Korai,DEMO-KPT-13364,House No. CR-690,Street 21,Tower,16,3,Apartment,Alam Korai,Ammar Mian,Pending,Paid,Issue Found,Paid,8000000.0
16271,Mahrukh Nawaz,DEMO-KPT-16271,House No. DBR-593,Street 22,Tower,16,3,Apartment,Mahrukh Nawaz,Yasir Sheikh,Verified,Paid,Under Review,Paid,9000000.0
10080,Shamim Sabri,DEMO-KPT-10080,House No. CB-610,Street 25,Tower,16,3,Apartment,Shamim Sabri,Inaya Wattoo,Pending,Due,Issue Found,Paid,8600000.0
10180,Junaid Imran,DEMO-KPT-10180,House No. BR-348,Street 25,Tower,16,3,Apartment,Junaid Imran,Sharjeel Zaidi,Pending,Due,Under Review,Due,9400000.0
10142,Zarar Waheed,DEMO-KPT-10142,House No. RD-813,Street 26,Tower,16,3,Apartment,Zarar Waheed,Mubashra Mahsud,Verified,Due,Issue Found,Due,9800000.0
13322,Farooq Khuhro,DEMO-KPT-13322,House No. CR-339,Street 26,Tower,16,3,Apartment,Farooq Khuhro,Sufyan Gakhar,Pending,Due,Under Review,Paid,9000000.0
3587,Kamal Noor,DEMO-KPT-3587,House No. D-640,Street 28,Tower,16,3,Apartment,Kamal Noor,Rooman Sheikh,Pending,Paid,Under Review,Due,8700000.0
13419,Sumaira Rana,DEMO-KPT-13419,House No. DC-704,Street 28,Tower,16,3,Apartment,Sumaira Rana,Waqar Gondal,Litigated,Paid,Issue Found,Due,9700000.0
16358,Sidra Tunio,DEMO-KPT-16358,House No. RCD-650,Street 30,Tower,16,3,Apartment,Sidra Tunio,Sarfraz Sohu,Litigated,Due,Under Review,Due,8200000.0
16471,Kafeel Ijaz,DEMO-KPT-16471,House No. RCB-683,Street 7,Tower,17,3,Apartment,Kafeel Ijaz,Dilshad Junejo,Litigated,Paid,Under Review,Due,9200000.0
10306,Alishba Alvi,DEMO-KPT-10306,House No. CB-895,Street 9,Tower,17,3,Apartment,Alishba Alvi,Shaheer Gabol,Pending,Paid,Issue Found,Paid,8900000.0
3769,Yousaf Akhtar,DEMO-KPT-3769,House No. R-765,Street 19,Tower,17,3,Apartment,Yousaf Akhtar,Mazhar Qazi,Pending,Due,Clear,Due,9900000.0
13567,Dawood Sohu,DEMO-KPT-13567,House No. CDB-313,Street 25,Tower,17,3,Apartment,Dawood Sohu,Shees Mir,Pending,Due,Issue Found,Paid,8600000.0
3773,Anila Qadir,DEMO-KPT-3773,House No. C-351,Street 26,Tower,17,3,Apartment,Anila Qadir,Nadeem Soomro,Litigated,Due,Clear,Paid,9600000.0
16648,Rohail Magsi,DEMO-KPT-16648,House No. DCB-859,Street 6,Tower,18,3,Apartment,Rohail Magsi,Hasnain Jaffri,Litigated,Paid,Under Review,Paid,8600000.0
10406,Mariam Baig,DEMO-KPT-10406,House No. CC-722,Street 9,Tower,18,3,Apartment,Mariam Baig,Madiha Durrani,Verified,Due,Under Review,Paid,8300000.0
7122,Haleema Bugti,DEMO-KPT-7122,House No. CC-892,Street 11,Tower,18,3,Apartment,Haleema Bugti,Ghazala Popalzai,Pending,Due,Under Review,Due,9700000.0
16618,Tooba Bugti,DEMO-KPT-16618,House No. BCR-547,Street 11,Tower,18,3,Apartment,Tooba Bugti,Aleeza Kidwai,Pending,Paid,Issue Found,Paid,8800000.0
16632,Aqsa Umer,DEMO-KPT-16632,House No. CDB-311,Street 14,Tower,18,3,Apartment,Aqsa Umer,Taimur Lak,Verified,Due,Issue Found,Due,9900000.0
7232,Anila Aslam,DEMO-KPT-7232,House No. RD-419,Street 15,Tower,18,3,Apartment,Anila Aslam,Nouman Tanvir,Litigated,Due,Clear,Paid,8200000.0
13573,Sadia Anwar,DEMO-KPT-13573,House No. CDB-547,Street 20,Tower,18,3,Apartment,Sadia Anwar,Nafisa Swati,Pending,Due,Under Review,Due,9800000.0
13571,Iffat Gandapur,DEMO-KPT-13571,House No. BCR-564,Street 22,Tower,18,3,Apartment,Iffat Gandapur,Khurram Gandapur,Verified,Paid,Under Review,Paid,10000000.0
3793,Haroon Farooqi,DEMO-KPT-3793,House No. R-847,Street 23,Tower,18,3,Apartment,Haroon Farooqi,Amber Korai,Pending,Due,Clear,Paid,9300000.0
10415,Sabih Panhwar,DEMO-KPT-10415,House No. BC-812,Street 27,Tower,18,3,Apartment,Sabih Panhwar,Sami Hussain,Pending,Paid,Issue Found,Due,9300000.0
10623,Samina Hafeez,DEMO-KPT-10623,House No. RR-817,Street 11,Tower,19,3,Apartment,Samina Hafeez,Iftikhar Dayo,Verified,Paid,Under Review,Due,9000000.0
13731,Iqbal Hashmi,DEMO-KPT-13731,House No. RBD-502,Street 18,Tower,19,3,Apartment,Iqbal Hashmi,Sajid Khuhro,Verified,Paid,Clear,Paid,9000000.0
16723,Adnan Mohmand,DEMO-KPT-16723,House No. DCR-415,Street 20,Tower,19,3,Apartment,Adnan Mohmand,Zuha Yaqoob,Pending,Due,Under Review,Due,8600000.0
3991,Ishaq Daudzai,DEMO-KPT-3991,House No. CC-529,Street 22,Tower,19,3,Apartment,Ishaq Daudzai,Raza Jogezai,Verified,Due,Clear,Paid,8600000.0
13780,Faiza Ahmed,DEMO-KPT-13780,House No. CDR-698,Street 25,Tower,19,3,Apartment,Faiza Ahmed,Mahmood Aslam,Pending,Due,Under Review,Due,8100000.0
13673,Amjad Hafeez,DEMO-KPT-13673,House No. CBR-486,Street 26,Tower,19,3,Apartment,Amjad Hafeez,Hussnain Mohammadzai,Litigated,Due,Clear,Paid,9500000.0
7265,Mariam Mangi,DEMO-KPT-7265,House No. BD-869,Street 27,Tower,19,3,Apartment,Mariam Mangi,Nihal Mughal,Pending,Paid,Issue Found,Due,9500000.0
16719,Khawar Khan,DEMO-KPT-16719,House No. BDC-497,Street 27,Tower,19,3,Apartment,Khawar Khan,Habib Magsi,Litigated,Due,Under Review,Paid,8100000.0
7544,Inam Ghani,DEMO-KPT-7544,House No. DB-637,Street 1,Tower,20,3,Apartment,Inam Ghani,Shaista Mirza,Verified,Paid,Issue Found,Due,8800000.0
10644,Osama Shafiq,DEMO-KPT-10644,House No. DB-334,Street 3,Tower,20,3,Apartment,Osama Shafiq,Shazia Mirani,Litigated,Paid,Issue Found,Paid,9300000.0
13873,Fareeha Khosa,DEMO-KPT-13873,House No. CRB-660,Street 3,Tower,20,3,Apartment,Fareeha Khosa,Arisha Aslam,Pending,Due,Under Review,Due,8300000.0
10660,Rida Hoti,DEMO-KPT-10660,House No. BC-822,Street 6,Tower,20,3,Apartment,Rida Hoti,Nazia Saif,Verified,Due,Issue Found,Due,8300000.0
16952,Farheen Mirani,DEMO-KPT-16952,House No. CRD-460,Street 11,Tower,20,3,Apartment,Farheen Mirani,Alam Kamboh,Litigated,Due,Under Review,Due,9400000.0
4171,Kabeer Wattoo,DEMO-KPT-4171,House No. RD-600,Street 16,Tower,20,3,Apartment,Kabeer Wattoo,Benazir Pirzada,Verified,Paid,Issue Found,Paid,8500000.0
7586,Zakir Sipra,DEMO-KPT-7586,House No. BC-704,Street 18,Tower,20,3,Apartment,Zakir Sipra,Ayesha Mahsud,Verified,Paid,Issue Found,Due,9900000.0
10736,Kafeel Jogezai,DEMO-KPT-10736,House No. BC-368,Street 18,Tower,20,3,Apartment,Kafeel Jogezai,Aisha Zubairi,Verified,Paid,Issue Found,Due,9000000.0
13886,Shafay Sipra,DEMO-KPT-13886,House No. DCR-882,Street 18,Tower,20,3,Apartment,Shafay Sipra,Sehrish Panhwar,Verified,Paid,Issue Found,Due,9800000.0
4123,Farzana Minhas,DEMO-KPT-4123,House No. RC-433,Street 20,Tower,20,3,Apartment,Farzana Minhas,Shaheen Baloch,Pending,Due,Under Review,Due,9200000.0
10664,Emaan Marri,DEMO-KPT-10664,House No. CB-575,Street 21,Tower,20,3,Apartment,Emaan Marri,Ruqayya Samo,Pending,Paid,Issue Found,Paid,8700000.0
13891,Waqas Jamal,DEMO-KPT-13891,House No. DRB-725,Street 22,Tower,20,3,Apartment,Waqas Jamal,Rukhsana Sindhi,Verified,Due,Clear,Paid,9800000.0
13869,Haroon Peerzada,DEMO-KPT-13869,House No. RBC-653,Street 28,Tower,20,3,Apartment,Haroon Peerzada,Rohail Kayani,Litigated,Paid,Issue Found,Due,8000000.0
