Owner ID,Owner Name,Property ID,House Number,Street Number,Area,Block,Rooms,Property Type,Property Owner,Previous Owner,Ownership Status,Taxes Status,Legal Check,Utilities Bill,Price (PKR)
15327,Fawad Sohu,DEMO-KPT-15327,House No. BRC-606,Street 2,Bahria Town,1,5,Commercial,Fawad Sohu,Nayyar Zaidi,Pending,Due,Under Review,Paid,
8031,Mahnaz Bhurgri,DEMO-KPT-8031,House No. DR-315,Street 6,Bahria Town,1,5,Commercial,Mahnaz Bhurgri,Aslam Mahsud,Litigated,Due,Clear,Due,
8204,Nazia Khalid,DEMO-KPT-8204,House No. DC-801,Street 6,Bahria Town,1,5,Commercial,Nazia Khalid,Amir Rashid,Litigated,Due,Issue Found,Paid,
8282,Sajjad Chattha,DEMO-KPT-8282,House No. DC-565,Street 12,Bahria Town,1,5,Commercial,Sajjad Chattha,Sami Noor,Pending,Paid,Clear,Paid,
1772,Zunaira Ghaffar,DEMO-KPT-1772,House No. R-661,Street 16,Bahria Town,1,5,Commercial,Zunaira Ghaffar,Mirha Ghazali,Pending,Paid,Under Review,Due,
15299,Saeed Mansoor,DEMO-KPT-15299,House No. CDR-444,Street 22,Bahria Town,1,5,Commercial,Saeed Mansoor,Jazib Kazmi,Verified,Paid,Under Review,Due,
1496,Arham Zahid,DEMO-KPT-1496,House No. B-561,Street 23,Bahria Town,1,5,Commercial,Arham Zahid,Sanam Sardar,Litigated,Paid,Under Review,Due,
8118,Furqan Lakhani,DEMO-KPT-8118,House No. CC-839,Street 26,Bahria Town,1,5,Commercial,Furqan Lakhani,Qayyum Wattoo,Verified,Paid,Under Review,Paid,
1701,Akif Orakzai,DEMO-KPT-1701,House No. C-508,Street 29,Bahria Town,1,5,Commercial,Akif Orakzai,Rohail Khalid,Pending,Paid,Under Review,Due,
8933,Sajida Bhurgri,DEMO-KPT-8933,House No. BR-592,Street 10,Bahria Town,2,5,Commercial,Sajida Bhurgri,Shahmeer Mir,Verified,Paid,Under Review,Paid,
8811,Syeda Afridi,DEMO-KPT-8811,House No. RC-616,Street 16,Bahria Town,2,5,Commercial,Syeda Afridi,Saeed Zafar,Verified,Due,Issue Found,Paid,
9074,Mahreen Farooq,DEMO-KPT-9074,House No. DD-858,Street 23,Bahria Town,2,5,Commercial,Mahreen Farooq,Sitara Rajput,Verified,Due,Issue Found,Due,
1870,Shaheen Nawaz,DEMO-KPT-1870,House No. B-871,Street 30,Bahria Town,2,5,Commercial,Shaheen Nawaz,Palwasha Korai,Litigated,Due,Under Review,Paid,
2054,Nadeem Tiwana,DEMO-KPT-2054,House No. C-391,Street 1,Bahria Town,3,5,Commercial,Nadeem Tiwana,Siddique Dreshak,Litigated,Due,Under Review,Paid,
16096,Salma Usmani,DEMO-KPT-16096,House No. RCB-379,Street 5,Bahria Town,3,5,Commercial,Salma Usmani,Arooj Mengal,Pending,Due,Under Review,Due,
9136,Shahab Qadir,DEMO-KPT-9136,House No. DD-412,Street 12,Bahria Town,3,5,Commercial,Shahab Qadir,Raza Parvez,Verified,Paid,Under Review,Due,
2000,Ijaz Bukhari,DEMO-KPT-2000,House No. C-536,Street 18,Bahria Town,3,5,Commercial,Ijaz Bukhari,Fida Mari,Litigated,Paid,Issue Found,Due,
9124,Sundas Riaz,DEMO-KPT-9124,House No. CR-818,Street 18,Bahria Town,3,5,Commercial,Sundas Riaz,Abrar Virk,Litigated,Paid,Issue Found,Paid,
16334,Amjad Panhwar,DEMO-KPT-16334,House No. DCB-649,Street 18,Bahria Town,3,5,Commercial,Amjad Panhwar,Bakht Samo,Verified,Paid,Under Review,Due,
2107,Awais Junejo,DEMO-KPT-2107,House No. D-420,Street 19,Bahria Town,3,5,Commercial,Awais Junejo,Vaqar Qazi,Litigated,Paid,Clear,Paid,
9317,Amara Qadri,DEMO-KPT-9317,House No. CC-862,Street 20,Bahria Town,3,5,Commercial,Amara Qadri,Saima Mian,Verified,Due,Under Review,Due,
15970,Saleha Mohammadzai,DEMO-KPT-15970,House No. RDB-803,Street 21,Bahria Town,3,5,Commercial,Saleha Mohammadzai,Rameez Jamali,Pending,Paid,Clear,Due,
9202,Akram Wazir,DEMO-KPT-9202,House No. RC-875,Street 28,Bahria Town,3,5,Commercial,Akram Wazir,Rida Mustafa,Litigated,Paid,Clear,Due,
9690,Kamran Kalhoro,DEMO-KPT-9690,House No. CC-343,Street 6,Bahria Town,4,5,Commercial,Kamran Kalhoro,Mubashra Kamal,Pending,Due,Issue Found,Paid,
16427,Waqar Khuhro,DEMO-KPT-16427,House No. RBD-794,Street 7,Bahria Town,4,5,Commercial,Waqar Khuhro,Sabrina Rajper,Pending,Due,Issue Found,Paid,
2645,Misbah Kidwai,DEMO-KPT-2645,House No. R-350,Street 10,Bahria Town,4,5,Commercial,Misbah Kidwai,Dania Sabri,Litigated,Paid,Clear,Paid,
9513,Sehrish Dreshak,DEMO-KPT-9513,House No. DB-809,Street 18,Bahria Town,4,5,Commercial,Sehrish Dreshak,Muneeb Sandhu,Verified,Due,Issue Found,Due,
9605,Ajmal Khan,DEMO-KPT-9605,House No. DB-864,Street 25,Bahria Town,4,5,Commercial,Ajmal Khan,Khadija Parvez,Pending,Due,Clear,Paid,
16743,Shamoon Mahesar,DEMO-KPT-16743,House No. RCD-653,Street 29,Bahria Town,4,5,Commercial,Shamoon Mahesar,Subhan Majeed,Litigated,Paid,Issue Found,Paid,
2876,Musa Lodhi,DEMO-KPT-2876,House No. B-663,Street 12,Bahria Town,5,5,Commercial,Musa Lodhi,Hammad Gabol,Litigated,Paid,Under Review,Due,
10082,Rida Kidwai,DEMO-KPT-10082,House No. DB-726,Street 12,Bahria Town,5,5,Commercial,Rida Kidwai,Tayyeb Khokhar,Pending,Paid,Clear,Paid,
10015,Rizwaan Popalzai,DEMO-KPT-10015,House No. CR-684,Street 24,Bahria Town,5,5,Commercial,Rizwaan Popalzai,Sadiq Malik,Pending,Paid,Issue Found,Paid,
2820,Rafay Pasha,DEMO-KPT-2820,House No. D-701,Street 25,Bahria Town,5,5,Commercial,Rafay Pasha,Basit Yousafzai,Pending,Due,Under Review,Paid,
3175,Iqbal Magsi,DEMO-KPT-3175,House No. D-791,Street 12,Bahria Town,6,5,Commercial,Iqbal Magsi,Riaz Marri,Verified,Paid,Under Review,Due,
3013,Shafaq Wattoo,DEMO-KPT-3013,House No. B-653,Street 13,Bahria Town,6,5,Commercial,Shafaq Wattoo,Nabeel Bashir,Litigated,Due,Under Review,Due,
3115,Ghazala Rabbani,DEMO-KPT-3115,House No. B-875,Street 17,Bahria Town,6,5,Commercial,Ghazala Rabbani,Kamal Unar,Verified,Due,Under Review,Due,
2988,Mahrukh Sultan,DEMO-KPT-2988,House No. D-871,Street 19,Bahria Town,6,5,Commercial,Mahrukh Sultan,Inayat Pirzada,Verified,Paid,Clear,Paid,
10207,Salahuddin Tareen,DEMO-KPT-10207,House No. CB-885,Street 19,Bahria Town,6,5,Commercial,Salahuddin Tareen,Maaz Ghazali,Litigated,Paid,Clear,Paid,
10217,Maham Zahid,DEMO-KPT-10217,House No. BC-452,Street 20,Bahria Town,6,5,Commercial,Maham Zahid,Mina Achakzai,Verified,Due,Under Review,Due,
10796,Fida Ansari,DEMO-KPT-10796,House No. DR-897,Street 19,Bahria Town,7,5,Commercial,Fida Ansari,Zunaira Daudzai,Litigated,Paid,Clear,Paid,
3501,Safa Naqvi,DEMO-KPT-3501,House No. B-577,Street 29,Bahria Town,7,5,Commercial,Safa Naqvi,Khushbu Naseem,Pending,Paid,Under Review,Due,
10892,Husna Tanoli,DEMO-KPT-10892,House No. CR-671,Street 16,Bahria Town,8,5,Commercial,Husna Tanoli,Munir Zaman,Verified,Paid,Under Review,Due,
10847,Hanzala Buriro,DEMO-KPT-10847,House No. BR-815,Street 21,Bahria Town,8,5,Commercial,Hanzala Buriro,Fasih Mazari,Verified,Paid,Under Review,Due,
4154,Naureen Dreshak,DEMO-KPT-4154,House No. BB-696,Street 6,Bahria Town,9,5,Commercial,Naureen Dreshak,Daniyal Baloch,Litigated,Due,Issue Found,Paid,
4075,Nighat Sipra,DEMO-KPT-4075,House No. RD-423,Street 12,Bahria Town,9,5,Commercial,Nighat Sipra,Kamil Talpur,Verified,Paid,Under Review,Due,
11324,Jazib Bhittani,DEMO-KPT-11324,House No. RC-865,Street 23,Bahria Town,9,5,Commercial,Jazib Bhittani,Sahar Javed,Verified,Due,Issue Found,Due,
11268,Naseer Kamboh,DEMO-KPT-11268,House No. DR-696,Street 26,Bahria Town,9,5,Commercial,Naseer Kamboh,Zia Ghaffar,Verified,Paid,Under Review,Paid,
3951,Benazir Barakzai,DEMO-KPT-3951,House No. RD-522,Street 29,Bahria Town,9,5,Commercial,Benazir Barakzai,Nazia Bhatti,Pending,Paid,Under Review,Due,
11504,Inshal Toor,DEMO-KPT-11504,House No. RD-582,Street 1,Bahria Town,10,5,Commercial,Inshal Toor,Tahmina Samo,Litigated,Due,Under Review,Paid,
4350,Wajiha Awan,DEMO-KPT-4350,House No. CD-572,Street 4,Bahria Town,10,5,Commercial,Wajiha Awan,Ejaz Zubairi,Litigated,Due,Clear,Due,
4244,Haziq Qadri,DEMO-KPT-4244,House No. BD-621,Street 23,Bahria Town,10,5,Commercial,Haziq Qadri,Zakariya Chaudhry,Litigated,Due,Issue Found,Paid,
4340,Nigar Wazir,DEMO-KPT-4340,House No. DB-427,Street 23,Bahria Town,10,5,Commercial,Nigar Wazir,Mina Jogezai,Verified,Due,Clear,Paid,
11370,Faisal Shafiq,DEMO-KPT-11370,House No. RC-421,Street 25,Bahria Town,10,5,Commercial,Faisal Shafiq,Aashir Ilyas,Pending,Due,Under Review,Paid,
11399,Sara Chattha,DEMO-KPT-11399,House No. RD-360,Street 25,Bahria Town,10,5,Commercial,Sara Chattha,Rubina Bijarani,Litigated,Due,Issue Found,Paid,
4433,Israr Gandapur,DEMO-KPT-4433,House No. BR-862,Street 10,Bahria Town,11,5,Commercial,Israr Gandapur,Palwasha Warraich,Verified,Paid,Under Review,Paid,
11855,Azka Panezai,DEMO-KPT-11855,House No. CB-781,Street 25,Bahria Town,11,5,Commercial,Azka Panezai,Inshal Awan,Pending,Due,Clear,Paid,
4862,Hadi Zaidi,DEMO-KPT-4862,House No. CD-776,Street 2,Bahria Town,12,5,Commercial,Hadi Zaidi,Amal Wazir,Verified,Due,Clear,Due,
4895,Sabrina Sohu,DEMO-KPT-4895,House No. CC-587,Street 10,Bahria Town,12,5,Commercial,Sabrina Sohu,Yumna Hashmi,Litigated,Paid,Clear,Paid,
12024,Sufyan Bashir,DEMO-KPT-12024,House No. CC-592,Street 15,Bahria Town,12,5,Commercial,Sufyan Bashir,Noreen Mustafa,Pending,Due,Under Review,Due,
4807,Irtaza Kasi,DEMO-KPT-4807,House No. BR-347,Street 19,Bahria Town,12,5,Commercial,Irtaza Kasi,Khawar Hafeez,Litigated,Paid,Clear,Paid,
12040,Mubashir Bukhari,DEMO-KPT-12040,House No. RC-743,Street 26,Bahria Town,12,5,Commercial,Mubashir Bukhari,Aiman Magsi,Verified,Paid,Under Review,Due,
5088,Arham Majeed,DEMO-KPT-5088,House No. CC-303,Street 3,Bahria Town,13,5,Commercial,Arham Majeed,Warda Shafiq,Pending,Paid,Under Review,Paid,
5177,Asma Khalid,DEMO-KPT-5177,House No. CC-450,Street 7,Bahria Town,13,5,Commercial,Asma Khalid,Rehmat Alvi,Pending,Due,Issue Found,Paid,
5155,Aun Ghumman,DEMO-KPT-5155,House No. BD-350,Street 11,Bahria Town,13,5,Commercial,Aun Ghumman,Zamzam Hashmi,Verified,Due,Under Review,Paid,
5410,Hidayat Afridi,DEMO-KPT-5410,House No. CR-792,Street 10,Bahria Town,14,5,Commercial,Hidayat Afridi,Aisha Bukhari,Verified,Paid,Clear,Due,
12917,Farheen Tiwana,DEMO-KPT-12917,House No. BB-867,Street 20,Bahria Town,14,5,Commercial,Farheen Tiwana,Rayyan Sabri,Verified,Due,Under Review,Due,
5667,Sohaib Ghani,DEMO-KPT-5667,House No. RR-778,Street 24,Bahria Town,14,5,Commercial,Sohaib Ghani,Arif Gabol,Litigated,Due,Issue Found,Paid,
6111,Fariha Kakar,DEMO-KPT-6111,House No. CR-382,Street 16,Bahria Town,15,5,Commercial,Fariha Kakar,Azka Shafiq,Verified,Due,Issue Found,Paid,
13270,Hadi Swati,DEMO-KPT-13270,House No. CR-631,Street 21,Bahria Town,15,5,Commercial,Hadi Swati,Rukhsana Shafi,Pending,Paid,Clear,Due,
6226,Sana Orakzai,DEMO-KPT-6226,House No. CC-673,Street 8,Bahria Town,16,5,Commercial,Sana Orakzai,Azan Sabri,Litigated,Due,Under Review,Paid,
13561,Shabana Hafeez,DEMO-KPT-13561,House No. DRC-883,Street 16,Bahria Town,16,5,Commercial,Shabana Hafeez,Zakariya Sultan,Pending,Due,Under Review,Paid,
13465,Shahbaz Latif,DEMO-KPT-13465,House No. DBR-376,Street 17,Bahria Town,16,5,Commercial,Shahbaz Latif,Sabir Bhittani,Verified,Due,Under Review,Due,
13702,Munir Magsi,DEMO-KPT-13702,House No. BDR-515,Street 28,Bahria Town,16,5,Commercial,Munir Magsi,Abeera Bhat,Litigated,Paid,Clear,Due,
6590,Kashaf Iqbal,DEMO-KPT-6590,House No. BB-350,Street 23,Bahria Town,17,5,Commercial,Kashaf Iqbal,Sabeen Jamal,Verified,Due,Clear,Paid,
6567,Sahrish Gakhar,DEMO-KPT-6567,House No. BD-658,Street 24,Bahria Town,17,5,Commercial,Sahrish Gakhar,Shehzad Bashir,Litigated,Due,Issue Found,Paid,
13784,Ijaz Cheema,DEMO-KPT-13784,House No. RBC-708,Street 25,Bahria Town,17,5,Commercial,Ijaz Cheema,Nageen Sheikh,Litigated,Paid,Clear,Due,
6393,Amber Cheema,DEMO-KPT-6393,House No. BD-556,Street 29,Bahria Town,17,5,Commercial,Amber Cheema,Bilawal Zafar,Litigated,Paid,Issue Found,Paid,
6700,Khawar Lakhani,DEMO-KPT-6700,House No. CD-756,Street 29,Bahria Town,17,5,Commercial,Khawar Lakhani,Hidayat Shah,Pending,Paid,Clear,Due,
13851,Sabeen Mengal,DEMO-KPT-13851,House No. BCD-854,Street 29,Bahria Town,17,5,Commercial,Sabeen Mengal,Bilquis Gill,Pending,Paid,Under Review,Due,
14627,Inayat Ansari,DEMO-KPT-14627,House No. RDB-737,Street 7,Bahria Town,18,5,Commercial,Inayat Ansari,Qadir Palijo,Pending,Due,Issue Found,Paid,
14684,Aleeza Tahir,DEMO-KPT-14684,House No. CRB-864,Street 25,Bahria Town,18,5,Commercial,Aleeza Tahir,Sabeen Sardar,Litigated,Paid,Clear,Due,
7439,Zehra Gakhar,DEMO-KPT-7439,House No. RR-858,Street 5,Bahria Town,19,5,Commercial,Zehra Gakhar,Nimra Dar,Verified,Paid,Clear,Paid,
7478,Kaif Hafeez,DEMO-KPT-7478,House No. BB-865,Street 7,Bahria Town,19,5,Commercial,Kaif Hafeez,Farooq Hanif,Litigated,Due,Clear,Paid,
14808,Manzoor Sipra,DEMO-KPT-14808,House No. DBC-641,Street 26,Bahria Town,19,5,Commercial,Manzoor Sipra,Zeshan Mohammadzai,Verified,Due,Under Review,Paid,
7754,Ayla Bugti,DEMO-KPT-7754,House No. BB-629,Street 6,Bahria Town,20,5,Commercial,Ayla Bugti,Jalal Ijaz,Litigated,Due,Issue Found,Paid,
7711,Asif Saif,DEMO-KPT-7711,House No. CB-599,Street 16,Bahria Town,20,5,Commercial,Asif Saif,Emaan Mohammadzai,Pending,Due,Under Review,Paid,
7967,Talha Kasi,DEMO-KPT-7967,House No. DC-712,Street 20,Bahria Town,20,5,Commercial,Talha Kasi,Laiba Memon,Verified,Due,Under Review,Due,
15005,Jibran Soomro,DEMO-KPT-15005,House No. BDC-603,Street 25,Bahria Town,20,5,Commercial,Jibran Soomro,Raheel Rana,Pending,Due,Clear,Paid,
15134,Hashim Gilani,DEMO-KPT-15134,House No. DBC-622,Street 25,Bahria Town,20,5,Commercial,Hashim Gilani,Yasir Parvez,Litigated,Paid,Clear,Due,
1731,Mishal Farooq,DEMO-KPT-1731,House No. B-464,Street 6,Clifton,1,5,Commercial,Mishal Farooq,Mahmood Cheena,Litigated,Due,Clear,Due,
15272,Rashid Shafiq,DEMO-KPT-15272,House No. BCD-428,Street 16,Clifton,1,5,Commercial,Rashid Shafiq,Zaynab Buriro,Pending,Paid,Under Review,Due,
1789,Wahab Mirza,DEMO-KPT-1789,House No. C-778,Street 24,Clifton,1,5,Commercial,Wahab Mirza,Emaan Kazmi,Verified,Paid,Clear,Due,
15334,Batool Sabri,DEMO-KPT-15334,House No. BDC-325,Street 30,Clifton,1,5,Commercial,Batool Sabri,Kaif Sabri,Verified,Paid,Issue Found,Due,
9704,Ishaq Hafeez,DEMO-KPT-9704,House No. DC-626,Street 1,Clifton,2,5,Commercial,Ishaq Hafeez,Raheela Tareen,Litigated,Due,Under Review,Paid,
15695,Javeria Qureshi,DEMO-KPT-15695,House No. CDR-369,Street 10,Clifton,2,5,Commercial,Javeria Qureshi,Zohair Rehman,Litigated,Paid,Clear,Paid,
9584,Alina Bilgrami,DEMO-KPT-9584,House No. RC-732,Street 18,Clifton,2,5,Commercial,Alina Bilgrami,Haider Yaqoob,Verified,Paid,Under Review,Due,
1992,Rooman Latif,DEMO-KPT-1992,House No. D-423,Street 26,Clifton,2,5,Commercial,Rooman Latif,Ruqayya Cheema,Litigated,Paid,Clear,Due,
9340,Taimur Bhittani,DEMO-KPT-9340,House No. BD-888,Street 26,Clifton,2,5,Commercial,Taimur Bhittani,Jabbar Bhatti,Verified,Paid,Under Review,Due,
15884,Huma Qazi,DEMO-KPT-15884,House No. RBD-810,Street 18,Clifton,3,5,Commercial,Huma Qazi,Qayyum Rind,Verified,Paid,Under Review,Due,
16247,Adil Ijaz,DEMO-KPT-16247,House No. DBR-707,Street 21,Clifton,3,5,Commercial,Adil Ijaz,Usman Kakar,Verified,Paid,Under Review,Due,
2324,Muneeba Lashari,DEMO-KPT-2324,House No. C-736,Street 23,Clifton,3,5,Commercial,Muneeba Lashari,Bushra Mohammadzai,Verified,Due,Issue Found,Due,
10036,Alina Tanvir,DEMO-KPT-10036,House No. RR-408,Street 12,Clifton,4,5,Commercial,Alina Tanvir,Abeera Akhtar,Verified,Paid,Under Review,Due,
10161,Taimur Saeed,DEMO-KPT-10161,House No. BC-408,Street 16,Clifton,4,5,Commercial,Taimur Saeed,Zahid Yasin,Verified,Due,Issue Found,Paid,
16324,Bareera Gabol,DEMO-KPT-16324,House No. CDB-585,Street 18,Clifton,4,5,Commercial,Bareera Gabol,Ifrah Sipra,Litigated,Paid,Issue Found,Paid,
16400,Sabrina Qadir,DEMO-KPT-16400,House No. CDR-871,Street 18,Clifton,4,5,Commercial,Sabrina Qadir,Yahya Ghauri,Litigated,Paid,Issue Found,Due,
10188,Tamim Afridi,DEMO-KPT-10188,House No. CR-591,Street 19,Clifton,4,5,Commercial,Tamim Afridi,Saqib Qadri,Verified,Paid,Clear,Paid,
16464,Ashraf Ansari,DEMO-KPT-16464,House No. CDR-391,Street 25,Clifton,4,5,Commercial,Ashraf Ansari,Saba Mazari,Pending,Paid,Clear,Due,
16293,Noreen Kayani,DEMO-KPT-16293,House No. DCB-588,Street 29,Clifton,4,5,Commercial,Noreen Kayani,Balaj Randhawa,Litigated,Paid,Issue Found,Paid,
2884,Moiz Nawaz,DEMO-KPT-2884,House No. C-831,Street 1,Clifton,5,5,Commercial,Moiz Nawaz,Ahmed Sindhi,Litigated,Paid,Issue Found,Paid,
10246,Zahida Wazir,DEMO-KPT-10246,House No. BB-720,Street 5,Clifton,5,5,Commercial,Zahida Wazir,Benazir Zubair,Pending,Due,Under Review,Due,
3083,Khizar Shafiq,DEMO-KPT-3083,House No. D-757,Street 10,Clifton,5,5,Commercial,Khizar Shafiq,Neelam Mohammadzai,Verified,Paid,Under Review,Paid,
10360,Saleem Haral,DEMO-KPT-10360,House No. BD-678,Street 10,Clifton,5,5,Commercial,Saleem Haral,Umaima Rabbani,Verified,Paid,Clear,Due,
16963,Mazhar Tareen,DEMO-KPT-16963,House No. CDB-615,Street 13,Clifton,5,5,Commercial,Mazhar Tareen,Dania Unar,Litigated,Due,Under Review,Due,
10334,Idrees Lughmani,DEMO-KPT-10334,House No. CD-525,Street 16,Clifton,5,5,Commercial,Idrees Lughmani,Arslan Kakar,Pending,Paid,Under Review,Paid,
10397,Nasreen Farooqi,DEMO-KPT-10397,House No. BB-566,Street 21,Clifton,5,5,Commercial,Nasreen Farooqi,Rehman Ilyas,Verified,Paid,Under Review,Due,
2925,Kaleem Toor,DEMO-KPT-2925,House No. D-377,Street 27,Clifton,5,5,Commercial,Kaleem Toor,Rafiq Soomro,Verified,Due,Under Review,Due,
16863,Ashar Janjua,DEMO-KPT-16863,House No. CRB-856,Street 28,Clifton,5,5,Commercial,Ashar Janjua,Ashar Virk,Litigated,Paid,Issue Found,Paid,
16720,Asim Tunio,DEMO-KPT-16720,House No. DRC-358,Street 30,Clifton,5,5,Commercial,Asim Tunio,Shees Unar,Litigated,Due,Under Review,Paid,
3396,Sabika Ali,DEMO-KPT-3396,House No. R-860,Street 1,Clifton,6,5,Commercial,Sabika Ali,Tamim Hanif,Verified,Paid,Under Review,Due,
3288,Maaz Nadeem,DEMO-KPT-3288,House No. B-443,Street 3,Clifton,6,5,Commercial,Maaz Nadeem,Arisha Yaqoob,Pending,Paid,Under Review,Paid,
10496,Sami Toor,DEMO-KPT-10496,House No. DD-495,Street 23,Clifton,6,5,Commercial,Sami Toor,Umaima Mazari,Litigated,Paid,Under Review,Due,
10731,Asra Wattoo,DEMO-KPT-10731,House No. BB-406,Street 6,Clifton,7,5,Commercial,Asra Wattoo,Aqib Wazir,Litigated,Due,Clear,Due,
3638,Izhar Mangi,DEMO-KPT-3638,House No. B-692,Street 10,Clifton,7,5,Commercial,Izhar Mangi,Mateen Farooq,Verified,Paid,Issue Found,Due,
3776,Hussain Bhat,DEMO-KPT-3776,House No. R-368,Street 12,Clifton,7,5,Commercial,Hussain Bhat,Arif Randhawa,Litigated,Paid,Under Review,Due,
3800,Neha Panezai,DEMO-KPT-3800,House No. D-860,Street 18,Clifton,7,5,Commercial,Neha Panezai,Yasir Dogar,Litigated,Paid,Issue Found,Due,
3647,Hanzala Shah,DEMO-KPT-3647,House No. B-521,Street 21,Clifton,7,5,Commercial,Hanzala Shah,Mahira Nawaz,Verified,Paid,Under Review,Due,
3558,Sarfraz Palijo,DEMO-KPT-3558,House No. D-469,Street 26,Clifton,7,5,Commercial,Sarfraz Palijo,Sakina Orakzai,Verified,Due,Under Review,Paid,
11027,Rizwan Marwat,DEMO-KPT-11027,House No. CC-835,Street 7,Clifton,8,5,Commercial,Rizwan Marwat,Sagheer Chattha,Pending,Due,Issue Found,Paid,
10944,Mustafa Lak,DEMO-KPT-10944,House No. CR-795,Street 12,Clifton,8,5,Commercial,Mustafa Lak,Hidayat Sindhi,Pending,Paid,Under Review,Paid,
4739,Naeem Marri,DEMO-KPT-4739,House No. RD-534,Street 5,Clifton,10,5,Commercial,Naeem Marri,Sumaira Ranjha,Verified,Paid,Clear,Paid,
11626,Ifrah Khalid,DEMO-KPT-11626,House No. CC-312,Street 8,Clifton,10,5,Commercial,Ifrah Khalid,Mashal Bangash,Litigated,Due,Under Review,Paid,
11824,Habib Bangash,DEMO-KPT-11824,House No. CD-597,Street 18,Clifton,10,5,Commercial,Habib Bangash,Luqman Umer,Litigated,Paid,Issue Found,Paid,
4968,Aiman Saleem,DEMO-KPT-4968,House No. DB-460,Street 26,Clifton,10,5,Commercial,Aiman Saleem,Amara Ghani,Verified,Paid,Under Review,Paid,
11925,Mehak Hanif,DEMO-KPT-11925,House No. RD-651,Street 27,Clifton,10,5,Commercial,Mehak Hanif,Parveen Sadiq,Verified,Due,Under Review,Due,
5253,Mubeen Khuhro,DEMO-KPT-5253,House No. RC-767,Street 8,Clifton,11,5,Commercial,Mubeen Khuhro,Imad Wattoo,Pending,Paid,Under Review,Due,
12302,Zuha Gakhar,DEMO-KPT-12302,House No. CC-570,Street 12,Clifton,11,5,Commercial,Zuha Gakhar,Inam Kharal,Litigated,Paid,Under Review,Paid,
12326,Omer Alvi,DEMO-KPT-12326,House No. CC-589,Street 12,Clifton,11,5,Commercial,Omer Alvi,Fareed Wazir,Litigated,Paid,Under Review,Due,
5776,Kaleemullah Waheed,DEMO-KPT-5776,House No. BD-758,Street 8,Clifton,12,5,Commercial,Kaleemullah Waheed,Emaan Hameed,Litigated,Due,Under Review,Paid,
12625,Faizan Mahesar,DEMO-KPT-12625,House No. DD-714,Street 12,Clifton,12,5,Commercial,Faizan Mahesar,Ihsan Umer,Verified,Paid,Under Review,Due,
5274,Maaz Khokhar,DEMO-KPT-5274,House No. CR-465,Street 15,Clifton,12,5,Commercial,Maaz Khokhar,Qasim Samo,Pending,Due,Under Review,Due,
5365,Komal Qazi,DEMO-KPT-5365,House No. RR-570,Street 17,Clifton,12,5,Commercial,Komal Qazi,Mahira Baloch,Verified,Due,Under Review,Due,
12663,Sameer Zahid,DEMO-KPT-12663,House No. RD-841,Street 18,Clifton,12,5,Commercial,Sameer Zahid,Tehmina Anwar,Verified,Due,Issue Found,Due,
5445,Affan Hayat,DEMO-KPT-5445,House No. RD-759,Street 19,Clifton,12,5,Commercial,Affan Hayat,Saima Mohmand,Litigated,Paid,Issue Found,Paid,
12483,Hashir Panezai,DEMO-KPT-12483,House No. CD-321,Street 26,Clifton,12,5,Commercial,Hashir Panezai,Nida Khattak,Litigated,Paid,Under Review,Due,
6153,Humayun Panhwar,DEMO-KPT-6153,House No. CR-477,Street 8,Clifton,13,5,Commercial,Humayun Panhwar,Mudassar Tahir,Pending,Paid,Under Review,Due,
12903,Sumayya Gandapur,DEMO-KPT-12903,House No. BD-838,Street 8,Clifton,13,5,Commercial,Sumayya Gandapur,Majid Ranjha,Pending,Paid,Under Review,Due,
12995,Rizwaan Bhurgri,DEMO-KPT-12995,House No. DC-805,Street 10,Clifton,13,5,Commercial,Rizwaan Bhurgri,Mehboob Janjua,Litigated,Paid,Clear,Paid,
6052,Mariam Joiya,DEMO-KPT-6052,House No. DR-705,Street 28,Clifton,13,5,Commercial,Mariam Joiya,Obaid Tunio,Litigated,Paid,Clear,Due,
13296,Ayeza Mazari,DEMO-KPT-13296,House No. CR-508,Street 1,Clifton,14,5,Commercial,Ayeza Mazari,Adil Bettani,Verified,Paid,Under Review,Due,
6327,Fazal Mirza,DEMO-KPT-6327,House No. BC-488,Street 2,Clifton,14,5,Commercial,Fazal Mirza,Shagufta Korai,Pending,Due,Under Review,Paid,
13002,Anmol Panezai,DEMO-KPT-13002,House No. BR-645,Street 4,Clifton,14,5,Commercial,Anmol Panezai,Nida Gabol,Litigated,Due,Issue Found,Paid,
6449,Hussain Naqvi,DEMO-KPT-6449,House No. DB-331,Street 25,Clifton,14,5,Commercial,Hussain Naqvi,Nasir Qureshi,Litigated,Due,Issue Found,Paid,
13378,Manahil Gabol,DEMO-KPT-13378,House No. BB-650,Street 26,Clifton,14,5,Commercial,Manahil Gabol,Ihsan Saleem,Verified,Paid,Issue Found,Due,
6760,Tanveer Dreshak,DEMO-KPT-6760,House No. BR-717,Street 10,Clifton,15,5,Commercial,Tanveer Dreshak,Nighat Siddiqui,Verified,Paid,Clear,Due,
13538,Hassan Kamal,DEMO-KPT-13538,House No. RCD-743,Street 10,Clifton,15,5,Commercial,Hassan Kamal,Hadiqa Qureshi,Verified,Paid,Issue Found,Due,
7063,Madiha Parvez,DEMO-KPT-7063,House No. DB-695,Street 13,Clifton,15,5,Commercial,Madiha Parvez,Usman Wattoo,Litigated,Due,Under Review,Due,
6811,Alizeh Mahar,DEMO-KPT-6811,House No. DC-537,Street 16,Clifton,15,5,Commercial,Alizeh Mahar,Shama Ghauri,Pending,Due,Under Review,Paid,
13489,Tabish Wani,DEMO-KPT-13489,House No. RDC-551,Street 24,Clifton,15,5,Commercial,Tabish Wani,Fasih Tarar,Verified,Paid,Clear,Due,
13676,Sarah Rind,DEMO-KPT-13676,House No. CDR-557,Street 12,Clifton,16,5,Commercial,Sarah Rind,Anum Virk,Litigated,Paid,Under Review,Due,
13813,Javed Ali,DEMO-KPT-13813,House No. BRD-427,Street 13,Clifton,16,5,Commercial,Javed Ali,Ayub Kasi,Litigated,Due,Under Review,Due,
7261,Sharjeel Gandapur,DEMO-KPT-7261,House No. RD-692,Street 16,Clifton,16,5,Commercial,Sharjeel Gandapur,Dilshad Yasin,Pending,Due,Under Review,Paid,
7602,Neelam Iqbal,DEMO-KPT-7602,House No. RR-579,Street 4,Clifton,17,5,Commercial,Neelam Iqbal,Hussain Tiwana,Litigated,Due,Issue Found,Paid,
7742,Feroz Kayani,DEMO-KPT-7742,House No. DB-788,Street 16,Clifton,17,5,Commercial,Feroz Kayani,Asim Ghauri,Verified,Paid,Under Review,Due,
7522,Farid Ranjha,DEMO-KPT-7522,House No. CR-683,Street 17,Clifton,17,5,Commercial,Farid Ranjha,Afzal Rind,Litigated,Paid,Clear,Due,
14150,Numan Rashid,DEMO-KPT-14150,House No. CDB-855,Street 18,Clifton,17,5,Commercial,Numan Rashid,Feroz Farooqi,Litigated,Paid,Issue Found,Due,
14175,Murtaza Khokhar,DEMO-KPT-14175,House No. CDB-595,Street 27,Clifton,17,5,Commercial,Murtaza Khokhar,Shafaq Ali,Verified,Due,Under Review,Due,
8110,Mahnoor Jogezai,DEMO-KPT-8110,House No. CR-662,Street 10,Clifton,18,5,Commercial,Mahnoor Jogezai,Emaan Wattoo,Verified,Paid,Clear,Due,
8072,Farrukh Malik,DEMO-KPT-8072,House No. RD-775,Street 16,Clifton,18,5,Commercial,Farrukh Malik,Siddique Sabri,Pending,Paid,Under Review,Due,
7861,Zaynab Mangi,DEMO-KPT-7861,House No. RD-846,Street 29,Clifton,18,5,Commercial,Zaynab Mangi,Shahab Gandapur,Litigated,Due,Issue Found,Due,
8238,Moiz Shakeel,DEMO-KPT-8238,House No. DD-622,Street 3,Clifton,19,5,Commercial,Moiz Shakeel,Malaika Hayat,Pending,Paid,Under Review,Paid,
14639,Jannat Khuhro,DEMO-KPT-14639,House No. BRC-729,Street 5,Clifton,19,5,Commercial,Jannat Khuhro,Arfa Zaidi,Verified,Paid,Clear,Paid,
8224,Zaib Butt,DEMO-KPT-8224,House No. DC-759,Street 18,Clifton,19,5,Commercial,Zaib Butt,Aqsa Dahri,Litigated,Paid,Issue Found,Paid,
8246,Ashar Rana,DEMO-KPT-8246,House No. DR-461,Street 23,Clifton,19,5,Commercial,Ashar Rana,Asra Chaudhry,Litigated,Paid,Under Review,Due,
14592,Javaria Bashir,DEMO-KPT-14592,House No. DCR-617,Street 26,Clifton,19,5,Commercial,Javaria Bashir,Mariam Gondal,Litigated,Paid,Clear,Due,
8522,Muneeba Kamboh,DEMO-KPT-8522,House No. BB-789,Street 16,Clifton,20,5,Commercial,Muneeba Kamboh,Kanwal Palijo,Pending,Paid,Under Review,Due,
15052,Mukhtar Farooqi,DEMO-KPT-15052,House No. BRD-877,Street 28,Clifton,20,5,Commercial,Mukhtar Farooqi,Vaqar Khalid,Litigated,Paid,Clear,Due,
1604,Luqmaan Aslam,DEMO-KPT-1604,House No. D-713,Street 1,DHA,1,5,Commercial,Luqmaan Aslam,Ehsan Bijarani,Litigated,Due,Under Review,Paid,
1650,Sehar Palijo,DEMO-KPT-1650,House No. C-487,Street 4,DHA,1,5,Commercial,Sehar Palijo,Ruqayya Sabri,Litigated,Due,Clear,Due,
1454,Mahwish Nasar,DEMO-KPT-1454,House No. R-536,Street 6,DHA,1,5,Commercial,Mahwish Nasar,Sobia Ilyas,Litigated,Due,Issue Found,Paid,
1663,Nadia Aslam,DEMO-KPT-1663,House No. C-322,Street 13,DHA,1,5,Commercial,Nadia Aslam,Minahil Barakzai,Litigated,Due,Under Review,Due,
7038,Aleeza Pasha,DEMO-KPT-7038,House No. BR-783,Street 19,DHA,1,5,Commercial,Aleeza Pasha,Saif Tareen,Verified,Paid,Clear,Paid,
13338,Tayyaba Palijo,DEMO-KPT-13338,House No. RR-791,Street 19,DHA,1,5,Commercial,Tayyaba Palijo,Mubashir Jafri,Verified,Paid,Clear,Paid,
1465,Akif Latif,DEMO-KPT-1465,House No. R-868,Street 24,DHA,1,5,Commercial,Akif Latif,Mahjabeen Jamali,Pending,Paid,Issue Found,Paid,
7189,Zeshan Rind,DEMO-KPT-7189,House No. RR-782,Street 24,DHA,1,5,Commercial,Zeshan Rind,Sehrish Javed,Verified,Paid,Clear,Due,
13334,Asifa Zia,DEMO-KPT-13334,House No. DR-308,Street 25,DHA,1,5,Commercial,Asifa Zia,Aryan Nawaz,Litigated,Paid,Clear,Due,
7479,Aneesa Virk,DEMO-KPT-7479,House No. RC-749,Street 3,DHA,2,5,Commercial,Aneesa Virk,Mahwish Jaffri,Litigated,Paid,Under Review,Paid,
1752,Ghulam Saif,DEMO-KPT-1752,House No. B-525,Street 4,DHA,2,5,Commercial,Ghulam Saif,Shumaila Mengal,Litigated,Due,Issue Found,Paid,
7503,Taimoor Rehman,DEMO-KPT-7503,House No. BC-433,Street 8,DHA,2,5,Commercial,Taimoor Rehman,Komal Yasin,Pending,Paid,Under Review,Due,
13803,Mehreen Zubairi,DEMO-KPT-13803,House No. DRC-346,Street 8,DHA,2,5,Commercial,Mehreen Zubairi,Mahnoor Hoti,Pending,Paid,Under Review,Due,
1733,Qayyum Randhawa,DEMO-KPT-1733,House No. C-618,Street 10,DHA,2,5,Commercial,Qayyum Randhawa,Sagheer Bugti,Verified,Paid,Under Review,Paid,
13615,Zameer Nawaz,DEMO-KPT-13615,House No. DCB-830,Street 24,DHA,2,5,Commercial,Zameer Nawaz,Anila Kamal,Pending,Paid,Issue Found,Paid,
13939,Shahzadi Sadiq,DEMO-KPT-13939,House No. RBC-603,Street 24,DHA,2,5,Commercial,Shahzadi Sadiq,Anmol Bhutto,Verified,Paid,Clear,Due,
7501,Huma Popalzai,DEMO-KPT-7501,House No. BC-590,Street 27,DHA,2,5,Commercial,Huma Popalzai,Muneeb Mahsud,Pending,Due,Under Review,Paid,
7551,Kainat Jaffri,DEMO-KPT-7551,House No. RD-384,Street 29,DHA,2,5,Commercial,Kainat Jaffri,Sabeen Soomro,Pending,Paid,Under Review,Due,
7660,Firdous Warraich,DEMO-KPT-7660,House No. BR-673,Street 10,DHA,3,5,Commercial,Firdous Warraich,Asad Rizvi,Verified,Paid,Clear,Due,
13978,Hussain Dayo,DEMO-KPT-13978,House No. RBC-787,Street 23,DHA,3,5,Commercial,Hussain Dayo,Luqmaan Zubairi,Verified,Paid,Clear,Paid,
7914,Mehak Mahesar,DEMO-KPT-7914,House No. BB-824,Street 25,DHA,3,5,Commercial,Mehak Mahesar,Zahra Nadeem,Pending,Paid,Clear,Due,
7875,Saleha Ghauri,DEMO-KPT-7875,House No. RB-682,Street 27,DHA,3,5,Commercial,Saleha Ghauri,Imtiaz Abbasi,Verified,Due,Under Review,Due,
14002,Ramsha Kayani,DEMO-KPT-14002,House No. DRB-686,Street 29,DHA,3,5,Commercial,Ramsha Kayani,Mansoor Zubairi,Pending,Paid,Clear,Due,
2504,Fiza Baig,DEMO-KPT-2504,House No. D-450,Street 1,DHA,4,5,Commercial,Fiza Baig,Haider Ghazali,Litigated,Due,Under Review,Paid,
8035,Zunair Shafi,DEMO-KPT-8035,House No. BD-842,Street 3,DHA,4,5,Commercial,Zunair Shafi,Nadia Randhawa,Litigated,Due,Issue Found,Paid,
2354,Aneela Zaman,DEMO-KPT-2354,House No. D-676,Street 6,DHA,4,5,Commercial,Aneela Zaman,Qudrat Yasin,Litigated,Due,Issue Found,Paid,
2631,Qasim Akhtar,DEMO-KPT-2631,House No. C-767,Street 6,DHA,4,5,Commercial,Qasim Akhtar,Nigar Unar,Litigated,Due,Clear,Due,
8305,Inaya Junejo,DEMO-KPT-8305,House No. RR-300,Street 11,DHA,4,5,Commercial,Inaya Junejo,Benazir Raza,Verified,Due,Under Review,Paid,
2384,Sameen Cheema,DEMO-KPT-2384,House No. R-853,Street 18,DHA,4,5,Commercial,Sameen Cheema,Sibtain Usmani,Verified,Paid,Under Review,Due,
2405,Hamza Buriro,DEMO-KPT-2405,House No. B-413,Street 25,DHA,4,5,Commercial,Hamza Buriro,Zartaj Jaffri,Pending,Due,Clear,Paid,
8001,Sultan Bukhari,DEMO-KPT-8001,House No. BR-466,Street 29,DHA,4,5,Commercial,Sultan Bukhari,Shazia Saeed,Pending,Paid,Under Review,Due,
8462,Saira Riaz,DEMO-KPT-8462,House No. BC-400,Street 2,DHA,5,5,Commercial,Saira Riaz,Nabeeha Rana,Verified,Due,Clear,Due,
8379,Hashir Hayat,DEMO-KPT-8379,House No. CB-712,Street 3,DHA,5,5,Commercial,Hashir Hayat,Abbas Umer,Litigated,Paid,Under Review,Paid,
14445,Bashir Hameed,DEMO-KPT-14445,House No. CDB-368,Street 19,DHA,5,5,Commercial,Bashir Hameed,Sarmad Abro,Litigated,Paid,Issue Found,Paid,
14452,Khurram Marwat,DEMO-KPT-14452,House No. RBD-729,Street 29,DHA,5,5,Commercial,Khurram Marwat,Ihsan Ghauri,Pending,Paid,Clear,Due,
8829,Saif Jadoon,DEMO-KPT-8829,House No. DR-472,Street 3,DHA,6,5,Commercial,Saif Jadoon,Naureen Korai,Litigated,Paid,Under Review,Paid,
14678,Mahnoor Bajwa,DEMO-KPT-14678,House No. CBD-339,Street 7,DHA,6,5,Commercial,Mahnoor Bajwa,Maimoona Mir,Litigated,Due,Clear,Paid,
3188,Rakhshanda Dahri,DEMO-KPT-3188,House No. D-506,Street 10,DHA,6,5,Commercial,Rakhshanda Dahri,Urooj Haral,Verified,Paid,Issue Found,Due,
8755,Zayan Bijarani,DEMO-KPT-8755,House No. BR-832,Street 11,DHA,6,5,Commercial,Zayan Bijarani,Marium Malik,Verified,Due,Under Review,Paid,
8515,Khalid Bashir,DEMO-KPT-8515,House No. BB-894,Street 17,DHA,6,5,Commercial,Khalid Bashir,Hamid Riaz,Verified,Due,Under Review,Due,
3197,Suleman Lak,DEMO-KPT-3197,House No. D-657,Street 21,DHA,6,5,Commercial,Suleman Lak,Lubna Kidwai,Verified,Paid,Under Review,Due,
14878,Alina Hussain,DEMO-KPT-14878,House No. RCB-789,Street 23,DHA,6,5,Commercial,Alina Hussain,Mahreen Rajput,Verified,Paid,Clear,Paid,
8508,Mahnoor Dawood,DEMO-KPT-8508,House No. RB-735,Street 26,DHA,6,5,Commercial,Mahnoor Dawood,Tanzeela Mehmood,Verified,Due,Under Review,Paid,
8568,Fawad Majeed,DEMO-KPT-8568,House No. RR-689,Street 26,DHA,6,5,Commercial,Fawad Majeed,Ayaz Bijarani,Verified,Paid,Under Review,Paid,
15048,Rauf Sipra,DEMO-KPT-15048,House No. BRD-704,Street 3,DHA,7,5,Commercial,Rauf Sipra,Shabana Dogar,Pending,Due,Clear,Paid,
8945,Jamila Ali,DEMO-KPT-8945,House No. RD-345,Street 10,DHA,7,5,Commercial,Jamila Ali,Mahwish Bukhari,Litigated,Paid,Clear,Paid,
9010,Bashir Lughmani,DEMO-KPT-9010,House No. DB-702,Street 10,DHA,7,5,Commercial,Bashir Lughmani,Farid Durrani,Verified,Paid,Clear,Due,
3211,Dilawar Daudzai,DEMO-KPT-3211,House No. D-575,Street 16,DHA,7,5,Commercial,Dilawar Daudzai,Ahsan Qadir,Pending,Due,Under Review,Paid,
3438,Shehryar Khokhar,DEMO-KPT-3438,House No. B-539,Street 19,DHA,7,5,Commercial,Shehryar Khokhar,Rameez Cheena,Verified,Paid,Clear,Paid,
15328,Fahim Awan,DEMO-KPT-15328,House No. DCR-535,Street 23,DHA,7,5,Commercial,Fahim Awan,Bisma Abro,Verified,Paid,Clear,Paid,
14999,Hania Mohammadzai,DEMO-KPT-14999,House No. DBR-675,Street 25,DHA,7,5,Commercial,Hania Mohammadzai,Wajid Khattak,Litigated,Due,Issue Found,Paid,
9346,Tehmina Mahar,DEMO-KPT-9346,House No. BD-358,Street 5,DHA,8,5,Commercial,Tehmina Mahar,Farah Ansari,Pending,Due,Under Review,Due,
3533,Sundas Dreshak,DEMO-KPT-3533,House No. B-795,Street 10,DHA,8,5,Commercial,Sundas Dreshak,Mahwish Wazir,Verified,Paid,Under Review,Paid,
15415,Tooba Ali,DEMO-KPT-15415,House No. CBR-422,Street 24,DHA,8,5,Commercial,Tooba Ali,Hina Cheema,Pending,Paid,Issue Found,Paid,
3483,Usman Nasar,DEMO-KPT-3483,House No. D-606,Street 26,DHA,8,5,Commercial,Usman Nasar,Awais Kidwai,Litigated,Paid,Under Review,Due,
3490,Nudrat Sultan,DEMO-KPT-3490,House No. R-338,Street 26,DHA,8,5,Commercial,Nudrat Sultan,Palwasha Warsi,Verified,Paid,Under Review,Due,
9192,Mahir Lak,DEMO-KPT-9192,House No. BD-486,Street 26,DHA,8,5,Commercial,Mahir Lak,Rooman Dawood,Litigated,Paid,Clear,Due,
15784,Armaghan Bhutto,DEMO-KPT-15784,House No. CBR-347,Street 30,DHA,8,5,Commercial,Armaghan Bhutto,Mohsin Tunio,Verified,Paid,Issue Found,Due,
3827,Abid Tareen,DEMO-KPT-3827,House No. B-402,Street 7,DHA,9,5,Commercial,Abid Tareen,Azhar Majeed,Pending,Due,Issue Found,Paid,
15955,Abbas Naqvi,DEMO-KPT-15955,House No. RCB-854,Street 11,DHA,9,5,Commercial,Abbas Naqvi,Zahida Mangi,Verified,Due,Under Review,Paid,
3913,Azeem Junejo,DEMO-KPT-3913,House No. CC-514,Street 13,DHA,9,5,Commercial,Azeem Junejo,Iftikhar Afridi,Litigated,Due,Under Review,Due,
15837,Firdous Minhas,DEMO-KPT-15837,House No. CDR-397,Street 15,DHA,9,5,Commercial,Firdous Minhas,Sidrah Kamboh,Pending,Paid,Issue Found,Paid,
15842,Aftab Yaqoob,DEMO-KPT-15842,House No. DRB-517,Street 16,DHA,9,5,Commercial,Aftab Yaqoob,Zubaida Sandhu,Verified,Paid,Under Review,Due,
9650,Samiya Warraich,DEMO-KPT-9650,House No. CB-729,Street 18,DHA,9,5,Commercial,Samiya Warraich,Shayan Sabri,Litigated,Paid,Issue Found,Due,
3755,Nosheen Kasi,DEMO-KPT-3755,House No. R-797,Street 25,DHA,9,5,Commercial,Nosheen Kasi,Dania Ahmed,Pending,Due,Clear,Paid,
9910,Noor Khattak,DEMO-KPT-9910,House No. CR-895,Street 10,DHA,10,5,Commercial,Noor Khattak,Jahangir Mahesar,Verified,Paid,Clear,Due,
16133,Shamoon Shaikh,DEMO-KPT-16133,House No. DRB-470,Street 10,DHA,10,5,Commercial,Shamoon Shaikh,Mahad Rana,Verified,Paid,Under Review,Paid,
9872,Fakhar Hussain,DEMO-KPT-9872,House No. CB-760,Street 16,DHA,10,5,Commercial,Fakhar Hussain,Rahila Kasi,Pending,Paid,Under Review,Due,
9738,Saad Kiani,DEMO-KPT-9738,House No. BC-881,Street 19,DHA,10,5,Commercial,Saad Kiani,Nageen Gilani,Verified,Paid,Clear,Paid,
9899,Nabeeha Wani,DEMO-KPT-9899,House No. DD-833,Street 22,DHA,10,5,Commercial,Nabeeha Wani,Tabish Khalid,Verified,Paid,Under Review,Due,
10098,Noshaba Latif,DEMO-KPT-10098,House No. CR-826,Street 3,DHA,11,5,Commercial,Noshaba Latif,Ruqayya Khosa,Pending,Due,Clear,Paid,
16585,Mahwish Yaqoob,DEMO-KPT-16585,House No. RBD-781,Street 3,DHA,11,5,Commercial,Mahwish Yaqoob,Rakhshanda Hinjra,Litigated,Due,Issue Found,Paid,
16513,Yasmeen Shakeel,DEMO-KPT-16513,House No. BCR-841,Street 13,DHA,11,5,Commercial,Yasmeen Shakeel,Ahmed Farooq,Litigated,Due,Under Review,Due,
16524,Tahseen Latif,DEMO-KPT-16524,House No. CBD-886,Street 15,DHA,11,5,Commercial,Tahseen Latif,Hamza Hashmi,Pending,Due,Under Review,Due,
16634,Talha Hinjra,DEMO-KPT-16634,House No. CRB-770,Street 16,DHA,11,5,Commercial,Talha Hinjra,Sadaf Ahmed,Pending,Paid,Under Review,Paid,
4465,Kainat Tarar,DEMO-KPT-4465,House No. RR-329,Street 17,DHA,11,5,Commercial,Kainat Tarar,Zubia Mustafa,Verified,Due,Under Review,Due,
9963,Affan Kiani,DEMO-KPT-9963,House No. BB-695,Street 18,DHA,11,5,Commercial,Affan Kiani,Kaneez Ghauri,Verified,Due,Issue Found,Due,
4496,Wania Lak,DEMO-KPT-4496,House No. DD-328,Street 19,DHA,11,5,Commercial,Wania Lak,Nabila Hanif,Litigated,Paid,Clear,Paid,
10190,Adnan Dahri,DEMO-KPT-10190,House No. RB-386,Street 23,DHA,11,5,Commercial,Adnan Dahri,Mazen Saif,Verified,Due,Clear,Paid,
4489,Tamim Marri,DEMO-KPT-4489,House No. BD-567,Street 24,DHA,11,5,Commercial,Tamim Marri,Khurram Chattha,Verified,Paid,Clear,Due,
10195,Madiha Tareen,DEMO-KPT-10195,House No. RR-696,Street 26,DHA,11,5,Commercial,Madiha Tareen,Shabbir Cheena,Litigated,Paid,Issue Found,Due,
16668,Omer Haral,DEMO-KPT-16668,House No. BCD-393,Street 26,DHA,11,5,Commercial,Omer Haral,Zeshan Jamal,Verified,Paid,Under Review,Paid,
4570,Khizar Junejo,DEMO-KPT-4570,House No. BB-614,Street 30,DHA,11,5,Commercial,Khizar Junejo,Aqib Mian,Litigated,Due,Under Review,Paid,
10650,Ambreen Ahmed,DEMO-KPT-10650,House No. BB-895,Street 4,DHA,12,5,Commercial,Ambreen Ahmed,Naeem Janjua,Litigated,Due,Clear,Due,
16889,Taha Latif,DEMO-KPT-16889,House No. BRC-709,Street 5,DHA,12,5,Commercial,Taha Latif,Nazia Wazir,Verified,Paid,Clear,Paid,
10281,Hamza Jadoon,DEMO-KPT-10281,House No. BD-766,Street 6,DHA,12,5,Commercial,Hamza Jadoon,Farheen Mengal,Litigated,Due,Clear,Due,
16938,Ghazala Hussain,DEMO-KPT-16938,House No. DCB-423,Street 19,DHA,12,5,Commercial,Ghazala Hussain,Tayyab Zafar,Verified,Paid,Clear,Paid,
16697,Owais Khokhar,DEMO-KPT-16697,House No. RDC-800,Street 21,DHA,12,5,Commercial,Owais Khokhar,Saima Ahmed,Verified,Paid,Under Review,Due,
10424,Wajiha Kazmi,DEMO-KPT-10424,House No. CD-884,Street 23,DHA,12,5,Commercial,Wajiha Kazmi,Neelam Shafi,Verified,Due,Issue Found,Due,
4655,Shagufta Hoti,DEMO-KPT-4655,House No. BD-852,Street 25,DHA,12,5,Commercial,Shagufta Hoti,Zoya Mohmand,Pending,Due,Clear,Paid,
16799,Yasir Gilani,DEMO-KPT-16799,House No. DCR-530,Street 25,DHA,12,5,Commercial,Yasir Gilani,Sajida Zafar,Litigated,Due,Issue Found,Paid,
10651,Amjad Aslam,DEMO-KPT-10651,House No. BD-719,Street 27,DHA,12,5,Commercial,Amjad Aslam,Yaqoob Panezai,Pending,Due,Under Review,Paid,
5196,Awais Wattoo,DEMO-KPT-5196,House No. DB-745,Street 1,DHA,13,5,Commercial,Awais Wattoo,Jahangir Jamali,Verified,Paid,Under Review,Due,
5102,Raheel Ansari,DEMO-KPT-5102,House No. CR-509,Street 12,DHA,13,5,Commercial,Raheel Ansari,Asifa Bajwa,Litigated,Paid,Under Review,Paid,
5267,Sarah Jadoon,DEMO-KPT-5267,House No. RD-656,Street 20,DHA,13,5,Commercial,Sarah Jadoon,Ambreen Saif,Verified,Due,Under Review,Due,
5099,Izhar Joiya,DEMO-KPT-5099,House No. CD-589,Street 25,DHA,13,5,Commercial,Izhar Joiya,Ayeza Dreshak,Litigated,Due,Issue Found,Paid,
5703,Nasreen Jamal,DEMO-KPT-5703,House No. RR-582,Street 8,DHA,14,5,Commercial,Nasreen Jamal,Farzana Saif,Pending,Paid,Under Review,Due,
11302,Muhammad Raza,DEMO-KPT-11302,House No. RD-837,Street 29,DHA,14,5,Commercial,Muhammad Raza,Shagufta Mansoor,Pending,Paid,Clear,Due,
11633,Sadiq Soomro,DEMO-KPT-11633,House No. BB-706,Street 10,DHA,15,5,Commercial,Sadiq Soomro,Waleed Zaidi,Verified,Paid,Under Review,Paid,
5849,Sana Niazi,DEMO-KPT-5849,House No. RR-589,Street 22,DHA,15,5,Commercial,Sana Niazi,Ikram Jafri,Verified,Paid,Under Review,Due,
6089,Musa Malik,DEMO-KPT-6089,House No. DD-589,Street 5,DHA,16,5,Commercial,Musa Malik,Alishba Zahid,Verified,Paid,Clear,Paid,
11984,Nadia Shakeel,DEMO-KPT-11984,House No. DD-674,Street 25,DHA,16,5,Commercial,Nadia Shakeel,Alina Nasar,Litigated,Paid,Clear,Due,
6145,Shanza Tahir,DEMO-KPT-6145,House No. RD-435,Street 26,DHA,16,5,Commercial,Shanza Tahir,Zaid Ijaz,Litigated,Paid,Issue Found,Due,
12160,Inaya Rafique,DEMO-KPT-12160,House No. BR-585,Street 10,DHA,17,5,Commercial,Inaya Rafique,Farid Saeed,Verified,Paid,Clear,Due,
6172,Feryal Qadir,DEMO-KPT-6172,House No. RD-508,Street 17,DHA,17,5,Commercial,Feryal Qadir,Shahzad Kidwai,Litigated,Paid,Clear,Due,
6296,Khurram Randhawa,DEMO-KPT-6296,House No. BR-816,Street 19,DHA,17,5,Commercial,Khurram Randhawa,Abrar Ali,Litigated,Paid,Clear,Paid,
6190,Nida Sultan,DEMO-KPT-6190,House No. BC-780,Street 26,DHA,17,5,Commercial,Nida Sultan,Rubina Mustafa,Verified,Paid,Under Review,Due,
12274,Haleema Mahsud,DEMO-KPT-12274,House No. BC-755,Street 18,DHA,18,5,Commercial,Haleema Mahsud,Ahmed Qadri,Litigated,Paid,Issue Found,Paid,
6513,Esha Bangash,DEMO-KPT-6513,House No. BB-567,Street 28,DHA,18,5,Commercial,Esha Bangash,Amal Buriro,Litigated,Paid,Issue Found,Paid,
6352,Ghulam Gandapur,DEMO-KPT-6352,House No. BD-860,Street 29,DHA,18,5,Commercial,Ghulam Gandapur,Aneela Haral,Pending,Paid,Clear,Due,
12202,Abubakar Siddiqui,DEMO-KPT-12202,House No. CC-665,Street 29,DHA,18,5,Commercial,Abubakar Siddiqui,Mahnoor Lughmani,Pending,Paid,Clear,Due,
6600,Rafia Mahesar,DEMO-KPT-6600,House No. DB-770,Street 4,DHA,19,5,Commercial,Rafia Mahesar,Ahad Gilani,Litigated,Due,Clear,Due,
6734,Mushtaq Rind,DEMO-KPT-6734,House No. CB-473,Street 16,DHA,19,5,Commercial,Mushtaq Rind,Vaqar Kazmi,Pending,Paid,Under Review,Paid,
12825,Zakariya Lashari,DEMO-KPT-12825,House No. CC-355,Street 27,DHA,19,5,Commercial,Zakariya Lashari,Zunaira Mazari,Verified,Due,Under Review,Due,
12813,Mehrunnisa Khuhro,DEMO-KPT-12813,House No. CR-524,Street 28,DHA,19,5,Commercial,Mehrunnisa Khuhro,Waseem Ijaz,Litigated,Paid,Issue Found,Paid,
6952,Sahrish Kidwai,DEMO-KPT-6952,House No. DC-635,Street 28,DHA,20,5,Commercial,Sahrish Kidwai,Zamzam Rizvi,Litigated,Paid,Clear,Due,
1534,Habib Bhittani,DEMO-KPT-1534,House No. D-846,Street 1,FB Area,1,5,Commercial,Habib Bhittani,Ejaz Parvez,Litigated,Paid,Issue Found,Paid,
11162,Khalid Ghani,DEMO-KPT-11162,House No. DB-684,Street 2,FB Area,1,5,Commercial,Khalid Ghani,Haider Korai,Verified,Due,Clear,Due,
1548,Siddique Warraich,DEMO-KPT-1548,House No. R-405,Street 3,FB Area,1,5,Commercial,Siddique Warraich,Isha Malik,Pending,Due,Clear,Paid,
11185,Humayun Peerzada,DEMO-KPT-11185,House No. RR-302,Street 3,FB Area,1,5,Commercial,Humayun Peerzada,Zahida Rind,Litigated,Due,Issue Found,Paid,
4676,Nasreen Yaqoob,DEMO-KPT-4676,House No. BD-622,Street 12,FB Area,1,5,Commercial,Nasreen Yaqoob,Iqbal Tunio,Litigated,Paid,Under Review,Due,
9475,Waheed Rajput,DEMO-KPT-9475,House No. RR-646,Street 12,FB Area,1,5,Commercial,Waheed Rajput,Zeshan Ali,Verified,Paid,Under Review,Due,
12744,Nimra Randhawa,DEMO-KPT-12744,House No. CC-670,Street 12,FB Area,1,5,Commercial,Nimra Randhawa,Sultan Minhas,Pending,Paid,Under Review,Paid,
12782,Jawad Soomro,DEMO-KPT-12782,House No. RC-323,Street 12,FB Area,1,5,Commercial,Jawad Soomro,Hamza Gilani,Pending,Paid,Clear,Paid,
1550,Alishba Mustafa,DEMO-KPT-1550,House No. R-366,Street 18,FB Area,1,5,Commercial,Alishba Mustafa,Shafaq Lone,Litigated,Paid,Issue Found,Due,
6345,Zayan Naseem,DEMO-KPT-6345,House No. BD-624,Street 19,FB Area,1,5,Commercial,Zayan Naseem,Mudassar Javed,Litigated,Paid,Issue Found,Paid,
16196,Neelam Kakar,DEMO-KPT-16196,House No. BCD-787,Street 19,FB Area,1,5,Commercial,Neelam Kakar,Shagufta Majeed,Litigated,Paid,Clear,Paid,
12820,Parvez Sheikh,DEMO-KPT-12820,House No. DR-362,Street 21,FB Area,1,5,Commercial,Parvez Sheikh,Subhan Lodhi,Pending,Paid,Clear,Due,
14447,Saira Jamali,DEMO-KPT-14447,House No. RBC-574,Street 21,FB Area,1,5,Commercial,Saira Jamali,Yasmeen Kiani,Verified,Paid,Under Review,Due,
9524,Tasneem Palijo,DEMO-KPT-9524,House No. BD-712,Street 23,FB Area,1,5,Commercial,Tasneem Palijo,Farwa Mari,Verified,Due,Issue Found,Due,
12746,Munib Marri,DEMO-KPT-12746,House No. DC-745,Street 23,FB Area,1,5,Commercial,Munib Marri,Ayla Mohammadzai,Litigated,Paid,Under Review,Due,
1499,Mubashra Ghani,DEMO-KPT-1499,House No. B-514,Street 25,FB Area,1,5,Commercial,Mubashra Ghani,Rashid Saeed,Litigated,Due,Issue Found,Paid,
1542,Aun Majeed,DEMO-KPT-1542,House No. R-761,Street 26,FB Area,1,5,Commercial,Aun Majeed,Saher Afridi,Litigated,Paid,Clear,Due,
4692,Farzana Palijo,DEMO-KPT-4692,House No. DB-814,Street 26,FB Area,1,5,Commercial,Farzana Palijo,Muzammil Mazari,Litigated,Paid,Clear,Due,
9468,Khadija Ranjha,DEMO-KPT-9468,House No. RC-739,Street 26,FB Area,1,5,Commercial,Khadija Ranjha,Yahya Tahir,Verified,Paid,Under Review,Paid,
16158,Shaheer Chaudhry,DEMO-KPT-16158,House No. CDB-680,Street 26,FB Area,1,5,Commercial,Shaheer Chaudhry,Shagufta Ijaz,Verified,Due,Under Review,Paid,
4711,Abrar Baig,DEMO-KPT-4711,House No. RC-623,Street 29,FB Area,1,5,Commercial,Abrar Baig,Batool Kayani,Litigated,Due,Issue Found,Due,
4746,Noaman Gilani,DEMO-KPT-4746,House No. BC-871,Street 1,FB Area,2,5,Commercial,Noaman Gilani,Sultan Ghani,Verified,Paid,Under Review,Due,
1589,Qaiser Sultan,DEMO-KPT-1589,House No. R-314,Street 5,FB Area,2,5,Commercial,Qaiser Sultan,Shoaib Qazi,Verified,Paid,Clear,Paid,
6436,Mirza Bajwa,DEMO-KPT-6436,House No. BR-870,Street 12,FB Area,2,5,Commercial,Mirza Bajwa,Saher Tariq,Verified,Paid,Under Review,Due,
11275,Hasnain Mohammadzai,DEMO-KPT-11275,House No. BC-891,Street 12,FB Area,2,5,Commercial,Hasnain Mohammadzai,Samra Cheema,Verified,Paid,Under Review,Due,
14536,Hashir Popalzai,DEMO-KPT-14536,House No. CDB-857,Street 12,FB Area,2,5,Commercial,Hashir Popalzai,Arham Tareen,Verified,Paid,Under Review,Due,
14582,Farheen Sandhu,DEMO-KPT-14582,House No. RCB-609,Street 12,FB Area,2,5,Commercial,Farheen Sandhu,Ruqayya Orakzai,Pending,Paid,Clear,Paid,
4813,Saleha Rajper,DEMO-KPT-4813,House No. DC-659,Street 13,FB Area,2,5,Commercial,Saleha Rajper,Ifrah Afridi,Litigated,Due,Under Review,Due,
6387,Bisma Javed,DEMO-KPT-6387,House No. RB-868,Street 15,FB Area,2,5,Commercial,Bisma Javed,Noor Korai,Pending,Paid,Issue Found,Paid,
1611,Yumna Memon,DEMO-KPT-1611,House No. R-757,Street 16,FB Area,2,5,Commercial,Yumna Memon,Ejaz Tariq,Verified,Due,Issue Found,Paid,
6347,Neelam Hashmi,DEMO-KPT-6347,House No. CB-545,Street 21,FB Area,2,5,Commercial,Neelam Hashmi,Hashir Naqvi,Verified,Paid,Under Review,Due,
11249,Ihtisham Laghari,DEMO-KPT-11249,House No. CC-443,Street 22,FB Area,2,5,Commercial,Ihtisham Laghari,Hussnain Abro,Verified,Paid,Under Review,Due,
3296,Naseer Memon,DEMO-KPT-3296,House No. D-401,Street 23,FB Area,2,5,Commercial,Naseer Memon,Zulekha Farooq,Litigated,Paid,Under Review,Due,
4790,Rashida Wattoo,DEMO-KPT-4790,House No. BC-656,Street 23,FB Area,2,5,Commercial,Rashida Wattoo,Ashraf Pirzada,Verified,Due,Clear,Paid,
6415,Rafay Yousaf,DEMO-KPT-6415,House No. DD-627,Street 24,FB Area,2,5,Commercial,Rafay Yousaf,Haroon Saeed,Pending,Paid,Issue Found,Paid,
12867,Rida Chattha,DEMO-KPT-12867,House No. CC-842,Street 24,FB Area,2,5,Commercial,Rida Chattha,Mahira Riaz,Litigated,Due,Issue Found,Paid,
3299,Zubair Nadeem,DEMO-KPT-3299,House No. R-772,Street 25,FB Area,2,5,Commercial,Zubair Nadeem,Ashar Hinjra,Litigated,Due,Issue Found,Paid,
4784,Saima Iqbal,DEMO-KPT-4784,House No. DR-754,Street 25,FB Area,2,5,Commercial,Saima Iqbal,Amara Mangi,Litigated,Paid,Clear,Due,
4795,Kainat Jamali,DEMO-KPT-4795,House No. DB-471,Street 26,FB Area,2,5,Commercial,Kainat Jamali,Sikandar Ijaz,Litigated,Paid,Issue Found,Due,
7978,Riaz Lashari,DEMO-KPT-7978,House No. DD-512,Street 26,FB Area,2,5,Commercial,Riaz Lashari,Najma Pasha,Verified,Paid,Issue Found,Due,
7983,Beenish Soomro,DEMO-KPT-7983,House No. RC-807,Street 26,FB Area,2,5,Commercial,Beenish Soomro,Mohib Ansari,Litigated,Paid,Under Review,Due,
1552,Junaid Abbasi,DEMO-KPT-1552,House No. B-785,Street 28,FB Area,2,5,Commercial,Junaid Abbasi,Munib Abro,Litigated,Paid,Clear,Due,
1561,Aqsa Bashir,DEMO-KPT-1561,House No. C-659,Street 29,FB Area,2,5,Commercial,Aqsa Bashir,Sahrish Peerzada,Litigated,Due,Issue Found,Due,
9634,Shakeel Rafique,DEMO-KPT-9634,House No. RD-445,Street 1,FB Area,3,5,Commercial,Shakeel Rafique,Sufyan Bhurgri,Litigated,Paid,Issue Found,Paid,
14646,Hanif Unar,DEMO-KPT-14646,House No. BDC-740,Street 1,FB Area,3,5,Commercial,Hanif Unar,Tehmina Jafri,Verified,Paid,Under Review,Due,
12946,Mahir Marwat,DEMO-KPT-12946,House No. DR-789,Street 5,FB Area,3,5,Commercial,Mahir Marwat,Nayab Gondal,Pending,Due,Under Review,Due,
9677,Saleha Sahito,DEMO-KPT-9677,House No. BC-426,Street 7,FB Area,3,5,Commercial,Saleha Sahito,Marium Sandhu,Pending,Due,Issue Found,Paid,
12976,Marwa Rehman,DEMO-KPT-12976,House No. RR-866,Street 8,FB Area,3,5,Commercial,Marwa Rehman,Safa Sardar,Litigated,Due,Under Review,Paid,
3326,Tayyaba Sahito,DEMO-KPT-3326,House No. R-310,Street 12,FB Area,3,5,Commercial,Tayyaba Sahito,Nadia Bangash,Litigated,Paid,Under Review,Due,
6482,Khawar Malik,DEMO-KPT-6482,House No. CR-723,Street 12,FB Area,3,5,Commercial,Khawar Malik,Mirza Ghaffar,Pending,Paid,Clear,Paid,
16376,Anam Tareen,DEMO-KPT-16376,House No. BDR-869,Street 12,FB Area,3,5,Commercial,Anam Tareen,Lina Zaman,Litigated,Paid,Under Review,Due,
11342,Ghazala Dawood,DEMO-KPT-11342,House No. DB-573,Street 16,FB Area,3,5,Commercial,Ghazala Dawood,Qayyum Yaqoob,Verified,Paid,Under Review,Due,
1672,Fawad Warsi,DEMO-KPT-1672,House No. B-805,Street 17,FB Area,3,5,Commercial,Fawad Warsi,Parveen Mir,Litigated,Paid,Clear,Due,
11297,Kaneez Mahsud,DEMO-KPT-11297,House No. RB-409,Street 21,FB Area,3,5,Commercial,Kaneez Mahsud,Sumaira Mengal,Verified,Paid,Under Review,Due,
3344,Mubeen Shafiq,DEMO-KPT-3344,House No. D-490,Street 23,FB Area,3,5,Commercial,Mubeen Shafiq,Azhar Mir,Litigated,Due,Issue Found,Paid,
6446,Misbah Kakar,DEMO-KPT-6446,House No. RD-541,Street 23,FB Area,3,5,Commercial,Misbah Kakar,Irum Toor,Litigated,Paid,Under Review,Due,
11365,Saqib Toor,DEMO-KPT-11365,House No. DR-748,Street 24,FB Area,3,5,Commercial,Saqib Toor,Adnan Hinjra,Pending,Paid,Issue Found,Paid,
6455,Shakeel Tanoli,DEMO-KPT-6455,House No. BC-535,Street 25,FB Area,3,5,Commercial,Shakeel Tanoli,Nasrullah Mustafa,Pending,Due,Clear,Paid,
4840,Nouman Sindhi,DEMO-KPT-4840,House No. CD-710,Street 26,FB Area,3,5,Commercial,Nouman Sindhi,Saqib Farooq,Verified,Paid,Under Review,Due,
4908,Talha Laghari,DEMO-KPT-4908,House No. BC-655,Street 26,FB Area,3,5,Commercial,Talha Laghari,Saif Ghauri,Verified,Due,Under Review,Paid,
1651,Akram Raza,DEMO-KPT-1651,House No. C-356,Street 27,FB Area,3,5,Commercial,Akram Raza,Mansoor Hameed,Pending,Due,Under Review,Paid,
3352,Tasneem Chattha,DEMO-KPT-3352,House No. R-713,Street 28,FB Area,3,5,Commercial,Tasneem Chattha,Taimur Bashir,Litigated,Paid,Clear,Due,
14613,Zahida Bhittani,DEMO-KPT-14613,House No. DRC-601,Street 28,FB Area,3,5,Commercial,Zahida Bhittani,Ruqayya Latif,Litigated,Paid,Issue Found,Paid,
3404,Inaya Hinjra,DEMO-KPT-3404,House No. R-803,Street 1,FB Area,4,5,Commercial,Inaya Hinjra,Shayan Ghauri,Litigated,Due,Under Review,Paid,
1827,Farwa Nasar,DEMO-KPT-1827,House No. B-815,Street 2,FB Area,4,5,Commercial,Farwa Nasar,Sobia Usmani,Pending,Due,Under Review,Paid,
4977,Anum Mangi,DEMO-KPT-4977,House No. DC-742,Street 2,FB Area,4,5,Commercial,Anum Mangi,Numan Achakzai,Pending,Due,Under Review,Paid,
14703,Saad Chaudhry,DEMO-KPT-14703,House No. DCR-539,Street 8,FB Area,4,5,Commercial,Saad Chaudhry,Jalal Lashari,Pending,Paid,Under Review,Due,
4995,Arfa Kidwai,DEMO-KPT-4995,House No. BD-640,Street 19,FB Area,4,5,Commercial,Arfa Kidwai,Aisha Waheed,Litigated,Paid,Issue Found,Paid,
16420,Zia Bhurgri,DEMO-KPT-16420,House No. RBD-884,Street 21,FB Area,4,5,Commercial,Zia Bhurgri,Fayyaz Bhat,Pending,Paid,Clear,Due,
1799,Rohail Lodhi,DEMO-KPT-1799,House No. D-339,Street 22,FB Area,4,5,Commercial,Rohail Lodhi,Rauf Marri,Verified,Paid,Under Review,Due,
3440,Imran Malik,DEMO-KPT-3440,House No. D-809,Street 23,FB Area,4,5,Commercial,Imran Malik,Dilawar Qureshi,Verified,Due,Clear,Paid,
11444,Sahrish Zafar,DEMO-KPT-11444,House No. DR-497,Street 23,FB Area,4,5,Commercial,Sahrish Zafar,Abid Lak,Litigated,Due,Issue Found,Paid,
14690,Sheeba Ghani,DEMO-KPT-14690,House No. DRC-423,Street 23,FB Area,4,5,Commercial,Sheeba Ghani,Ayaz Toor,Verified,Due,Clear,Paid,
6564,Zaid Aslam,DEMO-KPT-6564,House No. RC-570,Street 25,FB Area,4,5,Commercial,Zaid Aslam,Bushra Qadri,Pending,Paid,Clear,Due,
9734,Ihtisham Hayat,DEMO-KPT-9734,House No. DD-309,Street 25,FB Area,4,5,Commercial,Ihtisham Hayat,Ubaid Nasar,Litigated,Paid,Clear,Due,
11405,Balaj Ghumman,DEMO-KPT-11405,House No. RC-378,Street 25,FB Area,4,5,Commercial,Balaj Ghumman,Zunaira Gilani,Pending,Due,Clear,Paid,
6595,Sadiq Unar,DEMO-KPT-6595,House No. DB-593,Street 26,FB Area,4,5,Commercial,Sadiq Unar,Shahroz Bettani,Litigated,Paid,Issue Found,Due,
16425,Obaid Hinjra,DEMO-KPT-16425,House No. DBR-469,Street 27,FB Area,4,5,Commercial,Obaid Hinjra,Sahil Mari,Verified,Due,Under Review,Due,
11452,Shamoon Raza,DEMO-KPT-11452,House No. RR-512,Street 28,FB Area,4,5,Commercial,Shamoon Raza,Taha Shakeel,Litigated,Paid,Clear,Due,
4984,Saira Bettani,DEMO-KPT-4984,House No. BD-451,Street 30,FB Area,4,5,Commercial,Saira Bettani,Tayyeb Farooqi,Verified,Paid,Issue Found,Due,
13084,Asim Mughal,DEMO-KPT-13084,House No. DB-777,Street 30,FB Area,4,5,Commercial,Asim Mughal,Babar Yasin,Verified,Paid,Issue Found,Due,
11496,Sharmeen Laghari,DEMO-KPT-11496,House No. CC-406,Street 1,FB Area,5,5,Commercial,Sharmeen Laghari,Samad Javed,Verified,Paid,Under Review,Due,
16500,Qayyum Khan,DEMO-KPT-16500,House No. CBR-418,Street 4,FB Area,5,5,Commercial,Qayyum Khan,Kamran Soomro,Litigated,Due,Clear,Due,
3496,Maira Lakhani,DEMO-KPT-3496,House No. C-499,Street 5,FB Area,5,5,Commercial,Maira Lakhani,Babar Dayo,Pending,Due,Under Review,Due,
9796,Irum Kayani,DEMO-KPT-9796,House No. RC-353,Street 5,FB Area,5,5,Commercial,Irum Kayani,Zeeshan Ilyas,Pending,Due,Under Review,Due,
11489,Momina Gilani,DEMO-KPT-11489,House No. BD-361,Street 5,FB Area,5,5,Commercial,Momina Gilani,Sami Rind,Verified,Paid,Clear,Paid,
9831,Raees Warsi,DEMO-KPT-9831,House No. CR-676,Street 6,FB Area,5,5,Commercial,Raees Warsi,Zawar Wattoo,Litigated,Due,Clear,Due,
16478,Kaneez Mirani,DEMO-KPT-16478,House No. DRB-516,Street 7,FB Area,5,5,Commercial,Kaneez Mirani,Masood Ansari,Litigated,Due,Clear,Paid,
9884,Aleena Yasin,DEMO-KPT-9884,House No. BC-405,Street 16,FB Area,5,5,Commercial,Aleena Yasin,Emaad Farooqi,Pending,Paid,Under Review,Paid,
3472,Maaz Rajput,DEMO-KPT-3472,House No. C-333,Street 17,FB Area,5,5,Commercial,Maaz Rajput,Zubia Ranjha,Litigated,Paid,Clear,Due,
9865,Shahab Joiya,DEMO-KPT-9865,House No. BD-812,Street 17,FB Area,5,5,Commercial,Shahab Joiya,Amjad Abro,Verified,Due,Under Review,Due,
5013,Zeeshan Swati,DEMO-KPT-5013,House No. RD-682,Street 18,FB Area,5,5,Commercial,Zeeshan Swati,Hafeez Bhurgri,Verified,Due,Issue Found,Due,
13174,Bakht Mengal,DEMO-KPT-13174,House No. RR-440,Street 18,FB Area,5,5,Commercial,Bakht Mengal,Qadir Khokhar,Litigated,Paid,Issue Found,Paid,
16507,Fiza Naseem,DEMO-KPT-16507,House No. RCD-746,Street 19,FB Area,5,5,Commercial,Fiza Naseem,Iffat Kharal,Litigated,Paid,Clear,Paid,
3467,Irfan Shafi,DEMO-KPT-3467,House No. R-325,Street 20,FB Area,5,5,Commercial,Irfan Shafi,Khurram Warraich,Verified,Due,Under Review,Due,
1915,Kaif Hussain,DEMO-KPT-1915,House No. R-355,Street 24,FB Area,5,5,Commercial,Kaif Hussain,Shahmeer Mirza,Pending,Paid,Issue Found,Paid,
14839,Shumaila Virk,DEMO-KPT-14839,House No. RBC-519,Street 24,FB Area,5,5,Commercial,Shumaila Virk,Pervaiz Panezai,Verified,Paid,Clear,Due,
16467,Shees Tanvir,DEMO-KPT-16467,House No. RBD-688,Street 24,FB Area,5,5,Commercial,Shees Tanvir,Muneeba Daudzai,Litigated,Due,Issue Found,Paid,
11463,Hoorain Umer,DEMO-KPT-11463,House No. BB-860,Street 28,FB Area,5,5,Commercial,Hoorain Umer,Zehra Sardar,Litigated,Paid,Issue Found,Paid,
1852,Naseer Korai,DEMO-KPT-1852,House No. D-708,Street 29,FB Area,5,5,Commercial,Naseer Korai,Rubab Wattoo,Pending,Paid,Clear,Due,
1893,Parveen Warsi,DEMO-KPT-1893,House No. D-597,Street 29,FB Area,5,5,Commercial,Parveen Warsi,Bahadur Jafri,Litigated,Paid,Issue Found,Paid,
9801,Mehwish Sheikh,DEMO-KPT-9801,House No. BC-665,Street 29,FB Area,5,5,Commercial,Mehwish Sheikh,Farwa Rajper,Pending,Paid,Under Review,Due,
5020,Obaid Rajper,DEMO-KPT-5020,House No. RD-878,Street 30,FB Area,5,5,Commercial,Obaid Rajper,Sikandar Akhtar,Litigated,Due,Under Review,Paid,
3545,Aisha Gilani,DEMO-KPT-3545,House No. C-620,Street 10,FB Area,6,5,Commercial,Aisha Gilani,Sikandar Shafiq,Litigated,Paid,Clear,Paid,
6695,Abubakar Ghumman,DEMO-KPT-6695,House No. BD-610,Street 10,FB Area,6,5,Commercial,Abubakar Ghumman,Hania Kharal,Litigated,Paid,Clear,Paid,
1976,Shabana Mehmood,DEMO-KPT-1976,House No. R-410,Street 12,FB Area,6,5,Commercial,Shabana Mehmood,Adil Dawood,Litigated,Paid,Under Review,Due,
5086,Mina Mughal,DEMO-KPT-5086,House No. RC-530,Street 12,FB Area,6,5,Commercial,Mina Mughal,Misbah Warraich,Verified,Paid,Under Review,Due,
8276,Osama Bettani,DEMO-KPT-8276,House No. BC-490,Street 12,FB Area,6,5,Commercial,Osama Bettani,Talat Anwar,Litigated,Paid,Under Review,Due,
13194,Zunaira Randhawa,DEMO-KPT-13194,House No. DR-549,Street 12,FB Area,6,5,Commercial,Zunaira Randhawa,Sabeen Ghani,Pending,Paid,Under Review,Paid,
13232,Zubia Mahar,DEMO-KPT-13232,House No. DD-478,Street 12,FB Area,6,5,Commercial,Zubia Mahar,Bakhtiar Bhat,Pending,Paid,Clear,Paid,
11563,Nawaz Ghazali,DEMO-KPT-11563,House No. RD-614,Street 13,FB Area,6,5,Commercial,Nawaz Ghazali,Khushbu Gill,Litigated,Due,Under Review,Due,
16522,Noman Qazi,DEMO-KPT-16522,House No. RBC-473,Street 17,FB Area,6,5,Commercial,Noman Qazi,Feryal Rehman,Litigated,Paid,Clear,Due,
13184,Maryum Marri,DEMO-KPT-13184,House No. CR-377,Street 18,FB Area,6,5,Commercial,Maryum Marri,Bahadur Achakzai,Verified,Paid,Under Review,Due,
6746,Nuzhat Mansoor,DEMO-KPT-6746,House No. RC-703,Street 19,FB Area,6,5,Commercial,Nuzhat Mansoor,Fareeha Swati,Litigated,Paid,Clear,Paid,
9947,Mirha Nasar,DEMO-KPT-9947,House No. DC-695,Street 21,FB Area,6,5,Commercial,Mirha Nasar,Faisal Leghari,Verified,Paid,Under Review,Due,
9974,Madiha Kidwai,DEMO-KPT-9974,House No. CC-674,Street 23,FB Area,6,5,Commercial,Madiha Kidwai,Adnan Mansoor,Verified,Due,Issue Found,Due,
13196,Fozia Wazir,DEMO-KPT-13196,House No. BB-500,Street 23,FB Area,6,5,Commercial,Fozia Wazir,Abid Abro,Litigated,Paid,Under Review,Due,
9889,Abubakar Afridi,DEMO-KPT-9889,House No. BR-734,Street 24,FB Area,6,5,Commercial,Abubakar Afridi,Sheeba Kamal,Verified,Paid,Clear,Due,
11514,Kaleemullah Latif,DEMO-KPT-11514,House No. RD-622,Street 25,FB Area,6,5,Commercial,Kaleemullah Latif,Ihtisham Shafiq,Pending,Paid,Clear,Due,
11583,Riaz Gill,DEMO-KPT-11583,House No. RD-773,Street 26,FB Area,6,5,Commercial,Riaz Gill,Hidayat Zia,Litigated,Paid,Under Review,Due,
13242,Sanam Lari,DEMO-KPT-13242,House No. DD-315,Street 26,FB Area,6,5,Commercial,Sanam Lari,Uzma Nadeem,Litigated,Paid,Clear,Due,
14868,Qamar Kasi,DEMO-KPT-14868,House No. DBC-420,Street 26,FB Area,6,5,Commercial,Qamar Kasi,Abid Nasar,Verified,Paid,Under Review,Paid,
16540,Malaika Qureshi,DEMO-KPT-16540,House No. CBR-672,Street 26,FB Area,6,5,Commercial,Malaika Qureshi,Yasmeen Shafiq,Verified,Paid,Under Review,Due,
2011,Zahra Mangi,DEMO-KPT-2011,House No. C-484,Street 29,FB Area,6,5,Commercial,Zahra Mangi,Noman Tanoli,Litigated,Due,Issue Found,Due,
5043,Abrar Usmani,DEMO-KPT-5043,House No. RR-327,Street 29,FB Area,6,5,Commercial,Abrar Usmani,Ishaq Khan,Litigated,Paid,Issue Found,Paid,
9952,Kaneez Usmani,DEMO-KPT-9952,House No. BD-730,Street 29,FB Area,6,5,Commercial,Kaneez Usmani,Jawad Hafeez,Pending,Paid,Clear,Due,
5134,Abeera Hoti,DEMO-KPT-5134,House No. DR-471,Street 1,FB Area,7,5,Commercial,Abeera Hoti,Sehar Janjua,Litigated,Paid,Issue Found,Paid,
11612,Mukhtar Randhawa,DEMO-KPT-11612,House No. CC-440,Street 2,FB Area,7,5,Commercial,Mukhtar Randhawa,Siddique Tahir,Verified,Due,Clear,Due,
5148,Nouman Haral,DEMO-KPT-5148,House No. DC-724,Street 3,FB Area,7,5,Commercial,Nouman Haral,Shabana Zaidi,Pending,Due,Clear,Paid,
13329,Saad Rashid,DEMO-KPT-13329,House No. BD-768,Street 3,FB Area,7,5,Commercial,Saad Rashid,Dania Cheema,Litigated,Paid,Under Review,Paid,
11596,Alizeh Tahir,DEMO-KPT-11596,House No. DD-564,Street 5,FB Area,7,5,Commercial,Alizeh Tahir,Kaleemullah Virk,Pending,Due,Under Review,Due,
13396,Zaid Qadir,DEMO-KPT-13396,House No. CB-787,Street 5,FB Area,7,5,Commercial,Zaid Qadir,Muhammad Popalzai,Pending,Due,Under Review,Due,
3752,Naila Bangash,DEMO-KPT-3752,House No. B-380,Street 12,FB Area,7,5,Commercial,Naila Bangash,Daniya Rind,Litigated,Paid,Under Review,Paid,
5094,Sajida Cheema,DEMO-KPT-5094,House No. CB-762,Street 12,FB Area,7,5,Commercial,Sajida Cheema,Jamil Zubair,Pending,Paid,Under Review,Paid,
3692,Arif Dahri,DEMO-KPT-3692,House No. C-301,Street 16,FB Area,7,5,Commercial,Arif Dahri,Muzammil Afridi,Verified,Paid,Under Review,Due,
2122,Sumaira Achakzai,DEMO-KPT-2122,House No. B-688,Street 17,FB Area,7,5,Commercial,Sumaira Achakzai,Nadir Ghauri,Litigated,Paid,Clear,Due,
14913,Marium Hafeez,DEMO-KPT-14913,House No. CBD-368,Street 18,FB Area,7,5,Commercial,Marium Hafeez,Fariha Hashmi,Verified,Due,Issue Found,Due,
10046,Humayun Baloch,DEMO-KPT-10046,House No. CB-816,Street 23,FB Area,7,5,Commercial,Humayun Baloch,Sharjeel Latif,Litigated,Paid,Under Review,Due,
14924,Nargis Hanif,DEMO-KPT-14924,House No. BCD-773,Street 23,FB Area,7,5,Commercial,Nargis Hanif,Lina Lari,Verified,Due,Issue Found,Due,
2067,Abeera Jadoon,DEMO-KPT-2067,House No. D-395,Street 24,FB Area,7,5,Commercial,Abeera Jadoon,Sonia Haral,Litigated,Due,Issue Found,Paid,
16639,Talal Sahito,DEMO-KPT-16639,House No. CDB-699,Street 24,FB Area,7,5,Commercial,Talal Sahito,Sami Junejo,Verified,Paid,Clear,Due,
2064,Sabahat Panhwar,DEMO-KPT-2064,House No. B-482,Street 25,FB Area,7,5,Commercial,Sabahat Panhwar,Qurat Tareen,Pending,Paid,Clear,Due,
8384,Zahra Alvi,DEMO-KPT-8384,House No. DD-379,Street 25,FB Area,7,5,Commercial,Zahra Alvi,Sohaib Mansoor,Litigated,Paid,Clear,Due,
6768,Javeria Laghari,DEMO-KPT-6768,House No. RC-639,Street 26,FB Area,7,5,Commercial,Javeria Laghari,Zubair Hafeez,Verified,Paid,Under Review,Paid,
8302,Aisha Wattoo,DEMO-KPT-8302,House No. RR-740,Street 28,FB Area,7,5,Commercial,Aisha Wattoo,Saima Joiya,Litigated,Paid,Clear,Due,
3784,Usman Ansari,DEMO-KPT-3784,House No. R-689,Street 1,FB Area,8,5,Commercial,Usman Ansari,Azan Gondal,Litigated,Paid,Issue Found,Paid,
3846,Nawal Kakar,DEMO-KPT-3846,House No. C-577,Street 1,FB Area,8,5,Commercial,Nawal Kakar,Salman Khattak,Verified,Paid,Under Review,Due,
10154,Umaima Yazdani,DEMO-KPT-10154,House No. RR-361,Street 1,FB Area,8,5,Commercial,Umaima Yazdani,Unaiza Hafeez,Litigated,Due,Under Review,Paid,
3798,Tayyaba Jaffri,DEMO-KPT-3798,House No. B-670,Street 3,FB Area,8,5,Commercial,Tayyaba Jaffri,Malaika Mari,Pending,Due,Clear,Paid,
8400,Wasim Nadeem,DEMO-KPT-8400,House No. RB-797,Street 4,FB Area,8,5,Commercial,Wasim Nadeem,Sameen Saif,Litigated,Due,Clear,Due,
10139,Raees Sipra,DEMO-KPT-10139,House No. RR-792,Street 5,FB Area,8,5,Commercial,Raees Sipra,Ikram Imran,Verified,Paid,Clear,Paid,
2183,Saqib Kalhoro,DEMO-KPT-2183,House No. B-424,Street 10,FB Area,8,5,Commercial,Saqib Kalhoro,Shabana Soomro,Verified,Paid,Under Review,Paid,
11710,Sonia Bukhari,DEMO-KPT-11710,House No. CR-409,Street 10,FB Area,8,5,Commercial,Sonia Bukhari,Huma Barakzai,Verified,Paid,Clear,Due,
13433,Mahrukh Nadeem,DEMO-KPT-13433,House No. DR-708,Street 10,FB Area,8,5,Commercial,Mahrukh Nadeem,Aqib Kamal,Verified,Paid,Under Review,Paid,
6886,Rubab Tareen,DEMO-KPT-6886,House No. CR-397,Street 12,FB Area,8,5,Commercial,Rubab Tareen,Nabeeha Gill,Verified,Paid,Under Review,Due,
16675,Hira Latif,DEMO-KPT-16675,House No. RDB-387,Street 12,FB Area,8,5,Commercial,Hira Latif,Yaqoob Rehman,Verified,Paid,Under Review,Due,
13472,Qayyum Hoti,DEMO-KPT-13472,House No. BRD-329,Street 16,FB Area,8,5,Commercial,Qayyum Hoti,Babar Dogar,Pending,Paid,Under Review,Due,
5272,Humayun Orakzai,DEMO-KPT-5272,House No. RD-750,Street 17,FB Area,8,5,Commercial,Humayun Orakzai,Alizeh Farooqi,Litigated,Paid,Clear,Due,
8388,Benazir Memon,DEMO-KPT-8388,House No. RB-610,Street 19,FB Area,8,5,Commercial,Benazir Memon,Shazia Lari,Verified,Paid,Clear,Paid,
11696,Imad Warsi,DEMO-KPT-11696,House No. CB-342,Street 19,FB Area,8,5,Commercial,Imad Warsi,Haleema Rehman,Litigated,Paid,Clear,Paid,
10120,Aqsa Baig,DEMO-KPT-10120,House No. BC-510,Street 21,FB Area,8,5,Commercial,Aqsa Baig,Shaheen Hussain,Pending,Paid,Clear,Due,
3794,Zahra Joiya,DEMO-KPT-3794,House No. B-827,Street 23,FB Area,8,5,Commercial,Zahra Joiya,Benazir Mohammadzai,Litigated,Due,Issue Found,Paid,
10094,Noaman Yasin,DEMO-KPT-10094,House No. CR-446,Street 23,FB Area,8,5,Commercial,Noaman Yasin,Shagufta Mirza,Litigated,Due,Issue Found,Paid,
5163,Imad Shakir,DEMO-KPT-5163,House No. BR-708,Street 28,FB Area,8,5,Commercial,Imad Shakir,Zainab Sahito,Litigated,Paid,Issue Found,Paid,
2200,Dua Qadir,DEMO-KPT-2200,House No. D-491,Street 29,FB Area,8,5,Commercial,Dua Qadir,Kaleem Usmani,Pending,Paid,Clear,Due,
16702,Kaleem Peerzada,DEMO-KPT-16702,House No. RBC-876,Street 29,FB Area,8,5,Commercial,Kaleem Peerzada,Masood Magsi,Pending,Paid,Clear,Due,
13527,Ubaid Rabbani,DEMO-KPT-13527,House No. DRB-788,Street 2,FB Area,9,5,Commercial,Ubaid Rabbani,Murtaza Zaidi,Pending,Due,Under Review,Paid,
6948,Warda Saleem,DEMO-KPT-6948,House No. CC-702,Street 3,FB Area,9,5,Commercial,Warda Saleem,Daniya Majeed,Pending,Due,Clear,Paid,
5296,Afreen Tarar,DEMO-KPT-5296,House No. CR-551,Street 5,FB Area,9,5,Commercial,Afreen Tarar,Manzoor Naqvi,Pending,Due,Under Review,Due,
11804,Shagufta Shafiq,DEMO-KPT-11804,House No. RR-896,Street 6,FB Area,9,5,Commercial,Shagufta Shafiq,Anum Bugti,Litigated,Due,Issue Found,Paid,
13604,Mubashir Lari,DEMO-KPT-13604,House No. RBC-818,Street 6,FB Area,9,5,Commercial,Mubashir Lari,Irum Mirani,Litigated,Due,Issue Found,Paid,
3903,Haseeb Hayat,DEMO-KPT-3903,House No. CC-494,Street 8,FB Area,9,5,Commercial,Haseeb Hayat,Rizwan Janjua,Pending,Paid,Under Review,Due,
5326,Nadeem Durrani,DEMO-KPT-5326,House No. RB-800,Street 8,FB Area,9,5,Commercial,Nadeem Durrani,Mehboob Orakzai,Litigated,Due,Under Review,Paid,
8495,Malaika Marri,DEMO-KPT-8495,House No. BB-372,Street 10,FB Area,9,5,Commercial,Malaika Marri,Sarmad Qureshi,Litigated,Paid,Clear,Paid,
8534,Aziz Aslam,DEMO-KPT-8534,House No. RB-389,Street 16,FB Area,9,5,Commercial,Aziz Aslam,Javaria Naseem,Pending,Paid,Under Review,Paid,
15050,Zarar Gabol,DEMO-KPT-15050,House No. BDR-302,Street 18,FB Area,9,5,Commercial,Zarar Gabol,Arooj Warraich,Litigated,Paid,Issue Found,Due,
3888,Hadiqa Bajwa,DEMO-KPT-3888,House No. CD-868,Street 19,FB Area,9,5,Commercial,Hadiqa Bajwa,Feroz Baig,Verified,Paid,Clear,Paid,
16796,Naureen Akhtar,DEMO-KPT-16796,House No. DRC-841,Street 23,FB Area,9,5,Commercial,Naureen Akhtar,Zara Virk,Litigated,Paid,Under Review,Due,
10251,Shahbaz Korai,DEMO-KPT-10251,House No. BR-881,Street 29,FB Area,9,5,Commercial,Shahbaz Korai,Akram Sohu,Pending,Paid,Under Review,Due,
11752,Maryum Zahid,DEMO-KPT-11752,House No. DR-487,Street 29,FB Area,9,5,Commercial,Maryum Zahid,Nihal Ilyas,Pending,Paid,Clear,Due,
11793,Mahir Mian,DEMO-KPT-11793,House No. CR-699,Street 29,FB Area,9,5,Commercial,Mahir Mian,Mahwish Shafiq,Litigated,Paid,Issue Found,Paid,
16896,Jibran Sindhi,DEMO-KPT-16896,House No. CDR-792,Street 1,FB Area,10,5,Commercial,Jibran Sindhi,Kaleemullah Tunio,Verified,Paid,Under Review,Due,
3962,Zafar Nasar,DEMO-KPT-3962,House No. CD-816,Street 2,FB Area,10,5,Commercial,Zafar Nasar,Saira Mangi,Verified,Due,Clear,Due,
3946,Nashra Hafeez,DEMO-KPT-3946,House No. BD-778,Street 5,FB Area,10,5,Commercial,Nashra Hafeez,Sabika Gondal,Pending,Due,Under Review,Due,
10276,Kanwal Mansoor,DEMO-KPT-10276,House No. DB-606,Street 8,FB Area,10,5,Commercial,Kanwal Mansoor,Arfa Shaikh,Litigated,Due,Under Review,Paid,
15174,Arfa Naqvi,DEMO-KPT-15174,House No. RDB-730,Street 15,FB Area,10,5,Commercial,Arfa Naqvi,Adnan Javed,Pending,Due,Under Review,Due,
10315,Aziz Afridi,DEMO-KPT-10315,House No. RB-710,Street 17,FB Area,10,5,Commercial,Aziz Afridi,Haleema Sindhi,Verified,Due,Under Review,Due,
11834,Sahar Kazmi,DEMO-KPT-11834,House No. RC-832,Street 18,FB Area,10,5,Commercial,Sahar Kazmi,Amir Orakzai,Verified,Paid,Under Review,Due,
2297,Ayeza Bhatti,DEMO-KPT-2297,House No. D-313,Street 21,FB Area,10,5,Commercial,Ayeza Bhatti,Ahsan Shafiq,Verified,Paid,Under Review,Due,
11849,Usman Lak,DEMO-KPT-11849,House No. RC-380,Street 25,FB Area,10,5,Commercial,Usman Lak,Mahad Javed,Litigated,Due,Issue Found,Paid,
13655,Mahad Bashir,DEMO-KPT-13655,House No. CRD-826,Street 25,FB Area,10,5,Commercial,Mahad Bashir,Jazib Cheema,Pending,Due,Clear,Paid,
3928,Farzana Sipra,DEMO-KPT-3928,House No. CR-757,Street 26,FB Area,10,5,Commercial,Farzana Sipra,Anwar Rabbani,Verified,Paid,Issue Found,Due,
5452,Bakhtawar Bhutto,DEMO-KPT-5452,House No. DD-623,Street 29,FB Area,10,5,Commercial,Bakhtawar Bhutto,Bahadur Lak,Pending,Paid,Clear,Due,
5434,Rukhsana Khuhro,DEMO-KPT-5434,House No. CC-501,Street 30,FB Area,10,5,Commercial,Rukhsana Khuhro,Haziq Mohammadzai,Verified,Paid,Issue Found,Due,
8584,Nuzhat Khosa,DEMO-KPT-8584,House No. CR-309,Street 30,FB Area,10,5,Commercial,Nuzhat Khosa,Arsalan Cheema,Verified,Paid,Issue Found,Due,
10388,Bilal Shakir,DEMO-KPT-10388,House No. BD-725,Street 10,FB Area,11,5,Commercial,Bilal Shakir,Nasreen Bettani,Verified,Paid,Issue Found,Due,
15325,Yusra Mahar,DEMO-KPT-15325,House No. RBC-349,Street 12,FB Area,11,5,Commercial,Yusra Mahar,Manzoor Farooqi,Verified,Paid,Under Review,Due,
5487,Riaz Abbasi,DEMO-KPT-5487,House No. DC-306,Street 15,FB Area,11,5,Commercial,Riaz Abbasi,Salma Soomro,Pending,Paid,Issue Found,Paid,
4022,Sahrish Warsi,DEMO-KPT-4022,House No. RC-696,Street 16,FB Area,11,5,Commercial,Sahrish Warsi,Sabeen Ijaz,Pending,Paid,Under Review,Due,
5492,Maryam Ghumman,DEMO-KPT-5492,House No. DB-516,Street 16,FB Area,11,5,Commercial,Maryam Ghumman,Arbaz Wani,Verified,Paid,Under Review,Due,
8674,Ali Yazdani,DEMO-KPT-8674,House No. RB-346,Street 18,FB Area,11,5,Commercial,Ali Yazdani,Ayesha Orakzai,Litigated,Paid,Issue Found,Paid,
13720,Saher Gakhar,DEMO-KPT-13720,House No. DCR-302,Street 21,FB Area,11,5,Commercial,Saher Gakhar,Aneeqa Hafeez,Pending,Paid,Clear,Due,
16940,Musa Ghauri,DEMO-KPT-16940,House No. DRC-544,Street 23,FB Area,11,5,Commercial,Musa Ghauri,Sajida Pasha,Verified,Due,Clear,Paid,
7034,Abrar Rashid,DEMO-KPT-7034,House No. RD-327,Street 25,FB Area,11,5,Commercial,Abrar Rashid,Ubaid Tariq,Litigated,Paid,Clear,Due,
16945,Neelam Kamboh,DEMO-KPT-16945,House No. BRC-684,Street 26,FB Area,11,5,Commercial,Neelam Kamboh,Riaz Chattha,Litigated,Paid,Issue Found,Due,
2452,Zaynab Ghazali,DEMO-KPT-2452,House No. B-780,Street 28,FB Area,11,5,Commercial,Zaynab Ghazali,Hashir Mangi,Litigated,Paid,Clear,Due,
11913,Alina Lughmani,DEMO-KPT-11913,House No. DR-756,Street 28,FB Area,11,5,Commercial,Alina Lughmani,Mashal Kayani,Litigated,Paid,Issue Found,Paid,
8643,Mukhtar Mengal,DEMO-KPT-8643,House No. BB-514,Street 29,FB Area,11,5,Commercial,Mukhtar Mengal,Maryum Haral,Litigated,Paid,Issue Found,Paid,
5470,Shamim Zaidi,DEMO-KPT-5470,House No. CC-382,Street 30,FB Area,11,5,Commercial,Shamim Zaidi,Naureen Naqvi,Litigated,Due,Under Review,Paid,
2529,Shahzad Dogar,DEMO-KPT-2529,House No. R-421,Street 3,FB Area,12,5,Commercial,Shahzad Dogar,Tamkeen Wazir,Litigated,Paid,Under Review,Paid,
5598,Hamza Ghaffar,DEMO-KPT-5598,House No. DR-629,Street 3,FB Area,12,5,Commercial,Hamza Ghaffar,Afreen Qureshi,Pending,Due,Clear,Paid,
2550,Bilawal Majeed,DEMO-KPT-2550,House No. C-358,Street 4,FB Area,12,5,Commercial,Bilawal Majeed,Muneeba Noor,Litigated,Due,Clear,Due,
7053,Aftab Siddiqui,DEMO-KPT-7053,House No. BC-848,Street 8,FB Area,12,5,Commercial,Aftab Siddiqui,Marwa Butt,Pending,Paid,Under Review,Due,
7133,Iqra Achakzai,DEMO-KPT-7133,House No. DR-470,Street 10,FB Area,12,5,Commercial,Iqra Achakzai,Ismail Zaman,Verified,Paid,Under Review,Paid,
5605,Sharmeen Durrani,DEMO-KPT-5605,House No. CC-591,Street 11,FB Area,12,5,Commercial,Sharmeen Durrani,Esha Sindhi,Verified,Due,Under Review,Paid,
15444,Feryal Yousaf,DEMO-KPT-15444,House No. CDB-618,Street 12,FB Area,12,5,Commercial,Feryal Yousaf,Shabbir Hafeez,Pending,Paid,Under Review,Paid,
12022,Shabana Mian,DEMO-KPT-12022,House No. DB-616,Street 17,FB Area,12,5,Commercial,Shabana Mian,Saher Zahid,Litigated,Paid,Clear,Due,
8750,Akram Mengal,DEMO-KPT-8750,House No. BR-648,Street 18,FB Area,12,5,Commercial,Akram Mengal,Abid Nawaz,Litigated,Paid,Issue Found,Due,
10484,Manzoor Wazir,DEMO-KPT-10484,House No. CB-314,Street 18,FB Area,12,5,Commercial,Manzoor Wazir,Arif Rabbani,Verified,Paid,Under Review,Due,
15363,Farooq Bhat,DEMO-KPT-15363,House No. CDB-509,Street 18,FB Area,12,5,Commercial,Farooq Bhat,Ajmal Khokhar,Verified,Due,Issue Found,Due,
4095,Taimoor Khokhar,DEMO-KPT-4095,House No. RB-530,Street 19,FB Area,12,5,Commercial,Taimoor Khokhar,Yahya Pirzada,Litigated,Paid,Issue Found,Paid,
2517,Tauseef Toor,DEMO-KPT-2517,House No. B-390,Street 24,FB Area,12,5,Commercial,Tauseef Toor,Sameen Tarar,Litigated,Due,Issue Found,Paid,
13767,Zakir Raza,DEMO-KPT-13767,House No. DCR-333,Street 24,FB Area,12,5,Commercial,Zakir Raza,Sanam Baig,Litigated,Due,Issue Found,Paid,
5555,Zahra Afridi,DEMO-KPT-5555,House No. BB-556,Street 25,FB Area,12,5,Commercial,Zahra Afridi,Riaz Panhwar,Pending,Due,Clear,Paid,
8775,Tahseen Saleem,DEMO-KPT-8775,House No. BB-456,Street 27,FB Area,12,5,Commercial,Tahseen Saleem,Ayla Naseem,Verified,Due,Under Review,Due,
4102,Raheela Mughal,DEMO-KPT-4102,House No. CD-798,Street 29,FB Area,12,5,Commercial,Raheela Mughal,Asma Yasin,Pending,Paid,Clear,Due,
10402,Benazir Kamal,DEMO-KPT-10402,House No. BB-866,Street 29,FB Area,12,5,Commercial,Benazir Kamal,Salman Sultan,Pending,Paid,Clear,Due,
15393,Hafiz Khokhar,DEMO-KPT-15393,House No. DBC-896,Street 29,FB Area,12,5,Commercial,Hafiz Khokhar,Balaj Sadiq,Litigated,Paid,Issue Found,Paid,
15498,Ghulam Sabri,DEMO-KPT-15498,House No. DCR-740,Street 3,FB Area,13,5,Commercial,Ghulam Sabri,Samad Mirani,Pending,Due,Clear,Paid,
13846,Azka Hafeez,DEMO-KPT-13846,House No. CBR-550,Street 5,FB Area,13,5,Commercial,Azka Hafeez,Nafisa Korai,Pending,Due,Under Review,Due,
7210,Sundas Abro,DEMO-KPT-7210,House No. DC-348,Street 10,FB Area,13,5,Commercial,Sundas Abro,Ayaz Kayani,Verified,Paid,Clear,Due,
5661,Yumna Sial,DEMO-KPT-5661,House No. BB-760,Street 16,FB Area,13,5,Commercial,Yumna Sial,Zahid Soomro,Verified,Due,Issue Found,Paid,
4174,Zeeshan Orakzai,DEMO-KPT-4174,House No. BC-687,Street 18,FB Area,13,5,Commercial,Zeeshan Orakzai,Mahnaz Rashid,Litigated,Paid,Issue Found,Paid,
10550,Sahar Warraich,DEMO-KPT-10550,House No. RB-637,Street 18,FB Area,13,5,Commercial,Sahar Warraich,Ahmed Mahar,Litigated,Paid,Issue Found,Due,
5688,Rashida Unar,DEMO-KPT-5688,House No. DD-365,Street 19,FB Area,13,5,Commercial,Rashida Unar,Mohsin Marwat,Verified,Paid,Clear,Paid,
8838,Mansoor Sahito,DEMO-KPT-8838,House No. BC-642,Street 19,FB Area,13,5,Commercial,Mansoor Sahito,Huma Swati,Verified,Paid,Clear,Paid,
7218,Rehan Shah,DEMO-KPT-7218,House No. BB-885,Street 26,FB Area,13,5,Commercial,Rehan Shah,Aqib Bangash,Verified,Paid,Under Review,Paid,
13833,Aftab Hanif,DEMO-KPT-13833,House No. CRB-742,Street 26,FB Area,13,5,Commercial,Aftab Hanif,Noman Hayat,Litigated,Paid,Under Review,Due,
10575,Masood Kiani,DEMO-KPT-10575,House No. BD-708,Street 27,FB Area,13,5,Commercial,Masood Kiani,Arfa Mian,Verified,Due,Under Review,Due,
13801,Sania Kakar,DEMO-KPT-13801,House No. CDB-728,Street 27,FB Area,13,5,Commercial,Sania Kakar,Junaid Latif,Pending,Due,Under Review,Paid,
12100,Zehra Jaffri,DEMO-KPT-12100,House No. CR-872,Street 29,FB Area,13,5,Commercial,Zehra Jaffri,Amal Nadeem,Pending,Paid,Clear,Due,
15511,Rayyan Rafique,DEMO-KPT-15511,House No. RCD-744,Street 29,FB Area,13,5,Commercial,Rayyan Rafique,Zamzam Rashid,Litigated,Due,Issue Found,Due,
4234,Iram Mohmand,DEMO-KPT-4234,House No. DC-664,Street 1,FB Area,14,5,Commercial,Iram Mohmand,Maqsood Shakir,Litigated,Paid,Issue Found,Paid,
10629,Sami Pasha,DEMO-KPT-10629,House No. RB-535,Street 3,FB Area,14,5,Commercial,Sami Pasha,Dania Saleem,Litigated,Paid,Under Review,Paid,
10589,Adeel Chaudhry,DEMO-KPT-10589,House No. DC-891,Street 5,FB Area,14,5,Commercial,Adeel Chaudhry,Anam Siddiqui,Verified,Paid,Clear,Paid,
5781,Izhar Waheed,DEMO-KPT-5781,House No. BB-857,Street 6,FB Area,14,5,Commercial,Izhar Waheed,Ali Hussain,Litigated,Due,Clear,Due,
13876,Zulfiqar Sindhi,DEMO-KPT-13876,House No. CBD-626,Street 8,FB Area,14,5,Commercial,Zulfiqar Sindhi,Ahad Gondal,Litigated,Due,Under Review,Paid,
15624,Asra Ghani,DEMO-KPT-15624,House No. DCR-542,Street 15,FB Area,14,5,Commercial,Asra Ghani,Zuha Ghaffar,Pending,Due,Under Review,Due,
10611,Hanzala Ghazali,DEMO-KPT-10611,House No. RR-328,Street 16,FB Area,14,5,Commercial,Hanzala Ghazali,Shahida Parvez,Verified,Due,Issue Found,Paid,
12211,Yasir Latif,DEMO-KPT-12211,House No. BB-442,Street 16,FB Area,14,5,Commercial,Yasir Latif,Sabeen Tarar,Pending,Due,Under Review,Paid,
13922,Iqbal Mirza,DEMO-KPT-13922,House No. CRD-323,Street 16,FB Area,14,5,Commercial,Iqbal Mirza,Fozia Afridi,Pending,Paid,Under Review,Due,
5722,Mehak Jadoon,DEMO-KPT-5722,House No. DD-546,Street 17,FB Area,14,5,Commercial,Mehak Jadoon,Nawal Siddiqui,Litigated,Paid,Clear,Due,
2728,Fayyaz Toor,DEMO-KPT-2728,House No. D-797,Street 23,FB Area,14,5,Commercial,Fayyaz Toor,Sonia Wani,Verified,Paid,Clear,Paid,
10634,Irfan Bugti,DEMO-KPT-10634,House No. DR-403,Street 25,FB Area,14,5,Commercial,Irfan Bugti,Abeera Sindhi,Litigated,Paid,Clear,Due,
8890,Mohib Yazdani,DEMO-KPT-8890,House No. DB-874,Street 26,FB Area,14,5,Commercial,Mohib Yazdani,Aleena Toor,Verified,Paid,Under Review,Due,
10645,Qudrat Shaikh,DEMO-KPT-10645,House No. CR-730,Street 26,FB Area,14,5,Commercial,Qudrat Shaikh,Tasneem Kiani,Litigated,Paid,Issue Found,Due,
15595,Nasrullah Samo,DEMO-KPT-15595,House No. RCD-663,Street 26,FB Area,14,5,Commercial,Nasrullah Samo,Urooj Rajput,Litigated,Paid,Issue Found,Due,
7252,Hussnain Rehman,DEMO-KPT-7252,House No. CC-485,Street 29,FB Area,14,5,Commercial,Hussnain Rehman,Arooj Rana,Pending,Paid,Clear,Due,
4304,Zartaj Rizvi,DEMO-KPT-4304,House No. RC-464,Street 1,FB Area,15,5,Commercial,Zartaj Rizvi,Hamza Durrani,Litigated,Due,Under Review,Paid,
12288,Mehwish Gabol,DEMO-KPT-12288,House No. RD-826,Street 3,FB Area,15,5,Commercial,Mehwish Gabol,Shehzad Niazi,Pending,Paid,Under Review,Paid,
13988,Sabih Naqvi,DEMO-KPT-13988,House No. BDR-870,Street 10,FB Area,15,5,Commercial,Sabih Naqvi,Mehrunnisa Rehman,Verified,Paid,Issue Found,Due,
7376,Ihtisham Riaz,DEMO-KPT-7376,House No. RD-399,Street 12,FB Area,15,5,Commercial,Ihtisham Riaz,Malaika Bangash,Litigated,Paid,Under Review,Due,
8984,Marium Bilgrami,DEMO-KPT-8984,House No. DB-435,Street 16,FB Area,15,5,Commercial,Marium Bilgrami,Asma Panezai,Pending,Paid,Under Review,Paid,
10772,Ayesha Rabbani,DEMO-KPT-10772,House No. DC-877,Street 16,FB Area,15,5,Commercial,Ayesha Rabbani,Nadia Samo,Pending,Paid,Under Review,Due,
10672,Ubaid Iqbal,DEMO-KPT-10672,House No. CR-630,Street 17,FB Area,15,5,Commercial,Ubaid Iqbal,Arisha Tunio,Litigated,Paid,Clear,Due,
15746,Yahya Sheikh,DEMO-KPT-15746,House No. BDR-541,Street 19,FB Area,15,5,Commercial,Yahya Sheikh,Mashal Haral,Litigated,Paid,Clear,Paid,
4378,Sidrah Yousafzai,DEMO-KPT-4378,House No. DD-337,Street 26,FB Area,15,5,Commercial,Sidrah Yousafzai,Rida Dahri,Verified,Paid,Issue Found,Due,
8958,Abbas Rafique,DEMO-KPT-8958,House No. BC-796,Street 26,FB Area,15,5,Commercial,Abbas Rafique,Sara Saif,Verified,Due,Under Review,Paid,
13968,Aryan Gondal,DEMO-KPT-13968,House No. CBD-302,Street 26,FB Area,15,5,Commercial,Aryan Gondal,Sagheer Majeed,Verified,Paid,Under Review,Paid,
2793,Ehsan Mehmood,DEMO-KPT-2793,House No. D-615,Street 29,FB Area,15,5,Commercial,Ehsan Mehmood,Hasnain Zia,Litigated,Paid,Issue Found,Paid,
5800,Numan Gill,DEMO-KPT-5800,House No. CB-350,Street 29,FB Area,15,5,Commercial,Numan Gill,Kaleemullah Zafar,Pending,Paid,Clear,Due,
12220,Qamar Junejo,DEMO-KPT-12220,House No. CB-452,Street 30,FB Area,15,5,Commercial,Qamar Junejo,Aun Hussain,Litigated,Due,Under Review,Paid,
12348,Fariha Rehman,DEMO-KPT-12348,House No. BR-580,Street 3,FB Area,16,5,Commercial,Fariha Rehman,Rustam Malik,Pending,Due,Clear,Paid,
7546,Ashar Dayo,DEMO-KPT-7546,House No. DD-432,Street 5,FB Area,16,5,Commercial,Ashar Dayo,Adeel Nadeem,Pending,Due,Under Review,Due,
4431,Afzal Khalid,DEMO-KPT-4431,House No. CR-852,Street 6,FB Area,16,5,Commercial,Afzal Khalid,Umaima Tanoli,Litigated,Due,Clear,Due,
7513,Ismail Tanvir,DEMO-KPT-7513,House No. BB-854,Street 13,FB Area,16,5,Commercial,Ismail Tanvir,Noreen Ijaz,Litigated,Due,Under Review,Due,
7524,Sameen Dayo,DEMO-KPT-7524,House No. CB-653,Street 15,FB Area,16,5,Commercial,Sameen Dayo,Areeba Sindhi,Pending,Due,Under Review,Due,
5911,Sumaira Warsi,DEMO-KPT-5911,House No. DD-800,Street 16,FB Area,16,5,Commercial,Sumaira Warsi,Samra Lodhi,Pending,Due,Under Review,Paid,
5942,Zaheer Afridi,DEMO-KPT-5942,House No. RR-449,Street 16,FB Area,16,5,Commercial,Zaheer Afridi,Ammar Kidwai,Verified,Paid,Under Review,Due,
7488,Imtiaz Sohu,DEMO-KPT-7488,House No. CB-625,Street 19,FB Area,16,5,Commercial,Imtiaz Sohu,Aleeza Randhawa,Verified,Paid,Clear,Paid,
15797,Rahim Magsi,DEMO-KPT-15797,House No. CRD-326,Street 21,FB Area,16,5,Commercial,Rahim Magsi,Farooq Shinwari,Verified,Paid,Under Review,Due,
10789,Komal Palijo,DEMO-KPT-10789,House No. CR-707,Street 24,FB Area,16,5,Commercial,Komal Palijo,Batool Rafique,Verified,Paid,Clear,Due,
10818,Sabahat Junejo,DEMO-KPT-10818,House No. RR-789,Street 26,FB Area,16,5,Commercial,Sabahat Junejo,Sikandar Parvez,Verified,Paid,Under Review,Paid,
4401,Haleema Butt,DEMO-KPT-4401,House No. BR-803,Street 29,FB Area,16,5,Commercial,Haleema Butt,Sarmad Bhatti,Pending,Paid,Under Review,Due,
4450,Bilquis Dayo,DEMO-KPT-4450,House No. BD-447,Street 29,FB Area,16,5,Commercial,Bilquis Dayo,Zulekha Korai,Pending,Paid,Clear,Due,
12404,Hussain Junejo,DEMO-KPT-12404,House No. RR-686,Street 1,FB Area,17,5,Commercial,Hussain Junejo,Sami Dahri,Litigated,Due,Under Review,Paid,
12390,Qamar Rajput,DEMO-KPT-12390,House No. BB-595,Street 6,FB Area,17,5,Commercial,Qamar Rajput,Zaib Panhwar,Pending,Due,Issue Found,Paid,
9092,Qayyum Malik,DEMO-KPT-9092,House No. RC-386,Street 16,FB Area,17,5,Commercial,Qayyum Malik,Mohib Mohammadzai,Verified,Paid,Under Review,Due,
10861,Zoya Bashir,DEMO-KPT-10861,House No. BR-416,Street 16,FB Area,17,5,Commercial,Zoya Bashir,Mansha Turk,Pending,Due,Under Review,Paid,
10845,Nashra Nadeem,DEMO-KPT-10845,House No. DB-863,Street 19,FB Area,17,5,Commercial,Nashra Nadeem,Mubeen Warsi,Litigated,Paid,Issue Found,Paid,
12370,Yasmeen Jogezai,DEMO-KPT-12370,House No. CC-498,Street 21,FB Area,17,5,Commercial,Yasmeen Jogezai,Lubna Saleem,Pending,Paid,Clear,Due,
2894,Sonia Ghazali,DEMO-KPT-2894,House No. C-662,Street 23,FB Area,17,5,Commercial,Sonia Ghazali,Aleeza Tanvir,Litigated,Due,Issue Found,Paid,
5996,Emaan Shakir,DEMO-KPT-5996,House No. BB-504,Street 23,FB Area,17,5,Commercial,Emaan Shakir,Mirha Dayo,Litigated,Paid,Under Review,Due,
14144,Amal Kakar,DEMO-KPT-14144,House No. DCB-336,Street 23,FB Area,17,5,Commercial,Amal Kakar,Kamil Jaffri,Litigated,Due,Issue Found,Paid,
5970,Shahzadi Mirani,DEMO-KPT-5970,House No. CB-571,Street 25,FB Area,17,5,Commercial,Shahzadi Mirani,Arfa Qadri,Pending,Due,Under Review,Paid,
9120,Bashir Bugti,DEMO-KPT-9120,House No. RC-443,Street 25,FB Area,17,5,Commercial,Bashir Bugti,Wajiha Ahmed,Pending,Due,Under Review,Paid,
14204,Arbaz Kharal,DEMO-KPT-14204,House No. RCD-871,Street 1,FB Area,18,5,Commercial,Arbaz Kharal,Sajida Tanoli,Litigated,Due,Under Review,Paid,
14148,Samad Abro,DEMO-KPT-14148,House No. DBR-464,Street 3,FB Area,18,5,Commercial,Samad Abro,Tehmina Zubairi,Pending,Due,Clear,Paid,
6055,Zubair Jadoon,DEMO-KPT-6055,House No. CC-418,Street 11,FB Area,18,5,Commercial,Zubair Jadoon,Noman Chattha,Verified,Due,Under Review,Paid,
9205,Naveed Anwar,DEMO-KPT-9205,House No. RD-744,Street 11,FB Area,18,5,Commercial,Naveed Anwar,Shabana Achakzai,Verified,Due,Under Review,Paid,
15926,Nasreen Hayat,DEMO-KPT-15926,House No. DRC-581,Street 12,FB Area,18,5,Commercial,Nasreen Hayat,Shees Wazir,Litigated,Paid,Under Review,Due,
7615,Yawar Rabbani,DEMO-KPT-7615,House No. CR-725,Street 17,FB Area,18,5,Commercial,Yawar Rabbani,Ikram Warraich,Verified,Due,Under Review,Due,
4563,Tayyaba Kasi,DEMO-KPT-4563,House No. RB-672,Street 18,FB Area,18,5,Commercial,Tayyaba Kasi,Numan Saif,Verified,Due,Issue Found,Due,
12457,Fayyaz Riaz,DEMO-KPT-12457,House No. CR-674,Street 19,FB Area,18,5,Commercial,Fayyaz Riaz,Nadia Butt,Litigated,Paid,Clear,Paid,
7649,Kashaf Rafique,DEMO-KPT-7649,House No. DC-540,Street 22,FB Area,18,5,Commercial,Kashaf Rafique,Ahmed Tarar,Verified,Paid,Under Review,Due,
10915,Parvez Bhutto,DEMO-KPT-10915,House No. RC-481,Street 24,FB Area,18,5,Commercial,Parvez Bhutto,Israr Popalzai,Pending,Paid,Issue Found,Paid,
2964,Mahrukh Alvi,DEMO-KPT-2964,House No. R-448,Street 25,FB Area,18,5,Commercial,Mahrukh Alvi,Sajida Mansoor,Pending,Paid,Clear,Due,
7720,Akif Popalzai,DEMO-KPT-7720,House No. CD-851,Street 30,FB Area,18,5,Commercial,Akif Popalzai,Musa Bhatti,Litigated,Due,Under Review,Paid,
10984,Tahreem Gabol,DEMO-KPT-10984,House No. BB-657,Street 1,FB Area,19,5,Commercial,Tahreem Gabol,Rahim Mengal,Litigated,Paid,Issue Found,Paid,
12512,Nigar Ghauri,DEMO-KPT-12512,House No. BD-344,Street 2,FB Area,19,5,Commercial,Nigar Ghauri,Aamir Mustafa,Verified,Due,Clear,Due,
6196,Rimsha Warsi,DEMO-KPT-6196,House No. DC-622,Street 5,FB Area,19,5,Commercial,Rimsha Warsi,Hoor Daudzai,Pending,Due,Under Review,Due,
4604,Dua Shafi,DEMO-KPT-4604,House No. CD-436,Street 6,FB Area,19,5,Commercial,Dua Shafi,Yasir Ilyas,Litigated,Due,Issue Found,Paid,
9303,Malaika Ahmed,DEMO-KPT-9303,House No. RB-834,Street 8,FB Area,19,5,Commercial,Malaika Ahmed,Afzal Gandapur,Pending,Paid,Under Review,Due,
11005,Warda Naqvi,DEMO-KPT-11005,House No. DR-420,Street 11,FB Area,19,5,Commercial,Warda Naqvi,Momina Tariq,Verified,Due,Under Review,Paid,
4587,Shoaib Dahri,DEMO-KPT-4587,House No. CD-512,Street 15,FB Area,19,5,Commercial,Shoaib Dahri,Ruqayya Kazmi,Pending,Paid,Issue Found,Paid,
12584,Waqar Ghauri,DEMO-KPT-12584,House No. RR-430,Street 16,FB Area,19,5,Commercial,Waqar Ghauri,Arooj Noor,Pending,Paid,Under Review,Paid,
3022,Sharjeel Zardari,DEMO-KPT-3022,House No. R-766,Street 17,FB Area,19,5,Commercial,Sharjeel Zardari,Talha Lughmani,Litigated,Paid,Clear,Due,
3017,Vaqar Jadoon,DEMO-KPT-3017,House No. C-804,Street 20,FB Area,19,5,Commercial,Vaqar Jadoon,Safa Dreshak,Verified,Due,Under Review,Due,
6167,Shahbaz Mengal,DEMO-KPT-6167,House No. RC-374,Street 20,FB Area,19,5,Commercial,Shahbaz Mengal,Palwasha Lodhi,Verified,Due,Under Review,Due,
14267,Ehsan Dar,DEMO-KPT-14267,House No. BDR-417,Street 20,FB Area,19,5,Commercial,Ehsan Dar,Fabiha Zardari,Verified,Due,Under Review,Due,
4574,Anila Zubair,DEMO-KPT-4574,House No. BD-741,Street 23,FB Area,19,5,Commercial,Anila Zubair,Rehan Shafiq,Verified,Due,Issue Found,Due,
10994,Asim Saeed,DEMO-KPT-10994,House No. DR-435,Street 23,FB Area,19,5,Commercial,Asim Saeed,Shahida Javed,Litigated,Due,Issue Found,Paid,
7765,Sania Gill,DEMO-KPT-7765,House No. RR-619,Street 24,FB Area,19,5,Commercial,Sania Gill,Mahrukh Jamali,Pending,Paid,Issue Found,Paid,
9267,Shahab Lak,DEMO-KPT-9267,House No. BB-727,Street 24,FB Area,19,5,Commercial,Shahab Lak,Ghulam Niazi,Litigated,Due,Issue Found,Paid,
7770,Tooba Unar,DEMO-KPT-7770,House No. BD-823,Street 25,FB Area,19,5,Commercial,Tooba Unar,Lubna Bukhari,Pending,Due,Under Review,Paid,
14234,Mahir Shaikh,DEMO-KPT-14234,House No. CRD-603,Street 25,FB Area,19,5,Commercial,Mahir Shaikh,Rubab Ghazali,Litigated,Paid,Clear,Due,
6183,Qurat Nadeem,DEMO-KPT-6183,House No. BC-407,Street 26,FB Area,19,5,Commercial,Qurat Nadeem,Aamir Khalid,Litigated,Paid,Under Review,Due,
14278,Hira Butt,DEMO-KPT-14278,House No. DRB-623,Street 26,FB Area,19,5,Commercial,Hira Butt,Hanzala Yousaf,Verified,Paid,Issue Found,Due,
15963,Awais Wani,DEMO-KPT-15963,House No. DBC-763,Street 28,FB Area,19,5,Commercial,Awais Wani,Neelam Ijaz,Litigated,Paid,Issue Found,Paid,
7743,Rubab Mari,DEMO-KPT-7743,House No. BC-522,Street 29,FB Area,19,5,Commercial,Rubab Mari,Bakht Baig,Litigated,Paid,Issue Found,Paid,
11011,Daniya Orakzai,DEMO-KPT-11011,House No. RR-552,Street 29,FB Area,19,5,Commercial,Daniya Orakzai,Raheela Mahesar,Litigated,Due,Issue Found,Due,
14301,Dua Qazi,DEMO-KPT-14301,House No. DRB-451,Street 29,FB Area,19,5,Commercial,Dua Qazi,Wali Kharal,Pending,Paid,Under Review,Due,
16112,Abeera Nadeem,DEMO-KPT-16112,House No. RBC-649,Street 2,FB Area,20,5,Commercial,Abeera Nadeem,Humayun Jogezai,Verified,Due,Clear,Due,
4638,Haroon Sabri,DEMO-KPT-4638,House No. DB-830,Street 3,FB Area,20,5,Commercial,Haroon Sabri,Zulekha Cheema,Pending,Paid,Under Review,Paid,
6235,Yasir Niazi,DEMO-KPT-6235,House No. DD-463,Street 3,FB Area,20,5,Commercial,Yasir Niazi,Zahra Toor,Litigated,Due,Issue Found,Paid,
14352,Irum Marri,DEMO-KPT-14352,House No. CDR-877,Street 4,FB Area,20,5,Commercial,Irum Marri,Beenish Rizvi,Litigated,Due,Issue Found,Paid,
11039,Sidra Jafri,DEMO-KPT-11039,House No. RR-641,Street 5,FB Area,20,5,Commercial,Sidra Jafri,Shanza Marwat,Verified,Paid,Clear,Paid,
3095,Ismail Sandhu,DEMO-KPT-3095,House No. R-317,Street 10,FB Area,20,5,Commercial,Ismail Sandhu,Nawal Khuhro,Litigated,Paid,Clear,Paid,
6233,Sahar Panhwar,DEMO-KPT-6233,House No. BD-821,Street 10,FB Area,20,5,Commercial,Sahar Panhwar,Hashim Ghauri,Verified,Paid,Under Review,Paid,
12638,Rida Chaudhry,DEMO-KPT-12638,House No. RB-394,Street 10,FB Area,20,5,Commercial,Rida Chaudhry,Fozia Virk,Verified,Paid,Issue Found,Due,
7794,Yameen Ahmed,DEMO-KPT-7794,House No. CB-309,Street 12,FB Area,20,5,Commercial,Yameen Ahmed,Fiza Sohu,Pending,Paid,Under Review,Paid,
12687,Mukhtar Umer,DEMO-KPT-12687,House No. DD-879,Street 15,FB Area,20,5,Commercial,Mukhtar Umer,Sadiq Rizvi,Pending,Paid,Issue Found,Paid,
12692,Fareeha Chattha,DEMO-KPT-12692,House No. DD-518,Street 16,FB Area,20,5,Commercial,Fareeha Chattha,Mahir Mengal,Verified,Paid,Under Review,Due,
11088,Ayla Wazir,DEMO-KPT-11088,House No. RD-777,Street 19,FB Area,20,5,Commercial,Ayla Wazir,Faiza Gabol,Verified,Paid,Clear,Paid,
7844,Samiya Rana,DEMO-KPT-7844,House No. DR-429,Street 23,FB Area,20,5,Commercial,Samiya Rana,Ayaz Waheed,Litigated,Due,Issue Found,Paid,
4620,Hussain Leghari,DEMO-KPT-4620,House No. CB-862,Street 25,FB Area,20,5,Commercial,Hussain Leghari,Yasmeen Kharal,Pending,Due,Under Review,Paid,
12670,Saher Yousafzai,DEMO-KPT-12670,House No. CR-739,Street 30,FB Area,20,5,Commercial,Saher Yousafzai,Dilawar Hussain,Litigated,Due,Under Review,Paid,
8127,Umar Zubair,DEMO-KPT-8127,House No. RB-845,Street 2,Gulistan-e-Johar,1,5,Commercial,Umar Zubair,Nouman Anwar,Pending,Due,Under Review,Paid,
9750,Talal Sohu,DEMO-KPT-9750,House No. RB-872,Street 4,Gulistan-e-Johar,1,5,Commercial,Talal Sohu,Sajida Zardari,Litigated,Due,Clear,Due,
16602,Lamia Chaudhry,DEMO-KPT-16602,House No. BRD-539,Street 4,Gulistan-e-Johar,1,5,Commercial,Lamia Chaudhry,Mahira Zubairi,Litigated,Due,Issue Found,Paid,
14954,Taha Khattak,DEMO-KPT-14954,House No. CBR-340,Street 6,Gulistan-e-Johar,1,5,Commercial,Taha Khattak,Amna Laghari,Litigated,Due,Issue Found,Paid,
4727,Neha Gondal,DEMO-KPT-4727,House No. BR-616,Street 7,Gulistan-e-Johar,1,5,Commercial,Neha Gondal,Zameer Shafi,Pending,Due,Issue Found,Paid,
13277,Sadaqat Kidwai,DEMO-KPT-13277,House No. BD-495,Street 7,Gulistan-e-Johar,1,5,Commercial,Sadaqat Kidwai,Basit Laghari,Pending,Due,Issue Found,Paid,
11553,Lamia Khuhro,DEMO-KPT-11553,House No. DB-742,Street 8,Gulistan-e-Johar,1,5,Commercial,Lamia Khuhro,Haleema Iqbal,Pending,Paid,Under Review,Due,
1532,Urooj Bettani,DEMO-KPT-1532,House No. C-815,Street 12,Gulistan-e-Johar,1,5,Commercial,Urooj Bettani,Tahira Ghani,Pending,Paid,Clear,Paid,
14994,Ayaz Hameed,DEMO-KPT-14994,House No. DRB-687,Street 12,Gulistan-e-Johar,1,5,Commercial,Ayaz Hameed,Arham Rashid,Pending,Paid,Under Review,Paid,
4761,Tasneem Baloch,DEMO-KPT-4761,House No. BR-852,Street 16,Gulistan-e-Johar,1,5,Commercial,Tasneem Baloch,Shumaila Bajwa,Verified,Due,Issue Found,Paid,
11511,Sheraz Tanoli,DEMO-KPT-11511,House No. DC-607,Street 16,Gulistan-e-Johar,1,5,Commercial,Sheraz Tanoli,Adnan Ansari,Verified,Due,Issue Found,Paid,
13311,Naeem Awan,DEMO-KPT-13311,House No. BB-301,Street 16,Gulistan-e-Johar,1,5,Commercial,Naeem Awan,Malaika Khokhar,Verified,Due,Issue Found,Paid,
3007,Rahila Alvi,DEMO-KPT-3007,House No. D-764,Street 19,Gulistan-e-Johar,1,5,Commercial,Rahila Alvi,Aneeqa Hameed,Litigated,Paid,Clear,Paid,
8096,Ayaz Kalhoro,DEMO-KPT-8096,House No. DD-406,Street 19,Gulistan-e-Johar,1,5,Commercial,Ayaz Kalhoro,Tahreem Latif,Litigated,Paid,Clear,Paid,
11538,Rohail Jadoon,DEMO-KPT-11538,House No. RD-562,Street 19,Gulistan-e-Johar,1,5,Commercial,Rohail Jadoon,Bakhtiar Rehman,Verified,Paid,Clear,Paid,
8128,Sumaira Sindhi,DEMO-KPT-8128,House No. BB-423,Street 23,Gulistan-e-Johar,1,5,Commercial,Sumaira Sindhi,Minahil Hussain,Verified,Paid,Clear,Paid,
11540,Azka Abro,DEMO-KPT-11540,House No. DR-466,Street 23,Gulistan-e-Johar,1,5,Commercial,Azka Abro,Jamshed Iqbal,Verified,Due,Clear,Paid,
13314,Zarar Dogar,DEMO-KPT-13314,House No. BR-481,Street 25,Gulistan-e-Johar,1,5,Commercial,Zarar Dogar,Ikram Khalid,Pending,Paid,Clear,Due,
2995,Adnan Shah,DEMO-KPT-2995,House No. B-630,Street 26,Gulistan-e-Johar,1,5,Commercial,Adnan Shah,Naeem Rafique,Litigated,Paid,Issue Found,Due,
3033,Tehmina Malik,DEMO-KPT-3033,House No. C-307,Street 26,Gulistan-e-Johar,1,5,Commercial,Tehmina Malik,Faiza Alvi,Litigated,Paid,Under Review,Due,
3040,Yousaf Khan,DEMO-KPT-3040,House No. R-399,Street 26,Gulistan-e-Johar,1,5,Commercial,Yousaf Khan,Najma Bukhari,Verified,Paid,Under Review,Due,
9778,Arooj Panezai,DEMO-KPT-9778,House No. RD-555,Street 26,Gulistan-e-Johar,1,5,Commercial,Arooj Panezai,Rashid Daudzai,Verified,Paid,Issue Found,Due,
9751,Raheela Warsi,DEMO-KPT-9751,House No. DB-860,Street 27,Gulistan-e-Johar,1,5,Commercial,Raheela Warsi,Bisma Rashid,Pending,Due,Under Review,Paid,
1596,Amjad Mangi,DEMO-KPT-1596,House No. B-323,Street 1,Gulistan-e-Johar,2,5,Commercial,Amjad Mangi,Mazen Riaz,Verified,Paid,Under Review,Due,
4846,Adil Daudzai,DEMO-KPT-4846,House No. CB-757,Street 5,Gulistan-e-Johar,2,5,Commercial,Adil Daudzai,Bakht Mehmood,Pending,Due,Under Review,Due,
6540,Azka Ilyas,DEMO-KPT-6540,House No. BB-888,Street 6,Gulistan-e-Johar,2,5,Commercial,Azka Ilyas,Suleman Awan,Pending,Due,Issue Found,Paid,
1577,Bakhtawar Hafeez,DEMO-KPT-1577,House No. R-403,Street 7,Gulistan-e-Johar,2,5,Commercial,Bakhtawar Hafeez,Atiya Jafri,Pending,Due,Issue Found,Paid,
6505,Sundas Bilgrami,DEMO-KPT-6505,House No. BD-564,Street 11,Gulistan-e-Johar,2,5,Commercial,Sundas Bilgrami,Nasir Lashari,Verified,Due,Under Review,Paid,
16794,Nayab Riaz,DEMO-KPT-16794,House No. BRC-491,Street 12,Gulistan-e-Johar,2,5,Commercial,Nayab Riaz,Adnan Joiya,Pending,Paid,Under Review,Paid,
8192,Ehsan Raza,DEMO-KPT-8192,House No. RB-336,Street 16,Gulistan-e-Johar,2,5,Commercial,Ehsan Raza,Wania Hashmi,Verified,Paid,Under Review,Due,
8163,Siddique Janjua,DEMO-KPT-8163,House No. RR-788,Street 18,Gulistan-e-Johar,2,5,Commercial,Siddique Janjua,Balaj Sabri,Verified,Due,Issue Found,Due,
16774,Samina Farooqi,DEMO-KPT-16774,House No. RBC-474,Street 18,Gulistan-e-Johar,2,5,Commercial,Samina Farooqi,Imtiaz Buriro,Litigated,Paid,Issue Found,Paid,
6520,Arif Khuhro,DEMO-KPT-6520,House No. RB-424,Street 21,Gulistan-e-Johar,2,5,Commercial,Arif Khuhro,Kashif Cheena,Pending,Paid,Clear,Due,
14996,Farwa Hoti,DEMO-KPT-14996,House No. CDB-621,Street 23,Gulistan-e-Johar,2,5,Commercial,Farwa Hoti,Rehana Anwar,Litigated,Paid,Under Review,Due,
4833,Mahnoor Gakhar,DEMO-KPT-4833,House No. CB-467,Street 26,Gulistan-e-Johar,2,5,Commercial,Mahnoor Gakhar,Nasrullah Junejo,Litigated,Paid,Under Review,Due,
11578,Mahira Bangash,DEMO-KPT-11578,House No. CD-328,Street 26,Gulistan-e-Johar,2,5,Commercial,Mahira Bangash,Samina Dayo,Verified,Paid,Issue Found,Due,
13383,Suleman Umer,DEMO-KPT-13383,House No. DD-370,Street 26,Gulistan-e-Johar,2,5,Commercial,Suleman Umer,Kanwal Kakar,Litigated,Paid,Under Review,Due,
11601,Sikandar Waheed,DEMO-KPT-11601,House No. RC-585,Street 29,Gulistan-e-Johar,2,5,Commercial,Sikandar Waheed,Rooman Jadoon,Pending,Paid,Under Review,Due,
15061,Shahbaz Usmani,DEMO-KPT-15061,House No. RDC-843,Street 29,Gulistan-e-Johar,2,5,Commercial,Shahbaz Usmani,Sadia Zahid,Litigated,Due,Issue Found,Due,
8346,Sonia Saeed,DEMO-KPT-8346,House No. CD-361,Street 1,Gulistan-e-Johar,3,5,Commercial,Sonia Saeed,Maham Kalhoro,Verified,Paid,Under Review,Due,
16834,Ghulam Lari,DEMO-KPT-16834,House No. CBD-685,Street 1,Gulistan-e-Johar,3,5,Commercial,Ghulam Lari,Hafiz Qadri,Litigated,Paid,Issue Found,Paid,
9927,Atiya Sultan,DEMO-KPT-9927,House No. BR-758,Street 2,Gulistan-e-Johar,3,5,Commercial,Atiya Sultan,Sadaf Leghari,Pending,Due,Under Review,Paid,
1629,Sohail Gandapur,DEMO-KPT-1629,House No. C-559,Street 3,Gulistan-e-Johar,3,5,Commercial,Sohail Gandapur,Unaiza Mohammadzai,Litigated,Paid,Under Review,Paid,
6579,Rayyan Gakhar,DEMO-KPT-6579,House No. DD-668,Street 3,Gulistan-e-Johar,3,5,Commercial,Rayyan Gakhar,Rehman Majeed,Litigated,Paid,Under Review,Paid,
15129,Alamgir Bhittani,DEMO-KPT-15129,House No. CRB-735,Street 3,Gulistan-e-Johar,3,5,Commercial,Alamgir Bhittani,Rubab Bajwa,Litigated,Paid,Under Review,Paid,
11652,Salma Mehmood,DEMO-KPT-11652,House No. BD-374,Street 4,Gulistan-e-Johar,3,5,Commercial,Salma Mehmood,Zubaida Hussain,Litigated,Due,Issue Found,Paid,
6578,Obaid Anwar,DEMO-KPT-6578,House No. DB-790,Street 7,Gulistan-e-Johar,3,5,Commercial,Obaid Anwar,Zia Kamboh,Litigated,Due,Clear,Paid,
15111,Tanzeela Kasi,DEMO-KPT-15111,House No. BCR-539,Street 16,Gulistan-e-Johar,3,5,Commercial,Tanzeela Kasi,Bareera Zubair,Verified,Due,Issue Found,Paid,
6622,Isha Achakzai,DEMO-KPT-6622,House No. DR-686,Street 17,Gulistan-e-Johar,3,5,Commercial,Isha Achakzai,Dawood Nawaz,Litigated,Paid,Clear,Due,
15114,Shabana Yazdani,DEMO-KPT-15114,House No. RCD-526,Street 25,Gulistan-e-Johar,3,5,Commercial,Shabana Yazdani,Inshal Peerzada,Pending,Paid,Clear,Due,
13458,Shehryar Bhutto,DEMO-KPT-13458,House No. RCD-305,Street 26,Gulistan-e-Johar,3,5,Commercial,Shehryar Bhutto,Zaid Mehmood,Verified,Due,Under Review,Paid,
15145,Farooq Magsi,DEMO-KPT-15145,House No. CRB-308,Street 26,Gulistan-e-Johar,3,5,Commercial,Farooq Magsi,Imtiaz Gakhar,Litigated,Paid,Issue Found,Due,
3243,Shazia Baloch,DEMO-KPT-3243,House No. R-879,Street 29,Gulistan-e-Johar,3,5,Commercial,Shazia Baloch,Waqas Gandapur,Litigated,Paid,Issue Found,Paid,
9970,Maira Bangash,DEMO-KPT-9970,House No. DR-525,Street 30,Gulistan-e-Johar,3,5,Commercial,Maira Bangash,Mubashir Joiya,Litigated,Due,Under Review,Paid,
3348,Obaid Chaudhry,DEMO-KPT-3348,House No. R-769,Street 3,Gulistan-e-Johar,4,5,Commercial,Obaid Chaudhry,Shahroz Turk,Pending,Due,Clear,Paid,
16855,Talal Bugti,DEMO-KPT-16855,House No. RCD-329,Street 11,Gulistan-e-Johar,4,5,Commercial,Talal Bugti,Parveen Samo,Verified,Due,Under Review,Paid,
3286,Rehmat Bangash,DEMO-KPT-3286,House No. D-639,Street 12,Gulistan-e-Johar,4,5,Commercial,Rehmat Bangash,Tahreem Wani,Verified,Paid,Under Review,Due,
10076,Mazhar Gandapur,DEMO-KPT-10076,House No. CB-683,Street 12,Gulistan-e-Johar,4,5,Commercial,Mazhar Gandapur,Zohaib Bhutto,Litigated,Paid,Under Review,Due,
5037,Talat Jadoon,DEMO-KPT-5037,House No. CR-736,Street 15,Gulistan-e-Johar,4,5,Commercial,Talat Jadoon,Mirha Bukhari,Pending,Paid,Issue Found,Paid,
10034,Ayaz Iqbal,DEMO-KPT-10034,House No. CC-719,Street 18,Gulistan-e-Johar,4,5,Commercial,Ayaz Iqbal,Shahmeer Tanoli,Verified,Paid,Under Review,Due,
4946,Ishaq Zahid,DEMO-KPT-4946,House No. RR-338,Street 19,Gulistan-e-Johar,4,5,Commercial,Ishaq Zahid,Javaria Achakzai,Litigated,Paid,Clear,Paid,
8407,Sehar Bugti,DEMO-KPT-8407,House No. RB-499,Street 19,Gulistan-e-Johar,4,5,Commercial,Sehar Bugti,Samiya Javed,Litigated,Paid,Clear,Paid,
1667,Mohsin Awan,DEMO-KPT-1667,House No. D-786,Street 20,Gulistan-e-Johar,4,5,Commercial,Mohsin Awan,Shoaib Hayat,Verified,Due,Under Review,Due,
8417,Sumbal Farooqi,DEMO-KPT-8417,House No. CR-611,Street 20,Gulistan-e-Johar,4,5,Commercial,Sumbal Farooqi,Rayyan Kasi,Verified,Due,Under Review,Due,
5024,Idrees Ghumman,DEMO-KPT-5024,House No. BB-820,Street 23,Gulistan-e-Johar,4,5,Commercial,Idrees Ghumman,Qayyum Nawaz,Verified,Due,Issue Found,Due,
3270,Taimoor Dar,DEMO-KPT-3270,House No. B-478,Street 25,Gulistan-e-Johar,4,5,Commercial,Taimoor Dar,Rubina Soomro,Pending,Due,Under Review,Paid,
10055,Aleena Bangash,DEMO-KPT-10055,House No. DB-887,Street 25,Gulistan-e-Johar,4,5,Commercial,Aleena Bangash,Sakina Wattoo,Pending,Due,Clear,Paid,
1678,Zubair Afridi,DEMO-KPT-1678,House No. B-867,Street 26,Gulistan-e-Johar,4,5,Commercial,Zubair Afridi,Tahira Umer,Verified,Paid,Issue Found,Due,
1683,Jabbar Ghauri,DEMO-KPT-1683,House No. D-611,Street 26,Gulistan-e-Johar,4,5,Commercial,Jabbar Ghauri,Naseer Marri,Litigated,Paid,Under Review,Due,
6640,Wania Swati,DEMO-KPT-6640,House No. BD-533,Street 26,Gulistan-e-Johar,4,5,Commercial,Wania Swati,Sahar Usmani,Verified,Paid,Under Review,Due,
8395,Saima Zardari,DEMO-KPT-8395,House No. DD-811,Street 26,Gulistan-e-Johar,4,5,Commercial,Saima Zardari,Zamzam Tunio,Litigated,Paid,Issue Found,Due,
8433,Parveen Rabbani,DEMO-KPT-8433,House No. CC-345,Street 26,Gulistan-e-Johar,4,5,Commercial,Parveen Rabbani,Liaquat Kalhoro,Litigated,Paid,Under Review,Due,
8440,Zahida Lone,DEMO-KPT-8440,House No. DB-828,Street 26,Gulistan-e-Johar,4,5,Commercial,Zahida Lone,Asra Zardari,Verified,Paid,Under Review,Due,
8451,Maryam Mansoor,DEMO-KPT-8451,House No. DC-739,Street 29,Gulistan-e-Johar,4,5,Commercial,Maryam Mansoor,Aneesa Rana,Pending,Paid,Under Review,Due,
9993,Fariha Kiani,DEMO-KPT-9993,House No. BC-310,Street 29,Gulistan-e-Johar,4,5,Commercial,Fariha Kiani,Aashir Mian,Litigated,Paid,Issue Found,Paid,
13638,Israr Saif,DEMO-KPT-13638,House No. DBR-402,Street 3,Gulistan-e-Johar,5,5,Commercial,Israr Saif,Qurat Durrani,Pending,Paid,Under Review,Paid,
8481,Alizeh Sipra,DEMO-KPT-8481,House No. RD-322,Street 6,Gulistan-e-Johar,5,5,Commercial,Alizeh Sipra,Shama Hanif,Litigated,Due,Clear,Due,
10140,Kausar Tiwana,DEMO-KPT-10140,House No. BD-761,Street 6,Gulistan-e-Johar,5,5,Commercial,Kausar Tiwana,Fabiha Saleem,Pending,Due,Issue Found,Paid,
3377,Awais Lashari,DEMO-KPT-3377,House No. D-525,Street 7,Gulistan-e-Johar,5,5,Commercial,Awais Lashari,Mirza Marwat,Pending,Due,Issue Found,Paid,
8476,Anmol Latif,DEMO-KPT-8476,House No. CR-369,Street 8,Gulistan-e-Johar,5,5,Commercial,Anmol Latif,Daniyal Palijo,Litigated,Due,Under Review,Paid,
10105,Iftikhar Ghani,DEMO-KPT-10105,House No. RB-718,Street 11,Gulistan-e-Johar,5,5,Commercial,Iftikhar Ghani,Farzana Farooqi,Verified,Due,Under Review,Paid,
5126,Saqib Raza,DEMO-KPT-5126,House No. CR-562,Street 12,Gulistan-e-Johar,5,5,Commercial,Saqib Raza,Anam Mughal,Litigated,Paid,Under Review,Due,
13587,Waqas Hameed,DEMO-KPT-13587,House No. RBD-667,Street 15,Gulistan-e-Johar,5,5,Commercial,Waqas Hameed,Urwa Rabbani,Pending,Paid,Issue Found,Paid,
6722,Jamil Chaudhry,DEMO-KPT-6722,House No. CB-520,Street 16,Gulistan-e-Johar,5,5,Commercial,Jamil Chaudhry,Rashida Toor,Pending,Paid,Under Review,Due,
5074,Sarah Javed,DEMO-KPT-5074,House No. CC-810,Street 18,Gulistan-e-Johar,5,5,Commercial,Sarah Javed,Zoya Kidwai,Litigated,Paid,Issue Found,Paid,
13634,Rubab Khosa,DEMO-KPT-13634,House No. BRC-701,Street 18,Gulistan-e-Johar,5,5,Commercial,Rubab Khosa,Ambreen Mahsud,Verified,Paid,Under Review,Due,
5096,Amna Joiya,DEMO-KPT-5096,House No. DR-832,Street 23,Gulistan-e-Johar,5,5,Commercial,Amna Joiya,Marium Warraich,Litigated,Paid,Under Review,Due,
3417,Bilquis Bashir,DEMO-KPT-3417,House No. B-318,Street 24,Gulistan-e-Johar,5,5,Commercial,Bilquis Bashir,Shakeel Qazi,Litigated,Due,Issue Found,Paid,
6739,Batool Sultan,DEMO-KPT-6739,House No. CC-884,Street 24,Gulistan-e-Johar,5,5,Commercial,Batool Sultan,Alamgir Shafi,Verified,Paid,Clear,Due,
3414,Sami Soomro,DEMO-KPT-3414,House No. C-787,Street 25,Gulistan-e-Johar,5,5,Commercial,Sami Soomro,Muzammil Panezai,Pending,Paid,Clear,Due,
13620,Akif Mehmood,DEMO-KPT-13620,House No. RBC-555,Street 25,Gulistan-e-Johar,5,5,Commercial,Akif Mehmood,Arif Mir,Pending,Due,Under Review,Paid,
10113,Abeera Jaffri,DEMO-KPT-10113,House No. CD-587,Street 28,Gulistan-e-Johar,5,5,Commercial,Abeera Jaffri,Waheed Sheikh,Litigated,Paid,Issue Found,Paid,
11902,Azeem Zahid,DEMO-KPT-11902,House No. BR-629,Street 28,Gulistan-e-Johar,5,5,Commercial,Azeem Zahid,Ikram Jadoon,Litigated,Paid,Clear,Due,
13570,Kaleemullah Sabri,DEMO-KPT-13570,House No. BDR-757,Street 30,Gulistan-e-Johar,5,5,Commercial,Kaleemullah Sabri,Kamran Niazi,Litigated,Due,Under Review,Paid,
3535,Eman Leghari,DEMO-KPT-3535,House No. R-763,Street 3,Gulistan-e-Johar,6,5,Commercial,Eman Leghari,Asma Bijarani,Litigated,Due,Issue Found,Paid,
11979,Tehmina Talpur,DEMO-KPT-11979,House No. CC-556,Street 3,Gulistan-e-Johar,6,5,Commercial,Tehmina Talpur,Aun Rind,Litigated,Paid,Under Review,Paid,
13698,Waheed Mehmood,DEMO-KPT-13698,House No. BDR-810,Street 3,Gulistan-e-Johar,6,5,Commercial,Waheed Mehmood,Liaquat Mughal,Pending,Due,Clear,Paid,
10203,Mahnoor Sandhu,DEMO-KPT-10203,House No. RR-622,Street 8,Gulistan-e-Johar,6,5,Commercial,Mahnoor Sandhu,Sohaib Wani,Pending,Paid,Under Review,Due,
12003,Mahad Sabri,DEMO-KPT-12003,House No. CR-768,Street 8,Gulistan-e-Johar,6,5,Commercial,Mahad Sabri,Nadia Gondal,Pending,Paid,Under Review,Due,
1825,Mazen Mahesar,DEMO-KPT-1825,House No. C-323,Street 12,Gulistan-e-Johar,6,5,Commercial,Mazen Mahesar,Umair Wattoo,Verified,Paid,Under Review,Due,
3463,Rehan Ghaffar,DEMO-KPT-3463,House No. B-331,Street 13,Gulistan-e-Johar,6,5,Commercial,Rehan Ghaffar,Zamzam Mansoor,Litigated,Due,Under Review,Due,
10213,Faisal Junejo,DEMO-KPT-10213,House No. BR-533,Street 13,Gulistan-e-Johar,6,5,Commercial,Faisal Junejo,Ehsan Ansari,Litigated,Due,Under Review,Due,
16974,Mahir Butt,DEMO-KPT-16974,House No. DCR-464,Street 15,Gulistan-e-Johar,6,5,Commercial,Mahir Butt,Shanza Nawaz,Pending,Due,Under Review,Due,
1861,Azka Saleem,DEMO-KPT-1861,House No. R-418,Street 16,Gulistan-e-Johar,6,5,Commercial,Azka Saleem,Fareeha Sandhu,Pending,Due,Under Review,Paid,
5211,Saad Yazdani,DEMO-KPT-5211,House No. BR-599,Street 16,Gulistan-e-Johar,6,5,Commercial,Saad Yazdani,Raees Bhurgri,Verified,Due,Issue Found,Paid,
15392,Kamil Popalzai,DEMO-KPT-15392,House No. CDR-318,Street 16,Gulistan-e-Johar,6,5,Commercial,Kamil Popalzai,Hasnain Khosa,Verified,Paid,Under Review,Due,
8546,Qadir Mohammadzai,DEMO-KPT-8546,House No. RR-626,Street 19,Gulistan-e-Johar,6,5,Commercial,Qadir Mohammadzai,Nabeeha Unar,Litigated,Paid,Clear,Paid,
16967,Rehmat Chaudhry,DEMO-KPT-16967,House No. CRD-462,Street 20,Gulistan-e-Johar,6,5,Commercial,Rehmat Chaudhry,Ghazala Sadiq,Verified,Due,Under Review,Due,
1828,Kainat Riaz,DEMO-KPT-1828,House No. B-685,Street 23,Gulistan-e-Johar,6,5,Commercial,Kainat Riaz,Bisma Shah,Verified,Paid,Clear,Paid,
6824,Aneesa Tanoli,DEMO-KPT-6824,House No. CC-852,Street 23,Gulistan-e-Johar,6,5,Commercial,Aneesa Tanoli,Munib Daudzai,Verified,Due,Issue Found,Due,
6865,Rafay Peerzada,DEMO-KPT-6865,House No. DC-404,Street 24,Gulistan-e-Johar,6,5,Commercial,Rafay Peerzada,Feroz Imran,Pending,Paid,Issue Found,Paid,
6870,Shafiq Kakar,DEMO-KPT-6870,House No. BC-883,Street 25,Gulistan-e-Johar,6,5,Commercial,Shafiq Kakar,Mustafa Shah,Pending,Due,Under Review,Paid,
15420,Humayun Zubairi,DEMO-KPT-15420,House No. BCR-842,Street 25,Gulistan-e-Johar,6,5,Commercial,Humayun Zubairi,Nayyar Shaikh,Pending,Due,Under Review,Paid,
12001,Usman Swati,DEMO-KPT-12001,House No. BD-457,Street 27,Gulistan-e-Johar,6,5,Commercial,Usman Swati,Aslam Mian,Pending,Due,Under Review,Paid,
5161,Shifa Mohmand,DEMO-KPT-5161,House No. CD-663,Street 29,Gulistan-e-Johar,6,5,Commercial,Shifa Mohmand,Alamgir Magsi,Litigated,Due,Issue Found,Due,
13711,Saher Mahsud,DEMO-KPT-13711,House No. CDR-386,Street 29,Gulistan-e-Johar,6,5,Commercial,Saher Mahsud,Liaquat Mazari,Litigated,Due,Issue Found,Due,
1938,Beenish Raza,DEMO-KPT-1938,House No. D-347,Street 3,Gulistan-e-Johar,7,5,Commercial,Beenish Raza,Mansha Saeed,Pending,Paid,Under Review,Paid,
3610,Wasim Akhtar,DEMO-KPT-3610,House No. R-789,Street 10,Gulistan-e-Johar,7,5,Commercial,Wasim Akhtar,Fahim Jafri,Verified,Paid,Clear,Due,
12083,Komal Ilyas,DEMO-KPT-12083,House No. BD-816,Street 10,Gulistan-e-Johar,7,5,Commercial,Komal Ilyas,Sonia Akhtar,Verified,Paid,Under Review,Paid,
6902,Mina Shaikh,DEMO-KPT-6902,House No. RC-522,Street 12,Gulistan-e-Johar,7,5,Commercial,Mina Shaikh,Zainab Khalid,Litigated,Paid,Under Review,Paid,
15452,Ilyas Saif,DEMO-KPT-15452,House No. CBD-601,Street 12,Gulistan-e-Johar,7,5,Commercial,Ilyas Saif,Samiya Panezai,Litigated,Paid,Under Review,Paid,
15482,Imtiaz Mahsud,DEMO-KPT-15482,House No. CRD-621,Street 12,Gulistan-e-Johar,7,5,Commercial,Imtiaz Mahsud,Nageen Umer,Pending,Paid,Clear,Paid,
3572,Shanza Bashir,DEMO-KPT-3572,House No. R-506,Street 16,Gulistan-e-Johar,7,5,Commercial,Shanza Bashir,Bashir Hayat,Pending,Paid,Under Review,Due,
13761,Mirha Waheed,DEMO-KPT-13761,House No. RBC-819,Street 16,Gulistan-e-Johar,7,5,Commercial,Mirha Waheed,Rukhsana Mari,Verified,Due,Issue Found,Paid,
3565,Tooba Rashid,DEMO-KPT-3565,House No. D-324,Street 17,Gulistan-e-Johar,7,5,Commercial,Tooba Rashid,Benazir Soomro,Verified,Due,Under Review,Due,
6884,Zunaira Shakeel,DEMO-KPT-6884,House No. BB-366,Street 18,Gulistan-e-Johar,7,5,Commercial,Zunaira Shakeel,Rafia Ghani,Verified,Paid,Under Review,Due,
8613,Junaid Ahmed,DEMO-KPT-8613,House No. CC-651,Street 18,Gulistan-e-Johar,7,5,Commercial,Junaid Ahmed,Zubaid Ijaz,Verified,Due,Issue Found,Due,
8684,Ijaz Tunio,DEMO-KPT-8684,House No. CB-416,Street 18,Gulistan-e-Johar,7,5,Commercial,Ijaz Tunio,Asim Mehmood,Verified,Paid,Under Review,Due,
6896,Shamim Unar,DEMO-KPT-6896,House No. DB-673,Street 23,Gulistan-e-Johar,7,5,Commercial,Shamim Unar,Habib Siddiqui,Litigated,Paid,Under Review,Due,
15494,Aleena Gondal,DEMO-KPT-15494,House No. RBC-771,Street 23,Gulistan-e-Johar,7,5,Commercial,Aleena Gondal,Khizar Mirani,Litigated,Due,Issue Found,Paid,
1920,Atiya Ghazali,DEMO-KPT-1920,House No. R-867,Street 25,Gulistan-e-Johar,7,5,Commercial,Atiya Ghazali,Mirha Abbasi,Pending,Due,Under Review,Paid,
15455,Mahnaz Mehmood,DEMO-KPT-15455,House No. RCD-782,Street 25,Gulistan-e-Johar,7,5,Commercial,Mahnaz Mehmood,Zeeshan Shaikh,Pending,Due,Clear,Paid,
3618,Fariha Ilyas,DEMO-KPT-3618,House No. R-781,Street 26,Gulistan-e-Johar,7,5,Commercial,Fariha Ilyas,Rukhsana Sultan,Verified,Paid,Under Review,Paid,
5283,Waqar Shakir,DEMO-KPT-5283,House No. RR-754,Street 26,Gulistan-e-Johar,7,5,Commercial,Waqar Shakir,Pervaiz Sahito,Litigated,Paid,Under Review,Due,
15492,Haseeb Rajput,DEMO-KPT-15492,House No. CBR-518,Street 26,Gulistan-e-Johar,7,5,Commercial,Haseeb Rajput,Nashra Hameed,Litigated,Paid,Clear,Due,
13725,Affan Rajper,DEMO-KPT-13725,House No. BCR-897,Street 27,Gulistan-e-Johar,7,5,Commercial,Affan Rajper,Raza Sahito,Verified,Due,Under Review,Due,
10300,Laila Bilgrami,DEMO-KPT-10300,House No. BD-738,Street 29,Gulistan-e-Johar,7,5,Commercial,Laila Bilgrami,Rehman Hussain,Pending,Paid,Clear,Due,
8620,Wali Mirani,DEMO-KPT-8620,House No. DC-420,Street 30,Gulistan-e-Johar,7,5,Commercial,Wali Mirani,Hashim Cheema,Litigated,Due,Under Review,Paid,
6934,Sania Yazdani,DEMO-KPT-6934,House No. BC-892,Street 1,Gulistan-e-Johar,8,5,Commercial,Sania Yazdani,Sohail Shakeel,Litigated,Paid,Issue Found,Paid,
8796,Kaleem Zaman,DEMO-KPT-8796,House No. RR-414,Street 1,Gulistan-e-Johar,8,5,Commercial,Kaleem Zaman,Aleeza Rafique,Verified,Paid,Under Review,Due,
13862,Sehar Wattoo,DEMO-KPT-13862,House No. DCB-592,Street 2,Gulistan-e-Johar,8,5,Commercial,Sehar Wattoo,Sabahat Bugti,Verified,Due,Clear,Due,
15579,Maira Lughmani,DEMO-KPT-15579,House No. CDR-865,Street 3,Gulistan-e-Johar,8,5,Commercial,Maira Lughmani,Shahmeer Lari,Litigated,Paid,Under Review,Paid,
1952,Ghazala Zubair,DEMO-KPT-1952,House No. C-303,Street 12,Gulistan-e-Johar,8,5,Commercial,Ghazala Zubair,Sadaqat Yaqoob,Litigated,Paid,Under Review,Paid,
3661,Noman Sipra,DEMO-KPT-3661,House No. D-410,Street 16,Gulistan-e-Johar,8,5,Commercial,Noman Sipra,Shehzad Javed,Pending,Due,Under Review,Paid,
12242,Dania Mengal,DEMO-KPT-12242,House No. BR-499,Street 16,Gulistan-e-Johar,8,5,Commercial,Dania Mengal,Bisma Tariq,Verified,Paid,Under Review,Due,
13817,Amjad Ghaffar,DEMO-KPT-13817,House No. DCR-787,Street 20,Gulistan-e-Johar,8,5,Commercial,Amjad Ghaffar,Hoor Swati,Verified,Due,Under Review,Due,
5399,Sadiq Ahmed,DEMO-KPT-5399,House No. BC-771,Street 22,Gulistan-e-Johar,8,5,Commercial,Sadiq Ahmed,Raza Sipra,Verified,Paid,Under Review,Due,
10349,Malaika Gill,DEMO-KPT-10349,House No. RR-834,Street 22,Gulistan-e-Johar,8,5,Commercial,Malaika Gill,Abid Mazari,Verified,Paid,Under Review,Due,
15567,Komal Hayat,DEMO-KPT-15567,House No. DBR-449,Street 24,Gulistan-e-Johar,8,5,Commercial,Komal Hayat,Kamran Imran,Litigated,Due,Issue Found,Paid,
6942,Kabeer Chaudhry,DEMO-KPT-6942,House No. BB-306,Street 26,Gulistan-e-Johar,8,5,Commercial,Kabeer Chaudhry,Shaheer Tareen,Litigated,Paid,Clear,Due,
15525,Sameer Haral,DEMO-KPT-15525,House No. DRB-739,Street 27,Gulistan-e-Johar,8,5,Commercial,Sameer Haral,Unaiza Niazi,Verified,Due,Under Review,Due,
8761,Anam Sial,DEMO-KPT-8761,House No. DC-409,Street 29,Gulistan-e-Johar,8,5,Commercial,Anam Sial,Kanwal Dawood,Litigated,Due,Issue Found,Due,
7029,Yaqoob Zafar,DEMO-KPT-7029,House No. RD-785,Street 3,Gulistan-e-Johar,9,5,Commercial,Yaqoob Zafar,Kaneez Hayat,Litigated,Paid,Under Review,Paid,
13902,Tanzeela Kamal,DEMO-KPT-13902,House No. BCD-844,Street 4,Gulistan-e-Johar,9,5,Commercial,Tanzeela Kamal,Noaman Zubairi,Litigated,Due,Issue Found,Paid,
15702,Shahzadi Hashmi,DEMO-KPT-15702,House No. DCR-864,Street 4,Gulistan-e-Johar,9,5,Commercial,Shahzadi Hashmi,Aqib Unar,Litigated,Due,Issue Found,Paid,
15646,Javeria Joiya,DEMO-KPT-15646,House No. RBC-385,Street 5,Gulistan-e-Johar,9,5,Commercial,Javeria Joiya,Yasir Mahsud,Pending,Due,Under Review,Due,
15603,Fawad Mohmand,DEMO-KPT-15603,House No. DBC-398,Street 8,Gulistan-e-Johar,9,5,Commercial,Fawad Mohmand,Bisma Sahito,Pending,Paid,Under Review,Due,
5438,Mashal Khan,DEMO-KPT-5438,House No. RD-509,Street 10,Gulistan-e-Johar,9,5,Commercial,Mashal Khan,Fida Gill,Verified,Paid,Issue Found,Due,
10437,Alishba Hoti,DEMO-KPT-10437,House No. DD-498,Street 15,Gulistan-e-Johar,9,5,Commercial,Alishba Hoti,Anam Yasin,Pending,Paid,Issue Found,Paid,
8857,Areeba Sabri,DEMO-KPT-8857,House No. BR-543,Street 19,Gulistan-e-Johar,9,5,Commercial,Areeba Sabri,Omer Ansari,Litigated,Paid,Clear,Paid,
8840,Rafia Ilyas,DEMO-KPT-8840,House No. RC-564,Street 23,Gulistan-e-Johar,9,5,Commercial,Rafia Ilyas,Mahmood Daudzai,Verified,Due,Clear,Paid,
7083,Sara Pasha,DEMO-KPT-7083,House No. BC-855,Street 26,Gulistan-e-Johar,9,5,Commercial,Sara Pasha,Wali Tariq,Litigated,Paid,Under Review,Due,
7090,Shehzad Yasin,DEMO-KPT-7090,House No. RB-729,Street 26,Gulistan-e-Johar,9,5,Commercial,Shehzad Yasin,Fauzia Shinwari,Verified,Paid,Under Review,Due,
12342,Mubeen Imran,DEMO-KPT-12342,House No. RC-754,Street 26,Gulistan-e-Johar,9,5,Commercial,Mubeen Imran,Mina Qureshi,Litigated,Paid,Clear,Due,
7101,Sufyan Qureshi,DEMO-KPT-7101,House No. DD-521,Street 29,Gulistan-e-Johar,9,5,Commercial,Sufyan Qureshi,Umaima Mangi,Pending,Paid,Under Review,Due,
8912,Maryum Umer,DEMO-KPT-8912,House No. RC-586,Street 2,Gulistan-e-Johar,10,5,Commercial,Maryum Umer,Javed Rajper,Verified,Due,Clear,Due,
7135,Tamkeen Baig,DEMO-KPT-7135,House No. CC-553,Street 3,Gulistan-e-Johar,10,5,Commercial,Tamkeen Baig,Samiya Bhurgri,Litigated,Due,Issue Found,Paid,
10548,Bareera Qadir,DEMO-KPT-10548,House No. RR-436,Street 3,Gulistan-e-Johar,10,5,Commercial,Bareera Qadir,Sajida Sultan,Pending,Due,Clear,Paid,
14054,Majid Kakar,DEMO-KPT-14054,House No. RDB-788,Street 6,Gulistan-e-Johar,10,5,Commercial,Majid Kakar,Rustam Gill,Litigated,Due,Issue Found,Paid,
12377,Ihsan Anwar,DEMO-KPT-12377,House No. RD-811,Street 7,Gulistan-e-Johar,10,5,Commercial,Ihsan Anwar,Mahnoor Orakzai,Pending,Due,Issue Found,Paid,
8926,Sobia Mughal,DEMO-KPT-8926,House No. BR-593,Street 8,Gulistan-e-Johar,10,5,Commercial,Sobia Mughal,Aiman Shafi,Litigated,Due,Under Review,Paid,
10555,Inshal Dawood,DEMO-KPT-10555,House No. CC-609,Street 11,Gulistan-e-Johar,10,5,Commercial,Inshal Dawood,Nighat Khosa,Verified,Due,Under Review,Paid,
14037,Kanwal Ghumman,DEMO-KPT-14037,House No. RCB-657,Street 15,Gulistan-e-Johar,10,5,Commercial,Kanwal Ghumman,Humaira Jafri,Pending,Paid,Issue Found,Paid,
14011,Omer Dreshak,DEMO-KPT-14011,House No. BCD-856,Street 16,Gulistan-e-Johar,10,5,Commercial,Omer Dreshak,Saima Kazmi,Pending,Due,Under Review,Paid,
15722,Umaima Sabri,DEMO-KPT-15722,House No. RBD-881,Street 16,Gulistan-e-Johar,10,5,Commercial,Umaima Sabri,Ehsan Lughmani,Pending,Paid,Under Review,Due,
14084,Rehana Zubairi,DEMO-KPT-14084,House No. DRB-598,Street 18,Gulistan-e-Johar,10,5,Commercial,Rehana Zubairi,Zohaib Yazdani,Verified,Paid,Under Review,Due,
3820,Aamir Sial,DEMO-KPT-3820,House No. C-436,Street 21,Gulistan-e-Johar,10,5,Commercial,Aamir Sial,Zahida Hoti,Pending,Paid,Clear,Due,
10505,Zahida Wani,DEMO-KPT-10505,House No. DB-465,Street 25,Gulistan-e-Johar,10,5,Commercial,Zahida Wani,Kanwar Shafi,Pending,Due,Clear,Paid,
15768,Azhar Tareen,DEMO-KPT-15768,House No. RCD-336,Street 26,Gulistan-e-Johar,10,5,Commercial,Azhar Tareen,Malaika Parvez,Verified,Paid,Under Review,Paid,
3802,Fariha Yaqoob,DEMO-KPT-3802,House No. R-826,Street 28,Gulistan-e-Johar,10,5,Commercial,Fariha Yaqoob,Hanif Bhutto,Litigated,Paid,Clear,Due,
8901,Batool Farooqi,DEMO-KPT-8901,House No. CD-687,Street 29,Gulistan-e-Johar,10,5,Commercial,Batool Farooqi,Lamia Tanvir,Pending,Paid,Under Review,Due,
14134,Shoaib Samo,DEMO-KPT-14134,House No. CBD-379,Street 1,Gulistan-e-Johar,11,5,Commercial,Shoaib Samo,Ayla Khattak,Litigated,Paid,Issue Found,Paid,
9027,Fareed Bukhari,DEMO-KPT-9027,House No. DB-305,Street 2,Gulistan-e-Johar,11,5,Commercial,Fareed Bukhari,Sabir Riaz,Pending,Due,Under Review,Paid,
15777,Sumaira Aslam,DEMO-KPT-15777,House No. DRB-774,Street 2,Gulistan-e-Johar,11,5,Commercial,Sumaira Aslam,Haroon Sadiq,Pending,Due,Under Review,Paid,
3879,Sehar Toor,DEMO-KPT-3879,House No. BR-509,Street 3,Gulistan-e-Johar,11,5,Commercial,Sehar Toor,Tabish Ansari,Litigated,Paid,Under Review,Paid,
3839,Zubair Ghaffar,DEMO-KPT-3839,House No. R-896,Street 5,Gulistan-e-Johar,11,5,Commercial,Zubair Ghaffar,Fabiha Jadoon,Verified,Paid,Clear,Paid,
3840,Mishal Jaffri,DEMO-KPT-3840,House No. R-598,Street 6,Gulistan-e-Johar,11,5,Commercial,Mishal Jaffri,Fayyaz Chandio,Pending,Due,Issue Found,Paid,
15811,Fayyaz Yazdani,DEMO-KPT-15811,House No. DCR-375,Street 16,Gulistan-e-Johar,11,5,Commercial,Fayyaz Yazdani,Sibtain Hoti,Pending,Due,Under Review,Paid,
12472,Inaya Panezai,DEMO-KPT-12472,House No. DD-473,Street 17,Gulistan-e-Johar,11,5,Commercial,Inaya Panezai,Shazia Ghumman,Litigated,Paid,Clear,Due,
10667,Zahid Lari,DEMO-KPT-10667,House No. DB-329,Street 20,Gulistan-e-Johar,11,5,Commercial,Zahid Lari,Parveen Qazi,Verified,Due,Under Review,Due,
5620,Hadiqa Sabri,DEMO-KPT-5620,House No. BB-599,Street 21,Gulistan-e-Johar,11,5,Commercial,Hadiqa Sabri,Parveen Hashmi,Pending,Paid,Clear,Due,
7247,Anmol Minhas,DEMO-KPT-7247,House No. CC-765,Street 21,Gulistan-e-Johar,11,5,Commercial,Anmol Minhas,Warda Pirzada,Verified,Paid,Under Review,Due,
5594,Rehan Chandio,DEMO-KPT-5594,House No. DC-702,Street 23,Gulistan-e-Johar,11,5,Commercial,Rehan Chandio,Warda Aslam,Litigated,Due,Issue Found,Paid,
10640,Bilawal Pirzada,DEMO-KPT-10640,House No. RC-600,Street 23,Gulistan-e-Johar,11,5,Commercial,Bilawal Pirzada,Mehreen Wattoo,Verified,Due,Clear,Paid,
15824,Ajmal Bhutto,DEMO-KPT-15824,House No. DBC-473,Street 23,Gulistan-e-Johar,11,5,Commercial,Ajmal Bhutto,Mehrunnisa Ghauri,Verified,Due,Issue Found,Due,
10614,Shabana Swati,DEMO-KPT-10614,House No. RC-590,Street 25,Gulistan-e-Johar,11,5,Commercial,Shabana Swati,Junaid Nasar,Pending,Paid,Clear,Due,
9018,Tahmina Nawaz,DEMO-KPT-9018,House No. CD-731,Street 26,Gulistan-e-Johar,11,5,Commercial,Tahmina Nawaz,Mahrukh Usmani,Verified,Paid,Under Review,Paid,
3825,Salman Zardari,DEMO-KPT-3825,House No. R-473,Street 27,Gulistan-e-Johar,11,5,Commercial,Salman Zardari,Rida Sahito,Verified,Due,Under Review,Due,
5625,Ruqayya Dogar,DEMO-KPT-5625,House No. CR-406,Street 27,Gulistan-e-Johar,11,5,Commercial,Ruqayya Dogar,Maryum Javed,Verified,Due,Under Review,Due,
5611,Nayyar Latif,DEMO-KPT-5611,House No. RB-465,Street 29,Gulistan-e-Johar,11,5,Commercial,Nayyar Latif,Idrees Imran,Litigated,Due,Issue Found,Due,
7293,Qasim Ghazali,DEMO-KPT-7293,House No. CR-804,Street 29,Gulistan-e-Johar,11,5,Commercial,Qasim Ghazali,Babar Usmani,Litigated,Paid,Issue Found,Paid,
14196,Mirha Majeed,DEMO-KPT-14196,House No. DRC-867,Street 1,Gulistan-e-Johar,12,5,Commercial,Mirha Majeed,Mubashra Ghazali,Verified,Paid,Under Review,Due,
15888,Talat Shafiq,DEMO-KPT-15888,House No. BDR-605,Street 3,Gulistan-e-Johar,12,5,Commercial,Talat Shafiq,Sameen Soomro,Pending,Paid,Under Review,Paid,
9104,Sami Shafi,DEMO-KPT-9104,House No. RD-311,Street 6,Gulistan-e-Johar,12,5,Commercial,Sami Shafi,Nabeel Laghari,Litigated,Due,Issue Found,Paid,
15854,Awais Khosa,DEMO-KPT-15854,House No. RCD-417,Street 6,Gulistan-e-Johar,12,5,Commercial,Awais Khosa,Emaan Swati,Litigated,Due,Issue Found,Paid,
14228,Asifa Sadiq,DEMO-KPT-14228,House No. RDC-829,Street 7,Gulistan-e-Johar,12,5,Commercial,Asifa Sadiq,Shaheer Wattoo,Litigated,Due,Clear,Paid,
10745,Sara Lughmani,DEMO-KPT-10745,House No. BB-593,Street 10,Gulistan-e-Johar,12,5,Commercial,Sara Lughmani,Bisma Butt,Litigated,Paid,Clear,Paid,
7344,Fareeha Ali,DEMO-KPT-7344,House No. DB-710,Street 12,Gulistan-e-Johar,12,5,Commercial,Fareeha Ali,Wajid Leghari,Pending,Paid,Under Review,Paid,
3924,Salma Panhwar,DEMO-KPT-3924,House No. CR-402,Street 15,Gulistan-e-Johar,12,5,Commercial,Salma Panhwar,Zulekha Nadeem,Pending,Due,Under Review,Due,
12572,Nailah Hameed,DEMO-KPT-12572,House No. RD-877,Street 16,Gulistan-e-Johar,12,5,Commercial,Nailah Hameed,Amir Sohu,Pending,Paid,Under Review,Due,
2313,Farzana Cheema,DEMO-KPT-2313,House No. R-400,Street 18,Gulistan-e-Johar,12,5,Commercial,Farzana Cheema,Hasnain Randhawa,Verified,Due,Issue Found,Due,
15874,Anwar Yazdani,DEMO-KPT-15874,House No. CDB-344,Street 18,Gulistan-e-Johar,12,5,Commercial,Anwar Yazdani,Ghazala Kidwai,Litigated,Paid,Issue Found,Paid,
5707,Mushtaq Qureshi,DEMO-KPT-5707,House No. CR-717,Street 19,Gulistan-e-Johar,12,5,Commercial,Mushtaq Qureshi,Ramsha Joiya,Litigated,Paid,Clear,Paid,
9045,Fawad Siddiqui,DEMO-KPT-9045,House No. CB-879,Street 19,Gulistan-e-Johar,12,5,Commercial,Fawad Siddiqui,Sumayya Tunio,Litigated,Paid,Issue Found,Paid,
2249,Rahila Mughal,DEMO-KPT-2249,House No. D-852,Street 22,Gulistan-e-Johar,12,5,Commercial,Rahila Mughal,Talha Hashmi,Verified,Paid,Under Review,Due,
14240,Sumbal Zia,DEMO-KPT-14240,House No. RCB-411,Street 23,Gulistan-e-Johar,12,5,Commercial,Sumbal Zia,Saif Shakeel,Verified,Due,Clear,Paid,
15870,Zunair Mohmand,DEMO-KPT-15870,House No. RDC-762,Street 25,Gulistan-e-Johar,12,5,Commercial,Zunair Mohmand,Maimoona Kakar,Pending,Due,Under Review,Paid,
3940,Taimur Nawaz,DEMO-KPT-3940,House No. RC-455,Street 26,Gulistan-e-Johar,12,5,Commercial,Taimur Nawaz,Mehmood Yousaf,Verified,Paid,Under Review,Due,
5701,Hadi Chaudhry,DEMO-KPT-5701,House No. CC-855,Street 27,Gulistan-e-Johar,12,5,Commercial,Hadi Chaudhry,Kabeer Zia,Pending,Due,Under Review,Paid,
10750,Najma Parvez,DEMO-KPT-10750,House No. RR-787,Street 29,Gulistan-e-Johar,12,5,Commercial,Najma Parvez,Farwa Baloch,Pending,Paid,Clear,Due,
7454,Aashir Panezai,DEMO-KPT-7454,House No. BR-806,Street 1,Gulistan-e-Johar,13,5,Commercial,Aashir Panezai,Yusuf Bashir,Litigated,Due,Under Review,Paid,
12627,Aisha Iqbal,DEMO-KPT-12627,House No. RD-448,Street 2,Gulistan-e-Johar,13,5,Commercial,Aisha Iqbal,Fatima Tanoli,Pending,Due,Under Review,Paid,
5785,Luqman Korai,DEMO-KPT-5785,House No. CR-362,Street 3,Gulistan-e-Johar,13,5,Commercial,Luqman Korai,Kabir Haral,Litigated,Due,Issue Found,Paid,
5802,Sana Rafique,DEMO-KPT-5802,House No. DB-562,Street 4,Gulistan-e-Johar,13,5,Commercial,Sana Rafique,Ishaq Ali,Litigated,Due,Issue Found,Paid,
14296,Mirza Rizvi,DEMO-KPT-14296,House No. DCR-865,Street 5,Gulistan-e-Johar,13,5,Commercial,Mirza Rizvi,Javaria Bhatti,Pending,Due,Under Review,Due,
15932,Bushra Yasin,DEMO-KPT-15932,House No. DBR-412,Street 12,Gulistan-e-Johar,13,5,Commercial,Bushra Yasin,Neha Virk,Pending,Paid,Clear,Paid,
2337,Hina Mirani,DEMO-KPT-2337,House No. B-818,Street 15,Gulistan-e-Johar,13,5,Commercial,Hina Mirani,Shumaila Rafique,Pending,Paid,Issue Found,Paid,
10828,Saba Kalhoro,DEMO-KPT-10828,House No. CD-714,Street 23,Gulistan-e-Johar,13,5,Commercial,Saba Kalhoro,Danish Zardari,Verified,Paid,Clear,Paid,
9115,Madiha Mahar,DEMO-KPT-9115,House No. CC-353,Street 24,Gulistan-e-Johar,13,5,Commercial,Madiha Mahar,Farid Parvez,Pending,Paid,Issue Found,Paid,
9155,Sabih Chandio,DEMO-KPT-9155,House No. DR-625,Street 25,Gulistan-e-Johar,13,5,Commercial,Sabih Chandio,Mukarram Rabbani,Pending,Due,Clear,Paid,
14283,Saher Bhittani,DEMO-KPT-14283,House No. RCB-536,Street 26,Gulistan-e-Johar,13,5,Commercial,Saher Bhittani,Nageen Sardar,Litigated,Paid,Under Review,Due,
7402,Nayyar Khokhar,DEMO-KPT-7402,House No. BD-380,Street 28,Gulistan-e-Johar,13,5,Commercial,Nayyar Khokhar,Akram Gondal,Litigated,Paid,Clear,Due,
10834,Umar Mansoor,DEMO-KPT-10834,House No. DC-842,Street 30,Gulistan-e-Johar,13,5,Commercial,Umar Mansoor,Zohaib Ijaz,Verified,Paid,Issue Found,Due,
2434,Ayla Dawood,DEMO-KPT-2434,House No. B-725,Street 1,Gulistan-e-Johar,14,5,Commercial,Ayla Dawood,Shan Dahri,Litigated,Paid,Issue Found,Paid,
9198,Maaz Zaidi,DEMO-KPT-9198,House No. DB-624,Street 3,Gulistan-e-Johar,14,5,Commercial,Maaz Zaidi,Ajmal Kazmi,Pending,Due,Clear,Paid,
12738,Ismail Butt,DEMO-KPT-12738,House No. RR-486,Street 3,Gulistan-e-Johar,14,5,Commercial,Ismail Butt,Munib Rajper,Pending,Paid,Under Review,Paid,
4088,Iffat Khokhar,DEMO-KPT-4088,House No. RB-659,Street 10,Gulistan-e-Johar,14,5,Commercial,Iffat Khokhar,Amber Qazi,Verified,Paid,Issue Found,Due,
14333,Haider Kasi,DEMO-KPT-14333,House No. CBD-360,Street 10,Gulistan-e-Johar,14,5,Commercial,Haider Kasi,Ihtisham Rizvi,Verified,Paid,Under Review,Paid,
2394,Fatima Hussain,DEMO-KPT-2394,House No. B-702,Street 12,Gulistan-e-Johar,14,5,Commercial,Fatima Hussain,Emaan Ghumman,Pending,Paid,Under Review,Paid,
5875,Nuzhat Yasin,DEMO-KPT-5875,House No. BC-394,Street 12,Gulistan-e-Johar,14,5,Commercial,Nuzhat Yasin,Imran Lakhani,Verified,Paid,Under Review,Due,
9182,Jamshed Khokhar,DEMO-KPT-9182,House No. RD-678,Street 12,Gulistan-e-Johar,14,5,Commercial,Jamshed Khokhar,Rahim Qadri,Pending,Paid,Clear,Paid,
10936,Tabish Lone,DEMO-KPT-10936,House No. CD-677,Street 12,Gulistan-e-Johar,14,5,Commercial,Tabish Lone,Zoya Zubairi,Verified,Paid,Under Review,Due,
12752,Rayyan Mahsud,DEMO-KPT-12752,House No. BB-818,Street 12,Gulistan-e-Johar,14,5,Commercial,Rayyan Mahsud,Palwasha Javed,Litigated,Paid,Under Review,Paid,
5834,Irum Hoti,DEMO-KPT-5834,House No. BR-403,Street 16,Gulistan-e-Johar,14,5,Commercial,Irum Hoti,Farwa Kakar,Pending,Paid,Under Review,Paid,
14372,Muhammad Lodhi,DEMO-KPT-14372,House No. CDR-365,Street 16,Gulistan-e-Johar,14,5,Commercial,Muhammad Lodhi,Sagheer Bettani,Pending,Paid,Under Review,Due,
16011,Asif Haral,DEMO-KPT-16011,House No. DRB-678,Street 16,Gulistan-e-Johar,14,5,Commercial,Asif Haral,Sajjad Mian,Verified,Due,Issue Found,Paid,
7507,Zaheer Khokhar,DEMO-KPT-7507,House No. CR-692,Street 19,Gulistan-e-Johar,14,5,Commercial,Zaheer Khokhar,Raheela Rajper,Litigated,Paid,Clear,Paid,
12715,Farah Abro,DEMO-KPT-12715,House No. RC-602,Street 24,Gulistan-e-Johar,14,5,Commercial,Farah Abro,Saba Abro,Pending,Paid,Issue Found,Paid,
7495,Akbar Virk,DEMO-KPT-7495,House No. RR-541,Street 26,Gulistan-e-Johar,14,5,Commercial,Akbar Virk,Farid Kalhoro,Litigated,Paid,Issue Found,Due,
7540,Palwasha Jamali,DEMO-KPT-7540,House No. DC-627,Street 26,Gulistan-e-Johar,14,5,Commercial,Palwasha Jamali,Asad Orakzai,Verified,Paid,Under Review,Due,
5902,Shaheen Imran,DEMO-KPT-5902,House No. RR-756,Street 29,Gulistan-e-Johar,14,5,Commercial,Shaheen Imran,Zahra Lodhi,Pending,Paid,Clear,Due,
10893,Anas Toor,DEMO-KPT-10893,House No. CC-723,Street 29,Gulistan-e-Johar,14,5,Commercial,Anas Toor,Anum Rabbani,Litigated,Paid,Issue Found,Paid,
4084,Aziz Barakzai,DEMO-KPT-4084,House No. DR-354,Street 30,Gulistan-e-Johar,14,5,Commercial,Aziz Barakzai,Haleema Khuhro,Verified,Paid,Issue Found,Due,
16135,Dilshad Tahir,DEMO-KPT-16135,House No. RBD-828,Street 3,Gulistan-e-Johar,15,5,Commercial,Dilshad Tahir,Umair Gill,Litigated,Due,Issue Found,Paid,
2489,Salman Gill,DEMO-KPT-2489,House No. B-542,Street 5,Gulistan-e-Johar,15,5,Commercial,Salman Gill,Afreen Khokhar,Verified,Paid,Clear,Paid,
12839,Tabish Mahsud,DEMO-KPT-12839,House No. CC-389,Street 5,Gulistan-e-Johar,15,5,Commercial,Tabish Mahsud,Yumna Magsi,Verified,Paid,Clear,Paid,
4186,Uzma Malik,DEMO-KPT-4186,House No. RB-460,Street 12,Gulistan-e-Johar,15,5,Commercial,Uzma Malik,Shifa Ghazali,Verified,Paid,Under Review,Due,
4194,Ihsan Lari,DEMO-KPT-4194,House No. BB-494,Street 12,Gulistan-e-Johar,15,5,Commercial,Ihsan Lari,Athar Tariq,Pending,Paid,Under Review,Paid,
2511,Parveen Tunio,DEMO-KPT-2511,House No. R-476,Street 16,Gulistan-e-Johar,15,5,Commercial,Parveen Tunio,Habib Umer,Verified,Due,Issue Found,Paid,
4142,Tayyaba Panhwar,DEMO-KPT-4142,House No. CD-711,Street 16,Gulistan-e-Johar,15,5,Commercial,Tayyaba Panhwar,Azeem Khattak,Verified,Paid,Under Review,Due,
9261,Uzma Lone,DEMO-KPT-9261,House No. DR-486,Street 16,Gulistan-e-Johar,15,5,Commercial,Uzma Lone,Farheen Abbasi,Verified,Due,Issue Found,Paid,
11061,Rustam Mazari,DEMO-KPT-11061,House No. CB-706,Street 16,Gulistan-e-Johar,15,5,Commercial,Rustam Mazari,Hira Khokhar,Verified,Due,Issue Found,Paid,
14461,Pervaiz Turk,DEMO-KPT-14461,House No. CBR-825,Street 16,Gulistan-e-Johar,15,5,Commercial,Pervaiz Turk,Tayyaba Qadri,Pending,Due,Under Review,Paid,
5924,Iqra Sindhi,DEMO-KPT-5924,House No. CD-408,Street 23,Gulistan-e-Johar,15,5,Commercial,Iqra Sindhi,Shoaib Jogezai,Verified,Due,Issue Found,Due,
14474,Saher Khattak,DEMO-KPT-14474,House No. RBD-674,Street 23,Gulistan-e-Johar,15,5,Commercial,Saher Khattak,Emaad Rizvi,Verified,Due,Issue Found,Due,
11067,Samra Joiya,DEMO-KPT-11067,House No. RD-781,Street 24,Gulistan-e-Johar,15,5,Commercial,Samra Joiya,Nasir Usmani,Litigated,Due,Issue Found,Paid,
11064,Zainab Zardari,DEMO-KPT-11064,House No. CR-705,Street 25,Gulistan-e-Johar,15,5,Commercial,Zainab Zardari,Tasneem Kayani,Pending,Paid,Clear,Due,
2442,Nabeeha Lari,DEMO-KPT-2442,House No. B-814,Street 26,Gulistan-e-Johar,15,5,Commercial,Nabeeha Lari,Nimra Hashmi,Litigated,Paid,Clear,Due,
7608,Fariha Mehmood,DEMO-KPT-7608,House No. RB-707,Street 26,Gulistan-e-Johar,15,5,Commercial,Fariha Mehmood,Mohib Qadir,Verified,Due,Under Review,Paid,
12802,Uroosa Ansari,DEMO-KPT-12802,House No. CB-591,Street 28,Gulistan-e-Johar,15,5,Commercial,Uroosa Ansari,Zaib Kakar,Litigated,Paid,Clear,Due,
16150,Inam Raza,DEMO-KPT-16150,House No. DBC-324,Street 29,Gulistan-e-Johar,15,5,Commercial,Inam Raza,Wali Lakhani,Pending,Paid,Clear,Due,
16227,Faizan Shakir,DEMO-KPT-16227,House No. BRD-419,Street 2,Gulistan-e-Johar,16,5,Commercial,Faizan Shakir,Sarmad Rafique,Pending,Due,Under Review,Paid,
6048,Rida Hanif,DEMO-KPT-6048,House No. CD-379,Street 3,Gulistan-e-Johar,16,5,Commercial,Rida Hanif,Lamia Sadiq,Pending,Due,Clear,Paid,
12879,Safa Tareen,DEMO-KPT-12879,House No. BC-672,Street 3,Gulistan-e-Johar,16,5,Commercial,Safa Tareen,Inaya Saeed,Litigated,Paid,Under Review,Paid,
4277,Esha Rafique,DEMO-KPT-4277,House No. BR-778,Street 7,Gulistan-e-Johar,16,5,Commercial,Esha Rafique,Nosheen Sheikh,Pending,Due,Issue Found,Paid,
2626,Irum Mehmood,DEMO-KPT-2626,House No. B-453,Street 8,Gulistan-e-Johar,16,5,Commercial,Irum Mehmood,Abid Hashmi,Litigated,Due,Under Review,Paid,
9376,Wali Waheed,DEMO-KPT-9376,House No. DD-644,Street 8,Gulistan-e-Johar,16,5,Commercial,Wali Waheed,Hassan Mughal,Litigated,Due,Under Review,Paid,
16210,Sara Ahmed,DEMO-KPT-16210,House No. BCD-747,Street 10,Gulistan-e-Johar,16,5,Commercial,Sara Ahmed,Rubina Randhawa,Verified,Paid,Clear,Due,
7675,Umar Hussain,DEMO-KPT-7675,House No. CR-474,Street 12,Gulistan-e-Johar,16,5,Commercial,Umar Hussain,Ghulam Magsi,Verified,Paid,Under Review,Due,
16225,Farooq Qazi,DEMO-KPT-16225,House No. DBR-489,Street 12,Gulistan-e-Johar,16,5,Commercial,Farooq Qazi,Hashir Mazari,Verified,Paid,Under Review,Due,
11113,Sarmad Waheed,DEMO-KPT-11113,House No. CR-581,Street 13,Gulistan-e-Johar,16,5,Commercial,Sarmad Waheed,Mukarram Baloch,Litigated,Due,Under Review,Due,
14524,Salma Jogezai,DEMO-KPT-14524,House No. DRC-335,Street 18,Gulistan-e-Johar,16,5,Commercial,Salma Jogezai,Bashir Khalid,Litigated,Paid,Issue Found,Paid,
7695,Benazir Tariq,DEMO-KPT-7695,House No. DB-647,Street 19,Gulistan-e-Johar,16,5,Commercial,Benazir Tariq,Akif Naqvi,Litigated,Paid,Issue Found,Paid,
11107,Abeera Tahir,DEMO-KPT-11107,House No. DR-837,Street 19,Gulistan-e-Johar,16,5,Commercial,Abeera Tahir,Mishal Turk,Litigated,Paid,Clear,Paid,
11117,Mahnoor Mughal,DEMO-KPT-11117,House No. BB-446,Street 20,Gulistan-e-Johar,16,5,Commercial,Mahnoor Mughal,Arif Anwar,Verified,Due,Under Review,Due,
6044,Shumaila Mirani,DEMO-KPT-6044,House No. CD-441,Street 23,Gulistan-e-Johar,16,5,Commercial,Shumaila Mirani,Zubaida Lodhi,Litigated,Due,Issue Found,Paid,
12864,Lamia Tariq,DEMO-KPT-12864,House No. CC-617,Street 25,Gulistan-e-Johar,16,5,Commercial,Lamia Tariq,Raees Mian,Pending,Paid,Clear,Due,
2545,Kamran Bhat,DEMO-KPT-2545,House No. D-685,Street 26,Gulistan-e-Johar,16,5,Commercial,Kamran Bhat,Nouman Chattha,Litigated,Paid,Issue Found,Due,
2578,Yameen Lashari,DEMO-KPT-2578,House No. C-862,Street 26,Gulistan-e-Johar,16,5,Commercial,Yameen Lashari,Saleha Swati,Verified,Paid,Issue Found,Due,
11128,Sehrish Akhtar,DEMO-KPT-11128,House No. RC-375,Street 26,Gulistan-e-Johar,16,5,Commercial,Sehrish Akhtar,Erum Khosa,Verified,Paid,Issue Found,Due,
6096,Iffat Hanif,DEMO-KPT-6096,House No. CC-531,Street 1,Gulistan-e-Johar,17,5,Commercial,Iffat Hanif,Farah Rehman,Verified,Paid,Under Review,Due,
6129,Bilawal Tiwana,DEMO-KPT-6129,House No. BR-749,Street 3,Gulistan-e-Johar,17,5,Commercial,Bilawal Tiwana,Nouman Abbasi,Litigated,Paid,Under Review,Paid,
2652,Aisha Kakar,DEMO-KPT-2652,House No. B-473,Street 4,Gulistan-e-Johar,17,5,Commercial,Aisha Kakar,Hadiqa Rajput,Litigated,Due,Issue Found,Paid,
11183,Hussnain Shaikh,DEMO-KPT-11183,House No. CR-394,Street 10,Gulistan-e-Johar,17,5,Commercial,Hussnain Shaikh,Wahab Bashir,Verified,Paid,Under Review,Paid,
14605,Zohaib Alvi,DEMO-KPT-14605,House No. BDC-786,Street 11,Gulistan-e-Johar,17,5,Commercial,Zohaib Alvi,Hamza Qureshi,Verified,Due,Under Review,Paid,
16336,Muhammad Ghumman,DEMO-KPT-16336,House No. DCR-444,Street 12,Gulistan-e-Johar,17,5,Commercial,Muhammad Ghumman,Nawaz Unar,Verified,Paid,Under Review,Due,
4363,Nabeel Zafar,DEMO-KPT-4363,House No. RD-441,Street 13,Gulistan-e-Johar,17,5,Commercial,Nabeel Zafar,Arbaz Sabri,Litigated,Due,Under Review,Due,
2684,Mubashra Ghauri,DEMO-KPT-2684,House No. D-389,Street 16,Gulistan-e-Johar,17,5,Commercial,Mubashra Ghauri,Qaiser Lone,Pending,Paid,Under Review,Paid,
9422,Afshan Rafique,DEMO-KPT-9422,House No. DC-521,Street 16,Gulistan-e-Johar,17,5,Commercial,Afshan Rafique,Nawal Tunio,Pending,Paid,Under Review,Due,
6117,Sabrina Imran,DEMO-KPT-6117,House No. BD-575,Street 24,Gulistan-e-Johar,17,5,Commercial,Sabrina Imran,Zubaida Zia,Litigated,Due,Issue Found,Paid,
4314,Shahzadi Dogar,DEMO-KPT-4314,House No. RR-760,Street 25,Gulistan-e-Johar,17,5,Commercial,Shahzadi Dogar,Parveen Khalid,Pending,Paid,Clear,Due,
4334,Saqib Hinjra,DEMO-KPT-4334,House No. RD-803,Street 25,Gulistan-e-Johar,17,5,Commercial,Saqib Hinjra,Rizwan Khosa,Litigated,Paid,Clear,Due,
6134,Faiza Gakhar,DEMO-KPT-6134,House No. CC-648,Street 25,Gulistan-e-Johar,17,5,Commercial,Faiza Gakhar,Saleem Nasar,Litigated,Paid,Clear,Due,
11140,Sharjeel Abro,DEMO-KPT-11140,House No. DC-316,Street 26,Gulistan-e-Johar,17,5,Commercial,Sharjeel Abro,Iftikhar Tarar,Verified,Paid,Under Review,Due,
12933,Eman Nadeem,DEMO-KPT-12933,House No. DR-850,Street 26,Gulistan-e-Johar,17,5,Commercial,Eman Nadeem,Atif Parvez,Litigated,Paid,Under Review,Due,
12940,Tayyab Sipra,DEMO-KPT-12940,House No. RC-333,Street 26,Gulistan-e-Johar,17,5,Commercial,Tayyab Sipra,Fabiha Farooq,Verified,Paid,Under Review,Due,
2650,Sonia Hafeez,DEMO-KPT-2650,House No. B-447,Street 29,Gulistan-e-Johar,17,5,Commercial,Sonia Hafeez,Sahar Cheena,Pending,Paid,Clear,Due,
12951,Khushbu Sandhu,DEMO-KPT-12951,House No. DR-351,Street 29,Gulistan-e-Johar,17,5,Commercial,Khushbu Sandhu,Umar Saeed,Pending,Paid,Under Review,Due,
14611,Benazir Khan,DEMO-KPT-14611,House No. DCB-898,Street 29,Gulistan-e-Johar,17,5,Commercial,Benazir Khan,Sarmad Tunio,Litigated,Due,Issue Found,Due,
7896,Nuzhat Bashir,DEMO-KPT-7896,House No. BD-454,Street 1,Gulistan-e-Johar,18,5,Commercial,Nuzhat Bashir,Afshan Leghari,Verified,Paid,Under Review,Due,
16384,Safa Jogezai,DEMO-KPT-16384,House No. RDB-423,Street 1,Gulistan-e-Johar,18,5,Commercial,Safa Jogezai,Mashal Dogar,Litigated,Paid,Issue Found,Paid,
4452,Nadia Panezai,DEMO-KPT-4452,House No. DD-393,Street 4,Gulistan-e-Johar,18,5,Commercial,Nadia Panezai,Ijaz Niazi,Litigated,Due,Issue Found,Paid,
16439,Jannat Peerzada,DEMO-KPT-16439,House No. CRB-706,Street 5,Gulistan-e-Johar,18,5,Commercial,Jannat Peerzada,Tahmina Qadir,Verified,Paid,Clear,Paid,
6163,Kaneez Yousaf,DEMO-KPT-6163,House No. BC-679,Street 13,Gulistan-e-Johar,18,5,Commercial,Kaneez Yousaf,Saqib Shinwari,Litigated,Due,Under Review,Due,
13034,Salma Sohu,DEMO-KPT-13034,House No. BC-737,Street 16,Gulistan-e-Johar,18,5,Commercial,Salma Sohu,Nailah Mahesar,Pending,Paid,Under Review,Paid,
2696,Ayeza Gakhar,DEMO-KPT-2696,House No. R-754,Street 19,Gulistan-e-Johar,18,5,Commercial,Ayeza Gakhar,Farhan Wani,Litigated,Paid,Clear,Paid,
6157,Alam Wattoo,DEMO-KPT-6157,House No. RD-804,Street 19,Gulistan-e-Johar,18,5,Commercial,Alam Wattoo,Nuzhat Tariq,Litigated,Paid,Clear,Paid,
11246,Nasreen Mirza,DEMO-KPT-11246,House No. BD-691,Street 19,Gulistan-e-Johar,18,5,Commercial,Nasreen Mirza,Numan Lodhi,Litigated,Paid,Clear,Paid,
14688,Mehmood Minhas,DEMO-KPT-14688,House No. BCR-345,Street 19,Gulistan-e-Johar,18,5,Commercial,Mehmood Minhas,Zulfiqar Durrani,Verified,Paid,Clear,Paid,
2747,Shahid Pirzada,DEMO-KPT-2747,House No. B-640,Street 21,Gulistan-e-Johar,18,5,Commercial,Shahid Pirzada,Fasih Sial,Verified,Paid,Under Review,Due,
9497,Aiman Mian,DEMO-KPT-9497,House No. CB-497,Street 21,Gulistan-e-Johar,18,5,Commercial,Aiman Mian,Umair Shaikh,Verified,Paid,Under Review,Due,
11239,Azka Minhas,DEMO-KPT-11239,House No. CR-462,Street 24,Gulistan-e-Johar,18,5,Commercial,Azka Minhas,Sagheer Kakar,Verified,Paid,Clear,Due,
14701,Asad Mazari,DEMO-KPT-14701,House No. BCR-498,Street 27,Gulistan-e-Johar,18,5,Commercial,Asad Mazari,Haleema Sipra,Pending,Due,Under Review,Paid,
9502,Khadija Lakhani,DEMO-KPT-9502,House No. RB-558,Street 29,Gulistan-e-Johar,18,5,Commercial,Khadija Lakhani,Bashir Nawaz,Pending,Paid,Clear,Due,
11354,Hoorain Khalid,DEMO-KPT-11354,House No. DD-316,Street 6,Gulistan-e-Johar,19,5,Commercial,Hoorain Khalid,Fauzia Lari,Litigated,Due,Issue Found,Paid,
13154,Zaynab Mian,DEMO-KPT-13154,House No. RD-393,Street 6,Gulistan-e-Johar,19,5,Commercial,Zaynab Mian,Fauzia Mehmood,Litigated,Due,Issue Found,Paid,
11288,Arfa Mangi,DEMO-KPT-11288,House No. CC-779,Street 10,Gulistan-e-Johar,19,5,Commercial,Arfa Mangi,Alizeh Sabri,Verified,Paid,Issue Found,Due,
4484,Mishal Sipra,DEMO-KPT-4484,House No. DR-402,Street 16,Gulistan-e-Johar,19,5,Commercial,Mishal Sipra,Kamil Majeed,Pending,Paid,Under Review,Paid,
6284,Wajid Gondal,DEMO-KPT-6284,House No. CR-452,Street 16,Gulistan-e-Johar,19,5,Commercial,Wajid Gondal,Maryum Bangash,Pending,Paid,Under Review,Paid,
6265,Kainat Mohammadzai,DEMO-KPT-6265,House No. CB-594,Street 17,Gulistan-e-Johar,19,5,Commercial,Kainat Mohammadzai,Habib Warsi,Verified,Due,Under Review,Due,
7972,Firdous Bangash,DEMO-KPT-7972,House No. CR-332,Street 17,Gulistan-e-Johar,19,5,Commercial,Firdous Bangash,Kaleem Saleem,Litigated,Paid,Clear,Due,
13113,Tayyaba Malik,DEMO-KPT-13113,House No. RD-464,Street 18,Gulistan-e-Johar,19,5,Commercial,Tayyaba Malik,Ghazala Mazari,Verified,Due,Issue Found,Due,
14849,Tanveer Baloch,DEMO-KPT-14849,House No. RBD-520,Street 22,Gulistan-e-Johar,19,5,Commercial,Tanveer Baloch,Saleha Alvi,Verified,Paid,Under Review,Due,
4528,Naveed Saeed,DEMO-KPT-4528,House No. RR-784,Street 23,Gulistan-e-Johar,19,5,Commercial,Naveed Saeed,Nudrat Dayo,Verified,Paid,Clear,Paid,
13124,Emaan Niazi,DEMO-KPT-13124,House No. BC-725,Street 23,Gulistan-e-Johar,19,5,Commercial,Emaan Niazi,Khizar Soomro,Verified,Due,Issue Found,Due,
2849,Shamim Parvez,DEMO-KPT-2849,House No. C-402,Street 25,Gulistan-e-Johar,19,5,Commercial,Shamim Parvez,Salma Javed,Litigated,Due,Issue Found,Paid,
13170,Humayun Durrani,DEMO-KPT-13170,House No. CC-820,Street 25,Gulistan-e-Johar,19,5,Commercial,Humayun Durrani,Lamia Pirzada,Pending,Due,Under Review,Paid,
7945,Ghazala Buriro,DEMO-KPT-7945,House No. CR-543,Street 26,Gulistan-e-Johar,19,5,Commercial,Ghazala Buriro,Liaquat Riaz,Litigated,Paid,Issue Found,Due,
16528,Nabeeha Bajwa,DEMO-KPT-16528,House No. CRB-839,Street 26,Gulistan-e-Johar,19,5,Commercial,Nabeeha Bajwa,Khushbu Tiwana,Verified,Paid,Issue Found,Due,
7951,Bilal Ali,DEMO-KPT-7951,House No. RC-853,Street 27,Gulistan-e-Johar,19,5,Commercial,Bilal Ali,Neha Peerzada,Pending,Due,Under Review,Paid,
6250,Tooba Latif,DEMO-KPT-6250,House No. CC-828,Street 29,Gulistan-e-Johar,19,5,Commercial,Tooba Latif,Hidayat Khokhar,Pending,Paid,Clear,Due,
8012,Zakir Gondal,DEMO-KPT-8012,House No. DB-642,Street 2,Gulistan-e-Johar,20,5,Commercial,Zakir Gondal,Azhar Tiwana,Verified,Due,Clear,Due,
2979,Mazhar Dahri,DEMO-KPT-2979,House No. C-604,Street 3,Gulistan-e-Johar,20,5,Commercial,Mazhar Dahri,Shahida Pirzada,Litigated,Paid,Under Review,Paid,
2939,Ayla Ansari,DEMO-KPT-2939,House No. C-762,Street 5,Gulistan-e-Johar,20,5,Commercial,Ayla Ansari,Zameer Sandhu,Verified,Paid,Clear,Paid,
16576,Husna Korai,DEMO-KPT-16576,House No. CRD-362,Street 8,Gulistan-e-Johar,20,5,Commercial,Husna Korai,Bushra Lari,Litigated,Due,Under Review,Paid,
6310,Saba Turk,DEMO-KPT-6310,House No. RC-472,Street 10,Gulistan-e-Johar,20,5,Commercial,Saba Turk,Sundas Kiani,Verified,Paid,Clear,Due,
16583,Jibran Siddiqui,DEMO-KPT-16583,House No. RBD-409,Street 10,Gulistan-e-Johar,20,5,Commercial,Jibran Siddiqui,Misbah Wattoo,Verified,Paid,Under Review,Paid,
4682,Shoaib Palijo,DEMO-KPT-4682,House No. CR-366,Street 12,Gulistan-e-Johar,20,5,Commercial,Shoaib Palijo,Muzammil Kiani,Pending,Paid,Clear,Paid,
14937,Sikandar Abbasi,DEMO-KPT-14937,House No. RDB-438,Street 15,Gulistan-e-Johar,20,5,Commercial,Sikandar Abbasi,Ashfaq Ali,Pending,Paid,Issue Found,Paid,
13250,Hafiz Shafi,DEMO-KPT-13250,House No. DD-348,Street 18,Gulistan-e-Johar,20,5,Commercial,Hafiz Shafi,Emaan Ghauri,Litigated,Paid,Issue Found,Due,
14895,Kashaf Yousafzai,DEMO-KPT-14895,House No. DRB-492,Street 19,Gulistan-e-Johar,20,5,Commercial,Kashaf Yousafzai,Naveed Rana,Litigated,Paid,Issue Found,Paid,
9670,Hammad Naqvi,DEMO-KPT-9670,House No. DC-707,Street 21,Gulistan-e-Johar,20,5,Commercial,Hammad Naqvi,Erum Laghari,Pending,Paid,Clear,Due,
6328,Kinza Hanif,DEMO-KPT-6328,House No. DB-668,Street 23,Gulistan-e-Johar,20,5,Commercial,Kinza Hanif,Wajid Qadir,Verified,Paid,Clear,Paid,
13244,Kabir Ijaz,DEMO-KPT-13244,House No. RR-375,Street 23,Gulistan-e-Johar,20,5,Commercial,Kabir Ijaz,Husna Bilgrami,Litigated,Due,Issue Found,Paid,
2984,Isha Ghaffar,DEMO-KPT-2984,House No. B-421,Street 25,Gulistan-e-Johar,20,5,Commercial,Isha Ghaffar,Izhar Dar,Litigated,Paid,Clear,Due,
2911,Saad Virk,DEMO-KPT-2911,House No. R-830,Street 29,Gulistan-e-Johar,20,5,Commercial,Saad Virk,Anam Zahid,Litigated,Due,Issue Found,Due,
8050,Yusuf Toor,DEMO-KPT-8050,House No. BC-635,Street 29,Gulistan-e-Johar,20,5,Commercial,Yusuf Toor,Aneela Dawood,Pending,Paid,Clear,Due,
9661,Manahil Bettani,DEMO-KPT-9661,House No. RB-419,Street 29,Gulistan-e-Johar,20,5,Commercial,Manahil Bettani,Sonia Niazi,Litigated,Due,Issue Found,Due,
6370,Sara Rajput,DEMO-KPT-6370,House No. DD-884,Street 30,Gulistan-e-Johar,20,5,Commercial,Sara Rajput,Jabbar Zahid,Litigated,Due,Under Review,Paid,
14920,Sabrina Baig,DEMO-KPT-14920,House No. DRB-865,Street 30,Gulistan-e-Johar,20,5,Commercial,Sabrina Baig,Faiza Jogezai,Litigated,Due,Under Review,Paid,
8354,Danish Memon,DEMO-KPT-8354,House No. BD-396,Street 1,Gulshan-e-Iqbal,1,5,Commercial,Danish Memon,Ghazanfar Hoti,Litigated,Due,Under Review,Paid,
1488,Maham Mehmood,DEMO-KPT-1488,House No. D-470,Street 3,Gulshan-e-Iqbal,1,5,Commercial,Maham Mehmood,Rizwaan Malik,Pending,Paid,Under Review,Paid,
8298,Sadiq Butt,DEMO-KPT-8298,House No. DD-578,Street 3,Gulshan-e-Iqbal,1,5,Commercial,Sadiq Butt,Akram Bhutto,Pending,Due,Clear,Paid,
1004,Sara Noor,DEMO-KPT-1004,House No. A-247,Street 6,Gulshan-e-Iqbal,1,5,Commercial,Sara Noor,Nimra Khan,Litigated,Due,Issue Found,Paid,
5054,Tanveer Marri,DEMO-KPT-5054,House No. CR-471,Street 6,Gulshan-e-Iqbal,1,5,Commercial,Tanveer Marri,Asif Yazdani,Litigated,Due,Issue Found,Paid,
12134,Sheeba Sultan,DEMO-KPT-12134,House No. DC-594,Street 16,Gulshan-e-Iqbal,1,5,Commercial,Sheeba Sultan,Zulekha Memon,Pending,Paid,Under Review,Paid,
1474,Noreen Mazari,DEMO-KPT-1474,House No. C-564,Street 18,Gulshan-e-Iqbal,1,5,Commercial,Noreen Mazari,Tabassum Warraich,Litigated,Paid,Issue Found,Paid,
4997,Amna Wani,DEMO-KPT-4997,House No. BD-630,Street 21,Gulshan-e-Iqbal,1,5,Commercial,Amna Wani,Fawad Mughal,Verified,Paid,Under Review,Due,
1020,Nimra Aslam,DEMO-KPT-1020,House No. A-742,Street 25,Gulshan-e-Iqbal,1,5,Commercial,Nimra Aslam,Hassan Ali,Pending,Due,Under Review,Paid,
1505,Neelam Wani,DEMO-KPT-1505,House No. B-883,Street 25,Gulshan-e-Iqbal,1,5,Commercial,Neelam Wani,Hamza Achakzai,Pending,Due,Clear,Paid,
8255,Hadiqa Qadri,DEMO-KPT-8255,House No. DC-687,Street 25,Gulshan-e-Iqbal,1,5,Commercial,Hadiqa Qadri,Misbah Mahar,Pending,Due,Clear,Paid,
15843,Dawood Gondal,DEMO-KPT-15843,House No. CBR-667,Street 29,Gulshan-e-Iqbal,1,5,Commercial,Dawood Gondal,Khalid Parvez,Litigated,Paid,Issue Found,Paid,
1105,Muhammad Butt,DEMO-KPT-1105,House No. A-383,Street 11,Gulshan-e-Iqbal,2,5,Commercial,Muhammad Butt,Sadia Khan,Verified,Due,Under Review,Paid,
5263,Zoya Alvi,DEMO-KPT-5263,House No. DD-634,Street 13,Gulshan-e-Iqbal,2,5,Commercial,Zoya Alvi,Mehwish Mansoor,Litigated,Due,Under Review,Due,
1674,Saqib Saeed,DEMO-KPT-1674,House No. C-565,Street 15,Gulshan-e-Iqbal,2,5,Commercial,Saqib Saeed,Nadia Mazari,Pending,Due,Under Review,Due,
12440,Bilal Sadiq,DEMO-KPT-12440,House No. BC-533,Street 23,Gulshan-e-Iqbal,2,5,Commercial,Bilal Sadiq,Mahrukh Tahir,Verified,Due,Clear,Paid,
16040,Pervaiz Farooq,DEMO-KPT-16040,House No. DRC-793,Street 23,Gulshan-e-Iqbal,2,5,Commercial,Pervaiz Farooq,Ihtisham Sadiq,Verified,Due,Clear,Paid,
5217,Fazal Sheikh,DEMO-KPT-5217,House No. RD-712,Street 24,Gulshan-e-Iqbal,2,5,Commercial,Fazal Sheikh,Zameer Panezai,Litigated,Due,Issue Found,Paid,
16014,Khansa Joiya,DEMO-KPT-16014,House No. BCR-770,Street 25,Gulshan-e-Iqbal,2,5,Commercial,Khansa Joiya,Shahid Yazdani,Pending,Paid,Clear,Due,
5245,Ambreen Khan,DEMO-KPT-5245,House No. CC-415,Street 26,Gulshan-e-Iqbal,2,5,Commercial,Ambreen Khan,Nauman Tariq,Litigated,Paid,Issue Found,Due,
16045,Mubashra Durrani,DEMO-KPT-16045,House No. BCR-767,Street 26,Gulshan-e-Iqbal,2,5,Commercial,Mubashra Durrani,Salma Nasar,Litigated,Paid,Issue Found,Due,
1102,Imran Shah,DEMO-KPT-1102,House No. A-160,Street 28,Gulshan-e-Iqbal,2,5,Commercial,Imran Shah,Saad Noor,Litigated,Paid,Clear,Due,
12363,Muzammil Sial,DEMO-KPT-12363,House No. CB-547,Street 28,Gulshan-e-Iqbal,2,5,Commercial,Muzammil Sial,Kaif Khokhar,Litigated,Paid,Issue Found,Paid,
16152,Saba Laghari,DEMO-KPT-16152,House No. BCR-852,Street 4,Gulshan-e-Iqbal,3,5,Commercial,Saba Laghari,Sobia Abbasi,Litigated,Due,Issue Found,Paid,
12496,Dania Ghani,DEMO-KPT-12496,House No. BR-747,Street 5,Gulshan-e-Iqbal,3,5,Commercial,Dania Ghani,Noshaba Jamali,Pending,Due,Under Review,Due,
1745,Arslan Sipra,DEMO-KPT-1745,House No. C-547,Street 10,Gulshan-e-Iqbal,3,5,Commercial,Arslan Sipra,Faiza Zia,Litigated,Paid,Clear,Paid,
16184,Maira Baloch,DEMO-KPT-16184,House No. CRD-597,Street 16,Gulshan-e-Iqbal,3,5,Commercial,Maira Baloch,Sania Tareen,Pending,Paid,Under Review,Paid,
1796,Jabbar Imran,DEMO-KPT-1796,House No. B-643,Street 19,Gulshan-e-Iqbal,3,5,Commercial,Jabbar Imran,Nayyar Barakzai,Litigated,Paid,Clear,Paid,
1845,Tahmina Rajper,DEMO-KPT-1845,House No. C-715,Street 19,Gulshan-e-Iqbal,3,5,Commercial,Tahmina Rajper,Benazir Sabri,Litigated,Paid,Issue Found,Paid,
8744,Kainat Zaman,DEMO-KPT-8744,House No. CB-306,Street 23,Gulshan-e-Iqbal,3,5,Commercial,Kainat Zaman,Fida Chandio,Litigated,Due,Issue Found,Paid,
12589,Shakeel Malik,DEMO-KPT-12589,House No. BC-373,Street 24,Gulshan-e-Iqbal,3,5,Commercial,Shakeel Malik,Dua Sabri,Verified,Paid,Clear,Due,
12478,Tayyaba Randhawa,DEMO-KPT-12478,House No. BB-491,Street 26,Gulshan-e-Iqbal,3,5,Commercial,Tayyaba Randhawa,Babar Zubair,Verified,Paid,Issue Found,Due,
1113,Hamza Raza,DEMO-KPT-1113,House No. A-269,Street 28,Gulshan-e-Iqbal,3,5,Commercial,Hamza Raza,Fahad Khan,Litigated,Paid,Issue Found,Paid,
5350,Qadir Mazari,DEMO-KPT-5350,House No. RR-567,Street 29,Gulshan-e-Iqbal,3,5,Commercial,Qadir Mazari,Zehra Shakir,Pending,Paid,Clear,Due,
1834,Bashir Tahir,DEMO-KPT-1834,House No. B-801,Street 30,Gulshan-e-Iqbal,3,5,Commercial,Bashir Tahir,Muzammil Durrani,Verified,Paid,Issue Found,Due,
2040,Bakhtawar Saeed,DEMO-KPT-2040,House No. C-788,Street 6,Gulshan-e-Iqbal,4,5,Commercial,Bakhtawar Saeed,Umar Shakeel,Pending,Due,Issue Found,Paid,
8931,Rafia Zaman,DEMO-KPT-8931,House No. RD-417,Street 6,Gulshan-e-Iqbal,4,5,Commercial,Rafia Zaman,Qudrat Chandio,Litigated,Due,Clear,Due,
2027,Munir Lodhi,DEMO-KPT-2027,House No. D-579,Street 7,Gulshan-e-Iqbal,4,5,Commercial,Munir Lodhi,Jawad Swati,Pending,Due,Issue Found,Paid,
2176,Luqmaan Rana,DEMO-KPT-2176,House No. D-650,Street 8,Gulshan-e-Iqbal,4,5,Commercial,Luqmaan Rana,Arooj Kiani,Litigated,Due,Under Review,Paid,
5582,Zara Hameed,DEMO-KPT-5582,House No. CD-327,Street 12,Gulshan-e-Iqbal,4,5,Commercial,Zara Hameed,Hashim Mirani,Pending,Paid,Clear,Paid,
12736,Nabila Sandhu,DEMO-KPT-12736,House No. CD-392,Street 12,Gulshan-e-Iqbal,4,5,Commercial,Nabila Sandhu,Burhan Hafeez,Verified,Paid,Under Review,Due,
16287,Atiya Haral,DEMO-KPT-16287,House No. RDB-849,Street 15,Gulshan-e-Iqbal,4,5,Commercial,Atiya Haral,Mashal Bajwa,Pending,Paid,Issue Found,Paid,
8996,Sobia Pasha,DEMO-KPT-8996,House No. DR-799,Street 19,Gulshan-e-Iqbal,4,5,Commercial,Sobia Pasha,Shoaib Zafar,Litigated,Paid,Clear,Paid,
12596,Aslam Lashari,DEMO-KPT-12596,House No. CD-562,Street 19,Gulshan-e-Iqbal,4,5,Commercial,Aslam Lashari,Asad Wattoo,Litigated,Paid,Clear,Paid,
1190,Salman Farooq,DEMO-KPT-1190,House No. A-535,Street 23,Gulshan-e-Iqbal,4,5,Commercial,Salman Farooq,Maham Siddiqui,Verified,Due,Clear,Paid,
12628,Khurram Jaffri,DEMO-KPT-12628,House No. CD-407,Street 23,Gulshan-e-Iqbal,4,5,Commercial,Khurram Jaffri,Arslan Memon,Verified,Paid,Clear,Paid,
16274,Aun Kiani,DEMO-KPT-16274,House No. BCD-398,Street 23,Gulshan-e-Iqbal,4,5,Commercial,Aun Kiani,Ejaz Mustafa,Verified,Due,Issue Found,Due,
16315,Shumaila Niazi,DEMO-KPT-16315,House No. RBC-573,Street 24,Gulshan-e-Iqbal,4,5,Commercial,Shumaila Niazi,Sarah Lodhi,Pending,Paid,Issue Found,Paid,
5520,Saher Mian,DEMO-KPT-5520,House No. DC-792,Street 25,Gulshan-e-Iqbal,4,5,Commercial,Saher Mian,Bilquis Jogezai,Pending,Due,Under Review,Paid,
5493,Jazib Ghani,DEMO-KPT-5493,House No. RC-836,Street 29,Gulshan-e-Iqbal,4,5,Commercial,Jazib Ghani,Noreen Shakeel,Litigated,Paid,Issue Found,Paid,
16270,Benazir Butt,DEMO-KPT-16270,House No. DBR-869,Street 30,Gulshan-e-Iqbal,4,5,Commercial,Benazir Butt,Tayyaba Waheed,Litigated,Due,Under Review,Paid,
9184,Saeed Saeed,DEMO-KPT-9184,House No. BC-764,Street 1,Gulshan-e-Iqbal,5,5,Commercial,Saeed Saeed,Ashfaq Unar,Litigated,Paid,Issue Found,Paid,
12846,Mishal Farooqi,DEMO-KPT-12846,House No. RB-557,Street 1,Gulshan-e-Iqbal,5,5,Commercial,Mishal Farooqi,Munib Hinjra,Verified,Paid,Under Review,Due,
12798,Azka Rashid,DEMO-KPT-12798,House No. CB-498,Street 3,Gulshan-e-Iqbal,5,5,Commercial,Azka Rashid,Ikhlaq Joiya,Pending,Due,Clear,Paid,
2386,Ruqayya Khattak,DEMO-KPT-2386,House No. B-832,Street 12,Gulshan-e-Iqbal,5,5,Commercial,Ruqayya Khattak,Amir Kalhoro,Verified,Paid,Under Review,Due,
5713,Haider Malik,DEMO-KPT-5713,House No. BB-522,Street 13,Gulshan-e-Iqbal,5,5,Commercial,Haider Malik,Qamar Zafar,Litigated,Due,Under Review,Due,
1224,Usman Raza,DEMO-KPT-1224,House No. A-927,Street 15,Gulshan-e-Iqbal,5,5,Commercial,Usman Raza,Hira Haider,Pending,Due,Under Review,Due,
9061,Maimoona Farooq,DEMO-KPT-9061,House No. RC-854,Street 16,Gulshan-e-Iqbal,5,5,Commercial,Maimoona Farooq,Sharmeen Lughmani,Pending,Due,Under Review,Paid,
12888,Zaynab Ali,DEMO-KPT-12888,House No. BD-417,Street 19,Gulshan-e-Iqbal,5,5,Commercial,Zaynab Ali,Tooba Nasar,Verified,Paid,Clear,Paid,
9194,Hashir Mansoor,DEMO-KPT-9194,House No. BD-724,Street 23,Gulshan-e-Iqbal,5,5,Commercial,Hashir Mansoor,Sufyan Ali,Litigated,Due,Issue Found,Paid,
16346,Kaleem Leghari,DEMO-KPT-16346,House No. CRD-819,Street 23,Gulshan-e-Iqbal,5,5,Commercial,Kaleem Leghari,Humayun Samo,Litigated,Paid,Under Review,Due,
1233,Laiba Siddiqui,DEMO-KPT-1233,House No. A-263,Street 26,Gulshan-e-Iqbal,5,5,Commercial,Laiba Siddiqui,Ali Shah,Litigated,Paid,Under Review,Due,
5728,Ammar Chandio,DEMO-KPT-5728,House No. RC-500,Street 26,Gulshan-e-Iqbal,5,5,Commercial,Ammar Chandio,Aftab Mahesar,Verified,Paid,Issue Found,Due,
5602,Kabir Rizvi,DEMO-KPT-5602,House No. RR-577,Street 28,Gulshan-e-Iqbal,5,5,Commercial,Kabir Rizvi,Shaista Ali,Litigated,Paid,Clear,Due,
2388,Noreen Joiya,DEMO-KPT-2388,House No. R-572,Street 3,Gulshan-e-Iqbal,6,5,Commercial,Noreen Joiya,Farzana Junejo,Pending,Paid,Under Review,Paid,
12900,Fozia Sandhu,DEMO-KPT-12900,House No. DR-763,Street 4,Gulshan-e-Iqbal,6,5,Commercial,Fozia Sandhu,Imtiaz Kamal,Litigated,Due,Clear,Due,
12981,Mukhtar Mahsud,DEMO-KPT-12981,House No. RR-639,Street 6,Gulshan-e-Iqbal,6,5,Commercial,Mukhtar Mahsud,Sadaf Bashir,Litigated,Due,Clear,Due,
9395,Mishal Baig,DEMO-KPT-9395,House No. DB-841,Street 10,Gulshan-e-Iqbal,6,5,Commercial,Mishal Baig,Mirza Memon,Litigated,Paid,Clear,Paid,
2432,Murtaza Buriro,DEMO-KPT-2432,House No. D-845,Street 12,Gulshan-e-Iqbal,6,5,Commercial,Murtaza Buriro,Zamzam Naseem,Pending,Paid,Clear,Paid,
2563,Samina Bhittani,DEMO-KPT-2563,House No. C-519,Street 13,Gulshan-e-Iqbal,6,5,Commercial,Samina Bhittani,Sharjeel Mahar,Litigated,Due,Under Review,Due,
16615,Ghazala Gill,DEMO-KPT-16615,House No. CDB-472,Street 17,Gulshan-e-Iqbal,6,5,Commercial,Ghazala Gill,Naureen Umer,Verified,Due,Under Review,Due,
1346,Nimra Ahmed,DEMO-KPT-1346,House No. A-610,Street 19,Gulshan-e-Iqbal,6,5,Commercial,Nimra Ahmed,Zain Iqbal,Litigated,Paid,Clear,Paid,
9288,Sumayya Qadri,DEMO-KPT-9288,House No. BD-690,Street 19,Gulshan-e-Iqbal,6,5,Commercial,Sumayya Qadri,Arisha Zafar,Verified,Paid,Clear,Paid,
9307,Mazen Chaudhry,DEMO-KPT-9307,House No. RR-867,Street 19,Gulshan-e-Iqbal,6,5,Commercial,Mazen Chaudhry,Nawal Orakzai,Litigated,Paid,Clear,Paid,
9328,Naseer Mansoor,DEMO-KPT-9328,House No. CR-421,Street 26,Gulshan-e-Iqbal,6,5,Commercial,Naseer Mansoor,Muneeba Mahesar,Verified,Paid,Issue Found,Due,
13008,Mohsin Baloch,DEMO-KPT-13008,House No. DR-774,Street 26,Gulshan-e-Iqbal,6,5,Commercial,Mohsin Baloch,Bahadur Mohmand,Verified,Due,Under Review,Paid,
16533,Zubia Pasha,DEMO-KPT-16533,House No. RBD-778,Street 26,Gulshan-e-Iqbal,6,5,Commercial,Zubia Pasha,Mahir Khokhar,Litigated,Paid,Under Review,Due,
5751,Afshan Kiani,DEMO-KPT-5751,House No. DB-584,Street 29,Gulshan-e-Iqbal,6,5,Commercial,Afshan Kiani,Hina Dreshak,Pending,Paid,Under Review,Due,
9477,Qayyum Joiya,DEMO-KPT-9477,House No. RD-849,Street 2,Gulshan-e-Iqbal,7,5,Commercial,Qayyum Joiya,Tahira Gabol,Pending,Due,Under Review,Paid,
1360,Ahsan Raza,DEMO-KPT-1360,House No. A-740,Street 10,Gulshan-e-Iqbal,7,5,Commercial,Ahsan Raza,Zain Raza,Verified,Paid,Clear,Due,
2738,Maryum Chaudhry,DEMO-KPT-2738,House No. R-771,Street 10,Gulshan-e-Iqbal,7,5,Commercial,Maryum Chaudhry,Bilawal Samo,Verified,Paid,Issue Found,Due,
9488,Hamid Bangash,DEMO-KPT-9488,House No. DB-880,Street 10,Gulshan-e-Iqbal,7,5,Commercial,Hamid Bangash,Shaheer Bajwa,Verified,Paid,Issue Found,Due,
9434,Saqib Randhawa,DEMO-KPT-9434,House No. RC-788,Street 16,Gulshan-e-Iqbal,7,5,Commercial,Saqib Randhawa,Sikandar Lone,Pending,Paid,Under Review,Paid,
16622,Sharjeel Gill,DEMO-KPT-16622,House No. BRD-739,Street 16,Gulshan-e-Iqbal,7,5,Commercial,Sharjeel Gill,Sanam Samo,Pending,Paid,Under Review,Due,
5974,Arbaz Cheena,DEMO-KPT-5974,House No. CB-869,Street 18,Gulshan-e-Iqbal,7,5,Commercial,Arbaz Cheena,Tabish Minhas,Litigated,Paid,Issue Found,Paid,
16713,Sharjeel Rind,DEMO-KPT-16713,House No. BRC-559,Street 18,Gulshan-e-Iqbal,7,5,Commercial,Sharjeel Rind,Ayan Mirani,Verified,Due,Issue Found,Due,
9495,Nouman Hayat,DEMO-KPT-9495,House No. RR-671,Street 19,Gulshan-e-Iqbal,7,5,Commercial,Nouman Hayat,Farzana Yazdani,Litigated,Paid,Issue Found,Paid,
16646,Adeel Kidwai,DEMO-KPT-16646,House No. DRB-850,Street 19,Gulshan-e-Iqbal,7,5,Commercial,Adeel Kidwai,Ramsha Kakar,Litigated,Paid,Clear,Paid,
1368,Waleed Raza,DEMO-KPT-1368,House No. A-690,Street 26,Gulshan-e-Iqbal,7,5,Commercial,Waleed Raza,Fahad Hussain,Verified,Paid,Under Review,Paid,
2590,Dilawar Joiya,DEMO-KPT-2590,House No. R-328,Street 26,Gulshan-e-Iqbal,7,5,Commercial,Dilawar Joiya,Mehwish Abbasi,Verified,Paid,Under Review,Due,
2838,Mehboob Leghari,DEMO-KPT-2838,House No. B-429,Street 3,Gulshan-e-Iqbal,8,5,Commercial,Mehboob Leghari,Taha Tiwana,Pending,Paid,Under Review,Paid,
13452,Zunaira Warsi,DEMO-KPT-13452,House No. BDR-309,Street 4,Gulshan-e-Iqbal,8,5,Commercial,Zunaira Warsi,Atiya Samo,Litigated,Due,Issue Found,Paid,
2804,Bisma Wattoo,DEMO-KPT-2804,House No. D-765,Street 6,Gulshan-e-Iqbal,8,5,Commercial,Bisma Wattoo,Rizwaan Haral,Litigated,Due,Issue Found,Paid,
16754,Nadir Dar,DEMO-KPT-16754,House No. BRC-419,Street 6,Gulshan-e-Iqbal,8,5,Commercial,Nadir Dar,Rukhsana Junejo,Litigated,Due,Issue Found,Paid,
6077,Inayat Yousaf,DEMO-KPT-6077,House No. DD-457,Street 7,Gulshan-e-Iqbal,8,5,Commercial,Inayat Yousaf,Sarah Rizvi,Pending,Due,Issue Found,Paid,
9728,Anwar Shaikh,DEMO-KPT-9728,House No. RB-506,Street 7,Gulshan-e-Iqbal,8,5,Commercial,Anwar Shaikh,Yaqoob Ghani,Litigated,Due,Clear,Paid,
2836,Azka Ghani,DEMO-KPT-2836,House No. B-897,Street 12,Gulshan-e-Iqbal,8,5,Commercial,Azka Ghani,Mahrukh Toor,Verified,Paid,Under Review,Due,
1411,Owais Ali,DEMO-KPT-1411,House No. A-34,Street 16,Gulshan-e-Iqbal,8,5,Commercial,Owais Ali,Zain Khan,Pending,Due,Under Review,Paid,
13372,Muzammil Kamboh,DEMO-KPT-13372,House No. RB-529,Street 17,Gulshan-e-Iqbal,8,5,Commercial,Muzammil Kamboh,Mahwish Aslam,Litigated,Paid,Clear,Due,
2815,Bilawal Ali,DEMO-KPT-2815,House No. B-527,Street 24,Gulshan-e-Iqbal,8,5,Commercial,Bilawal Ali,Saher Minhas,Pending,Paid,Issue Found,Paid,
13390,Humaira Yasin,DEMO-KPT-13390,House No. CC-493,Street 26,Gulshan-e-Iqbal,8,5,Commercial,Humaira Yasin,Haziq Hinjra,Verified,Paid,Under Review,Due,
13649,Zarmeen Farooqi,DEMO-KPT-13649,House No. BCR-849,Street 25,Gulshan-e-Iqbal,9,5,Commercial,Zarmeen Farooqi,Nizam Rashid,Litigated,Due,Issue Found,Paid,
16978,Ashraf Abbasi,DEMO-KPT-16978,House No. BCD-835,Street 26,Gulshan-e-Iqbal,9,5,Commercial,Ashraf Abbasi,Sana Warsi,Verified,Paid,Issue Found,Due,
3100,Shees Hafeez,DEMO-KPT-3100,House No. C-752,Street 29,Gulshan-e-Iqbal,9,5,Commercial,Shees Hafeez,Rubab Javed,Pending,Paid,Clear,Due,
13800,Nafisa Warraich,DEMO-KPT-13800,House No. BCR-504,Street 4,Gulshan-e-Iqbal,10,5,Commercial,Nafisa Warraich,Sehar Popalzai,Litigated,Due,Clear,Due,
13883,Mubeen Mengal,DEMO-KPT-13883,House No. DCB-627,Street 10,Gulshan-e-Iqbal,10,5,Commercial,Mubeen Mengal,Ashfaq Rajput,Verified,Paid,Under Review,Paid,
6476,Sheraz Lone,DEMO-KPT-6476,House No. CC-791,Street 12,Gulshan-e-Iqbal,10,5,Commercial,Sheraz Lone,Fareeha Mian,Litigated,Paid,Under Review,Due,
6363,Rehana Dayo,DEMO-KPT-6363,House No. RD-654,Street 18,Gulshan-e-Iqbal,10,5,Commercial,Rehana Dayo,Zarmeen Wazir,Verified,Due,Issue Found,Due,
3195,Minahil Panezai,DEMO-KPT-3195,House No. C-658,Street 19,Gulshan-e-Iqbal,10,5,Commercial,Minahil Panezai,Sajida Mian,Litigated,Paid,Issue Found,Paid,
13995,Mariam Saleem,DEMO-KPT-13995,House No. CDR-869,Street 19,Gulshan-e-Iqbal,10,5,Commercial,Mariam Saleem,Kashaf Hinjra,Litigated,Paid,Issue Found,Paid,
3224,Samina Hoti,DEMO-KPT-3224,House No. C-440,Street 23,Gulshan-e-Iqbal,10,5,Commercial,Samina Hoti,Amara Shafiq,Verified,Due,Issue Found,Due,
6420,Neha Chandio,DEMO-KPT-6420,House No. CD-685,Street 25,Gulshan-e-Iqbal,10,5,Commercial,Neha Chandio,Ammar Hameed,Pending,Due,Under Review,Paid,
13764,Rustam Umer,DEMO-KPT-13764,House No. CBD-502,Street 25,Gulshan-e-Iqbal,10,5,Commercial,Rustam Umer,Rahim Peerzada,Pending,Paid,Clear,Due,
13828,Adil Nadeem,DEMO-KPT-13828,House No. RDC-641,Street 26,Gulshan-e-Iqbal,10,5,Commercial,Adil Nadeem,Tanveer Hinjra,Verified,Paid,Issue Found,Due,
3184,Hoor Hayat,DEMO-KPT-3184,House No. D-532,Street 30,Gulshan-e-Iqbal,10,5,Commercial,Hoor Hayat,Syeda Jamali,Verified,Paid,Issue Found,Due,
6484,Mohsin Memon,DEMO-KPT-6484,House No. RR-571,Street 1,Gulshan-e-Iqbal,11,5,Commercial,Mohsin Memon,Ejaz Sadiq,Litigated,Paid,Issue Found,Paid,
14189,Abeera Nawaz,DEMO-KPT-14189,House No. RCD-461,Street 5,Gulshan-e-Iqbal,11,5,Commercial,Abeera Nawaz,Dilawar Sabri,Verified,Paid,Clear,Paid,
14086,Maryum Mengal,DEMO-KPT-14086,House No. DCR-887,Street 12,Gulshan-e-Iqbal,11,5,Commercial,Maryum Mengal,Wahab Sahito,Verified,Paid,Under Review,Due,
14126,Sonia Usmani,DEMO-KPT-14126,House No. CRD-374,Street 12,Gulshan-e-Iqbal,11,5,Commercial,Sonia Usmani,Wajid Dogar,Litigated,Paid,Under Review,Due,
14211,Mehboob Peerzada,DEMO-KPT-14211,House No. RCB-500,Street 16,Gulshan-e-Iqbal,11,5,Commercial,Mehboob Peerzada,Aneela Rehman,Verified,Due,Issue Found,Paid,
3284,Haider Tunio,DEMO-KPT-3284,House No. D-373,Street 18,Gulshan-e-Iqbal,11,5,Commercial,Haider Tunio,Moiz Sial,Verified,Paid,Under Review,Due,
14152,Hussain Kazmi,DEMO-KPT-14152,House No. BDR-462,Street 28,Gulshan-e-Iqbal,11,5,Commercial,Hussain Kazmi,Safa Rizvi,Litigated,Paid,Clear,Due,
10111,Shakeel Noor,DEMO-KPT-10111,House No. CR-466,Street 29,Gulshan-e-Iqbal,11,5,Commercial,Shakeel Noor,Marium Bugti,Litigated,Due,Issue Found,Due,
3512,Affan Rabbani,DEMO-KPT-3512,House No. B-824,Street 2,Gulshan-e-Iqbal,12,5,Commercial,Affan Rabbani,Zaynab Ilyas,Verified,Due,Clear,Due,
6777,Huma Jadoon,DEMO-KPT-6777,House No. BC-657,Street 2,Gulshan-e-Iqbal,12,5,Commercial,Huma Jadoon,Sabir Parvez,Pending,Due,Under Review,Paid,
14250,Ikram Mahar,DEMO-KPT-14250,House No. RBC-729,Street 4,Gulshan-e-Iqbal,12,5,Commercial,Ikram Mahar,Irum Kharal,Litigated,Due,Clear,Due,
6837,Qasim Palijo,DEMO-KPT-6837,House No. RR-500,Street 15,Gulshan-e-Iqbal,12,5,Commercial,Qasim Palijo,Nizam Bhatti,Pending,Paid,Issue Found,Paid,
3596,Ambreen Zia,DEMO-KPT-3596,House No. C-540,Street 19,Gulshan-e-Iqbal,12,5,Commercial,Ambreen Zia,Noreen Bangash,Litigated,Paid,Clear,Paid,
10395,Qaiser Shakir,DEMO-KPT-10395,House No. BB-535,Street 19,Gulshan-e-Iqbal,12,5,Commercial,Qaiser Shakir,Hafiz Zaidi,Litigated,Paid,Issue Found,Paid,
14396,Ikram Niazi,DEMO-KPT-14396,House No. DRB-410,Street 19,Gulshan-e-Iqbal,12,5,Commercial,Ikram Niazi,Iqra Joiya,Litigated,Paid,Clear,Paid,
14427,Ayeza Iqbal,DEMO-KPT-14427,House No. CRB-704,Street 2,Gulshan-e-Iqbal,13,5,Commercial,Ayeza Iqbal,Tabassum Saeed,Pending,Due,Under Review,Paid,
6977,Ayla Kasi,DEMO-KPT-6977,House No. DB-345,Street 7,Gulshan-e-Iqbal,13,5,Commercial,Ayla Kasi,Sadaf Akhtar,Pending,Due,Issue Found,Paid,
3736,Ayla Siddiqui,DEMO-KPT-3736,House No. R-471,Street 12,Gulshan-e-Iqbal,13,5,Commercial,Ayla Siddiqui,Zamzam Cheena,Verified,Paid,Under Review,Due,
10486,Fawad Kidwai,DEMO-KPT-10486,House No. DD-725,Street 12,Gulshan-e-Iqbal,13,5,Commercial,Fawad Kidwai,Bakht Qureshi,Verified,Paid,Under Review,Due,
10526,Mehrunnisa Alvi,DEMO-KPT-10526,House No. RC-700,Street 12,Gulshan-e-Iqbal,13,5,Commercial,Mehrunnisa Alvi,Sabika Kidwai,Litigated,Paid,Under Review,Due,
14487,Syeda Sohu,DEMO-KPT-14487,House No. BRD-461,Street 15,Gulshan-e-Iqbal,13,5,Commercial,Syeda Sohu,Zubaid Bhat,Pending,Paid,Issue Found,Paid,
7072,Javeria Latif,DEMO-KPT-7072,House No. BC-351,Street 17,Gulshan-e-Iqbal,13,5,Commercial,Javeria Latif,Uzair Hameed,Litigated,Paid,Clear,Due,
3724,Hoor Jogezai,DEMO-KPT-3724,House No. D-351,Street 18,Gulshan-e-Iqbal,13,5,Commercial,Hoor Jogezai,Naureen Mansoor,Litigated,Paid,Issue Found,Paid,
3746,Arisha Kayani,DEMO-KPT-3746,House No. B-789,Street 23,Gulshan-e-Iqbal,13,5,Commercial,Arisha Kayani,Ashfaq Mari,Litigated,Paid,Under Review,Due,
6905,Sabika Lughmani,DEMO-KPT-6905,House No. RD-747,Street 25,Gulshan-e-Iqbal,13,5,Commercial,Sabika Lughmani,Balaj Abro,Pending,Due,Clear,Paid,
14549,Sabrina Zubair,DEMO-KPT-14549,House No. BRD-863,Street 25,Gulshan-e-Iqbal,13,5,Commercial,Sabrina Zubair,Mahrukh Warraich,Litigated,Due,Issue Found,Paid,
14555,Fozia Sabri,DEMO-KPT-14555,House No. DBC-710,Street 25,Gulshan-e-Iqbal,13,5,Commercial,Fozia Sabri,Nailah Jadoon,Pending,Due,Clear,Paid,
10604,Fareeha Rashid,DEMO-KPT-10604,House No. BB-486,Street 1,Gulshan-e-Iqbal,14,5,Commercial,Fareeha Rashid,Huma Panezai,Litigated,Due,Under Review,Paid,
14584,Kamal Marwat,DEMO-KPT-14584,House No. CRB-702,Street 1,Gulshan-e-Iqbal,14,5,Commercial,Kamal Marwat,Asim Virk,Litigated,Paid,Issue Found,Paid,
3900,Batool Niazi,DEMO-KPT-3900,House No. BR-583,Street 4,Gulshan-e-Iqbal,14,5,Commercial,Batool Niazi,Mateen Wazir,Litigated,Due,Clear,Due,
7196,Azan Hanif,DEMO-KPT-7196,House No. RC-603,Street 19,Gulshan-e-Iqbal,14,5,Commercial,Azan Hanif,Sami Iqbal,Litigated,Paid,Clear,Paid,
14667,Noor Shinwari,DEMO-KPT-14667,House No. BCR-485,Street 24,Gulshan-e-Iqbal,14,5,Commercial,Noor Shinwari,Maimoona Tarar,Litigated,Due,Issue Found,Paid,
14664,Shahroz Mahsud,DEMO-KPT-14664,House No. DBC-353,Street 25,Gulshan-e-Iqbal,14,5,Commercial,Shahroz Mahsud,Mehmood Iqbal,Pending,Paid,Clear,Due,
10758,Faisal Sohu,DEMO-KPT-10758,House No. DB-466,Street 26,Gulshan-e-Iqbal,14,5,Commercial,Faisal Sohu,Qaiser Shinwari,Verified,Due,Under Review,Paid,
11103,Tahira Hayat,DEMO-KPT-11103,House No. DR-852,Street 8,Gulshan-e-Iqbal,15,5,Commercial,Tahira Hayat,Fiza Aslam,Pending,Paid,Under Review,Due,
7405,Saher Virk,DEMO-KPT-7405,House No. DR-811,Street 11,Gulshan-e-Iqbal,15,5,Commercial,Saher Virk,Waheed Naseem,Verified,Due,Under Review,Paid,
14815,Danish Nadeem,DEMO-KPT-14815,House No. BCR-454,Street 17,Gulshan-e-Iqbal,15,5,Commercial,Danish Nadeem,Sumaira Shafi,Verified,Due,Under Review,Due,
4039,Sabih Latif,DEMO-KPT-4039,House No. BB-758,Street 24,Gulshan-e-Iqbal,15,5,Commercial,Sabih Latif,Warda Sohu,Verified,Paid,Clear,Due,
7349,Saeeda Malik,DEMO-KPT-7349,House No. CB-694,Street 25,Gulshan-e-Iqbal,15,5,Commercial,Saeeda Malik,Azhar Kalhoro,Litigated,Due,Issue Found,Paid,
11084,Osama Talpur,DEMO-KPT-11084,House No. DR-621,Street 25,Gulshan-e-Iqbal,15,5,Commercial,Osama Talpur,Hussain Majeed,Litigated,Paid,Clear,Due,
7392,Asad Ghaffar,DEMO-KPT-7392,House No. CB-437,Street 26,Gulshan-e-Iqbal,15,5,Commercial,Asad Ghaffar,Iram Shinwari,Litigated,Paid,Clear,Due,
7234,Osama Qadri,DEMO-KPT-7234,House No. RR-435,Street 30,Gulshan-e-Iqbal,15,5,Commercial,Osama Qadri,Nawal Buriro,Verified,Paid,Issue Found,Due,
7562,Hoorain Lodhi,DEMO-KPT-7562,House No. DC-481,Street 2,Gulshan-e-Iqbal,16,5,Commercial,Hoorain Lodhi,Afreen Waheed,Verified,Due,Clear,Due,
11277,Zaheer Kazmi,DEMO-KPT-11277,House No. BR-668,Street 2,Gulshan-e-Iqbal,16,5,Commercial,Zaheer Kazmi,Zehra Mansoor,Pending,Due,Under Review,Paid,
4226,Farooq Sabri,DEMO-KPT-4226,House No. DC-782,Street 12,Gulshan-e-Iqbal,16,5,Commercial,Farooq Sabri,Lamia Bajwa,Litigated,Paid,Under Review,Due,
7622,Rafia Randhawa,DEMO-KPT-7622,House No. RR-350,Street 16,Gulshan-e-Iqbal,16,5,Commercial,Rafia Randhawa,Bilquis Kasi,Pending,Paid,Under Review,Due,
14942,Afreen Joiya,DEMO-KPT-14942,House No. CDR-301,Street 16,Gulshan-e-Iqbal,16,5,Commercial,Afreen Joiya,Tanveer Wazir,Verified,Paid,Under Review,Due,
11313,Farah Imran,DEMO-KPT-11313,House No. CC-513,Street 18,Gulshan-e-Iqbal,16,5,Commercial,Farah Imran,Sidra Leghari,Verified,Due,Issue Found,Due,
7420,Shaheer Sabri,DEMO-KPT-7420,House No. RD-742,Street 21,Gulshan-e-Iqbal,16,5,Commercial,Shaheer Sabri,Javed Mustafa,Pending,Paid,Clear,Due,
4199,Ramsha Buriro,DEMO-KPT-4199,House No. CC-811,Street 25,Gulshan-e-Iqbal,16,5,Commercial,Ramsha Buriro,Yousaf Lashari,Litigated,Due,Issue Found,Paid,
7600,Zakariya Tanoli,DEMO-KPT-7600,House No. BB-886,Street 29,Gulshan-e-Iqbal,16,5,Commercial,Zakariya Tanoli,Zain Lashari,Pending,Paid,Clear,Due,
11434,Rukhsana Marri,DEMO-KPT-11434,House No. DB-392,Street 1,Gulshan-e-Iqbal,17,5,Commercial,Rukhsana Marri,Mahad Samo,Litigated,Paid,Issue Found,Paid,
11448,Kaif Khattak,DEMO-KPT-11448,House No. RR-576,Street 3,Gulshan-e-Iqbal,17,5,Commercial,Kaif Khattak,Qaiser Sardar,Pending,Due,Clear,Paid,
15089,Arham Minhas,DEMO-KPT-15089,House No. BRD-428,Street 5,Gulshan-e-Iqbal,17,5,Commercial,Arham Minhas,Waleed Kalhoro,Verified,Paid,Clear,Paid,
15245,Fatima Majeed,DEMO-KPT-15245,House No. BCR-371,Street 10,Gulshan-e-Iqbal,17,5,Commercial,Fatima Majeed,Naureen Ansari,Litigated,Paid,Clear,Paid,
11402,Ayaz Rabbani,DEMO-KPT-11402,House No. DR-372,Street 12,Gulshan-e-Iqbal,17,5,Commercial,Ayaz Rabbani,Farah Sultan,Litigated,Paid,Under Review,Paid,
11374,Dilawar Kayani,DEMO-KPT-11374,House No. DB-818,Street 18,Gulshan-e-Iqbal,17,5,Commercial,Dilawar Kayani,Qurat Abro,Litigated,Paid,Issue Found,Paid,
11384,Obaid Waheed,DEMO-KPT-11384,House No. CD-697,Street 18,Gulshan-e-Iqbal,17,5,Commercial,Obaid Waheed,Alina Talpur,Verified,Paid,Under Review,Due,
4357,Alamgir Turk,DEMO-KPT-4357,House No. BD-824,Street 19,Gulshan-e-Iqbal,17,5,Commercial,Alamgir Turk,Ayaz Jogezai,Litigated,Paid,Clear,Paid,
7678,Ayla Mohmand,DEMO-KPT-7678,House No. DC-840,Street 23,Gulshan-e-Iqbal,17,5,Commercial,Ayla Mohmand,Zeeshan Minhas,Verified,Paid,Clear,Paid,
4458,Abrar Buriro,DEMO-KPT-4458,House No. CC-563,Street 26,Gulshan-e-Iqbal,17,5,Commercial,Abrar Buriro,Hira Memon,Verified,Due,Under Review,Paid,
11442,Zameer Janjua,DEMO-KPT-11442,House No. DR-503,Street 26,Gulshan-e-Iqbal,17,5,Commercial,Zameer Janjua,Rida Hayat,Litigated,Paid,Clear,Due,
15190,Maham Tahir,DEMO-KPT-15190,House No. CBD-805,Street 26,Gulshan-e-Iqbal,17,5,Commercial,Maham Tahir,Fareeha Bashir,Verified,Paid,Under Review,Due,
7848,Warda Hafeez,DEMO-KPT-7848,House No. CD-359,Street 3,Gulshan-e-Iqbal,18,5,Commercial,Warda Hafeez,Liaquat Mengal,Pending,Due,Clear,Paid,
7928,Afshan Waheed,DEMO-KPT-7928,House No. BB-578,Street 7,Gulshan-e-Iqbal,18,5,Commercial,Afshan Waheed,Numan Qadri,Litigated,Due,Clear,Paid,
7832,Faizan Qureshi,DEMO-KPT-7832,House No. CB-612,Street 12,Gulshan-e-Iqbal,18,5,Commercial,Faizan Qureshi,Izhar Sindhi,Pending,Paid,Clear,Paid,
15436,Ayaz Saeed,DEMO-KPT-15436,House No. CDB-667,Street 12,Gulshan-e-Iqbal,18,5,Commercial,Ayaz Saeed,Hidayat Mir,Verified,Paid,Under Review,Due,
15600,Aneeqa Magsi,DEMO-KPT-15600,House No. CRB-641,Street 4,Gulshan-e-Iqbal,19,5,Commercial,Aneeqa Magsi,Tauseef Dreshak,Litigated,Due,Clear,Due,
15505,Hira Bashir,DEMO-KPT-15505,House No. RDC-340,Street 11,Gulshan-e-Iqbal,19,5,Commercial,Hira Bashir,Asifa Latif,Verified,Due,Under Review,Paid,
11725,Dua Latif,DEMO-KPT-11725,House No. RR-596,Street 12,Gulshan-e-Iqbal,19,5,Commercial,Dua Latif,Mehwish Nasar,Verified,Paid,Under Review,Due,
11761,Sobia Mirani,DEMO-KPT-11761,House No. CD-502,Street 16,Gulshan-e-Iqbal,19,5,Commercial,Sobia Mirani,Fatima Anwar,Pending,Due,Under Review,Paid,
15622,Tamkeen Mirani,DEMO-KPT-15622,House No. RBD-398,Street 17,Gulshan-e-Iqbal,19,5,Commercial,Tamkeen Mirani,Jawad Iqbal,Litigated,Paid,Clear,Due,
4788,Salman Shakir,DEMO-KPT-4788,House No. RB-771,Street 19,Gulshan-e-Iqbal,19,5,Commercial,Salman Shakir,Neelam Soomro,Verified,Paid,Clear,Paid,
15588,Kainat Popalzai,DEMO-KPT-15588,House No. RDB-800,Street 19,Gulshan-e-Iqbal,19,5,Commercial,Kainat Popalzai,Mehreen Kazmi,Verified,Paid,Clear,Paid,
15449,Husna Ranjha,DEMO-KPT-15449,House No. BCD-319,Street 25,Gulshan-e-Iqbal,19,5,Commercial,Husna Ranjha,Abdullah Khattak,Litigated,Due,Issue Found,Paid,
15564,Qudrat Rana,DEMO-KPT-15564,House No. BDC-476,Street 25,Gulshan-e-Iqbal,19,5,Commercial,Qudrat Rana,Ajmal Jadoon,Pending,Paid,Clear,Due,
11718,Sajida Waheed,DEMO-KPT-11718,House No. RB-526,Street 26,Gulshan-e-Iqbal,19,5,Commercial,Sajida Waheed,Osama Yasin,Verified,Paid,Under Review,Paid,
11954,Subhan Tahir,DEMO-KPT-11954,House No. RB-880,Street 1,Gulshan-e-Iqbal,20,5,Commercial,Subhan Tahir,Sajid Usmani,Litigated,Due,Under Review,Paid,
8138,Ayesha Joiya,DEMO-KPT-8138,House No. CB-725,Street 10,Gulshan-e-Iqbal,20,5,Commercial,Ayesha Joiya,Talha Rehman,Verified,Paid,Issue Found,Due,
8125,Aun Baig,DEMO-KPT-8125,House No. CR-807,Street 12,Gulshan-e-Iqbal,20,5,Commercial,Aun Baig,Raza Ghauri,Verified,Paid,Under Review,Due,
15739,Taimoor Latif,DEMO-KPT-15739,House No. BDC-301,Street 24,Gulshan-e-Iqbal,20,5,Commercial,Taimoor Latif,Sharmeen Mustafa,Verified,Paid,Clear,Due,
15700,Luqmaan Unar,DEMO-KPT-15700,House No. RCD-712,Street 29,Gulshan-e-Iqbal,20,5,Commercial,Luqmaan Unar,Iqra Orakzai,Pending,Paid,Clear,Due,
7446,Nighat Mangi,DEMO-KPT-7446,House No. BB-861,Street 1,PECHS,1,5,Commercial,Nighat Mangi,Usman Minhas,Verified,Paid,Under Review,Due,
16446,Alizeh Raza,DEMO-KPT-16446,House No. RCB-669,Street 1,PECHS,1,5,Commercial,Alizeh Raza,Sana Lashari,Verified,Paid,Under Review,Due,
1038,Ali Khan,DEMO-KPT-1038,House No. A-527,Street 3,PECHS,1,5,Commercial,Ali Khan,Talha Javed,Pending,Paid,Under Review,Paid,
16479,Aqsa Waheed,DEMO-KPT-16479,House No. BDC-524,Street 3,PECHS,1,5,Commercial,Aqsa Waheed,Shakeel Hoti,Litigated,Paid,Under Review,Paid,
13426,Arham Achakzai,DEMO-KPT-13426,House No. RB-812,Street 8,PECHS,1,5,Commercial,Arham Achakzai,Zarmeen Jadoon,Litigated,Due,Under Review,Paid,
4510,Bilal Dreshak,DEMO-KPT-4510,House No. DD-332,Street 10,PECHS,1,5,Commercial,Bilal Dreshak,Atiya Mahar,Verified,Paid,Clear,Due,
13484,Azhar Bhittani,DEMO-KPT-13484,House No. RBC-305,Street 16,PECHS,1,5,Commercial,Azhar Bhittani,Anila Khalid,Pending,Paid,Under Review,Paid,
1024,Imran Naeem,DEMO-KPT-1024,House No. A-723,Street 18,PECHS,1,5,Commercial,Imran Naeem,Danish Haider,Litigated,Paid,Issue Found,Paid,
10657,Zaheer Samo,DEMO-KPT-10657,House No. RC-543,Street 19,PECHS,1,5,Commercial,Zaheer Samo,Abrar Bhittani,Litigated,Paid,Clear,Paid,
10552,Sabih Mahar,DEMO-KPT-10552,House No. BR-875,Street 28,PECHS,1,5,Commercial,Sabih Mahar,Nazia Mir,Litigated,Paid,Clear,Due,
7581,Nigar Tarar,DEMO-KPT-7581,House No. DC-863,Street 6,PECHS,2,5,Commercial,Nigar Tarar,Shafiq Wani,Litigated,Due,Clear,Due,
7583,Sanam Dawood,DEMO-KPT-7583,House No. DR-677,Street 10,PECHS,2,5,Commercial,Sanam Dawood,Khushbu Shakeel,Verified,Paid,Under Review,Paid,
1052,Waleed Iqbal,DEMO-KPT-1052,House No. A-772,Street 12,PECHS,2,5,Commercial,Waleed Iqbal,Owais Noor,Litigated,Paid,Under Review,Paid,
4545,Owais Mirani,DEMO-KPT-4545,House No. RR-705,Street 19,PECHS,2,5,Commercial,Owais Mirani,Mina Waheed,Litigated,Paid,Issue Found,Paid,
13545,Kamil Bijarani,DEMO-KPT-13545,House No. CRD-544,Street 19,PECHS,2,5,Commercial,Kamil Bijarani,Yusra Sandhu,Litigated,Paid,Issue Found,Paid,
1098,Danish Mirza,DEMO-KPT-1098,House No. A-216,Street 3,PECHS,3,5,Commercial,Danish Mirza,Anaya Siddiqui,Pending,Due,Clear,Paid,
4698,Tabassum Butt,DEMO-KPT-4698,House No. RR-837,Street 3,PECHS,3,5,Commercial,Tabassum Butt,Nouman Waheed,Pending,Due,Clear,Paid,
16688,Neha Latif,DEMO-KPT-16688,House No. BRD-332,Street 10,PECHS,3,5,Commercial,Neha Latif,Azan Saif,Verified,Paid,Issue Found,Due,
1082,Hussain Mirza,DEMO-KPT-1082,House No. A-816,Street 12,PECHS,3,5,Commercial,Hussain Mirza,Ahsan Noor,Pending,Paid,Clear,Paid,
7802,Fareeha Rajput,DEMO-KPT-7802,House No. BR-572,Street 12,PECHS,3,5,Commercial,Fareeha Rajput,Tauseef Khosa,Litigated,Paid,Under Review,Paid,
7911,Mansha Noor,DEMO-KPT-7911,House No. CD-438,Street 16,PECHS,3,5,Commercial,Mansha Noor,Adil Iqbal,Verified,Due,Issue Found,Paid,
13788,Ayaz Gabol,DEMO-KPT-13788,House No. BDC-607,Street 19,PECHS,3,5,Commercial,Ayaz Gabol,Omer Ahmed,Verified,Paid,Clear,Paid,
13807,Hashir Jogezai,DEMO-KPT-13807,House No. CDR-594,Street 19,PECHS,3,5,Commercial,Hashir Jogezai,Sajjad Lari,Litigated,Paid,Clear,Paid,
7870,Alishba Tiwana,DEMO-KPT-7870,House No. DD-491,Street 21,PECHS,3,5,Commercial,Alishba Tiwana,Qamar Khosa,Pending,Paid,Clear,Due,
4764,Laraib Saeed,DEMO-KPT-4764,House No. CC-887,Street 25,PECHS,3,5,Commercial,Laraib Saeed,Ahtisham Qazi,Pending,Paid,Clear,Due,
1818,Parveen Wattoo,DEMO-KPT-1818,House No. R-831,Street 26,PECHS,3,5,Commercial,Parveen Wattoo,Muhammad Jadoon,Verified,Paid,Under Review,Paid,
13840,Ashar Mian,DEMO-KPT-13840,House No. DRB-388,Street 26,PECHS,3,5,Commercial,Ashar Mian,Nabeeha Mohmand,Verified,Paid,Under Review,Due,
1984,Ijaz Riaz,DEMO-KPT-1984,House No. D-633,Street 1,PECHS,4,5,Commercial,Ijaz Riaz,Sabih Achakzai,Litigated,Paid,Issue Found,Paid,
1139,Muhammad Sheikh,DEMO-KPT-1139,House No. A-702,Street 5,PECHS,4,5,Commercial,Muhammad Sheikh,Arsalan Ali,Verified,Paid,Clear,Paid,
16890,Zahra Randhawa,DEMO-KPT-16890,House No. BRD-353,Street 6,PECHS,4,5,Commercial,Zahra Randhawa,Qayyum Popalzai,Pending,Due,Issue Found,Paid,
1127,Hussain Haider,DEMO-KPT-1127,House No. A-33,Street 7,PECHS,4,5,Commercial,Hussain Haider,Mahnoor Malik,Pending,Due,Issue Found,Paid,
16877,Qayyum Sahito,DEMO-KPT-16877,House No. BCR-560,Street 7,PECHS,4,5,Commercial,Qayyum Sahito,Aneela Javed,Pending,Due,Issue Found,Paid,
13895,Haroon Achakzai,DEMO-KPT-13895,House No. BCD-551,Street 10,PECHS,4,5,Commercial,Haroon Achakzai,Muneeb Shafiq,Litigated,Paid,Clear,Paid,
16786,Kamran Abro,DEMO-KPT-16786,House No. BCD-469,Street 12,PECHS,4,5,Commercial,Kamran Abro,Kaif Bhatti,Verified,Paid,Under Review,Due,
1934,Irtaza Bhutto,DEMO-KPT-1934,House No. R-344,Street 18,PECHS,4,5,Commercial,Irtaza Bhutto,Tahira Akhtar,Verified,Paid,Under Review,Due,
10863,Rustam Zubairi,DEMO-KPT-10863,House No. RC-361,Street 18,PECHS,4,5,Commercial,Rustam Zubairi,Asad Latif,Verified,Due,Issue Found,Due,
5070,Tooba Sial,DEMO-KPT-5070,House No. DC-526,Street 25,PECHS,4,5,Commercial,Tooba Sial,Mubeen Sahito,Pending,Due,Under Review,Paid,
8058,Mudassar Qazi,DEMO-KPT-8058,House No. BC-702,Street 26,PECHS,4,5,Commercial,Mudassar Qazi,Maqsood Dawood,Verified,Due,Under Review,Paid,
16951,Bakht Bukhari,DEMO-KPT-16951,House No. BCR-765,Street 27,PECHS,4,5,Commercial,Bakht Bukhari,Sobia Ali,Pending,Due,Under Review,Paid,
16852,Mahwish Sardar,DEMO-KPT-16852,House No. RBD-442,Street 28,PECHS,4,5,Commercial,Mahwish Sardar,Zohaib Popalzai,Litigated,Paid,Clear,Due,
1111,Salman Naeem,DEMO-KPT-1111,House No. A-12,Street 29,PECHS,4,5,Commercial,Salman Naeem,Anaya Malik,Litigated,Due,Issue Found,Due,
13900,Fareed Lak,DEMO-KPT-13900,House No. DRB-873,Street 29,PECHS,4,5,Commercial,Fareed Lak,Zafar Junejo,Pending,Paid,Clear,Due,
10870,Afshan Bugti,DEMO-KPT-10870,House No. DB-639,Street 30,PECHS,4,5,Commercial,Afshan Bugti,Asra Tanvir,Litigated,Due,Under Review,Paid,
2162,Shafiq Korai,DEMO-KPT-2162,House No. D-781,Street 2,PECHS,5,5,Commercial,Shafiq Korai,Tariq Junejo,Verified,Due,Clear,Due,
1178,Bilal Raza,DEMO-KPT-1178,House No. A-59,Street 7,PECHS,5,5,Commercial,Bilal Raza,Mariam Mirza,Litigated,Due,Clear,Paid,
13960,Humayun Mirani,DEMO-KPT-13960,House No. DBC-729,Street 10,PECHS,5,5,Commercial,Humayun Mirani,Ramsha Shakir,Verified,Paid,Clear,Due,
8236,Dania Achakzai,DEMO-KPT-8236,House No. RD-718,Street 12,PECHS,5,5,Commercial,Dania Achakzai,Fawad Nadeem,Verified,Paid,Under Review,Due,
2124,Khizar Daudzai,DEMO-KPT-2124,House No. D-529,Street 15,PECHS,5,5,Commercial,Khizar Daudzai,Daniya Farooqi,Pending,Due,Under Review,Due,
14024,Yasmeen Khuhro,DEMO-KPT-14024,House No. CRD-435,Street 23,PECHS,5,5,Commercial,Yasmeen Khuhro,Sultan Gilani,Verified,Due,Issue Found,Due,
1164,Hussain Khan,DEMO-KPT-1164,House No. A-831,Street 25,PECHS,5,5,Commercial,Hussain Khan,Komal Ahmed,Pending,Paid,Clear,Due,
5290,Erum Jamali,DEMO-KPT-5290,House No. BD-744,Street 26,PECHS,5,5,Commercial,Erum Jamali,Fawad Hayat,Verified,Paid,Under Review,Due,
1200,Waleed Shah,DEMO-KPT-1200,House No. A-944,Street 4,PECHS,6,5,Commercial,Waleed Shah,Adnan Farooq,Litigated,Due,Clear,Due,
8339,Yousaf Shakir,DEMO-KPT-8339,House No. CC-546,Street 5,PECHS,6,5,Commercial,Yousaf Shakir,Shahmeer Mehmood,Verified,Paid,Clear,Paid,
1203,Sadia Mirza,DEMO-KPT-1203,House No. A-774,Street 8,PECHS,6,5,Commercial,Sadia Mirza,Hassan Javed,Pending,Paid,Under Review,Due,
2195,Bashir Hoti,DEMO-KPT-2195,House No. B-592,Street 10,PECHS,6,5,Commercial,Bashir Hoti,Bakhtiar Soomro,Litigated,Paid,Clear,Paid,
5345,Kaneez Farooq,DEMO-KPT-5345,House No. BR-323,Street 10,PECHS,6,5,Commercial,Kaneez Farooq,Kainat Sardar,Litigated,Paid,Clear,Paid,
1207,Iqra Hussain,DEMO-KPT-1207,House No. A-208,Street 19,PECHS,6,5,Commercial,Iqra Hussain,Mahnoor Naeem,Litigated,Paid,Clear,Paid,
2246,Qurat Bhurgri,DEMO-KPT-2246,House No. R-610,Street 19,PECHS,6,5,Commercial,Qurat Bhurgri,Shumaila Sohu,Litigated,Paid,Clear,Paid,
1217,Hamza Aslam,DEMO-KPT-1217,House No. A-7,Street 20,PECHS,6,5,Commercial,Hamza Aslam,Fatima Naeem,Verified,Due,Under Review,Due,
1228,Iqra Aslam,DEMO-KPT-1228,House No. A-860,Street 26,PECHS,6,5,Commercial,Iqra Aslam,Talha Naeem,Verified,Paid,Issue Found,Due,
8292,Anum Farooqi,DEMO-KPT-8292,House No. DB-749,Street 26,PECHS,6,5,Commercial,Anum Farooqi,Zubaida Memon,Litigated,Paid,Clear,Due,
1201,Ayesha Sheikh,DEMO-KPT-1201,House No. A-990,Street 27,PECHS,6,5,Commercial,Ayesha Sheikh,Sana Hussain,Pending,Due,Under Review,Paid,
11343,Maham Chandio,DEMO-KPT-11343,House No. BB-704,Street 29,PECHS,6,5,Commercial,Maham Chandio,Khushbu Naqvi,Litigated,Paid,Issue Found,Paid,
14161,Burhan Kayani,DEMO-KPT-14161,House No. RBD-890,Street 29,PECHS,6,5,Commercial,Burhan Kayani,Abubakar Korai,Litigated,Due,Issue Found,Due,
5584,Nafisa Saleem,DEMO-KPT-5584,House No. BC-524,Street 1,PECHS,7,5,Commercial,Nafisa Saleem,Idrees Randhawa,Litigated,Paid,Issue Found,Paid,
1262,Mahnoor Haider,DEMO-KPT-1262,House No. A-63,Street 2,PECHS,7,5,Commercial,Mahnoor Haider,Ahmed Haider,Verified,Due,Clear,Due,
14365,Raza Majeed,DEMO-KPT-14365,House No. RBC-737,Street 17,PECHS,7,5,Commercial,Raza Majeed,Shehzad Mahesar,Verified,Due,Under Review,Due,
5524,Saima Mustafa,DEMO-KPT-5524,House No. CD-363,Street 18,PECHS,7,5,Commercial,Saima Mustafa,Yousaf Hameed,Litigated,Paid,Issue Found,Paid,
5534,Moeen Awan,DEMO-KPT-5534,House No. BC-650,Street 18,PECHS,7,5,Commercial,Moeen Awan,Mohib Kalhoro,Verified,Paid,Under Review,Due,
11470,Minhaj Shinwari,DEMO-KPT-11470,House No. RR-616,Street 21,PECHS,7,5,Commercial,Minhaj Shinwari,Sheeba Saif,Pending,Paid,Clear,Due,
1251,Zara Haider,DEMO-KPT-1251,House No. A-642,Street 29,PECHS,7,5,Commercial,Zara Haider,Sadia Ahmed,Pending,Paid,Under Review,Due,
2448,Shahab Ghauri,DEMO-KPT-2448,House No. B-444,Street 3,PECHS,8,5,Commercial,Shahab Ghauri,Sehar Bilgrami,Pending,Due,Clear,Paid,
14538,Naureen Kalhoro,DEMO-KPT-14538,House No. DRC-774,Street 3,PECHS,8,5,Commercial,Naureen Kalhoro,Zamzam Ghani,Pending,Paid,Under Review,Paid,
8654,Aryan Khuhro,DEMO-KPT-8654,House No. RD-679,Street 6,PECHS,8,5,Commercial,Aryan Khuhro,Sajida Sheikh,Litigated,Due,Issue Found,Paid,
11645,Sikandar Kayani,DEMO-KPT-11645,House No. DC-650,Street 10,PECHS,8,5,Commercial,Sikandar Kayani,Iqra Alvi,Litigated,Paid,Clear,Paid,
14410,Samad Soomro,DEMO-KPT-14410,House No. RDC-521,Street 10,PECHS,8,5,Commercial,Samad Soomro,Bushra Naqvi,Verified,Paid,Clear,Due,
14552,Nouman Bettani,DEMO-KPT-14552,House No. CDB-697,Street 12,PECHS,8,5,Commercial,Nouman Bettani,Sajjad Minhas,Litigated,Paid,Under Review,Paid,
5724,Safa Baloch,DEMO-KPT-5724,House No. BD-682,Street 15,PECHS,8,5,Commercial,Safa Baloch,Hasnain Shakir,Pending,Due,Under Review,Due,
1322,Fatima Hussain,DEMO-KPT-1322,House No. A-716,Street 16,PECHS,8,5,Commercial,Fatima Hussain,Ali Mirza,Pending,Paid,Under Review,Due,
1315,Anaya Raza,DEMO-KPT-1315,House No. A-383,Street 17,PECHS,8,5,Commercial,Anaya Raza,Ahsan Aslam,Verified,Due,Under Review,Due,
11572,Shahbaz Yousaf,DEMO-KPT-11572,House No. DC-628,Street 17,PECHS,8,5,Commercial,Shahbaz Yousaf,Shoaib Swati,Litigated,Paid,Clear,Due,
2450,Zainab Hafeez,DEMO-KPT-2450,House No. D-684,Street 18,PECHS,8,5,Commercial,Zainab Hafeez,Taimoor Hinjra,Litigated,Paid,Issue Found,Due,
8597,Mehreen Kayani,DEMO-KPT-8597,House No. CB-666,Street 21,PECHS,8,5,Commercial,Mehreen Kayani,Ambreen Ansari,Verified,Paid,Under Review,Due,
5690,Abubakar Turk,DEMO-KPT-5690,House No. CB-387,Street 23,PECHS,8,5,Commercial,Abubakar Turk,Ifrah Jogezai,Verified,Due,Clear,Paid,
5664,Sadaf Jaffri,DEMO-KPT-5664,House No. DR-777,Street 25,PECHS,8,5,Commercial,Sadaf Jaffri,Haziq Haral,Pending,Paid,Clear,Due,
1300,Mariam Noor,DEMO-KPT-1300,House No. A-527,Street 29,PECHS,8,5,Commercial,Mariam Noor,Iqra Haider,Pending,Paid,Clear,Due,
1377,Ahmed Butt,DEMO-KPT-1377,House No. A-214,Street 2,PECHS,9,5,Commercial,Ahmed Butt,Nimra Hussain,Pending,Due,Under Review,Paid,
14679,Iffat Sadiq,DEMO-KPT-14679,House No. CDR-519,Street 3,PECHS,9,5,Commercial,Iffat Sadiq,Amir Cheena,Litigated,Paid,Under Review,Paid,
8777,Sana Achakzai,DEMO-KPT-8777,House No. CR-648,Street 7,PECHS,9,5,Commercial,Sana Achakzai,Farid Lughmani,Pending,Due,Issue Found,Paid,
1388,Hussain Noor,DEMO-KPT-1388,House No. A-157,Street 10,PECHS,9,5,Commercial,Hussain Noor,Iqra Aslam,Verified,Paid,Issue Found,Due,
2710,Arfa Jogezai,DEMO-KPT-2710,House No. D-318,Street 10,PECHS,9,5,Commercial,Arfa Jogezai,Maryum Rafique,Verified,Paid,Clear,Due,
8732,Khadija Sadiq,DEMO-KPT-8732,House No. DC-666,Street 12,PECHS,9,5,Commercial,Khadija Sadiq,Neha Kayani,Pending,Paid,Clear,Paid,
5815,Taimur Warsi,DEMO-KPT-5815,House No. CB-307,Street 17,PECHS,9,5,Commercial,Taimur Warsi,Rauf Sadiq,Verified,Due,Under Review,Due,
14722,Armaghan Popalzai,DEMO-KPT-14722,House No. BRC-322,Street 17,PECHS,9,5,Commercial,Armaghan Popalzai,Zahra Palijo,Litigated,Paid,Clear,Due,
5897,Zameer Yaqoob,DEMO-KPT-5897,House No. DC-392,Street 21,PECHS,9,5,Commercial,Zameer Yaqoob,Firdous Dahri,Verified,Paid,Under Review,Due,
1349,Alina Sheikh,DEMO-KPT-1349,House No. A-646,Street 22,PECHS,9,5,Commercial,Alina Sheikh,Ahsan Hussain,Verified,Paid,Under Review,Due,
11728,Kamal Wazir,DEMO-KPT-11728,House No. BB-475,Street 23,PECHS,9,5,Commercial,Kamal Wazir,Hira Tanoli,Verified,Paid,Clear,Paid,
2658,Aamir Durrani,DEMO-KPT-2658,House No. R-798,Street 26,PECHS,9,5,Commercial,Aamir Durrani,Mashal Nasar,Verified,Due,Under Review,Paid,
11658,Bakhtawar Abbasi,DEMO-KPT-11658,House No. CB-367,Street 26,PECHS,9,5,Commercial,Bakhtawar Abbasi,Ghazanfar Sial,Verified,Due,Under Review,Paid,
8752,Ayesha Dahri,DEMO-KPT-8752,House No. DR-330,Street 28,PECHS,9,5,Commercial,Ayesha Dahri,Sumbal Hayat,Litigated,Paid,Clear,Due,
11939,Affan Buriro,DEMO-KPT-11939,House No. BD-596,Street 5,PECHS,10,5,Commercial,Affan Buriro,Hasnain Zahid,Verified,Paid,Clear,Paid,
2940,Haroon Dayo,DEMO-KPT-2940,House No. B-716,Street 6,PECHS,10,5,Commercial,Haroon Dayo,Khansa Rind,Pending,Due,Issue Found,Paid,
8790,Kaleemullah Mengal,DEMO-KPT-8790,House No. BB-368,Street 6,PECHS,10,5,Commercial,Kaleemullah Mengal,Sania Gilani,Pending,Due,Issue Found,Paid,
14781,Anum Ghani,DEMO-KPT-14781,House No. BCR-890,Street 6,PECHS,10,5,Commercial,Anum Ghani,Rehman Turk,Litigated,Due,Clear,Due,
14776,Tahira Jogezai,DEMO-KPT-14776,House No. RBD-481,Street 8,PECHS,10,5,Commercial,Tahira Jogezai,Talha Tarar,Litigated,Due,Under Review,Paid,
2844,Neha Zafar,DEMO-KPT-2844,House No. R-416,Street 12,PECHS,10,5,Commercial,Neha Zafar,Saher Pirzada,Pending,Paid,Under Review,Paid,
1413,Alina Raza,DEMO-KPT-1413,House No. A-793,Street 18,PECHS,10,5,Commercial,Alina Raza,Ali Ali,Verified,Due,Issue Found,Due,
2900,Balaj Pasha,DEMO-KPT-2900,House No. B-545,Street 18,PECHS,10,5,Commercial,Balaj Pasha,Hashim Jogezai,Litigated,Paid,Issue Found,Due,
5913,Ali Panezai,DEMO-KPT-5913,House No. CD-350,Street 18,PECHS,10,5,Commercial,Ali Panezai,Naseer Nasar,Verified,Due,Issue Found,Due,
1397,Ahmed Sheikh,DEMO-KPT-1397,House No. A-683,Street 21,PECHS,10,5,Commercial,Ahmed Sheikh,Nimra Aslam,Verified,Paid,Under Review,Due,
11920,Anas Gakhar,DEMO-KPT-11920,House No. CR-578,Street 21,PECHS,10,5,Commercial,Anas Gakhar,Amal Sindhi,Pending,Paid,Clear,Due,
1424,Mariam Ali,DEMO-KPT-1424,House No. A-437,Street 23,PECHS,10,5,Commercial,Mariam Ali,Fatima Javed,Verified,Due,Issue Found,Due,
11967,Muhammad Bettani,DEMO-KPT-11967,House No. RB-688,Street 24,PECHS,10,5,Commercial,Muhammad Bettani,Kamal Peerzada,Litigated,Due,Issue Found,Paid,
6005,Daniya Ilyas,DEMO-KPT-6005,House No. DC-722,Street 25,PECHS,10,5,Commercial,Daniya Ilyas,Ali Khosa,Pending,Due,Clear,Paid,
5920,Nudrat Mir,DEMO-KPT-5920,House No. CC-506,Street 30,PECHS,10,5,Commercial,Nudrat Mir,Shafaq Korai,Litigated,Due,Under Review,Paid,
6104,Amal Randhawa,DEMO-KPT-6104,House No. CR-525,Street 1,PECHS,11,5,Commercial,Amal Randhawa,Iqra Bangash,Litigated,Due,Under Review,Paid,
3102,Humaira Khuhro,DEMO-KPT-3102,House No. B-799,Street 4,PECHS,11,5,Commercial,Humaira Khuhro,Aleena Rehman,Litigated,Due,Issue Found,Paid,
3081,Tayyab Shah,DEMO-KPT-3081,House No. D-434,Street 6,PECHS,11,5,Commercial,Tayyab Shah,Fahim Bilgrami,Litigated,Due,Clear,Due,
9176,Sadiq Rabbani,DEMO-KPT-9176,House No. BD-817,Street 12,PECHS,11,5,Commercial,Sadiq Rabbani,Samina Shafiq,Litigated,Paid,Under Review,Due,
14986,Erum Bashir,DEMO-KPT-14986,House No. DBR-606,Street 12,PECHS,11,5,Commercial,Erum Bashir,Amna Mughal,Verified,Paid,Under Review,Due,
12007,Noreen Rehman,DEMO-KPT-12007,House No. CD-349,Street 19,PECHS,11,5,Commercial,Noreen Rehman,Fatima Parvez,Litigated,Paid,Clear,Paid,
14897,Imtiaz Jogezai,DEMO-KPT-14897,House No. RDB-798,Street 21,PECHS,11,5,Commercial,Imtiaz Jogezai,Younas Mahsud,Verified,Paid,Under Review,Due,
12139,Asad Magsi,DEMO-KPT-12139,House No. BR-637,Street 24,PECHS,11,5,Commercial,Asad Magsi,Afzal Rana,Verified,Paid,Clear,Due,
9093,Nadeem Tanvir,DEMO-KPT-9093,House No. DR-542,Street 29,PECHS,11,5,Commercial,Nadeem Tanvir,Taha Talpur,Litigated,Paid,Issue Found,Paid,
9070,Salma Noor,DEMO-KPT-9070,House No. RC-329,Street 30,PECHS,11,5,Commercial,Salma Noor,Shahid Joiya,Litigated,Due,Under Review,Paid,
3177,Hadiqa Sandhu,DEMO-KPT-3177,House No. C-898,Street 2,PECHS,12,5,Commercial,Hadiqa Sandhu,Asad Mirani,Pending,Due,Under Review,Paid,
15212,Tahmina Malik,DEMO-KPT-15212,House No. CRD-514,Street 2,PECHS,12,5,Commercial,Tahmina Malik,Sabir Rajput,Verified,Due,Clear,Due,
15252,Farooq Kamboh,DEMO-KPT-15252,House No. CBR-740,Street 4,PECHS,12,5,Commercial,Farooq Kamboh,Imad Khattak,Litigated,Due,Issue Found,Paid,
9240,Subhan Peerzada,DEMO-KPT-9240,House No. CC-804,Street 6,PECHS,12,5,Commercial,Subhan Peerzada,Moeen Khalid,Pending,Due,Issue Found,Paid,
6245,Hoorain Shakeel,DEMO-KPT-6245,House No. BR-701,Street 10,PECHS,12,5,Commercial,Hoorain Shakeel,Munir Yaqoob,Litigated,Paid,Clear,Paid,
6338,Saleha Mansoor,DEMO-KPT-6338,House No. BR-357,Street 10,PECHS,12,5,Commercial,Saleha Mansoor,Rauf Naseem,Verified,Paid,Issue Found,Due,
12286,Minhaj Janjua,DEMO-KPT-12286,House No. DC-529,Street 12,PECHS,12,5,Commercial,Minhaj Janjua,Benazir Kharal,Verified,Paid,Under Review,Due,
12294,Sarah Mangi,DEMO-KPT-12294,House No. DB-797,Street 12,PECHS,12,5,Commercial,Sarah Mangi,Suleman Hameed,Pending,Paid,Under Review,Paid,
9313,Sabih Jogezai,DEMO-KPT-9313,House No. DC-484,Street 13,PECHS,12,5,Commercial,Sabih Jogezai,Tamim Panhwar,Litigated,Due,Under Review,Due,
15151,Mehrunnisa Mansoor,DEMO-KPT-15151,House No. BDC-896,Street 27,PECHS,12,5,Commercial,Mehrunnisa Mansoor,Zakariya Yazdani,Pending,Due,Under Review,Paid,
9362,Tanzeela Ghani,DEMO-KPT-9362,House No. CC-484,Street 2,PECHS,13,5,Commercial,Tanzeela Ghani,Jamshed Chattha,Verified,Due,Clear,Due,
15438,Jannat Cheema,DEMO-KPT-15438,House No. BRD-366,Street 3,PECHS,13,5,Commercial,Jannat Cheema,Umair Khalid,Pending,Paid,Under Review,Paid,
12428,Esha Alvi,DEMO-KPT-12428,House No. BD-779,Street 7,PECHS,13,5,Commercial,Esha Alvi,Marwa Tanvir,Litigated,Due,Clear,Paid,
6424,Hira Bajwa,DEMO-KPT-6424,House No. BC-623,Street 18,PECHS,13,5,Commercial,Hira Bajwa,Humaira Durrani,Litigated,Paid,Issue Found,Paid,
3202,Farheen Mehmood,DEMO-KPT-3202,House No. B-476,Street 29,PECHS,13,5,Commercial,Farheen Mehmood,Amara Qadir,Pending,Paid,Clear,Due,
15540,Minhaj Mohmand,DEMO-KPT-15540,House No. RDB-504,Street 6,PECHS,14,5,Commercial,Minhaj Mohmand,Aleeza Bijarani,Pending,Due,Issue Found,Paid,
6452,Sabir Ilyas,DEMO-KPT-6452,House No. CB-442,Street 12,PECHS,14,5,Commercial,Sabir Ilyas,Aiman Zubair,Litigated,Paid,Under Review,Paid,
15613,Mahjabeen Sardar,DEMO-KPT-15613,House No. CRB-562,Street 13,PECHS,14,5,Commercial,Mahjabeen Sardar,Mushtaq Nawaz,Litigated,Due,Under Review,Due,
12474,Mirha Rashid,DEMO-KPT-12474,House No. DR-543,Street 15,PECHS,14,5,Commercial,Mirha Rashid,Waqar Sahito,Pending,Due,Under Review,Due,
9542,Numan Rajper,DEMO-KPT-9542,House No. BR-346,Street 16,PECHS,14,5,Commercial,Numan Rajper,Bareera Achakzai,Verified,Paid,Under Review,Due,
6617,Daniya Pasha,DEMO-KPT-6617,House No. CD-598,Street 20,PECHS,14,5,Commercial,Daniya Pasha,Hamza Sheikh,Verified,Due,Under Review,Due,
3370,Nabeel Mir,DEMO-KPT-3370,House No. D-591,Street 21,PECHS,14,5,Commercial,Nabeel Mir,Ali Bukhari,Pending,Paid,Clear,Due,
3305,Areeba Lone,DEMO-KPT-3305,House No. C-521,Street 25,PECHS,14,5,Commercial,Areeba Lone,Taimur Mir,Pending,Due,Clear,Paid,
9520,Maqsood Bugti,DEMO-KPT-9520,House No. CB-708,Street 30,PECHS,14,5,Commercial,Maqsood Bugti,Fayyaz Mustafa,Litigated,Due,Under Review,Paid,
9753,Sumayya Sipra,DEMO-KPT-9753,House No. DB-463,Street 8,PECHS,15,5,Commercial,Sumayya Sipra,Shumaila Panezai,Pending,Paid,Under Review,Due,
12661,Sameen Bijarani,DEMO-KPT-12661,House No. CC-777,Street 16,PECHS,15,5,Commercial,Sameen Bijarani,Mahir Lari,Pending,Due,Under Review,Paid,
15734,Sadiq Zaidi,DEMO-KPT-15734,House No. BCR-627,Street 16,PECHS,15,5,Commercial,Sadiq Zaidi,Zahid Gakhar,Pending,Paid,Under Review,Paid,
3589,Sharmeen Rajput,DEMO-KPT-3589,House No. D-352,Street 24,PECHS,15,5,Commercial,Sharmeen Rajput,Hamid Tanoli,Verified,Paid,Clear,Due,
12749,Sultan Jafri,DEMO-KPT-12749,House No. DD-516,Street 25,PECHS,15,5,Commercial,Sultan Jafri,Ambreen Raza,Litigated,Due,Issue Found,Paid,
12755,Huma Baloch,DEMO-KPT-12755,House No. BR-372,Street 25,PECHS,15,5,Commercial,Huma Baloch,Arbaz Sohu,Pending,Due,Clear,Paid,
9790,Rubina Orakzai,DEMO-KPT-9790,House No. RB-527,Street 26,PECHS,15,5,Commercial,Rubina Orakzai,Tooba Jafri,Verified,Paid,Under Review,Due,
15628,Talha Chattha,DEMO-KPT-15628,House No. DCR-674,Street 26,PECHS,15,5,Commercial,Talha Chattha,Hania Sheikh,Verified,Paid,Issue Found,Due,
15633,Murtaza Gakhar,DEMO-KPT-15633,House No. CDB-897,Street 26,PECHS,15,5,Commercial,Murtaza Gakhar,Khadija Buriro,Litigated,Paid,Under Review,Due,
15651,Zartaj Kakar,DEMO-KPT-15651,House No. CBD-751,Street 29,PECHS,15,5,Commercial,Zartaj Kakar,Qayyum Zubairi,Pending,Paid,Under Review,Due,
12962,Mehreen Marwat,DEMO-KPT-12962,House No. DC-476,Street 2,PECHS,16,5,Commercial,Mehreen Marwat,Nasreen Lakhani,Verified,Due,Clear,Due,
9835,Hidayat Shafi,DEMO-KPT-9835,House No. BD-825,Street 3,PECHS,16,5,Commercial,Hidayat Shafi,Mehwish Dawood,Litigated,Due,Issue Found,Paid,
12776,Shakeel Rajput,DEMO-KPT-12776,House No. BC-664,Street 12,PECHS,16,5,Commercial,Shakeel Rajput,Haider Jadoon,Litigated,Paid,Under Review,Due,
3645,Fauzia Ghani,DEMO-KPT-3645,House No. D-854,Street 19,PECHS,16,5,Commercial,Fauzia Ghani,Zubaida Zahid,Litigated,Paid,Issue Found,Paid,
3749,Kafeel Sultan,DEMO-KPT-3749,House No. C-616,Street 25,PECHS,16,5,Commercial,Kafeel Sultan,Rafay Rabbani,Litigated,Due,Issue Found,Paid,
9918,Khansa Chattha,DEMO-KPT-9918,House No. CB-369,Street 26,PECHS,16,5,Commercial,Khansa Chattha,Ismail Malik,Verified,Paid,Under Review,Paid,
3652,Aslam Tahir,DEMO-KPT-3652,House No. D-329,Street 29,PECHS,16,5,Commercial,Aslam Tahir,Ghazala Ghumman,Pending,Paid,Clear,Due,
7004,Tabassum Chattha,DEMO-KPT-7004,House No. RR-544,Street 1,PECHS,17,5,Commercial,Tabassum Chattha,Rohail Mengal,Litigated,Due,Under Review,Paid,
15996,Zaid Jaffri,DEMO-KPT-15996,House No. RBC-882,Street 1,PECHS,17,5,Commercial,Zaid Jaffri,Aleena Abro,Verified,Paid,Under Review,Due,
15989,Shanza Sindhi,DEMO-KPT-15989,House No. RDC-438,Street 5,PECHS,17,5,Commercial,Shanza Sindhi,Taha Mirani,Verified,Paid,Clear,Paid,
15977,Rauf Laghari,DEMO-KPT-15977,House No. DCR-873,Street 7,PECHS,17,5,Commercial,Rauf Laghari,Farwa Mustafa,Pending,Due,Issue Found,Paid,
3805,Jabbar Barakzai,DEMO-KPT-3805,House No. C-696,Street 11,PECHS,17,5,Commercial,Jabbar Barakzai,Zarmeen Mir,Verified,Due,Under Review,Paid,
13022,Waseem Niazi,DEMO-KPT-13022,House No. CB-844,Street 16,PECHS,17,5,Commercial,Waseem Niazi,Naila Shafi,Pending,Paid,Under Review,Due,
10024,Sarfraz Kalhoro,DEMO-KPT-10024,House No. CB-846,Street 18,PECHS,17,5,Commercial,Sarfraz Kalhoro,Rehmat Kakar,Litigated,Paid,Issue Found,Paid,
15952,Minhaj Qureshi,DEMO-KPT-15952,House No. CBD-726,Street 28,PECHS,17,5,Commercial,Minhaj Qureshi,Umar Mazari,Litigated,Paid,Clear,Due,
6961,Fareeha Abbasi,DEMO-KPT-6961,House No. DD-701,Street 29,PECHS,17,5,Commercial,Fareeha Abbasi,Kashaf Bhutto,Litigated,Due,Issue Found,Due,
13000,Zunair Bangash,DEMO-KPT-13000,House No. CC-668,Street 29,PECHS,17,5,Commercial,Zunair Bangash,Shoaib Rind,Pending,Paid,Clear,Due,
10084,Sonia Abbasi,DEMO-KPT-10084,House No. DB-486,Street 1,PECHS,18,5,Commercial,Sonia Abbasi,Khizar Niazi,Litigated,Paid,Issue Found,Paid,
16053,Umaima Baig,DEMO-KPT-16053,House No. RCB-416,Street 8,PECHS,18,5,Commercial,Umaima Baig,Maryam Tanoli,Pending,Paid,Under Review,Due,
7067,Parveen Orakzai,DEMO-KPT-7067,House No. RB-510,Street 20,PECHS,18,5,Commercial,Parveen Orakzai,Ayla Khan,Verified,Due,Under Review,Due,
10167,Zamzam Shakir,DEMO-KPT-10167,House No. DB-859,Street 24,PECHS,18,5,Commercial,Zamzam Shakir,Zaid Rind,Litigated,Due,Issue Found,Paid,
10184,Neha Ghazali,DEMO-KPT-10184,House No. RC-422,Street 25,PECHS,18,5,Commercial,Neha Ghazali,Farzana Korai,Litigated,Paid,Clear,Due,
7045,Rehan Hinjra,DEMO-KPT-7045,House No. CD-643,Street 26,PECHS,18,5,Commercial,Rehan Hinjra,Saif Kharal,Litigated,Paid,Issue Found,Due,
16083,Shahzadi Minhas,DEMO-KPT-16083,House No. DCR-696,Street 26,PECHS,18,5,Commercial,Shahzadi Minhas,Sakina Mari,Litigated,Paid,Under Review,Due,
13102,Hoor Haral,DEMO-KPT-13102,House No. DB-534,Street 29,PECHS,18,5,Commercial,Hoor Haral,Ali Kharal,Pending,Paid,Clear,Due,
16101,Ahtisham Sial,DEMO-KPT-16101,House No. BCR-324,Street 29,PECHS,18,5,Commercial,Ahtisham Sial,Aneeqa Unar,Pending,Paid,Under Review,Due,
13234,Sahrish Soomro,DEMO-KPT-13234,House No. BR-737,Street 1,PECHS,19,5,Commercial,Sahrish Soomro,Mukarram Sipra,Litigated,Paid,Issue Found,Paid,
7338,Tanveer Abbasi,DEMO-KPT-7338,House No. CD-898,Street 3,PECHS,19,5,Commercial,Tanveer Abbasi,Ihtisham Yasin,Pending,Paid,Under Review,Paid,
10285,Noman Achakzai,DEMO-KPT-10285,House No. RB-378,Street 3,PECHS,19,5,Commercial,Noman Achakzai,Tanveer Latif,Litigated,Due,Issue Found,Paid,
16126,Younas Sahito,DEMO-KPT-16126,House No. CRB-686,Street 8,PECHS,19,5,Commercial,Younas Sahito,Moiz Durrani,Litigated,Due,Under Review,Paid,
7238,Farzana Nadeem,DEMO-KPT-7238,House No. DR-369,Street 10,PECHS,19,5,Commercial,Farzana Nadeem,Hafiz Peerzada,Verified,Paid,Issue Found,Due,
10295,Rooman Lodhi,DEMO-KPT-10295,House No. DR-597,Street 10,PECHS,19,5,Commercial,Rooman Lodhi,Nazia Zia,Litigated,Paid,Clear,Paid,
7165,Mubashra Mirza,DEMO-KPT-7165,House No. BR-676,Street 17,PECHS,19,5,Commercial,Mubashra Mirza,Dawood Bijarani,Verified,Due,Under Review,Due,
16199,Shafay Bijarani,DEMO-KPT-16199,House No. DCR-573,Street 22,PECHS,19,5,Commercial,Shafay Bijarani,Kanwar Bhatti,Verified,Paid,Under Review,Due,
4196,Iram Alvi,DEMO-KPT-4196,House No. BC-514,Street 23,PECHS,19,5,Commercial,Iram Alvi,Sundas Shafiq,Litigated,Paid,Under Review,Due,
7315,Sidra Qazi,DEMO-KPT-7315,House No. DR-770,Street 24,PECHS,19,5,Commercial,Sidra Qazi,Asif Joiya,Pending,Paid,Issue Found,Paid,
16234,Haroon Rehman,DEMO-KPT-16234,House No. DCR-705,Street 30,PECHS,19,5,Commercial,Haroon Rehman,Khalid Bajwa,Verified,Paid,Issue Found,Due,
7352,Maimoona Riaz,DEMO-KPT-7352,House No. DB-531,Street 12,PECHS,20,5,Commercial,Maimoona Riaz,Mehmood Peerzada,Litigated,Paid,Under Review,Paid,
13363,Fareed Mohammadzai,DEMO-KPT-13363,House No. DC-441,Street 13,PECHS,20,5,Commercial,Fareed Mohammadzai,Noman Swati,Litigated,Due,Under Review,Due,
16292,Abeera Shah,DEMO-KPT-16292,House No. RDB-891,Street 16,PECHS,20,5,Commercial,Abeera Shah,Shagufta Minhas,Verified,Paid,Under Review,Due,
13367,Nargis Lone,DEMO-KPT-13367,House No. DB-602,Street 20,PECHS,20,5,Commercial,Nargis Lone,Jamila Bettani,Verified,Due,Under Review,Due,
16349,Mahwish Gabol,DEMO-KPT-16349,House No. CRB-547,Street 25,PECHS,20,5,Commercial,Mahwish Gabol,Subhan Ranjha,Litigated,Due,Issue Found,Paid,
6034,Jamil Daudzai,DEMO-KPT-6034,House No. BB-501,Street 1,Malir,1,5,Commercial,Jamil Daudzai,Mukarram Dogar,Litigated,Paid,Issue Found,Paid,
7500,Affan Chattha,DEMO-KPT-7500,House No. BD-590,Street 4,Malir,1,5,Commercial,Affan Chattha,Fiza Rafique,Litigated,Due,Clear,Due,
16950,Mina Zia,DEMO-KPT-16950,House No. RBC-726,Street 4,Malir,1,5,Commercial,Mina Zia,Dua Gakhar,Litigated,Due,Clear,Due,
16996,Ubaid Yousafzai,DEMO-KPT-16996,House No. BDR-813,Street 5,Malir,1,5,Commercial,Ubaid Yousafzai,Laraib Unar,Pending,Due,Under Review,Due,
15338,Habib Popalzai,DEMO-KPT-15338,House No. RDC-585,Street 10,Malir,1,5,Commercial,Habib Popalzai,Abid Sohu,Verified,Paid,Issue Found,Due,
6032,Sharjeel Samo,DEMO-KPT-6032,House No. DC-856,Street 12,Malir,1,5,Commercial,Sharjeel Samo,Shumaila Pasha,Pending,Paid,Clear,Paid,
9025,Khurram Samo,DEMO-KPT-9025,House No. CC-598,Street 12,Malir,1,5,Commercial,Khurram Samo,Ayaz Alvi,Verified,Paid,Under Review,Due,
3024,Sadia Aslam,DEMO-KPT-3024,House No. R-632,Street 15,Malir,1,5,Commercial,Sadia Aslam,Farah Bhurgri,Pending,Due,Under Review,Due,
2961,Aneesa Zubair,DEMO-KPT-2961,House No. B-784,Street 16,Malir,1,5,Commercial,Aneesa Zubair,Saeed Sandhu,Verified,Due,Issue Found,Paid,
9063,Fakhar Ranjha,DEMO-KPT-9063,House No. DC-304,Street 18,Malir,1,5,Commercial,Fakhar Ranjha,Idrees Mehmood,Verified,Due,Issue Found,Due,
9047,Uroosa Hayat,DEMO-KPT-9047,House No. CR-375,Street 21,Malir,1,5,Commercial,Uroosa Hayat,Tehmina Mahesar,Verified,Paid,Under Review,Due,
4499,Amal Farooq,DEMO-KPT-4499,House No. RB-594,Street 22,Malir,1,5,Commercial,Amal Farooq,Ahsan Sial,Verified,Paid,Under Review,Due,
9028,Yumna Noor,DEMO-KPT-9028,House No. CB-470,Street 23,Malir,1,5,Commercial,Yumna Noor,Aamir Qadri,Verified,Paid,Clear,Paid,
12224,Asma Kasi,DEMO-KPT-12224,House No. RD-374,Street 23,Malir,1,5,Commercial,Asma Kasi,Yusra Marwat,Verified,Due,Issue Found,Due,
13790,Azan Tahir,DEMO-KPT-13790,House No. RBC-833,Street 23,Malir,1,5,Commercial,Azan Tahir,Nabeel Kalhoro,Verified,Due,Clear,Paid,
2967,Iftikhar Bijarani,DEMO-KPT-2967,House No. R-653,Street 24,Malir,1,5,Commercial,Iftikhar Bijarani,Jahangir Laghari,Litigated,Due,Issue Found,Paid,
7467,Aiman Sheikh,DEMO-KPT-7467,House No. CD-567,Street 24,Malir,1,5,Commercial,Aiman Sheikh,Abbas Korai,Litigated,Due,Issue Found,Paid,
5999,Shifa Bijarani,DEMO-KPT-5999,House No. BB-597,Street 25,Malir,1,5,Commercial,Shifa Bijarani,Nawal Bilgrami,Litigated,Due,Issue Found,Paid,
4518,Asifa Magsi,DEMO-KPT-4518,House No. RC-435,Street 26,Malir,1,5,Commercial,Asifa Magsi,Arisha Gilani,Verified,Paid,Under Review,Paid,
4552,Asma Zubair,DEMO-KPT-4552,House No. BD-629,Street 29,Malir,1,5,Commercial,Asma Zubair,Saleem Mir,Pending,Paid,Clear,Due,
12243,Zahid Rafique,DEMO-KPT-12243,House No. CC-366,Street 29,Malir,1,5,Commercial,Zahid Rafique,Shaheer Khattak,Litigated,Paid,Issue Found,Paid,
15250,Rukhsana Orakzai,DEMO-KPT-15250,House No. RDC-819,Street 29,Malir,1,5,Commercial,Rukhsana Orakzai,Saqib Rajper,Pending,Paid,Clear,Due,
4534,Subhan Sial,DEMO-KPT-4534,House No. DR-880,Street 30,Malir,1,5,Commercial,Subhan Sial,Hussnain Mahesar,Verified,Paid,Issue Found,Due,
3062,Ahtisham Bijarani,DEMO-KPT-3062,House No. D-544,Street 2,Malir,2,5,Commercial,Ahtisham Bijarani,Ubaid Sindhi,Verified,Due,Clear,Due,
9138,Nadia Qadir,DEMO-KPT-9138,House No. CD-460,Street 3,Malir,2,5,Commercial,Nadia Qadir,Mahnoor Afridi,Pending,Paid,Under Review,Paid,
13885,Sameer Kasi,DEMO-KPT-13885,House No. BCR-303,Street 3,Malir,2,5,Commercial,Sameer Kasi,Nudrat Joiya,Litigated,Due,Issue Found,Paid,
10752,Rida Talpur,DEMO-KPT-10752,House No. BB-432,Street 4,Malir,2,5,Commercial,Rida Talpur,Rukhsana Cheema,Litigated,Due,Issue Found,Paid,
3046,Ahad Saif,DEMO-KPT-3046,House No. R-569,Street 5,Malir,2,5,Commercial,Ahad Saif,Rooman Soomro,Pending,Due,Under Review,Due,
13881,Ayesha Mir,DEMO-KPT-13881,House No. CRB-597,Street 6,Malir,2,5,Commercial,Ayesha Mir,Fahad Turk,Litigated,Due,Clear,Due,
7576,Sania Lak,DEMO-KPT-7576,House No. CB-675,Street 8,Malir,2,5,Commercial,Sania Lak,Aun Mohammadzai,Litigated,Due,Under Review,Paid,
10733,Qadir Yazdani,DEMO-KPT-10733,House No. RD-396,Street 10,Malir,2,5,Commercial,Qadir Yazdani,Yasmeen Sabri,Verified,Paid,Under Review,Paid,
1555,Samad Zubairi,DEMO-KPT-1555,House No. C-527,Street 11,Malir,2,5,Commercial,Samad Zubairi,Inaya Buriro,Verified,Due,Under Review,Paid,
12355,Zunair Ali,DEMO-KPT-12355,House No. CC-354,Street 11,Malir,2,5,Commercial,Zunair Ali,Wali Bilgrami,Verified,Due,Under Review,Paid,
12332,Irum Yousaf,DEMO-KPT-12332,House No. CR-698,Street 12,Malir,2,5,Commercial,Irum Yousaf,Atiya Tiwana,Pending,Paid,Clear,Paid,
10674,Farhan Usmani,DEMO-KPT-10674,House No. DD-430,Street 15,Malir,2,5,Commercial,Farhan Usmani,Zehra Bilgrami,Pending,Due,Under Review,Due,
15361,Hadi Toor,DEMO-KPT-15361,House No. BRC-786,Street 16,Malir,2,5,Commercial,Hadi Toor,Yahya Kamboh,Pending,Due,Under Review,Paid,
12350,Amal Noor,DEMO-KPT-12350,House No. CB-515,Street 18,Malir,2,5,Commercial,Amal Noor,Naeem Rana,Litigated,Paid,Issue Found,Due,
6138,Sidra Ilyas,DEMO-KPT-6138,House No. BB-524,Street 19,Malir,2,5,Commercial,Sidra Ilyas,Sameer Hashmi,Verified,Paid,Clear,Paid,
9149,Aleeza Malik,DEMO-KPT-9149,House No. BD-854,Street 25,Malir,2,5,Commercial,Aleeza Malik,Sidrah Kalhoro,Litigated,Due,Issue Found,Paid,
12305,Safa Sheikh,DEMO-KPT-12305,House No. BD-422,Street 25,Malir,2,5,Commercial,Safa Sheikh,Mirha Bashir,Pending,Due,Clear,Paid,
7528,Rashid Panezai,DEMO-KPT-7528,House No. DB-674,Street 26,Malir,2,5,Commercial,Rashid Panezai,Sadiq Kamboh,Verified,Paid,Issue Found,Due,
4593,Mubeen Ghaffar,DEMO-KPT-4593,House No. CB-507,Street 29,Malir,2,5,Commercial,Mubeen Ghaffar,Mubashir Kamboh,Litigated,Paid,Issue Found,Paid,
10701,Saeeda Achakzai,DEMO-KPT-10701,House No. RC-417,Street 29,Malir,2,5,Commercial,Saeeda Achakzai,Saleha Hinjra,Pending,Paid,Under Review,Due,
15484,Adil Dayo,DEMO-KPT-15484,House No. RBD-761,Street 1,Malir,3,5,Commercial,Adil Dayo,Areeba Mir,Litigated,Paid,Issue Found,Paid,
13977,Noor Zia,DEMO-KPT-13977,House No. DRB-755,Street 2,Malir,3,5,Commercial,Noor Zia,Qamar Sipra,Pending,Due,Under Review,Paid,
12429,Arsalan Ghaffar,DEMO-KPT-12429,House No. BC-663,Street 3,Malir,3,5,Commercial,Arsalan Ghaffar,Nayab Gill,Litigated,Paid,Under Review,Paid,
6150,Amna Mirani,DEMO-KPT-6150,House No. BB-680,Street 4,Malir,3,5,Commercial,Amna Mirani,Tahira Nawaz,Litigated,Due,Clear,Due,
12450,Ejaz Junejo,DEMO-KPT-12450,House No. CC-373,Street 4,Malir,3,5,Commercial,Ejaz Junejo,Rubab Tanvir,Litigated,Due,Clear,Due,
1653,Unaiza Warraich,DEMO-KPT-1653,House No. D-626,Street 8,Malir,3,5,Commercial,Unaiza Warraich,Tayyeb Mahar,Pending,Paid,Under Review,Due,
12453,Mirza Alvi,DEMO-KPT-12453,House No. RD-329,Street 8,Malir,3,5,Commercial,Mirza Alvi,Aneeqa Tiwana,Pending,Paid,Under Review,Due,
4636,Laiba Shah,DEMO-KPT-4636,House No. BC-418,Street 12,Malir,3,5,Commercial,Laiba Shah,Akif Alvi,Verified,Paid,Under Review,Due,
13975,Khawar Achakzai,DEMO-KPT-13975,House No. BCR-599,Street 12,Malir,3,5,Commercial,Khawar Achakzai,Murtaza Achakzai,Verified,Paid,Under Review,Due,
9200,Mehak Mirani,DEMO-KPT-9200,House No. BB-898,Street 18,Malir,3,5,Commercial,Mehak Mirani,Aryan Saeed,Litigated,Paid,Issue Found,Due,
1638,Qayyum Wani,DEMO-KPT-1638,House No. D-545,Street 19,Malir,3,5,Commercial,Qayyum Wani,Muhammad Toor,Verified,Paid,Clear,Paid,
1657,Muhammad Jogezai,DEMO-KPT-1657,House No. C-606,Street 19,Malir,3,5,Commercial,Muhammad Jogezai,Urooj Tanvir,Litigated,Paid,Clear,Paid,
3146,Tooba Jamal,DEMO-KPT-3146,House No. C-332,Street 19,Malir,3,5,Commercial,Tooba Jamal,Fariha Sardar,Litigated,Paid,Clear,Paid,
13997,Shazia Rana,DEMO-KPT-13997,House No. DCR-712,Street 21,Malir,3,5,Commercial,Shazia Rana,Fabiha Kakar,Verified,Paid,Under Review,Due,
1640,Yousaf Gilani,DEMO-KPT-1640,House No. R-347,Street 23,Malir,3,5,Commercial,Yousaf Gilani,Abid Saif,Verified,Due,Clear,Paid,
4646,Ahtisham Mirza,DEMO-KPT-4646,House No. CD-504,Street 23,Malir,3,5,Commercial,Ahtisham Mirza,Sheeba Shafiq,Litigated,Paid,Under Review,Due,
3139,Zaynab Jamal,DEMO-KPT-3139,House No. C-382,Street 24,Malir,3,5,Commercial,Zaynab Jamal,Hamza Tanvir,Verified,Paid,Clear,Due,
1634,Hoor Memon,DEMO-KPT-1634,House No. B-846,Street 25,Malir,3,5,Commercial,Hoor Memon,Shafaq Hashmi,Litigated,Paid,Clear,Due,
1690,Salma Zardari,DEMO-KPT-1690,House No. B-627,Street 26,Malir,3,5,Commercial,Salma Zardari,Inam Achakzai,Verified,Paid,Under Review,Due,
6151,Ghazala Bhat,DEMO-KPT-6151,House No. CR-410,Street 27,Malir,3,5,Commercial,Ghazala Bhat,Zulfiqar Sohu,Pending,Due,Under Review,Paid,
15502,Fozia Shinwari,DEMO-KPT-15502,House No. CRB-681,Street 28,Malir,3,5,Commercial,Fozia Shinwari,Hoor Jamal,Litigated,Paid,Clear,Due,
7702,Subhan Rana,DEMO-KPT-7702,House No. DR-305,Street 29,Malir,3,5,Commercial,Subhan Rana,Rauf Achakzai,Pending,Paid,Clear,Due,
1712,Tanveer Zaidi,DEMO-KPT-1712,House No. B-803,Street 2,Malir,4,5,Commercial,Tanveer Zaidi,Saeeda Joiya,Verified,Due,Clear,Due,
6212,Atif Junejo,DEMO-KPT-6212,House No. BB-490,Street 2,Malir,4,5,Commercial,Atif Junejo,Hidayat Usmani,Verified,Due,Clear,Due,
1735,Nida Virk,DEMO-KPT-1735,House No. C-864,Street 3,Malir,4,5,Commercial,Nida Virk,Laila Imran,Litigated,Due,Issue Found,Paid,
14088,Saleem Hashmi,DEMO-KPT-14088,House No. CRD-637,Street 3,Malir,4,5,Commercial,Saleem Hashmi,Nayyar Leghari,Pending,Paid,Under Review,Paid,
12552,Asad Sardar,DEMO-KPT-12552,House No. CB-877,Street 4,Malir,4,5,Commercial,Asad Sardar,Mishal Gilani,Litigated,Due,Issue Found,Paid,
6231,Rabia Kidwai,DEMO-KPT-6231,House No. DC-843,Street 6,Malir,4,5,Commercial,Rabia Kidwai,Shifa Majeed,Litigated,Due,Clear,Due,
10838,Jalal Umer,DEMO-KPT-10838,House No. DC-882,Street 10,Malir,4,5,Commercial,Jalal Umer,Farzana Gakhar,Verified,Paid,Issue Found,Due,
7737,Sheeba Riaz,DEMO-KPT-7737,House No. DR-313,Street 15,Malir,4,5,Commercial,Sheeba Riaz,Adil Tarar,Pending,Paid,Issue Found,Paid,
12565,Mehrunnisa Kasi,DEMO-KPT-12565,House No. CD-482,Street 17,Malir,4,5,Commercial,Mehrunnisa Kasi,Asra Farooq,Verified,Due,Under Review,Due,
4700,Jawad Durrani,DEMO-KPT-4700,House No. BD-517,Street 18,Malir,4,5,Commercial,Jawad Durrani,Zaid Riaz,Litigated,Paid,Issue Found,Due,
7713,Zia Zaman,DEMO-KPT-7713,House No. BC-424,Street 18,Malir,4,5,Commercial,Zia Zaman,Mahreen Rashid,Verified,Due,Issue Found,Due,
4720,Humaira Tariq,DEMO-KPT-4720,House No. RB-347,Street 21,Malir,4,5,Commercial,Humaira Tariq,Zeshan Shafi,Pending,Paid,Clear,Due,
15520,Rabia Ghauri,DEMO-KPT-15520,House No. RBC-450,Street 21,Malir,4,5,Commercial,Rabia Ghauri,Uroosa Rind,Pending,Paid,Clear,Due,
14096,Kamal Baloch,DEMO-KPT-14096,House No. RBC-749,Street 23,Malir,4,5,Commercial,Kamal Baloch,Salma Hameed,Litigated,Paid,Under Review,Due,
9301,Anwar Shafiq,DEMO-KPT-9301,House No. BB-437,Street 27,Malir,4,5,Commercial,Anwar Shafiq,Arbaz Farooq,Pending,Due,Under Review,Paid,
9385,Waheed Majeed,DEMO-KPT-9385,House No. BC-677,Street 3,Malir,5,5,Commercial,Waheed Majeed,Mirza Hameed,Litigated,Due,Issue Found,Paid,
10998,Hassan Gakhar,DEMO-KPT-10998,House No. BB-842,Street 3,Malir,5,5,Commercial,Hassan Gakhar,Nafisa Siddiqui,Pending,Due,Clear,Paid,
4778,Rabia Mahar,DEMO-KPT-4778,House No. BC-894,Street 7,Malir,5,5,Commercial,Rabia Mahar,Mahmood Sardar,Litigated,Due,Clear,Paid,
14177,Parvez Tanoli,DEMO-KPT-14177,House No. RCB-738,Street 7,Malir,5,5,Commercial,Parvez Tanoli,Fiza Barakzai,Pending,Due,Issue Found,Paid,
4803,Awais Dreshak,DEMO-KPT-4803,House No. BC-410,Street 8,Malir,5,5,Commercial,Awais Dreshak,Waleed Akhtar,Pending,Paid,Under Review,Due,
1838,Shees Bashir,DEMO-KPT-1838,House No. B-610,Street 10,Malir,5,5,Commercial,Shees Bashir,Humayun Tahir,Verified,Paid,Issue Found,Due,
15683,Sakina Majeed,DEMO-KPT-15683,House No. BCD-784,Street 10,Malir,5,5,Commercial,Sakina Majeed,Nida Chattha,Verified,Paid,Under Review,Paid,
10952,Ashar Randhawa,DEMO-KPT-10952,House No. BC-457,Street 12,Malir,5,5,Commercial,Ashar Randhawa,Ayaz Sadiq,Litigated,Paid,Under Review,Paid,
4824,Afreen Bhatti,DEMO-KPT-4824,House No. RC-820,Street 15,Malir,5,5,Commercial,Afreen Bhatti,Akbar Zia,Pending,Due,Under Review,Due,
7774,Shaista Sial,DEMO-KPT-7774,House No. DC-386,Street 18,Malir,5,5,Commercial,Shaista Sial,Arslan Mehmood,Litigated,Paid,Issue Found,Paid,
10924,Khawar Jadoon,DEMO-KPT-10924,House No. CC-786,Street 18,Malir,5,5,Commercial,Khawar Jadoon,Talal Korai,Litigated,Paid,Issue Found,Paid,
12599,Salma Gabol,DEMO-KPT-12599,House No. DB-835,Street 22,Malir,5,5,Commercial,Salma Gabol,Sharmeen Joiya,Verified,Paid,Under Review,Due,
3265,Rafiq Rabbani,DEMO-KPT-3265,House No. D-369,Street 24,Malir,5,5,Commercial,Rafiq Rabbani,Unaiza Anwar,Pending,Paid,Issue Found,Paid,
10949,Shagufta Lodhi,DEMO-KPT-10949,House No. DR-528,Street 25,Malir,5,5,Commercial,Shagufta Lodhi,Sara Latif,Litigated,Due,Issue Found,Paid,
14099,Firdous Bhatti,DEMO-KPT-14099,House No. DBR-893,Street 25,Malir,5,5,Commercial,Firdous Bhatti,Sarmad Nasar,Litigated,Due,Issue Found,Paid,
9333,Sadia Bukhari,DEMO-KPT-9333,House No. BD-373,Street 26,Malir,5,5,Commercial,Sadia Bukhari,Naila Ahmed,Litigated,Paid,Under Review,Due,
15640,Furqan Qadri,DEMO-KPT-15640,House No. CDB-684,Street 26,Malir,5,5,Commercial,Furqan Qadri,Sitara Junejo,Verified,Paid,Under Review,Due,
15708,Ehsan Hameed,DEMO-KPT-15708,House No. RBD-476,Street 26,Malir,5,5,Commercial,Ehsan Hameed,Javed Nasar,Verified,Due,Under Review,Paid,
1750,Yusuf Hayat,DEMO-KPT-1750,House No. D-572,Street 29,Malir,5,5,Commercial,Yusuf Hayat,Zohaib Mohmand,Pending,Paid,Clear,Due,
15760,Urwa Bilgrami,DEMO-KPT-15760,House No. DCR-648,Street 10,Malir,6,5,Commercial,Urwa Bilgrami,Alizeh Turk,Verified,Paid,Clear,Due,
3355,Saher Gabol,DEMO-KPT-3355,House No. R-435,Street 11,Malir,6,5,Commercial,Saher Gabol,Vaqar Durrani,Verified,Due,Under Review,Paid,
6325,Asra Rajput,DEMO-KPT-6325,House No. BR-330,Street 12,Malir,6,5,Commercial,Asra Rajput,Maham Baig,Verified,Paid,Under Review,Due,
7826,Nadia Yazdani,DEMO-KPT-7826,House No. CD-837,Street 12,Malir,6,5,Commercial,Nadia Yazdani,Zia Panhwar,Litigated,Paid,Under Review,Due,
9446,Shahmeer Sadiq,DEMO-KPT-9446,House No. DB-424,Street 19,Malir,6,5,Commercial,Shahmeer Sadiq,Dania Jadoon,Litigated,Paid,Clear,Paid,
15795,Noshaba Ijaz,DEMO-KPT-15795,House No. RDC-696,Street 19,Malir,6,5,Commercial,Noshaba Ijaz,Zamzam Korai,Litigated,Paid,Issue Found,Paid,
1847,Areeba Siddiqui,DEMO-KPT-1847,House No. R-386,Street 21,Malir,6,5,Commercial,Areeba Siddiqui,Sajjad Wani,Verified,Paid,Under Review,Due,
12647,Umair Warraich,DEMO-KPT-12647,House No. CR-647,Street 21,Malir,6,5,Commercial,Umair Warraich,Sumayya Swati,Verified,Paid,Under Review,Due,
1874,Beenish Wattoo,DEMO-KPT-1874,House No. R-823,Street 23,Malir,6,5,Commercial,Beenish Wattoo,Neha Rizvi,Verified,Due,Issue Found,Due,
7796,Farzana Bukhari,DEMO-KPT-7796,House No. DB-766,Street 23,Malir,6,5,Commercial,Farzana Bukhari,Arfa Mirani,Litigated,Paid,Under Review,Due,
15778,Kabir Mansoor,DEMO-KPT-15778,House No. CBD-737,Street 23,Malir,6,5,Commercial,Kabir Mansoor,Imtiaz Sheikh,Verified,Paid,Clear,Paid,
6318,Abrar Hashmi,DEMO-KPT-6318,House No. CC-541,Street 26,Malir,6,5,Commercial,Abrar Hashmi,Urwa Toor,Verified,Paid,Under Review,Paid,
7842,Mubashir Khan,DEMO-KPT-7842,House No. RR-400,Street 26,Malir,6,5,Commercial,Mubashir Khan,Riaz Jaffri,Litigated,Paid,Clear,Due,
11025,Zakariya Mahar,DEMO-KPT-11025,House No. BD-491,Street 27,Malir,6,5,Commercial,Zakariya Mahar,Fiza Kasi,Verified,Due,Under Review,Due,
11002,Fabiha Popalzai,DEMO-KPT-11002,House No. CB-318,Street 28,Malir,6,5,Commercial,Fabiha Popalzai,Shafay Marri,Litigated,Paid,Clear,Due,
15802,Zia Mirza,DEMO-KPT-15802,House No. BDR-877,Street 29,Malir,6,5,Commercial,Zia Mirza,Hussnain Kasi,Pending,Paid,Clear,Due,
14312,Fazal Aslam,DEMO-KPT-14312,House No. DRB-880,Street 2,Malir,7,5,Commercial,Fazal Aslam,Sumaira Zafar,Verified,Due,Clear,Due,
4885,Husna Nawaz,DEMO-KPT-4885,House No. CC-340,Street 3,Malir,7,5,Commercial,Husna Nawaz,Kafeel Farooq,Litigated,Due,Issue Found,Paid,
6438,Noreen Kamal,DEMO-KPT-6438,House No. RD-671,Street 3,Malir,7,5,Commercial,Noreen Kamal,Sharmeen Lone,Pending,Paid,Under Review,Paid,
4902,Hussnain Warraich,DEMO-KPT-4902,House No. DR-582,Street 4,Malir,7,5,Commercial,Hussnain Warraich,Rehana Rajper,Litigated,Due,Issue Found,Paid,
3389,Arisha Yousaf,DEMO-KPT-3389,House No. C-822,Street 5,Malir,7,5,Commercial,Arisha Yousaf,Rizwan Baloch,Verified,Paid,Clear,Paid,
12704,Jahangir Awan,DEMO-KPT-12704,House No. CC-424,Street 6,Malir,7,5,Commercial,Jahangir Awan,Noaman Zahid,Litigated,Due,Issue Found,Paid,
4960,Hashir Pasha,DEMO-KPT-4960,House No. BC-464,Street 10,Malir,7,5,Commercial,Hashir Pasha,Sajida Bajwa,Verified,Paid,Clear,Due,
6444,Tooba Abbasi,DEMO-KPT-6444,House No. CD-760,Street 12,Malir,7,5,Commercial,Tooba Abbasi,Sahrish Akhtar,Pending,Paid,Under Review,Paid,
15886,Zamzam Ilyas,DEMO-KPT-15886,House No. RCB-387,Street 12,Malir,7,5,Commercial,Zamzam Ilyas,Zubaida Kidwai,Verified,Paid,Under Review,Due,
12734,Mohsin Siddiqui,DEMO-KPT-12734,House No. DC-331,Street 18,Malir,7,5,Commercial,Mohsin Siddiqui,Obaid Hanif,Verified,Paid,Under Review,Due,
14257,Nargis Aslam,DEMO-KPT-14257,House No. BDC-865,Street 19,Malir,7,5,Commercial,Nargis Aslam,Nadia Shah,Litigated,Paid,Clear,Paid,
7940,Burhan Popalzai,DEMO-KPT-7940,House No. RR-311,Street 23,Malir,7,5,Commercial,Burhan Popalzai,Ashar Shah,Verified,Due,Clear,Paid,
7917,Sabrina Khuhro,DEMO-KPT-7917,House No. DB-349,Street 24,Malir,7,5,Commercial,Sabrina Khuhro,Tabish Gill,Litigated,Due,Issue Found,Paid,
14245,Bisma Imran,DEMO-KPT-14245,House No. RCB-305,Street 26,Malir,7,5,Commercial,Bisma Imran,Rida Dayo,Litigated,Paid,Issue Found,Due,
14290,Sumaira Leghari,DEMO-KPT-14290,House No. BDR-474,Street 26,Malir,7,5,Commercial,Sumaira Leghari,Rida Naseem,Verified,Paid,Under Review,Due,
3375,Zahra Rind,DEMO-KPT-3375,House No. B-695,Street 27,Malir,7,5,Commercial,Zahra Rind,Mubashra Khokhar,Verified,Due,Under Review,Due,
11101,Tahir Wattoo,DEMO-KPT-11101,House No. BB-785,Street 27,Malir,7,5,Commercial,Tahir Wattoo,Tehmina Sultan,Pending,Due,Under Review,Paid,
14251,Alam Cheena,DEMO-KPT-14251,House No. CBD-418,Street 27,Malir,7,5,Commercial,Alam Cheena,Anum Yasin,Pending,Due,Under Review,Paid,
3361,Haleema Panezai,DEMO-KPT-3361,House No. C-509,Street 29,Malir,7,5,Commercial,Haleema Panezai,Mirha Gilani,Litigated,Due,Issue Found,Due,
16004,Abrar Shah,DEMO-KPT-16004,House No. BCR-408,Street 1,Malir,8,5,Commercial,Abrar Shah,Kaleem Yazdani,Litigated,Due,Under Review,Paid,
1998,Raza Mahar,DEMO-KPT-1998,House No. R-341,Street 3,Malir,8,5,Commercial,Raza Mahar,Faizan Qadri,Pending,Due,Clear,Paid,
11181,Zartaj Ghani,DEMO-KPT-11181,House No. BC-385,Street 6,Malir,8,5,Commercial,Zartaj Ghani,Azhar Mahar,Litigated,Due,Clear,Due,
2078,Haleema Kamboh,DEMO-KPT-2078,House No. C-879,Street 7,Malir,8,5,Commercial,Haleema Kamboh,Saleem Wazir,Litigated,Due,Clear,Paid,
11176,Kabeer Zahid,DEMO-KPT-11176,House No. CC-868,Street 8,Malir,8,5,Commercial,Kabeer Zahid,Fareed Zahid,Litigated,Due,Under Review,Paid,
15894,Bushra Lughmani,DEMO-KPT-15894,House No. RBD-874,Street 12,Malir,8,5,Commercial,Bushra Lughmani,Dua Tarar,Pending,Paid,Under Review,Paid,
9537,Mahnaz Yasin,DEMO-KPT-9537,House No. CR-600,Street 15,Malir,8,5,Commercial,Mahnaz Yasin,Daniyal Zaidi,Pending,Paid,Issue Found,Paid,
2061,Nasreen Sindhi,DEMO-KPT-2061,House No. D-380,Street 16,Malir,8,5,Commercial,Nasreen Sindhi,Ayesha Shafiq,Verified,Due,Issue Found,Paid,
6500,Fareeha Javed,DEMO-KPT-6500,House No. CD-450,Street 18,Malir,8,5,Commercial,Fareeha Javed,Noman Bhutto,Litigated,Paid,Issue Found,Due,
4978,Sameer Mansoor,DEMO-KPT-4978,House No. RR-658,Street 23,Malir,8,5,Commercial,Sameer Mansoor,Abbas Mughal,Verified,Paid,Clear,Paid,
15896,Jawad Majeed,DEMO-KPT-15896,House No. BRC-495,Street 23,Malir,8,5,Commercial,Jawad Majeed,Rauf Mustafa,Litigated,Paid,Under Review,Due,
16017,Nuzhat Usmani,DEMO-KPT-16017,House No. DBR-856,Street 24,Malir,8,5,Commercial,Nuzhat Usmani,Uzma Mughal,Litigated,Due,Issue Found,Paid,
7990,Shagufta Hayat,DEMO-KPT-7990,House No. CR-567,Street 26,Malir,8,5,Commercial,Shagufta Hayat,Sakina Hameed,Verified,Paid,Under Review,Due,
11133,Hafiz Talpur,DEMO-KPT-11133,House No. CB-806,Street 26,Malir,8,5,Commercial,Hafiz Talpur,Umaima Jafri,Litigated,Paid,Under Review,Due,
15975,Beenish Alvi,DEMO-KPT-15975,House No. RBC-539,Street 27,Malir,8,5,Commercial,Beenish Alvi,Zia Sipra,Verified,Due,Under Review,Due,
2002,Mateen Lari,DEMO-KPT-2002,House No. R-873,Street 28,Malir,8,5,Commercial,Mateen Lari,Abid Dawood,Litigated,Paid,Clear,Due,
9543,Dania Gilani,DEMO-KPT-9543,House No. CB-788,Street 29,Malir,8,5,Commercial,Dania Gilani,Khawar Mahsud,Litigated,Paid,Issue Found,Paid,
11200,Shaheer Farooq,DEMO-KPT-11200,House No. CC-740,Street 29,Malir,8,5,Commercial,Shaheer Farooq,Khawar Sabri,Pending,Paid,Clear,Due,
12811,Nayyar Rajper,DEMO-KPT-12811,House No. BD-545,Street 29,Malir,8,5,Commercial,Nayyar Rajper,Huma Mirani,Litigated,Due,Issue Found,Due,
2079,Jamil Akhtar,DEMO-KPT-2079,House No. D-667,Street 3,Malir,9,5,Commercial,Jamil Akhtar,Ramsha Wani,Litigated,Paid,Under Review,Paid,
2100,Mehrunnisa Qureshi,DEMO-KPT-2100,House No. B-727,Street 4,Malir,9,5,Commercial,Mehrunnisa Qureshi,Nida Kharal,Litigated,Due,Clear,Due,
3552,Iqra Tunio,DEMO-KPT-3552,House No. B-367,Street 4,Malir,9,5,Commercial,Iqra Tunio,Tamim Lughmani,Litigated,Due,Issue Found,Paid,
8052,Yusuf Mohmand,DEMO-KPT-8052,House No. DR-358,Street 4,Malir,9,5,Commercial,Yusuf Mohmand,Syeda Zahid,Litigated,Due,Issue Found,Paid,
12878,Tahir Tiwana,DEMO-KPT-12878,House No. DC-720,Street 7,Malir,9,5,Commercial,Tahir Tiwana,Jabbar Mohammadzai,Litigated,Due,Clear,Paid,
2103,Fauzia Raza,DEMO-KPT-2103,House No. R-843,Street 8,Malir,9,5,Commercial,Fauzia Raza,Kabir Aslam,Pending,Paid,Under Review,Due,
11260,Ghulam Randhawa,DEMO-KPT-11260,House No. DB-443,Street 10,Malir,9,5,Commercial,Ghulam Randhawa,Rakhshanda Randhawa,Verified,Paid,Clear,Due,
14438,Mariam Panezai,DEMO-KPT-14438,House No. BRC-477,Street 10,Malir,9,5,Commercial,Mariam Panezai,Samad Bhittani,Verified,Paid,Issue Found,Due,
9586,Shees Warraich,DEMO-KPT-9586,House No. CR-389,Street 12,Malir,9,5,Commercial,Shees Warraich,Ibrahim Palijo,Verified,Paid,Under Review,Due,
12913,Esha Kiani,DEMO-KPT-12913,House No. RC-716,Street 13,Malir,9,5,Commercial,Esha Kiani,Mahad Toor,Litigated,Due,Under Review,Due,
6561,Unaiza Rajput,DEMO-KPT-6561,House No. BR-546,Street 16,Malir,9,5,Commercial,Unaiza Rajput,Abid Mansoor,Verified,Due,Issue Found,Paid,
8084,Ahtisham Haral,DEMO-KPT-8084,House No. DB-373,Street 16,Malir,9,5,Commercial,Ahtisham Haral,Ubaid Khattak,Pending,Paid,Under Review,Paid,
16072,Sadaf Lakhani,DEMO-KPT-16072,House No. DCB-460,Street 17,Malir,9,5,Commercial,Sadaf Lakhani,Irum Bhurgri,Litigated,Paid,Clear,Due,
9574,Sajida Zahid,DEMO-KPT-9574,House No. CC-695,Street 18,Malir,9,5,Commercial,Sajida Zahid,Sana Yasin,Litigated,Paid,Issue Found,Paid,
6588,Iftikhar Zahid,DEMO-KPT-6588,House No. BB-349,Street 19,Malir,9,5,Commercial,Iftikhar Zahid,Haleema Zaman,Verified,Paid,Clear,Paid,
12907,Salma Rabbani,DEMO-KPT-12907,House No. RD-770,Street 19,Malir,9,5,Commercial,Salma Rabbani,Sagheer Virk,Litigated,Paid,Clear,Paid,
16067,Mushtaq Rafique,DEMO-KPT-16067,House No. CBD-347,Street 20,Malir,9,5,Commercial,Mushtaq Rafique,Ihsan Tunio,Verified,Due,Under Review,Due,
5065,Sadaf Kamal,DEMO-KPT-5065,House No. RR-807,Street 24,Malir,9,5,Commercial,Sadaf Kamal,Sheraz Lodhi,Pending,Paid,Issue Found,Paid,
9599,Mansha Niazi,DEMO-KPT-9599,House No. DR-668,Street 25,Malir,9,5,Commercial,Mansha Niazi,Wania Mustafa,Litigated,Due,Issue Found,Paid,
16034,Kashaf Zubairi,DEMO-KPT-16034,House No. RDC-832,Street 25,Malir,9,5,Commercial,Kashaf Zubairi,Sarah Dawood,Litigated,Paid,Clear,Due,
12901,Komal Tunio,DEMO-KPT-12901,House No. RB-300,Street 27,Malir,9,5,Commercial,Komal Tunio,Asad Unar,Pending,Due,Under Review,Paid,
3550,Tabassum Kamboh,DEMO-KPT-3550,House No. R-331,Street 29,Malir,9,5,Commercial,Tabassum Kamboh,Maqsood Hashmi,Pending,Paid,Clear,Due,
11284,Shaheen Joiya,DEMO-KPT-11284,House No. BD-331,Street 30,Malir,9,5,Commercial,Shaheen Joiya,Rahila Kamal,Verified,Paid,Issue Found,Due,
11320,Mariam Yaqoob,DEMO-KPT-11320,House No. BB-334,Street 30,Malir,9,5,Commercial,Mariam Yaqoob,Waqas Bettani,Litigated,Due,Under Review,Paid,
6662,Inaya Rashid,DEMO-KPT-6662,House No. RB-589,Street 2,Malir,10,5,Commercial,Inaya Rashid,Fariha Kamboh,Verified,Due,Clear,Due,
2185,Maaz Unar,DEMO-KPT-2185,House No. D-578,Street 3,Malir,10,5,Commercial,Maaz Unar,Anam Zardari,Litigated,Due,Issue Found,Paid,
6676,Kaneez Ilyas,DEMO-KPT-6676,House No. BR-516,Street 8,Malir,10,5,Commercial,Kaneez Ilyas,Hammad Sandhu,Litigated,Due,Under Review,Paid,
3625,Shahmeer Jaffri,DEMO-KPT-3625,House No. R-833,Street 12,Malir,10,5,Commercial,Shahmeer Jaffri,Ali Ghani,Verified,Paid,Under Review,Due,
11386,Umair Raza,DEMO-KPT-11386,House No. BR-529,Street 12,Malir,10,5,Commercial,Umair Raza,Mehwish Kamboh,Verified,Paid,Under Review,Due,
8187,Aneeqa Mohammadzai,DEMO-KPT-8187,House No. BB-848,Street 15,Malir,10,5,Commercial,Aneeqa Mohammadzai,Tanzeela Ghumman,Pending,Paid,Issue Found,Paid,
11337,Zohaib Hinjra,DEMO-KPT-11337,House No. RC-773,Street 15,Malir,10,5,Commercial,Zohaib Hinjra,Izhar Ghaffar,Pending,Paid,Issue Found,Paid,
12922,Majid Kidwai,DEMO-KPT-12922,House No. BD-555,Street 17,Malir,10,5,Commercial,Majid Kidwai,Hadi Talpur,Litigated,Paid,Clear,Due,
9644,Azka Ghauri,DEMO-KPT-9644,House No. RB-832,Street 23,Malir,10,5,Commercial,Azka Ghauri,Bilquis Warraich,Litigated,Due,Issue Found,Paid,
14515,Erum Farooqi,DEMO-KPT-14515,House No. RBC-447,Street 24,Malir,10,5,Commercial,Erum Farooqi,Mazen Lashari,Pending,Paid,Issue Found,Paid,
14520,Ahad Awan,DEMO-KPT-14520,House No. BRD-859,Street 25,Malir,10,5,Commercial,Ahad Awan,Sufyan Usmani,Pending,Due,Under Review,Paid,
12928,Arsalan Ali,DEMO-KPT-12928,House No. DB-643,Street 26,Malir,10,5,Commercial,Arsalan Ali,Munir Rashid,Verified,Paid,Issue Found,Due,
16078,Uzma Yaqoob,DEMO-KPT-16078,House No. DBC-776,Street 26,Malir,10,5,Commercial,Uzma Yaqoob,Sagheer Naqvi,Verified,Paid,Issue Found,Due,
9675,Sadaqat Jadoon,DEMO-KPT-9675,House No. RD-372,Street 27,Malir,10,5,Commercial,Sadaqat Jadoon,Nabeeha Alvi,Verified,Due,Under Review,Due,
9652,Warda Mustafa,DEMO-KPT-9652,House No. RC-336,Street 28,Malir,10,5,Commercial,Warda Mustafa,Kamal Gabol,Litigated,Paid,Clear,Due,
2151,Fahad Imran,DEMO-KPT-2151,House No. C-872,Street 29,Malir,10,5,Commercial,Fahad Imran,Basit Durrani,Pending,Paid,Under Review,Due,
5229,Danish Mohmand,DEMO-KPT-5229,House No. BD-368,Street 3,Malir,11,5,Commercial,Danish Mohmand,Ali Lughmani,Litigated,Paid,Under Review,Paid,
6775,Arham Bhutto,DEMO-KPT-6775,House No. DB-729,Street 12,Malir,11,5,Commercial,Arham Bhutto,Sharmeen Kalhoro,Verified,Paid,Under Review,Due,
8244,Yumna Gill,DEMO-KPT-8244,House No. DC-846,Street 12,Malir,11,5,Commercial,Yumna Gill,Hina Minhas,Pending,Paid,Under Review,Paid,
14544,Samiya Shafi,DEMO-KPT-14544,House No. BRD-891,Street 12,Malir,11,5,Commercial,Samiya Shafi,Sumaira Mohmand,Pending,Paid,Under Review,Paid,
14576,Fozia Akhtar,DEMO-KPT-14576,House No. CRB-401,Street 12,Malir,11,5,Commercial,Fozia Akhtar,Ehsan Warraich,Litigated,Paid,Under Review,Due,
9711,Irum Bajwa,DEMO-KPT-9711,House No. RC-578,Street 16,Malir,11,5,Commercial,Irum Bajwa,Alizeh Achakzai,Verified,Due,Issue Found,Paid,
16172,Kafeel Soomro,DEMO-KPT-16172,House No. CDR-856,Street 16,Malir,11,5,Commercial,Kafeel Soomro,Hafiz Alvi,Pending,Paid,Under Review,Due,
3734,Fakhar Sial,DEMO-KPT-3734,House No. R-618,Street 18,Malir,11,5,Commercial,Fakhar Sial,Syeda Ghani,Verified,Paid,Under Review,Due,
8234,Zaynab Rana,DEMO-KPT-8234,House No. RC-880,Street 18,Malir,11,5,Commercial,Zaynab Rana,Noor Iqbal,Verified,Paid,Under Review,Due,
9767,Mahir Latif,DEMO-KPT-9767,House No. RR-506,Street 20,Malir,11,5,Commercial,Mahir Latif,Inaya Nasar,Verified,Due,Under Review,Due,
9740,Mukarram Achakzai,DEMO-KPT-9740,House No. RD-489,Street 23,Malir,11,5,Commercial,Mukarram Achakzai,Hanzala Mian,Verified,Due,Clear,Paid,
3720,Shakeel Sardar,DEMO-KPT-3720,House No. D-320,Street 25,Malir,11,5,Commercial,Shakeel Sardar,Eman Rizvi,Pending,Due,Under Review,Paid,
8249,Bilquis Sial,DEMO-KPT-8249,House No. CD-540,Street 25,Malir,11,5,Commercial,Bilquis Sial,Zohra Dar,Litigated,Due,Issue Found,Paid,
2208,Javeria Barakzai,DEMO-KPT-2208,House No. C-598,Street 26,Malir,11,5,Commercial,Javeria Barakzai,Sameer Khosa,Verified,Due,Under Review,Paid,
14602,Daniyal Mazari,DEMO-KPT-14602,House No. RBC-592,Street 28,Malir,11,5,Commercial,Daniyal Mazari,Ihsan Barakzai,Litigated,Paid,Clear,Due,
8284,Qurat Bhittani,DEMO-KPT-8284,House No. DD-323,Street 1,Malir,12,5,Commercial,Qurat Bhittani,Ghazanfar Ranjha,Litigated,Paid,Issue Found,Paid,
5352,Minahil Saleem,DEMO-KPT-5352,House No. BR-441,Street 4,Malir,12,5,Commercial,Minahil Saleem,Aun Gabol,Litigated,Due,Issue Found,Paid,
5331,Zohaib Rana,DEMO-KPT-5331,House No. RB-680,Street 6,Malir,12,5,Commercial,Zohaib Rana,Mansoor Turk,Litigated,Due,Clear,Due,
2311,Lamia Ghaffar,DEMO-KPT-2311,House No. C-693,Street 16,Malir,12,5,Commercial,Lamia Ghaffar,Maryam Yaqoob,Pending,Due,Under Review,Paid,
2342,Hadiqa Jamali,DEMO-KPT-2342,House No. B-316,Street 16,Malir,12,5,Commercial,Hadiqa Jamali,Khushbu Saeed,Verified,Paid,Under Review,Due,
8300,Tahira Zardari,DEMO-KPT-8300,House No. DD-544,Street 18,Malir,12,5,Commercial,Tahira Zardari,Asifa Jadoon,Litigated,Paid,Issue Found,Due,
11557,Mansoor Sadiq,DEMO-KPT-11557,House No. CD-614,Street 19,Malir,12,5,Commercial,Mansoor Sadiq,Rehana Lari,Litigated,Paid,Clear,Paid,
13095,Lamia Mansoor,DEMO-KPT-13095,House No. BC-317,Street 19,Malir,12,5,Commercial,Lamia Mansoor,Zeshan Kiani,Litigated,Paid,Issue Found,Paid,
14620,Majid Akhtar,DEMO-KPT-14620,House No. BDR-355,Street 21,Malir,12,5,Commercial,Majid Akhtar,Shahid Sardar,Pending,Paid,Clear,Due,
8294,Amber Kamal,DEMO-KPT-8294,House No. CD-779,Street 23,Malir,12,5,Commercial,Amber Kamal,Afreen Naqvi,Litigated,Due,Issue Found,Paid,
3792,Murtaza Mengal,DEMO-KPT-3792,House No. B-558,Street 26,Malir,12,5,Commercial,Murtaza Mengal,Asad Bhittani,Litigated,Paid,Clear,Due,
5358,Lubna Bhurgri,DEMO-KPT-5358,House No. DB-507,Street 26,Malir,12,5,Commercial,Lubna Bhurgri,Tahseen Kamal,Verified,Due,Under Review,Paid,
11545,Momina Mir,DEMO-KPT-11545,House No. RD-371,Street 26,Malir,12,5,Commercial,Momina Mir,Numan Kazmi,Litigated,Paid,Issue Found,Due,
3813,Zakir Tanvir,DEMO-KPT-3813,House No. D-843,Street 28,Malir,12,5,Commercial,Zakir Tanvir,Tahir Kiani,Litigated,Paid,Issue Found,Paid,
8313,Zubaid Mian,DEMO-KPT-8313,House No. BC-491,Street 28,Malir,12,5,Commercial,Zubaid Mian,Arslan Akhtar,Litigated,Paid,Issue Found,Paid,
6802,Mubashir Sindhi,DEMO-KPT-6802,House No. DD-719,Street 29,Malir,12,5,Commercial,Mubashir Sindhi,Zafar Jamal,Pending,Paid,Clear,Due,
2284,Nigar Toor,DEMO-KPT-2284,House No. R-313,Street 30,Malir,12,5,Commercial,Nigar Toor,Saba Pirzada,Verified,Paid,Issue Found,Due,
11635,Asra Afridi,DEMO-KPT-11635,House No. CD-331,Street 3,Malir,13,5,Commercial,Asra Afridi,Faisal Javed,Litigated,Due,Issue Found,Paid,
8378,Wahab Marri,DEMO-KPT-8378,House No. BC-846,Street 7,Malir,13,5,Commercial,Wahab Marri,Amna Zafar,Litigated,Due,Clear,Paid,
6932,Ammar Rana,DEMO-KPT-6932,House No. DC-434,Street 12,Malir,13,5,Commercial,Ammar Rana,Hussnain Shafi,Pending,Paid,Clear,Paid,
16344,Haziq Rafique,DEMO-KPT-16344,House No. BCD-845,Street 12,Malir,13,5,Commercial,Haziq Rafique,Kashif Parvez,Pending,Paid,Under Review,Paid,
8413,Abid Awan,DEMO-KPT-8413,House No. DB-683,Street 13,Malir,13,5,Commercial,Abid Awan,Maimoona Peerzada,Litigated,Due,Under Review,Due,
13137,Amal Tanvir,DEMO-KPT-13137,House No. DR-731,Street 15,Malir,13,5,Commercial,Amal Tanvir,Nigar Mahsud,Pending,Paid,Issue Found,Paid,
11684,Imtiaz Khattak,DEMO-KPT-11684,House No. RC-581,Street 16,Malir,13,5,Commercial,Imtiaz Khattak,Mahjabeen Khalid,Pending,Paid,Under Review,Paid,
8390,Nawaz Zahid,DEMO-KPT-8390,House No. DC-625,Street 23,Malir,13,5,Commercial,Nawaz Zahid,Irtaza Farooqi,Verified,Due,Clear,Paid,
3864,Momina Zaman,DEMO-KPT-3864,House No. RD-554,Street 25,Malir,13,5,Commercial,Momina Zaman,Syeda Haral,Pending,Paid,Clear,Due,
13205,Noreen Rana,DEMO-KPT-13205,House No. DR-511,Street 25,Malir,13,5,Commercial,Noreen Rana,Hidayat Cheema,Pending,Due,Clear,Paid,
16320,Zahid Ranjha,DEMO-KPT-16320,House No. RDC-584,Street 25,Malir,13,5,Commercial,Zahid Ranjha,Nasir Lari,Pending,Due,Under Review,Paid,
3895,Alizeh Peerzada,DEMO-KPT-3895,House No. BD-626,Street 26,Malir,13,5,Commercial,Alizeh Peerzada,Qaiser Leghari,Litigated,Paid,Issue Found,Due,
3901,Rooman Mohammadzai,DEMO-KPT-3901,House No. DC-528,Street 27,Malir,13,5,Commercial,Rooman Mohammadzai,Marwa Zardari,Pending,Due,Under Review,Paid,
8401,Maham Bashir,DEMO-KPT-8401,House No. RR-427,Street 27,Malir,13,5,Commercial,Maham Bashir,Kinza Khattak,Pending,Due,Under Review,Paid,
2343,Nashra Hussain,DEMO-KPT-2343,House No. C-819,Street 29,Malir,13,5,Commercial,Nashra Hussain,Noshaba Akhtar,Litigated,Paid,Issue Found,Paid,
2461,Areeba Nawaz,DEMO-KPT-2461,House No. C-763,Street 29,Malir,13,5,Commercial,Areeba Nawaz,Iftikhar Lak,Litigated,Due,Issue Found,Due,
13143,Nighat Marwat,DEMO-KPT-13143,House No. DC-550,Street 29,Malir,13,5,Commercial,Nighat Marwat,Nabeel Zaman,Litigated,Paid,Issue Found,Paid,
14751,Shabana Bajwa,DEMO-KPT-14751,House No. RBC-489,Street 29,Malir,13,5,Commercial,Shabana Bajwa,Aamir Randhawa,Pending,Paid,Under Review,Due,
6996,Ibrahim Memon,DEMO-KPT-6996,House No. CB-573,Street 1,Malir,14,5,Commercial,Ibrahim Memon,Saira Samo,Verified,Paid,Under Review,Due,
2490,Hadi Ansari,DEMO-KPT-2490,House No. B-304,Street 6,Malir,14,5,Commercial,Hadi Ansari,Nigar Zaidi,Pending,Due,Issue Found,Paid,
5504,Maqsood Ghani,DEMO-KPT-5504,House No. RC-507,Street 6,Malir,14,5,Commercial,Maqsood Ghani,Kaneez Sial,Litigated,Due,Issue Found,Paid,
3976,Shaista Khan,DEMO-KPT-3976,House No. BR-828,Street 8,Malir,14,5,Commercial,Shaista Khan,Siddique Bilgrami,Litigated,Due,Under Review,Paid,
8483,Batool Qadir,DEMO-KPT-8483,House No. DB-462,Street 10,Malir,14,5,Commercial,Batool Qadir,Nimra Ahmed,Verified,Paid,Under Review,Paid,
16405,Mahad Butt,DEMO-KPT-16405,House No. DCB-636,Street 11,Malir,14,5,Commercial,Mahad Butt,Nabila Shaikh,Verified,Due,Under Review,Paid,
5536,Tayyab Marwat,DEMO-KPT-5536,House No. DB-776,Street 12,Malir,14,5,Commercial,Tayyab Marwat,Alina Anwar,Verified,Paid,Under Review,Due,
13226,Inshal Mahar,DEMO-KPT-13226,House No. RR-598,Street 12,Malir,14,5,Commercial,Inshal Mahar,Usman Kiani,Litigated,Paid,Under Review,Due,
9961,Waleed Rafique,DEMO-KPT-9961,House No. DC-575,Street 16,Malir,14,5,Commercial,Waleed Rafique,Fawad Palijo,Pending,Due,Under Review,Paid,
2538,Kanwal Khalid,DEMO-KPT-2538,House No. C-802,Street 19,Malir,14,5,Commercial,Kanwal Khalid,Qurat Riaz,Verified,Paid,Clear,Paid,
3917,Ubaid Soomro,DEMO-KPT-3917,House No. BR-615,Street 20,Malir,14,5,Commercial,Ubaid Soomro,Rehman Zubair,Verified,Due,Under Review,Due,
11699,Zain Tanoli,DEMO-KPT-11699,House No. RD-474,Street 22,Malir,14,5,Commercial,Zain Tanoli,Sahrish Tunio,Verified,Paid,Under Review,Due,
11774,Rashida Shinwari,DEMO-KPT-11774,House No. DB-705,Street 23,Malir,14,5,Commercial,Rashida Shinwari,Shamim Javed,Verified,Due,Issue Found,Due,
10020,Sonia Sindhi,DEMO-KPT-10020,House No. RC-886,Street 25,Malir,14,5,Commercial,Sonia Sindhi,Haider Ahmed,Pending,Due,Under Review,Paid,
6975,Nageen Usmani,DEMO-KPT-6975,House No. CD-722,Street 27,Malir,14,5,Commercial,Nageen Usmani,Noshaba Malik,Verified,Due,Under Review,Due,
14800,Murtaza Zahid,DEMO-KPT-14800,House No. CDR-373,Street 29,Malir,14,5,Commercial,Murtaza Zahid,Samina Jogezai,Pending,Paid,Clear,Due,
11734,Feryal Abro,DEMO-KPT-11734,House No. DD-729,Street 30,Malir,14,5,Commercial,Feryal Abro,Zeeshan Bhurgri,Verified,Paid,Issue Found,Due,
13304,Zunair Mughal,DEMO-KPT-13304,House No. CD-762,Street 1,Malir,15,5,Commercial,Zunair Mughal,Kafeel Chattha,Litigated,Due,Under Review,Paid,
4077,Moeen Jafri,DEMO-KPT-4077,House No. RD-647,Street 2,Malir,15,5,Commercial,Moeen Jafri,Yasmeen Lakhani,Pending,Due,Under Review,Paid,
8577,Adil Mirani,DEMO-KPT-8577,House No. CB-411,Street 2,Malir,15,5,Commercial,Adil Mirani,Asra Ranjha,Pending,Due,Under Review,Paid,
5538,Tooba Peerzada,DEMO-KPT-5538,House No. DB-664,Street 3,Malir,15,5,Commercial,Tooba Peerzada,Sohail Majeed,Pending,Paid,Under Review,Paid,
4002,Sahrish Sindhi,DEMO-KPT-4002,House No. CC-328,Street 4,Malir,15,5,Commercial,Sahrish Sindhi,Faisal Khuhro,Litigated,Due,Issue Found,Paid,
13289,Lina Javed,DEMO-KPT-13289,House No. BD-680,Street 5,Malir,15,5,Commercial,Lina Javed,Mahjabeen Sheikh,Verified,Paid,Clear,Paid,
10127,Nawaz Korai,DEMO-KPT-10127,House No. RC-514,Street 7,Malir,15,5,Commercial,Nawaz Korai,Sarmad Javed,Pending,Due,Issue Found,Paid,
13328,Sadia Bhutto,DEMO-KPT-13328,House No. BD-877,Street 7,Malir,15,5,Commercial,Sadia Bhutto,Minahil Memon,Litigated,Due,Clear,Paid,
16503,Khansa Minhas,DEMO-KPT-16503,House No. CDB-808,Street 8,Malir,15,5,Commercial,Khansa Minhas,Fareeha Dar,Pending,Paid,Under Review,Due,
14860,Farwa Kidwai,DEMO-KPT-14860,House No. BRD-683,Street 10,Malir,15,5,Commercial,Farwa Kidwai,Minhaj Achakzai,Verified,Paid,Clear,Due,
14888,Samad Tarar,DEMO-KPT-14888,House No. DBR-578,Street 10,Malir,15,5,Commercial,Samad Tarar,Kafeel Sandhu,Verified,Paid,Issue Found,Due,
11852,Anas Sindhi,DEMO-KPT-11852,House No. DB-715,Street 12,Malir,15,5,Commercial,Anas Sindhi,Ismail Achakzai,Litigated,Paid,Under Review,Paid,
13374,Wania Tariq,DEMO-KPT-13374,House No. DR-569,Street 15,Malir,15,5,Commercial,Wania Tariq,Ambreen Qadri,Pending,Due,Under Review,Due,
14834,Waseem Orakzai,DEMO-KPT-14834,House No. DBR-663,Street 16,Malir,15,5,Commercial,Waseem Orakzai,Hafiz Tariq,Pending,Paid,Under Review,Paid,
2572,Sadia Rizvi,DEMO-KPT-2572,House No. B-502,Street 17,Malir,15,5,Commercial,Sadia Rizvi,Zarmeen Zaidi,Litigated,Paid,Clear,Due,
2557,Humaira Imran,DEMO-KPT-2557,House No. B-761,Street 19,Malir,15,5,Commercial,Humaira Imran,Nadir Rashid,Litigated,Paid,Clear,Paid,
7057,Aisha Saleem,DEMO-KPT-7057,House No. BC-581,Street 19,Malir,15,5,Commercial,Aisha Saleem,Sheeba Baloch,Litigated,Paid,Clear,Paid,
2567,Hafiz Hanif,DEMO-KPT-2567,House No. B-431,Street 20,Malir,15,5,Commercial,Hafiz Hanif,Ayub Bhurgri,Verified,Due,Under Review,Due,
5546,Atif Pasha,DEMO-KPT-5546,House No. RD-874,Street 23,Malir,15,5,Commercial,Atif Pasha,Urwa Rind,Litigated,Paid,Under Review,Due,
7040,Tanzeela Javed,DEMO-KPT-7040,House No. BR-612,Street 23,Malir,15,5,Commercial,Tanzeela Javed,Sikandar Peerzada,Verified,Due,Clear,Paid,
5549,Yaqoob Chaudhry,DEMO-KPT-5549,House No. DB-582,Street 25,Malir,15,5,Commercial,Yaqoob Chaudhry,Asifa Khuhro,Litigated,Due,Issue Found,Paid,
7014,Affan Magsi,DEMO-KPT-7014,House No. DB-537,Street 25,Malir,15,5,Commercial,Affan Magsi,Zaheer Ghumman,Pending,Paid,Clear,Due,
13345,Esha Naqvi,DEMO-KPT-13345,House No. DC-391,Street 26,Malir,15,5,Commercial,Esha Naqvi,Noaman Wani,Litigated,Paid,Issue Found,Due,
7051,Maira Sandhu,DEMO-KPT-7051,House No. DC-603,Street 27,Malir,15,5,Commercial,Maira Sandhu,Sikandar Mughal,Pending,Due,Under Review,Paid,
16501,Zainab Tanoli,DEMO-KPT-16501,House No. DCR-496,Street 27,Malir,15,5,Commercial,Zainab Tanoli,Zubia Mirza,Pending,Due,Under Review,Paid,
10146,Babar Tariq,DEMO-KPT-10146,House No. RB-668,Street 1,Malir,16,5,Commercial,Babar Tariq,Basit Dreshak,Verified,Paid,Under Review,Due,
7112,Nageen Ali,DEMO-KPT-7112,House No. CC-787,Street 2,Malir,16,5,Commercial,Nageen Ali,Ilyas Mahesar,Verified,Due,Clear,Due,
11898,Isha Marri,DEMO-KPT-11898,House No. BR-398,Street 3,Malir,16,5,Commercial,Isha Marri,Sultan Qadir,Pending,Due,Clear,Paid,
13435,Mahir Warsi,DEMO-KPT-13435,House No. RBC-741,Street 3,Malir,16,5,Commercial,Mahir Warsi,Bareera Unar,Litigated,Due,Issue Found,Paid,
14988,Arbaz Zaidi,DEMO-KPT-14988,House No. CRD-365,Street 3,Malir,16,5,Commercial,Arbaz Zaidi,Arisha Noor,Pending,Paid,Under Review,Paid,
7152,Farah Panezai,DEMO-KPT-7152,House No. BR-460,Street 4,Malir,16,5,Commercial,Farah Panezai,Mudassar Zahid,Litigated,Due,Issue Found,Paid,
7145,Shahida Bhatti,DEMO-KPT-7145,House No. DC-677,Street 10,Malir,16,5,Commercial,Shahida Bhatti,Mehwish Lakhani,Litigated,Paid,Clear,Paid,
13510,Babar Pirzada,DEMO-KPT-13510,House No. DRB-729,Street 10,Malir,16,5,Commercial,Babar Pirzada,Mehak Abro,Verified,Paid,Clear,Due,
11905,Abeera Yazdani,DEMO-KPT-11905,House No. CR-427,Street 11,Malir,16,5,Commercial,Abeera Yazdani,Arisha Rizvi,Verified,Due,Under Review,Paid,
11882,Atiya Minhas,DEMO-KPT-11882,House No. RR-768,Street 12,Malir,16,5,Commercial,Atiya Minhas,Inaya Wazir,Pending,Paid,Clear,Paid,
8637,Samra Nasar,DEMO-KPT-8637,House No. DR-847,Street 15,Malir,16,5,Commercial,Samra Nasar,Sabir Shafi,Pending,Paid,Issue Found,Paid,
8611,Afzal Cheena,DEMO-KPT-8611,House No. RR-677,Street 16,Malir,16,5,Commercial,Afzal Cheena,Moeen Usmani,Pending,Due,Under Review,Paid,
14911,Zamzam Dar,DEMO-KPT-14911,House No. BDC-671,Street 16,Malir,16,5,Commercial,Zamzam Dar,Aneeqa Mian,Pending,Due,Under Review,Paid,
2665,Khizar Mian,DEMO-KPT-2665,House No. C-655,Street 17,Malir,16,5,Commercial,Khizar Mian,Kamran Samo,Verified,Due,Under Review,Due,
5600,Yahya Kharal,DEMO-KPT-5600,House No. CD-832,Street 18,Malir,16,5,Commercial,Yahya Kharal,Nasrullah Mirani,Litigated,Paid,Issue Found,Due,
14974,Zuha Kazmi,DEMO-KPT-14974,House No. RCB-397,Street 18,Malir,16,5,Commercial,Zuha Kazmi,Asim Turk,Litigated,Paid,Issue Found,Paid,
16517,Burhan Rehman,DEMO-KPT-16517,House No. DRC-426,Street 20,Malir,16,5,Commercial,Burhan Rehman,Naureen Ijaz,Verified,Due,Under Review,Due,
4097,Naseer Zubair,DEMO-KPT-4097,House No. RC-658,Street 21,Malir,16,5,Commercial,Naseer Zubair,Jamil Yazdani,Verified,Paid,Under Review,Due,
8624,Amara Rashid,DEMO-KPT-8624,House No. BR-678,Street 23,Malir,16,5,Commercial,Amara Rashid,Amara Sipra,Verified,Due,Issue Found,Due,
11894,Mohsin Kasi,DEMO-KPT-11894,House No. CR-745,Street 23,Malir,16,5,Commercial,Mohsin Kasi,Zameer Waheed,Litigated,Due,Issue Found,Paid,
14965,Mahnoor Rana,DEMO-KPT-14965,House No. CBR-505,Street 24,Malir,16,5,Commercial,Mahnoor Rana,Unaiza Hashmi,Pending,Paid,Issue Found,Paid,
2601,Younas Rashid,DEMO-KPT-2601,House No. B-769,Street 29,Malir,16,5,Commercial,Younas Rashid,Madiha Iqbal,Pending,Paid,Under Review,Due,
4143,Aashir Bilgrami,DEMO-KPT-4143,House No. CD-821,Street 29,Malir,16,5,Commercial,Aashir Bilgrami,Jabbar Niazi,Litigated,Paid,Issue Found,Paid,
16551,Sameen Chandio,DEMO-KPT-16551,House No. RDB-524,Street 29,Malir,16,5,Commercial,Sameen Chandio,Abdullah Shafi,Pending,Paid,Under Review,Due,
11946,Younas Anwar,DEMO-KPT-11946,House No. BB-628,Street 1,Malir,17,5,Commercial,Younas Anwar,Sharjeel Sahito,Verified,Paid,Under Review,Due,
4188,Zulekha Malik,DEMO-KPT-4188,House No. BD-445,Street 3,Malir,17,5,Commercial,Zulekha Malik,Sabika Wattoo,Pending,Paid,Under Review,Paid,
8688,Abdullah Korai,DEMO-KPT-8688,House No. DC-510,Street 3,Malir,17,5,Commercial,Abdullah Korai,Rimsha Lari,Pending,Paid,Under Review,Paid,
10200,Hadi Saleem,DEMO-KPT-10200,House No. CR-618,Street 4,Malir,17,5,Commercial,Hadi Saleem,Umair Tanvir,Litigated,Due,Clear,Due,
16581,Sahrish Lashari,DEMO-KPT-16581,House No. DBC-546,Street 6,Malir,17,5,Commercial,Sahrish Lashari,Ifrah Samo,Litigated,Due,Clear,Due,
4202,Farrukh Mengal,DEMO-KPT-4202,House No. RR-428,Street 12,Malir,17,5,Commercial,Farrukh Mengal,Yusuf Jadoon,Litigated,Paid,Under Review,Paid,
8702,Nuzhat Panezai,DEMO-KPT-8702,House No. DD-642,Street 12,Malir,17,5,Commercial,Nuzhat Panezai,Riaz Niazi,Litigated,Paid,Under Review,Paid,
13525,Marwa Mahesar,DEMO-KPT-13525,House No. DRC-347,Street 12,Malir,17,5,Commercial,Marwa Mahesar,Mansha Dahri,Verified,Paid,Under Review,Due,
15002,Waqar Gabol,DEMO-KPT-15002,House No. DRB-676,Street 12,Malir,17,5,Commercial,Waqar Gabol,Salma Kharal,Litigated,Paid,Under Review,Paid,
11961,Bashir Sahito,DEMO-KPT-11961,House No. BB-828,Street 16,Malir,17,5,Commercial,Bashir Sahito,Tauseef Dawood,Verified,Due,Issue Found,Paid,
5717,Alam Tahir,DEMO-KPT-5717,House No. CB-544,Street 20,Malir,17,5,Commercial,Alam Tahir,Sahar Unar,Verified,Due,Under Review,Due,
7199,Tariq Bhat,DEMO-KPT-7199,House No. DC-459,Street 22,Malir,17,5,Commercial,Tariq Bhat,Javeria Alvi,Verified,Paid,Under Review,Due,
8696,Kabeer Daudzai,DEMO-KPT-8696,House No. CD-532,Street 23,Malir,17,5,Commercial,Kabeer Daudzai,Sahrish Bajwa,Litigated,Paid,Under Review,Due,
13528,Ehsan Tanoli,DEMO-KPT-13528,House No. BRD-778,Street 23,Malir,17,5,Commercial,Ehsan Tanoli,Bakhtawar Zaidi,Verified,Paid,Clear,Paid,
8699,Nasreen Bukhari,DEMO-KPT-8699,House No. RD-488,Street 25,Malir,17,5,Commercial,Nasreen Bukhari,Momina Malik,Litigated,Due,Issue Found,Paid,
2718,Sadiq Nadeem,DEMO-KPT-2718,House No. C-386,Street 26,Malir,17,5,Commercial,Sadiq Nadeem,Zoya Leghari,Verified,Paid,Under Review,Paid,
10228,Hafeez Zaidi,DEMO-KPT-10228,House No. RD-843,Street 26,Malir,17,5,Commercial,Hafeez Zaidi,Amara Shafi,Verified,Paid,Issue Found,Due,
10201,Shaista Dawood,DEMO-KPT-10201,House No. RD-599,Street 27,Malir,17,5,Commercial,Shaista Dawood,Ali Shakir,Pending,Due,Under Review,Paid,
4296,Esha Tahir,DEMO-KPT-4296,House No. CR-539,Street 1,Malir,18,5,Commercial,Esha Tahir,Bareera Khattak,Verified,Paid,Under Review,Due,
8804,Haseeb Umer,DEMO-KPT-8804,House No. RC-591,Street 1,Malir,18,5,Commercial,Haseeb Umer,Saif Kakar,Litigated,Due,Under Review,Paid,
5877,Idrees Bhurgri,DEMO-KPT-5877,House No. CC-331,Street 2,Malir,18,5,Commercial,Idrees Bhurgri,Javed Durrani,Pending,Due,Under Review,Paid,
7227,Jalal Kayani,DEMO-KPT-7227,House No. RC-539,Street 2,Malir,18,5,Commercial,Jalal Kayani,Jamila Mir,Pending,Due,Under Review,Paid,
5746,Yawar Bangash,DEMO-KPT-5746,House No. DD-676,Street 5,Malir,18,5,Commercial,Yawar Bangash,Afreen Parvez,Pending,Due,Under Review,Due,
16737,Pervaiz Bhutto,DEMO-KPT-16737,House No. RBD-416,Street 15,Malir,18,5,Commercial,Pervaiz Bhutto,Fauzia Lone,Pending,Paid,Issue Found,Paid,
4311,Mirha Tareen,DEMO-KPT-4311,House No. DR-764,Street 16,Malir,18,5,Commercial,Mirha Tareen,Irum Mari,Verified,Due,Issue Found,Paid,
13592,Rahim Swati,DEMO-KPT-13592,House No. CBR-789,Street 16,Malir,18,5,Commercial,Rahim Swati,Zakir Hashmi,Verified,Paid,Under Review,Due,
12017,Safa Gilani,DEMO-KPT-12017,House No. RC-825,Street 20,Malir,18,5,Commercial,Safa Gilani,Mahwish Dayo,Verified,Due,Under Review,Due,
10378,Mahmood Shakir,DEMO-KPT-10378,House No. DB-545,Street 23,Malir,18,5,Commercial,Mahmood Shakir,Khansa Butt,Verified,Paid,Clear,Paid,
13574,Muneeb Ansari,DEMO-KPT-13574,House No. BCR-858,Street 23,Malir,18,5,Commercial,Muneeb Ansari,Nabila Mazari,Verified,Due,Issue Found,Due,
16724,Asifa Siddiqui,DEMO-KPT-16724,House No. CDR-626,Street 23,Malir,18,5,Commercial,Asifa Siddiqui,Ali Sindhi,Verified,Due,Issue Found,Due,
8817,Sumbal Yazdani,DEMO-KPT-8817,House No. BD-828,Street 24,Malir,18,5,Commercial,Sumbal Yazdani,Sanam Randhawa,Litigated,Due,Issue Found,Paid,
11964,Bisma Khalid,DEMO-KPT-11964,House No. DD-877,Street 25,Malir,18,5,Commercial,Bisma Khalid,Zuha Bugti,Pending,Paid,Clear,Due,
5740,Qadir Leghari,DEMO-KPT-5740,House No. CR-513,Street 26,Malir,18,5,Commercial,Qadir Leghari,Daniyal Tiwana,Verified,Paid,Under Review,Due,
10368,Azeem Ghauri,DEMO-KPT-10368,House No. BC-461,Street 26,Malir,18,5,Commercial,Azeem Ghauri,Luqmaan Ansari,Verified,Paid,Under Review,Paid,
4263,Shaheen Mughal,DEMO-KPT-4263,House No. RB-356,Street 28,Malir,18,5,Commercial,Shaheen Mughal,Tayyab Chandio,Litigated,Paid,Issue Found,Paid,
8763,Kaif Mustafa,DEMO-KPT-8763,House No. BC-610,Street 28,Malir,18,5,Commercial,Kaif Mustafa,Shehzad Ahmed,Litigated,Paid,Issue Found,Paid,
15063,Tahseen Haral,DEMO-KPT-15063,House No. BCR-573,Street 28,Malir,18,5,Commercial,Tahseen Haral,Faizan Rashid,Litigated,Paid,Issue Found,Paid,
13593,Qayyum Mian,DEMO-KPT-13593,House No. BRC-367,Street 29,Malir,18,5,Commercial,Qayyum Mian,Nargis Cheema,Litigated,Paid,Issue Found,Paid,
13684,Khalid Randhawa,DEMO-KPT-13684,House No. BDC-858,Street 1,Malir,19,5,Commercial,Khalid Randhawa,Sundas Ilyas,Litigated,Paid,Issue Found,Paid,
10488,Younas Sindhi,DEMO-KPT-10488,House No. BC-487,Street 3,Malir,19,5,Commercial,Younas Sindhi,Sajida Ghauri,Pending,Paid,Under Review,Paid,
12102,Yousaf Zaman,DEMO-KPT-12102,House No. DD-404,Street 4,Malir,19,5,Commercial,Yousaf Zaman,Aqsa Baloch,Litigated,Due,Issue Found,Paid,
4396,Mudassar Samo,DEMO-KPT-4396,House No. RC-518,Street 5,Malir,19,5,Commercial,Mudassar Samo,Marium Baig,Pending,Due,Under Review,Due,
5954,Husna Lughmani,DEMO-KPT-5954,House No. RB-572,Street 6,Malir,19,5,Commercial,Husna Lughmani,Raheel Sabri,Litigated,Due,Issue Found,Paid,
12081,Sharmeen Naqvi,DEMO-KPT-12081,House No. BC-413,Street 6,Malir,19,5,Commercial,Sharmeen Naqvi,Bilawal Lughmani,Litigated,Due,Clear,Due,
15090,Sidrah Rana,DEMO-KPT-15090,House No. CDR-427,Street 6,Malir,19,5,Commercial,Sidrah Rana,Nighat Rizvi,Pending,Due,Issue Found,Paid,
4328,Mahnaz Baig,DEMO-KPT-4328,House No. BC-870,Street 7,Malir,19,5,Commercial,Mahnaz Baig,Bilquis Kayani,Litigated,Due,Clear,Paid,
8853,Mehak Jogezai,DEMO-KPT-8853,House No. RB-345,Street 8,Malir,19,5,Commercial,Mehak Jogezai,Ihsan Tiwana,Pending,Paid,Under Review,Due,
7287,Omer Palijo,DEMO-KPT-7287,House No. CC-365,Street 15,Malir,19,5,Commercial,Omer Palijo,Ibrahim Virk,Pending,Paid,Issue Found,Paid,
12122,Shahzad Waheed,DEMO-KPT-12122,House No. RR-348,Street 16,Malir,19,5,Commercial,Shahzad Waheed,Unaiza Zubair,Pending,Paid,Under Review,Due,
4338,Shama Iqbal,DEMO-KPT-4338,House No. RR-783,Street 19,Malir,19,5,Commercial,Shama Iqbal,Raheel Haral,Verified,Paid,Clear,Paid,
12146,Zubia Baloch,DEMO-KPT-12146,House No. CR-592,Street 19,Malir,19,5,Commercial,Zubia Baloch,Sajjad Mazari,Litigated,Paid,Clear,Paid,
12149,Misbah Khalid,DEMO-KPT-12149,House No. DD-431,Street 22,Malir,19,5,Commercial,Misbah Khalid,Samiya Zardari,Verified,Paid,Under Review,Due,
13694,Maqsood Mian,DEMO-KPT-13694,House No. BDC-676,Street 23,Malir,19,5,Commercial,Maqsood Mian,Sibtain Dar,Litigated,Due,Issue Found,Paid,
15140,Akif Mazari,DEMO-KPT-15140,House No. RCD-658,Street 23,Malir,19,5,Commercial,Akif Mazari,Tayyeb Mengal,Verified,Due,Clear,Paid,
16844,Saif Rind,DEMO-KPT-16844,House No. DBC-322,Street 23,Malir,19,5,Commercial,Saif Rind,Fauzia Jogezai,Litigated,Due,Issue Found,Paid,
7320,Kaneez Dawood,DEMO-KPT-7320,House No. BC-864,Street 25,Malir,19,5,Commercial,Kaneez Dawood,Amber Magsi,Pending,Due,Under Review,Paid,
4383,Aneesa Javed,DEMO-KPT-4383,House No. DC-838,Street 26,Malir,19,5,Commercial,Aneesa Javed,Sajida Ghazali,Litigated,Paid,Under Review,Due,
13692,Sahil Saleem,DEMO-KPT-13692,House No. BCD-351,Street 26,Malir,19,5,Commercial,Sahil Saleem,Laiba Korai,Litigated,Paid,Clear,Due,
16861,Irum Yasin,DEMO-KPT-16861,House No. CBD-373,Street 29,Malir,19,5,Commercial,Irum Yasin,Tayyaba Mahar,Litigated,Due,Issue Found,Due,
5884,Rakhshanda Kamal,DEMO-KPT-5884,House No. RD-387,Street 30,Malir,19,5,Commercial,Rakhshanda Kamal,Obaid Kalhoro,Verified,Paid,Issue Found,Due,
10534,Saleha Ijaz,DEMO-KPT-10534,House No. RB-327,Street 1,Malir,20,5,Commercial,Saleha Ijaz,Zarmeen Junejo,Litigated,Paid,Issue Found,Paid,
13746,Lubna Cheena,DEMO-KPT-13746,House No. CBD-612,Street 1,Malir,20,5,Commercial,Lubna Cheena,Munir Rajper,Verified,Paid,Under Review,Due,
13754,Hadiqa Mughal,DEMO-KPT-13754,House No. CRD-623,Street 1,Malir,20,5,Commercial,Hadiqa Mughal,Riaz Awan,Litigated,Due,Under Review,Paid,
16929,Faiza Dogar,DEMO-KPT-16929,House No. DBC-554,Street 3,Malir,20,5,Commercial,Faiza Dogar,Zohaib Baloch,Litigated,Paid,Under Review,Paid,
15150,Rohail Mirza,DEMO-KPT-15150,House No. CRD-471,Street 4,Malir,20,5,Commercial,Rohail Mirza,Isha Wazir,Litigated,Due,Clear,Due,
13739,Nayab Panezai,DEMO-KPT-13739,House No. CBD-649,Street 5,Malir,20,5,Commercial,Nayab Panezai,Nafisa Shah,Verified,Paid,Clear,Paid,
13740,Salma Farooqi,DEMO-KPT-13740,House No. BDR-696,Street 6,Malir,20,5,Commercial,Salma Farooqi,Naila Nadeem,Pending,Due,Issue Found,Paid,
7427,Rameez Sohu,DEMO-KPT-7427,House No. CC-742,Street 7,Malir,20,5,Commercial,Rameez Sohu,Sufyan Kalhoro,Pending,Due,Issue Found,Paid,
4426,Pervaiz Chaudhry,DEMO-KPT-4426,House No. RD-660,Street 8,Malir,20,5,Commercial,Pervaiz Chaudhry,Zehra Tanoli,Litigated,Due,Under Review,Paid,
4445,Zunair Marwat,DEMO-KPT-4445,House No. CB-647,Street 10,Malir,20,5,Commercial,Zunair Marwat,Imran Sheikh,Litigated,Paid,Clear,Paid,
12188,Momina Hameed,DEMO-KPT-12188,House No. BB-787,Street 10,Malir,20,5,Commercial,Momina Hameed,Zohair Bilgrami,Verified,Paid,Issue Found,Due,
15233,Hina Majeed,DEMO-KPT-15233,House No. BRC-774,Street 10,Malir,20,5,Commercial,Hina Majeed,Shaheer Lak,Verified,Paid,Under Review,Paid,
2905,Mahad Jogezai,DEMO-KPT-2905,House No. R-535,Street 11,Malir,20,5,Commercial,Mahad Jogezai,Shahid Mir,Verified,Due,Under Review,Paid,
2882,Mohib Mahar,DEMO-KPT-2882,House No. R-582,Street 12,Malir,20,5,Commercial,Mohib Mahar,Nargis Wattoo,Pending,Paid,Clear,Paid,
5986,Khurram Gilani,DEMO-KPT-5986,House No. CC-772,Street 12,Malir,20,5,Commercial,Khurram Gilani,Inaya Kazmi,Verified,Paid,Under Review,Due,
12175,Qadir Butt,DEMO-KPT-12175,House No. DD-779,Street 12,Malir,20,5,Commercial,Qadir Butt,Minahil Awan,Verified,Paid,Under Review,Due,
7461,Sidrah Dahri,DEMO-KPT-7461,House No. DC-313,Street 16,Malir,20,5,Commercial,Sidrah Dahri,Hussain Latif,Verified,Due,Issue Found,Paid,
15157,Adeel Bijarani,DEMO-KPT-15157,House No. DBR-677,Street 19,Malir,20,5,Commercial,Adeel Bijarani,Maqsood Orakzai,Litigated,Paid,Clear,Paid,
5965,Nabeel Yousaf,DEMO-KPT-5965,House No. RC-817,Street 24,Malir,20,5,Commercial,Nabeel Yousaf,Inayat Marri,Pending,Paid,Issue Found,Paid,
13713,Shahab Zahid,DEMO-KPT-13713,House No. DRC-894,Street 28,Malir,20,5,Commercial,Shahab Zahid,Hammad Afridi,Litigated,Paid,Issue Found,Paid,
12184,Sadiq Barakzai,DEMO-KPT-12184,House No. DC-456,Street 30,Malir,20,5,Commercial,Sadiq Barakzai,Ayla Wattoo,Verified,Paid,Issue Found,Due,
8340,Anum Lari,DEMO-KPT-8340,House No. BD-614,Street 6,Model Town,1,5,Commercial,Anum Lari,Asra Haral,Pending,Due,Issue Found,Paid,
11528,Fozia Yaqoob,DEMO-KPT-11528,House No. BD-861,Street 7,Model Town,1,5,Commercial,Fozia Yaqoob,Zamzam Rehman,Litigated,Due,Clear,Paid,
8403,Muzammil Chandio,DEMO-KPT-8403,House No. CB-778,Street 8,Model Town,1,5,Commercial,Muzammil Chandio,Saleem Yazdani,Pending,Paid,Under Review,Due,
1494,Sibtain Gakhar,DEMO-KPT-1494,House No. R-696,Street 12,Model Town,1,5,Commercial,Sibtain Gakhar,Sabahat Usmani,Pending,Paid,Under Review,Paid,
1502,Amal Lari,DEMO-KPT-1502,House No. B-790,Street 12,Model Town,1,5,Commercial,Amal Lari,Shagufta Lone,Litigated,Paid,Under Review,Paid,
8422,Javeria Khan,DEMO-KPT-8422,House No. RD-306,Street 17,Model Town,1,5,Commercial,Javeria Khan,Azka Zubairi,Litigated,Paid,Clear,Due,
5150,Moeen Imran,DEMO-KPT-5150,House No. BB-564,Street 18,Model Town,1,5,Commercial,Moeen Imran,Noreen Dahri,Litigated,Paid,Issue Found,Due,
5170,Jamil Bhurgri,DEMO-KPT-5170,House No. CD-498,Street 21,Model Town,1,5,Commercial,Jamil Bhurgri,Sundas Afridi,Pending,Paid,Clear,Due,
1015,Waleed Butt,DEMO-KPT-1015,House No. A-491,Street 24,Model Town,1,5,Commercial,Waleed Butt,Adnan Qureshi,Pending,Paid,Issue Found,Paid,
1049,Ahsan Siddiqui,DEMO-KPT-1049,House No. A-834,Street 25,Model Town,1,5,Commercial,Ahsan Siddiqui,Mahnoor Mirza,Litigated,Due,Issue Found,Paid,
8364,Shumaila Naqvi,DEMO-KPT-8364,House No. CD-547,Street 25,Model Town,1,5,Commercial,Shumaila Naqvi,Nawal Tiwana,Pending,Paid,Clear,Due,
5175,Zehra Khan,DEMO-KPT-5175,House No. RB-457,Street 27,Model Town,1,5,Commercial,Zehra Khan,Yahya Yazdani,Verified,Due,Under Review,Due,
11475,Iffat Hoti,DEMO-KPT-11475,House No. CD-734,Street 27,Model Town,1,5,Commercial,Iffat Hoti,Kainat Ghazali,Verified,Due,Under Review,Due,
11551,Taimur Sabri,DEMO-KPT-11551,House No. DR-653,Street 27,Model Town,1,5,Commercial,Taimur Sabri,Husna Umer,Pending,Due,Under Review,Paid,
1563,Aleena Tunio,DEMO-KPT-1563,House No. C-794,Street 28,Model Town,1,5,Commercial,Aleena Tunio,Nosheen Jamali,Litigated,Paid,Issue Found,Paid,
1084,Muhammad Khan,DEMO-KPT-1084,House No. A-200,Street 1,Model Town,2,5,Commercial,Muhammad Khan,Saad Iqbal,Litigated,Paid,Issue Found,Paid,
1146,Muhammad Aslam,DEMO-KPT-1146,House No. A-627,Street 1,Model Town,2,5,Commercial,Muhammad Aslam,Sadia Naeem,Verified,Paid,Under Review,Due,
15104,Rohail Laghari,DEMO-KPT-15104,House No. BRD-786,Street 1,Model Town,2,5,Commercial,Rohail Laghari,Nafisa Mirani,Litigated,Due,Under Review,Paid,
5189,Dilshad Randhawa,DEMO-KPT-5189,House No. DB-546,Street 5,Model Town,2,5,Commercial,Dilshad Randhawa,Mansoor Mir,Verified,Paid,Clear,Paid,
5190,Aslam Dreshak,DEMO-KPT-5190,House No. DD-894,Street 6,Model Town,2,5,Commercial,Aslam Dreshak,Kamal Dar,Pending,Due,Issue Found,Paid,
8588,Sarmad Yaqoob,DEMO-KPT-8588,House No. BB-823,Street 10,Model Town,2,5,Commercial,Sarmad Yaqoob,Parveen Sheikh,Verified,Paid,Issue Found,Due,
5238,Ayeza Rajput,DEMO-KPT-5238,House No. BB-545,Street 19,Model Town,2,5,Commercial,Ayeza Rajput,Fareeha Tariq,Verified,Paid,Clear,Paid,
8578,Mansha Minhas,DEMO-KPT-8578,House No. BR-300,Street 23,Model Town,2,5,Commercial,Mansha Minhas,Khalid Rana,Verified,Paid,Clear,Paid,
11650,Nawaz Alvi,DEMO-KPT-11650,House No. BB-649,Street 29,Model Town,2,5,Commercial,Nawaz Alvi,Shahzad Achakzai,Pending,Paid,Clear,Due,
15235,Arslan Baloch,DEMO-KPT-15235,House No. CBR-352,Street 3,Model Town,3,5,Commercial,Arslan Baloch,Sadiq Mengal,Litigated,Due,Issue Found,Paid,
11927,Sabrina Sandhu,DEMO-KPT-11927,House No. RC-457,Street 7,Model Town,3,5,Commercial,Sabrina Sandhu,Yasir Jadoon,Pending,Due,Issue Found,Paid,
11988,Ihtisham Kiani,DEMO-KPT-11988,House No. DC-658,Street 19,Model Town,3,5,Commercial,Ihtisham Kiani,Anum Sadiq,Verified,Paid,Clear,Paid,
5447,Hamid Ghumman,DEMO-KPT-5447,House No. DB-615,Street 21,Model Town,3,5,Commercial,Hamid Ghumman,Jamshed Wazir,Verified,Paid,Under Review,Due,
11815,Ejaz Gandapur,DEMO-KPT-11815,House No. CD-356,Street 24,Model Town,3,5,Commercial,Ejaz Gandapur,Kanwal Bhutto,Pending,Paid,Issue Found,Paid,
1184,Zain Aslam,DEMO-KPT-1184,House No. A-174,Street 25,Model Town,3,5,Commercial,Zain Aslam,Danish Iqbal,Litigated,Paid,Clear,Due,
1195,Ali Ali,DEMO-KPT-1195,House No. A-828,Street 26,Model Town,3,5,Commercial,Ali Ali,Ali Noor,Litigated,Paid,Issue Found,Due,
2005,Jibran Yazdani,DEMO-KPT-2005,House No. B-599,Street 11,Model Town,4,5,Commercial,Jibran Yazdani,Osama Chattha,Verified,Due,Under Review,Paid,
1944,Noman Ilyas,DEMO-KPT-1944,House No. D-594,Street 12,Model Town,4,5,Commercial,Noman Ilyas,Jibran Tanvir,Pending,Paid,Under Review,Paid,
5576,Khurram Wattoo,DEMO-KPT-5576,House No. DR-869,Street 12,Model Town,4,5,Commercial,Khurram Wattoo,Sharjeel Popalzai,Litigated,Paid,Under Review,Due,
1213,Sadia Shah,DEMO-KPT-1213,House No. A-554,Street 13,Model Town,4,5,Commercial,Sadia Shah,Ayesha Raza,Litigated,Due,Under Review,Due,
1222,Fahad Javed,DEMO-KPT-1222,House No. A-850,Street 17,Model Town,4,5,Commercial,Fahad Javed,Arsalan Noor,Litigated,Paid,Clear,Due,
8770,Kaif Parvez,DEMO-KPT-8770,House No. BD-460,Street 21,Model Town,4,5,Commercial,Kaif Parvez,Zawar Mahar,Pending,Paid,Clear,Due,
15374,Hasnain Gabol,DEMO-KPT-15374,House No. CDB-483,Street 23,Model Town,4,5,Commercial,Hasnain Gabol,Laiba Raza,Verified,Due,Issue Found,Due,
1240,Maham Tariq,DEMO-KPT-1240,House No. A-905,Street 26,Model Town,4,5,Commercial,Maham Tariq,Saad Haider,Verified,Paid,Under Review,Due,
5646,Sonia Hashmi,DEMO-KPT-5646,House No. BR-455,Street 1,Model Town,5,5,Commercial,Sonia Hashmi,Jazib Soomro,Verified,Paid,Under Review,Due,
5639,Shabana Turk,DEMO-KPT-5639,House No. BB-358,Street 5,Model Town,5,5,Commercial,Shabana Turk,Zawar Latif,Verified,Paid,Clear,Paid,
5678,Unaiza Junejo,DEMO-KPT-5678,House No. BR-312,Street 7,Model Town,5,5,Commercial,Unaiza Junejo,Batool Pasha,Litigated,Due,Clear,Paid,
2275,Talha Peerzada,DEMO-KPT-2275,House No. R-614,Street 12,Model Town,5,5,Commercial,Talha Peerzada,Rashid Dreshak,Verified,Paid,Under Review,Due,
15500,Tayyaba Naqvi,DEMO-KPT-15500,House No. DCB-695,Street 18,Model Town,5,5,Commercial,Tayyaba Naqvi,Idrees Talpur,Litigated,Paid,Issue Found,Due,
2117,Mudassar Kasi,DEMO-KPT-2117,House No. R-590,Street 20,Model Town,5,5,Commercial,Mudassar Kasi,Aqsa Achakzai,Verified,Due,Under Review,Due,
8834,Idrees Shakir,DEMO-KPT-8834,House No. RB-841,Street 25,Model Town,5,5,Commercial,Idrees Shakir,Rooman Hussain,Litigated,Paid,Clear,Due,
8878,Rafia Marwat,DEMO-KPT-8878,House No. DR-884,Street 26,Model Town,5,5,Commercial,Rafia Marwat,Samad Mohmand,Verified,Paid,Issue Found,Due,
8883,Urwa Mian,DEMO-KPT-8883,House No. CD-582,Street 26,Model Town,5,5,Commercial,Urwa Mian,Zamzam Kamal,Litigated,Paid,Under Review,Due,
2496,Aziz Mughal,DEMO-KPT-2496,House No. R-510,Street 1,Model Town,6,5,Commercial,Aziz Mughal,Jamshed Sultan,Verified,Paid,Under Review,Due,
5679,Kashif Saif,DEMO-KPT-5679,House No. CC-522,Street 3,Model Town,6,5,Commercial,Kashif Saif,Tayyab Mian,Litigated,Paid,Under Review,Paid,
1302,Sadia Aslam,DEMO-KPT-1302,House No. A-489,Street 4,Model Town,6,5,Commercial,Sadia Aslam,Sana Siddiqui,Litigated,Due,Issue Found,Paid,
15681,Ajmal Sahito,DEMO-KPT-15681,House No. CRD-409,Street 6,Model Town,6,5,Commercial,Ajmal Sahito,Amber Turk,Litigated,Due,Clear,Due,
2288,Shees Zubair,DEMO-KPT-2288,House No. D-448,Street 10,Model Town,6,5,Commercial,Shees Zubair,Shabana Bhittani,Verified,Paid,Issue Found,Due,
9038,Bashir Bhat,DEMO-KPT-9038,House No. DD-791,Street 10,Model Town,6,5,Commercial,Bashir Bhat,Ayla Rizvi,Verified,Paid,Issue Found,Due,
1334,Hussain Qureshi,DEMO-KPT-1334,House No. A-590,Street 16,Model Town,6,5,Commercial,Hussain Qureshi,Laiba Hussain,Pending,Paid,Under Review,Paid,
12411,Humayun Yaqoob,DEMO-KPT-12411,House No. DD-357,Street 16,Model Town,6,5,Commercial,Humayun Yaqoob,Afreen Yasin,Verified,Due,Issue Found,Paid,
12434,Saima Lakhani,DEMO-KPT-12434,House No. BD-801,Street 25,Model Town,6,5,Commercial,Saima Lakhani,Sabahat Kayani,Litigated,Paid,Clear,Due,
12445,Mohsin Bhatti,DEMO-KPT-12445,House No. DD-565,Street 26,Model Town,6,5,Commercial,Mohsin Bhatti,Aisha Tanoli,Litigated,Paid,Issue Found,Due,
12490,Mubashra Kiani,DEMO-KPT-12490,House No. BB-536,Street 26,Model Town,6,5,Commercial,Mubashra Kiani,Ahsan Mohmand,Verified,Paid,Under Review,Due,
9279,Shees Awan,DEMO-KPT-9279,House No. CR-470,Street 3,Model Town,7,5,Commercial,Shees Awan,Sitara Pirzada,Litigated,Paid,Under Review,Paid,
9239,Ikram Kidwai,DEMO-KPT-9239,House No. DC-787,Street 5,Model Town,7,5,Commercial,Ikram Kidwai,Areeba Shakir,Verified,Paid,Clear,Paid,
1375,Mahnoor Iqbal,DEMO-KPT-1375,House No. A-903,Street 12,Model Town,7,5,Commercial,Mahnoor Iqbal,Adnan Tariq,Verified,Paid,Under Review,Due,
2672,Mahira Jamal,DEMO-KPT-2672,House No. R-824,Street 16,Model Town,7,5,Commercial,Mahira Jamal,Ruqayya Rashid,Pending,Paid,Under Review,Due,
1378,Hamza Khan,DEMO-KPT-1378,House No. A-883,Street 23,Model Town,7,5,Commercial,Hamza Khan,Hassan Haider,Verified,Paid,Clear,Paid,
1339,Nimra Ali,DEMO-KPT-1339,House No. A-734,Street 24,Model Town,7,5,Commercial,Nimra Ali,Shoaib Haider,Verified,Paid,Clear,Due,
15905,Aleena Naqvi,DEMO-KPT-15905,House No. CBR-408,Street 25,Model Town,7,5,Commercial,Aleena Naqvi,Nizam Raza,Pending,Due,Clear,Paid,
9211,Amir Ahmed,DEMO-KPT-9211,House No. CC-780,Street 29,Model Town,7,5,Commercial,Amir Ahmed,Tahmina Shakeel,Litigated,Due,Issue Found,Due,
15961,Malaika Naseem,DEMO-KPT-15961,House No. CDB-628,Street 29,Model Town,7,5,Commercial,Malaika Naseem,Shahzadi Bhurgri,Litigated,Due,Issue Found,Due,
12784,Tahira Khuhro,DEMO-KPT-12784,House No. BC-786,Street 1,Model Town,8,5,Commercial,Tahira Khuhro,Lubna Tahir,Litigated,Paid,Issue Found,Paid,
16029,Rayyan Gill,DEMO-KPT-16029,House No. DBR-765,Street 3,Model Town,8,5,Commercial,Rayyan Gill,Uzma Gill,Litigated,Paid,Under Review,Paid,
16050,Nihal Marri,DEMO-KPT-16050,House No. RCB-311,Street 4,Model Town,8,5,Commercial,Nihal Marri,Fahim Magsi,Litigated,Due,Clear,Due,
6090,Kanwal Mehmood,DEMO-KPT-6090,House No. BC-739,Street 6,Model Town,8,5,Commercial,Kanwal Mehmood,Maaz Raza,Pending,Due,Issue Found,Paid,
16028,Fareeha Farooq,DEMO-KPT-16028,House No. RDC-689,Street 7,Model Town,8,5,Commercial,Fareeha Farooq,Iram Mari,Litigated,Due,Clear,Paid,
2834,Azan Bangash,DEMO-KPT-2834,House No. B-511,Street 18,Model Town,8,5,Commercial,Azan Bangash,Hassan Bhatti,Verified,Paid,Under Review,Due,
1395,Hamza Sheikh,DEMO-KPT-1395,House No. A-2,Street 19,Model Town,8,5,Commercial,Hamza Sheikh,Laiba Iqbal,Litigated,Paid,Issue Found,Paid,
2699,Kamal Daudzai,DEMO-KPT-2699,House No. D-731,Street 22,Model Town,8,5,Commercial,Kamal Daudzai,Afshan Bajwa,Verified,Paid,Under Review,Due,
9400,Luqman Shaikh,DEMO-KPT-9400,House No. DB-645,Street 29,Model Town,8,5,Commercial,Luqman Shaikh,Shehzad Tanvir,Pending,Paid,Clear,Due,
9484,Tanveer Ghaffar,DEMO-KPT-9484,House No. DC-756,Street 30,Model Town,8,5,Commercial,Tanveer Ghaffar,Fabiha Randhawa,Verified,Paid,Issue Found,Due,
12854,Salman Khan,DEMO-KPT-12854,House No. CC-768,Street 1,Model Town,9,5,Commercial,Salman Khan,Hira Mazari,Litigated,Due,Under Review,Paid,
2898,Yasir Lashari,DEMO-KPT-2898,House No. D-649,Street 3,Model Town,9,5,Commercial,Yasir Lashari,Saif Ijaz,Pending,Due,Clear,Paid,
12840,Irtaza Abbasi,DEMO-KPT-12840,House No. RR-366,Street 6,Model Town,9,5,Commercial,Irtaza Abbasi,Fiza Yaqoob,Pending,Due,Issue Found,Paid,
6174,Shamoon Bangash,DEMO-KPT-6174,House No. DD-577,Street 15,Model Town,9,5,Commercial,Shamoon Bangash,Shehzad Dreshak,Pending,Due,Under Review,Due,
1442,Talha Ahmed,DEMO-KPT-1442,House No. A-276,Street 16,Model Town,9,5,Commercial,Talha Ahmed,Hamza Sheikh,Verified,Paid,Under Review,Due,
6272,Shan Ijaz,DEMO-KPT-6272,House No. BB-381,Street 16,Model Town,9,5,Commercial,Shan Ijaz,Shabana Talpur,Pending,Paid,Under Review,Due,
9717,Qaiser Siddiqui,DEMO-KPT-9717,House No. BB-507,Street 24,Model Town,9,5,Commercial,Qaiser Siddiqui,Sakina Hussain,Litigated,Due,Issue Found,Paid,
2913,Mansoor Hoti,DEMO-KPT-2913,House No. D-498,Street 28,Model Town,9,5,Commercial,Mansoor Hoti,Shaista Memon,Litigated,Paid,Issue Found,Paid,
13077,Shumaila Leghari,DEMO-KPT-13077,House No. BC-820,Street 2,Model Town,10,5,Commercial,Shumaila Leghari,Adeel Mahsud,Pending,Due,Under Review,Paid,
9729,Nudrat Yousafzai,DEMO-KPT-9729,House No. DB-894,Street 3,Model Town,10,5,Commercial,Nudrat Yousafzai,Ihtisham Mahesar,Litigated,Paid,Under Review,Paid,
16338,Fayyaz Lone,DEMO-KPT-16338,House No. DRC-528,Street 3,Model Town,10,5,Commercial,Fayyaz Lone,Rayyan Bhutto,Pending,Paid,Under Review,Paid,
9852,Zaib Lak,DEMO-KPT-9852,House No. BB-710,Street 4,Model Town,10,5,Commercial,Zaib Lak,Mishal Iqbal,Litigated,Due,Issue Found,Paid,
6603,Kashaf Cheena,DEMO-KPT-6603,House No. BC-639,Street 8,Model Town,10,5,Commercial,Kashaf Cheena,Bakhtawar Anwar,Pending,Paid,Under Review,Due,
13088,Sabeen Ali,DEMO-KPT-13088,House No. RC-385,Street 10,Model Town,10,5,Commercial,Sabeen Ali,Shahbaz Siddiqui,Verified,Paid,Issue Found,Due,
13075,Zohair Korai,DEMO-KPT-13075,House No. CC-507,Street 12,Model Town,10,5,Commercial,Zohair Korai,Emaad Akhtar,Verified,Paid,Under Review,Due,
16263,Nabila Khokhar,DEMO-KPT-16263,House No. DRB-547,Street 18,Model Town,10,5,Commercial,Nabila Khokhar,Sharmeen Kamal,Verified,Due,Issue Found,Due,
9757,Husna Ghumman,DEMO-KPT-9757,House No. RC-882,Street 19,Model Town,10,5,Commercial,Husna Ghumman,Uzma Ghazali,Litigated,Paid,Clear,Paid,
13097,Shahzadi Rana,DEMO-KPT-13097,House No. CD-308,Street 21,Model Town,10,5,Commercial,Shahzadi Rana,Irum Kamboh,Verified,Paid,Under Review,Due,
13078,Shaista Mangi,DEMO-KPT-13078,House No. DR-533,Street 23,Model Town,10,5,Commercial,Shaista Mangi,Shafaq Zahid,Verified,Paid,Clear,Paid,
16355,Kabir Rana,DEMO-KPT-16355,House No. BDR-574,Street 25,Model Town,10,5,Commercial,Kabir Rana,Hania Jogezai,Pending,Due,Clear,Paid,
9858,Hashim Ranjha,DEMO-KPT-9858,House No. RB-894,Street 26,Model Town,10,5,Commercial,Hashim Ranjha,Sabika Zaman,Verified,Due,Under Review,Paid,
6525,Erum Nawaz,DEMO-KPT-6525,House No. CC-788,Street 27,Model Town,10,5,Commercial,Erum Nawaz,Yasmeen Cheema,Verified,Due,Under Review,Due,
16454,Sumaira Hinjra,DEMO-KPT-16454,House No. RCD-527,Street 1,Model Town,11,5,Commercial,Sumaira Hinjra,Zakariya Swati,Litigated,Due,Under Review,Paid,
10038,Shoaib Gandapur,DEMO-KPT-10038,House No. CR-464,Street 3,Model Town,11,5,Commercial,Shoaib Gandapur,Faizan Chattha,Pending,Paid,Under Review,Paid,
13290,Zaynab Kasi,DEMO-KPT-13290,House No. CC-383,Street 6,Model Town,11,5,Commercial,Zaynab Kasi,Akram Palijo,Pending,Due,Issue Found,Paid,
3453,Farhan Magsi,DEMO-KPT-3453,House No. D-501,Street 8,Model Town,11,5,Commercial,Farhan Magsi,Shumaila Akhtar,Pending,Paid,Under Review,Due,
3332,Gohar Wattoo,DEMO-KPT-3332,House No. D-794,Street 12,Model Town,11,5,Commercial,Gohar Wattoo,Siddique Javed,Pending,Paid,Clear,Paid,
6613,Anas Sheikh,DEMO-KPT-6613,House No. DD-345,Street 13,Model Town,11,5,Commercial,Anas Sheikh,Zaheer Bettani,Litigated,Due,Under Review,Due,
6607,Muneeb Cheena,DEMO-KPT-6607,House No. DC-549,Street 19,Model Town,11,5,Commercial,Muneeb Cheena,Mahmood Yazdani,Litigated,Paid,Clear,Paid,
13340,Javaria Bukhari,DEMO-KPT-13340,House No. BR-777,Street 23,Model Town,11,5,Commercial,Javaria Bukhari,Shahbaz Ghumman,Verified,Due,Clear,Paid,
3445,Subhan Rashid,DEMO-KPT-3445,House No. B-859,Street 26,Model Town,11,5,Commercial,Subhan Rashid,Rizwan Sohu,Litigated,Paid,Issue Found,Due,
10179,Armaghan Lakhani,DEMO-KPT-10179,House No. BB-856,Street 3,Model Town,12,5,Commercial,Armaghan Lakhani,Sumayya Bukhari,Litigated,Paid,Under Review,Paid,
13353,Bushra Zaman,DEMO-KPT-13353,House No. CC-869,Street 8,Model Town,12,5,Commercial,Bushra Zaman,Mahwish Ghumman,Pending,Paid,Under Review,Due,
3744,Yameen Hafeez,DEMO-KPT-3744,House No. D-870,Street 12,Model Town,12,5,Commercial,Yameen Hafeez,Kaif Naqvi,Pending,Paid,Under Review,Paid,
10102,Sabih Shafiq,DEMO-KPT-10102,House No. RD-839,Street 28,Model Town,12,5,Commercial,Sabih Shafiq,Zakir Mazari,Litigated,Paid,Clear,Due,
3634,Sameer Ghaffar,DEMO-KPT-3634,House No. C-624,Street 30,Model Town,12,5,Commercial,Sameer Ghaffar,Fatima Kazmi,Verified,Paid,Issue Found,Due,
6784,Rafay Jaffri,DEMO-KPT-6784,House No. CB-403,Street 30,Model Town,12,5,Commercial,Rafay Jaffri,Sakina Daudzai,Verified,Paid,Issue Found,Due,
6989,Shamoon Kasi,DEMO-KPT-6989,House No. BC-455,Street 5,Model Town,13,5,Commercial,Shamoon Kasi,Maryam Dahri,Verified,Paid,Clear,Paid,
3878,Maira Zia,DEMO-KPT-3878,House No. RB-858,Street 7,Model Town,13,5,Commercial,Maira Zia,Shan Kasi,Litigated,Due,Clear,Paid,
16953,Zain Wazir,DEMO-KPT-16953,House No. CBD-877,Street 8,Model Town,13,5,Commercial,Zain Wazir,Taimur Sandhu,Pending,Paid,Under Review,Due,
7011,Aneesa Ghaffar,DEMO-KPT-7011,House No. CD-314,Street 16,Model Town,13,5,Commercial,Aneesa Ghaffar,Rohail Qadri,Verified,Due,Issue Found,Paid,
3907,Rafay Sheikh,DEMO-KPT-3907,House No. BB-600,Street 19,Model Town,13,5,Commercial,Rafay Sheikh,Aneeqa Lone,Litigated,Paid,Clear,Paid,
13496,Aqib Zafar,DEMO-KPT-13496,House No. DCR-725,Street 19,Model Town,13,5,Commercial,Aqib Zafar,Mariam Kiani,Litigated,Paid,Clear,Paid,
6970,Mansoor Bajwa,DEMO-KPT-6970,House No. DR-641,Street 21,Model Town,13,5,Commercial,Mansoor Bajwa,Feryal Khalid,Pending,Paid,Clear,Due,
16875,Sajid Toor,DEMO-KPT-16875,House No. RCB-825,Street 27,Model Town,13,5,Commercial,Sajid Toor,Rehana Hashmi,Verified,Due,Under Review,Due,
3811,Sumbal Naseem,DEMO-KPT-3811,House No. B-339,Street 29,Model Town,13,5,Commercial,Sumbal Naseem,Rameez Gilani,Litigated,Due,Issue Found,Due,
10577,Nasir Imran,DEMO-KPT-10577,House No. DC-567,Street 7,Model Town,14,5,Commercial,Nasir Imran,Fasih Sipra,Pending,Due,Issue Found,Paid,
7126,Mehreen Farooq,DEMO-KPT-7126,House No. BR-564,Street 8,Model Town,14,5,Commercial,Mehreen Farooq,Atiya Talpur,Litigated,Due,Under Review,Paid,
10494,Shahid Khokhar,DEMO-KPT-10494,House No. DD-310,Street 12,Model Town,14,5,Commercial,Shahid Khokhar,Qamar Iqbal,Pending,Paid,Under Review,Paid,
4111,Rafiq Khan,DEMO-KPT-4111,House No. RR-662,Street 16,Model Town,14,5,Commercial,Rafiq Khan,Rashida Shaikh,Pending,Due,Under Review,Paid,
4015,Noor Lari,DEMO-KPT-4015,House No. CD-381,Street 17,Model Town,14,5,Commercial,Noor Lari,Malaika Haral,Verified,Due,Under Review,Due,
10474,Rimsha Gill,DEMO-KPT-10474,House No. CB-408,Street 18,Model Town,14,5,Commercial,Rimsha Gill,Sohaib Malik,Litigated,Paid,Issue Found,Paid,
13563,Faiza Sheikh,DEMO-KPT-13563,House No. RDB-348,Street 18,Model Town,14,5,Commercial,Faiza Sheikh,Shifa Jafri,Verified,Due,Issue Found,Due,
10544,Naila Shakeel,DEMO-KPT-10544,House No. DB-597,Street 23,Model Town,14,5,Commercial,Naila Shakeel,Azka Qazi,Litigated,Due,Issue Found,Paid,
4008,Usman Zaidi,DEMO-KPT-4008,House No. RB-480,Street 26,Model Town,14,5,Commercial,Usman Zaidi,Farwa Minhas,Verified,Due,Under Review,Paid,
4000,Talal Nawaz,DEMO-KPT-4000,House No. RB-787,Street 29,Model Town,14,5,Commercial,Talal Nawaz,Aleena Shah,Pending,Paid,Clear,Due,
13552,Mahrukh Cheena,DEMO-KPT-13552,House No. DRC-815,Street 29,Model Town,14,5,Commercial,Mahrukh Cheena,Muneeba Gilani,Pending,Paid,Clear,Due,
13534,Haleema Pasha,DEMO-KPT-13534,House No. DBC-394,Street 30,Model Town,14,5,Commercial,Haleema Pasha,Usman Bhurgri,Verified,Paid,Issue Found,Due,
13705,Zainab Memon,DEMO-KPT-13705,House No. RBD-436,Street 11,Model Town,15,5,Commercial,Zainab Memon,Salma Mahsud,Verified,Due,Under Review,Paid,
13682,Nihal Jogezai,DEMO-KPT-13682,House No. DCB-612,Street 12,Model Town,15,5,Commercial,Nihal Jogezai,Tayyab Sultan,Pending,Paid,Clear,Paid,
10638,Umaima Mengal,DEMO-KPT-10638,House No. BR-540,Street 19,Model Town,15,5,Commercial,Umaima Mengal,Arfa Zardari,Verified,Paid,Clear,Paid,
7274,Saad Niazi,DEMO-KPT-7274,House No. BD-853,Street 23,Model Town,15,5,Commercial,Saad Niazi,Misbah Lodhi,Verified,Due,Issue Found,Due,
4412,Mahreen Ghazali,DEMO-KPT-4412,House No. CC-714,Street 2,Model Town,16,5,Commercial,Mahreen Ghazali,Aisha Gabol,Verified,Due,Clear,Due,
10712,Sajida Yazdani,DEMO-KPT-10712,House No. RB-571,Street 2,Model Town,16,5,Commercial,Sajida Yazdani,Areeba Wattoo,Verified,Due,Clear,Due,
7585,Areeba Wani,DEMO-KPT-7585,House No. CC-880,Street 3,Model Town,16,5,Commercial,Areeba Wani,Abid Sadiq,Litigated,Due,Issue Found,Paid,
10735,Sabahat Hinjra,DEMO-KPT-10735,House No. DC-442,Street 3,Model Town,16,5,Commercial,Sabahat Hinjra,Imtiaz Turk,Litigated,Due,Issue Found,Paid,
13779,Owais Bangash,DEMO-KPT-13779,House No. CBR-701,Street 3,Model Town,16,5,Commercial,Owais Bangash,Yusra Tahir,Litigated,Paid,Under Review,Paid,
4353,Haider Mahar,DEMO-KPT-4353,House No. CR-398,Street 8,Model Town,16,5,Commercial,Haider Mahar,Qasim Mian,Pending,Paid,Under Review,Due,
10887,Ashraf Zafar,DEMO-KPT-10887,House No. RC-601,Street 15,Model Town,16,5,Commercial,Ashraf Zafar,Farzana Mahesar,Pending,Paid,Issue Found,Paid,
4372,Parveen Randhawa,DEMO-KPT-4372,House No. CR-775,Street 17,Model Town,16,5,Commercial,Parveen Randhawa,Safa Baig,Litigated,Paid,Clear,Due,
7490,Mehrunnisa Ansari,DEMO-KPT-7490,House No. BB-781,Street 23,Model Town,16,5,Commercial,Mehrunnisa Ansari,Ilyas Mahar,Verified,Due,Clear,Paid,
4527,Mudassar Marri,DEMO-KPT-4527,House No. CB-641,Street 2,Model Town,17,5,Commercial,Mudassar Marri,Asifa Wani,Pending,Due,Under Review,Paid,
4538,Hadiqa Ijaz,DEMO-KPT-4538,House No. BC-357,Street 10,Model Town,17,5,Commercial,Hadiqa Ijaz,Jibran Tunio,Verified,Paid,Issue Found,Due,
14132,Nayab Sheikh,DEMO-KPT-14132,House No. DBR-433,Street 12,Model Town,17,5,Commercial,Nayab Sheikh,Junaid Mughal,Pending,Paid,Clear,Paid,
7850,Farwa Kalhoro,DEMO-KPT-7850,House No. BR-712,Street 18,Model Town,17,5,Commercial,Farwa Kalhoro,Sufyan Ghani,Litigated,Paid,Issue Found,Due,
10934,Haider Sohu,DEMO-KPT-10934,House No. DD-888,Street 18,Model Town,17,5,Commercial,Haider Sohu,Noaman Hayat,Verified,Paid,Under Review,Due,
11000,Yusra Tanoli,DEMO-KPT-11000,House No. CC-762,Street 18,Model Town,17,5,Commercial,Yusra Tanoli,Hania Leghari,Litigated,Paid,Issue Found,Due,
4547,Aleena Ghani,DEMO-KPT-4547,House No. CB-323,Street 21,Model Town,17,5,Commercial,Aleena Ghani,Amir Kamal,Verified,Paid,Under Review,Due,
13949,Akbar Gondal,DEMO-KPT-13949,House No. DCR-796,Street 22,Model Town,17,5,Commercial,Akbar Gondal,Fawad Rashid,Verified,Paid,Under Review,Due,
7805,Idrees Barakzai,DEMO-KPT-7805,House No. DD-475,Street 25,Model Town,17,5,Commercial,Idrees Barakzai,Yasmeen Chaudhry,Pending,Due,Clear,Paid,
7863,Zakir Soomro,DEMO-KPT-7863,House No. BC-469,Street 28,Model Town,17,5,Commercial,Zakir Soomro,Amjad Joiya,Litigated,Paid,Issue Found,Paid,
7889,Imad Daudzai,DEMO-KPT-7889,House No. CB-834,Street 5,Model Town,18,5,Commercial,Imad Daudzai,Rahila Lodhi,Verified,Paid,Clear,Paid,
11078,Zubaida Kamal,DEMO-KPT-11078,House No. DC-881,Street 7,Model Town,18,5,Commercial,Zubaida Kamal,Eman Umer,Litigated,Due,Clear,Paid,
11195,Laila Ghaffar,DEMO-KPT-11195,House No. CR-515,Street 10,Model Town,18,5,Commercial,Laila Ghaffar,Saima Haral,Litigated,Paid,Clear,Paid,
7974,Sultan Mansoor,DEMO-KPT-7974,House No. CC-411,Street 15,Model Town,18,5,Commercial,Sultan Mansoor,Shahroz Iqbal,Pending,Due,Under Review,Due,
14274,Sharmeen Lari,DEMO-KPT-14274,House No. CDR-503,Street 15,Model Town,18,5,Commercial,Sharmeen Lari,Ammar Saleem,Pending,Due,Under Review,Due,
4634,Nargis Sabri,DEMO-KPT-4634,House No. CB-332,Street 18,Model Town,18,5,Commercial,Nargis Sabri,Anwar Bettani,Verified,Paid,Under Review,Due,
11090,Mahreen Korai,DEMO-KPT-11090,House No. DD-875,Street 23,Model Town,18,5,Commercial,Mahreen Korai,Noaman Shafiq,Verified,Due,Clear,Paid,
14428,Bahadur Hinjra,DEMO-KPT-14428,House No. BDC-852,Street 23,Model Town,18,5,Commercial,Bahadur Hinjra,Nageen Kasi,Verified,Paid,Clear,Paid,
8026,Masood Zia,DEMO-KPT-8026,House No. RR-341,Street 8,Model Town,19,5,Commercial,Masood Zia,Haziq Rind,Litigated,Due,Under Review,Paid,
8033,Azhar Yousaf,DEMO-KPT-8033,House No. RD-432,Street 10,Model Town,19,5,Commercial,Azhar Yousaf,Salman Minhas,Verified,Paid,Under Review,Paid,
4705,Samiya Mirza,DEMO-KPT-4705,House No. DB-379,Street 11,Model Town,19,5,Commercial,Samiya Mirza,Wajiha Shafiq,Verified,Due,Under Review,Paid,
11234,Rabia Jogezai,DEMO-KPT-11234,House No. BD-411,Street 16,Model Town,19,5,Commercial,Rabia Jogezai,Rida Yousaf,Pending,Paid,Under Review,Paid,
11215,Murtaza Bugti,DEMO-KPT-11215,House No. RD-797,Street 17,Model Town,19,5,Commercial,Murtaza Bugti,Haider Abbasi,Verified,Due,Under Review,Due,
8174,Zeeshan Mir,DEMO-KPT-8174,House No. RR-470,Street 23,Model Town,19,5,Commercial,Zeeshan Mir,Dilawar Toor,Verified,Due,Issue Found,Due,
4767,Asad Chaudhry,DEMO-KPT-4767,House No. DC-378,Street 24,Model Town,19,5,Commercial,Asad Chaudhry,Saad Sohu,Litigated,Due,Issue Found,Paid,
4828,Ihtisham Cheena,DEMO-KPT-4828,House No. RB-634,Street 26,Model Town,19,5,Commercial,Ihtisham Cheena,Asif Pasha,Verified,Paid,Issue Found,Due,
14746,Laila Tahir,DEMO-KPT-14746,House No. DBC-837,Street 5,Model Town,20,5,Commercial,Laila Tahir,Mazhar Yousafzai,Pending,Due,Under Review,Due,
11455,Anmol Zahid,DEMO-KPT-11455,House No. RC-528,Street 11,Model Town,20,5,Commercial,Anmol Zahid,Shahid Ilyas,Verified,Due,Under Review,Paid,
5042,Faiza Hashmi,DEMO-KPT-5042,House No. DB-896,Street 16,Model Town,20,5,Commercial,Faiza Hashmi,Sahar Shah,Verified,Paid,Under Review,Due,
4900,Nauman Mari,DEMO-KPT-4900,House No. RD-336,Street 29,Model Town,20,5,Commercial,Nauman Mari,Alam Magsi,Pending,Paid,Clear,Due,
5002,Aleena Bajwa,DEMO-KPT-5002,House No. CC-536,Street 29,Model Town,20,5,Commercial,Aleena Bajwa,Raza Imran,Pending,Paid,Clear,Due,
15096,Hania Zaidi,DEMO-KPT-15096,House No. CDB-539,Street 1,North Karachi,1,5,Commercial,Hania Zaidi,Amara Riaz,Verified,Paid,Under Review,Due,
11727,Ghulam Umer,DEMO-KPT-11727,House No. RD-717,Street 2,North Karachi,1,5,Commercial,Ghulam Umer,Noshaba Dahri,Pending,Due,Under Review,Paid,
13412,Shahzadi Yazdani,DEMO-KPT-13412,House No. RC-643,Street 2,North Karachi,1,5,Commercial,Shahzadi Yazdani,Mansoor Butt,Verified,Due,Clear,Due,
6685,Hanzala Dawood,DEMO-KPT-6685,House No. CD-883,Street 3,North Karachi,1,5,Commercial,Hanzala Dawood,Fiza Ansari,Litigated,Due,Issue Found,Paid,
4881,Rooman Gondal,DEMO-KPT-4881,House No. CB-686,Street 6,North Karachi,1,5,Commercial,Rooman Gondal,Anam Junejo,Litigated,Due,Clear,Due,
15055,Ashraf Rajput,DEMO-KPT-15055,House No. CRB-719,Street 11,North Karachi,1,5,Commercial,Ashraf Rajput,Naveed Ranjha,Verified,Due,Under Review,Paid,
1526,Bahadur Rashid,DEMO-KPT-1526,House No. C-363,Street 12,North Karachi,1,5,Commercial,Bahadur Rashid,Hussnain Durrani,Litigated,Paid,Under Review,Due,
6624,Daniyal Tareen,DEMO-KPT-6624,House No. DC-803,Street 15,North Karachi,1,5,Commercial,Daniyal Tareen,Alam Ansari,Pending,Due,Under Review,Due,
9992,Anum Orakzai,DEMO-KPT-9992,House No. DB-461,Street 16,North Karachi,1,5,Commercial,Anum Orakzai,Sameen Sahito,Verified,Paid,Under Review,Due,
1484,Hafiz Shakir,DEMO-KPT-1484,House No. D-826,Street 18,North Karachi,1,5,Commercial,Hafiz Shakir,Mubashra Junejo,Verified,Paid,Under Review,Due,
13357,Nasir Kamboh,DEMO-KPT-13357,House No. BR-600,Street 19,North Karachi,1,5,Commercial,Nasir Kamboh,Taha Sabri,Litigated,Paid,Clear,Paid,
11747,Rustam Rabbani,DEMO-KPT-11747,House No. BD-489,Street 21,North Karachi,1,5,Commercial,Rustam Rabbani,Abdullah Kayani,Verified,Paid,Under Review,Due,
4949,Benazir Gilani,DEMO-KPT-4949,House No. BB-829,Street 22,North Karachi,1,5,Commercial,Benazir Gilani,Dua Randhawa,Verified,Paid,Under Review,Due,
13317,Maimoona Waheed,DEMO-KPT-13317,House No. BC-716,Street 24,North Karachi,1,5,Commercial,Maimoona Waheed,Zubair Dahri,Litigated,Due,Issue Found,Paid,
16765,Bilal Raza,DEMO-KPT-16765,House No. CBD-330,Street 24,North Karachi,1,5,Commercial,Bilal Raza,Alamgir Mughal,Pending,Paid,Issue Found,Paid,
1470,Hadiqa Tiwana,DEMO-KPT-1470,House No. D-777,Street 25,North Karachi,1,5,Commercial,Hadiqa Tiwana,Qamar Alvi,Pending,Due,Under Review,Paid,
16770,Tariq Sandhu,DEMO-KPT-16770,House No. BRC-563,Street 25,North Karachi,1,5,Commercial,Tariq Sandhu,Misbah Samo,Pending,Due,Under Review,Paid,
6628,Nayab Wattoo,DEMO-KPT-6628,House No. CC-798,Street 26,North Karachi,1,5,Commercial,Nayab Wattoo,Affan Rehman,Verified,Paid,Issue Found,Due,
13401,Zeeshan Qadir,DEMO-KPT-13401,House No. CD-802,Street 29,North Karachi,1,5,Commercial,Zeeshan Qadir,Hussain Hafeez,Pending,Paid,Under Review,Due,
16904,Haziq Bilgrami,DEMO-KPT-16904,House No. RDB-573,Street 1,North Karachi,2,5,Commercial,Haziq Bilgrami,Mahrukh Shakir,Litigated,Due,Under Review,Paid,
8502,Fida Iqbal,DEMO-KPT-8502,House No. DD-330,Street 4,North Karachi,2,5,Commercial,Fida Iqbal,Ifrah Shinwari,Litigated,Due,Issue Found,Paid,
13431,Zakir Bangash,DEMO-KPT-13431,House No. RR-864,Street 6,North Karachi,2,5,Commercial,Zakir Bangash,Sadaqat Zubair,Litigated,Due,Clear,Due,
15128,Sanam Mahesar,DEMO-KPT-15128,House No. BRC-768,Street 7,North Karachi,2,5,Commercial,Sanam Mahesar,Umar Sandhu,Litigated,Due,Clear,Paid,
15153,Zuha Bettani,DEMO-KPT-15153,House No. CDR-500,Street 8,North Karachi,2,5,Commercial,Zuha Bettani,Asad Mehmood,Pending,Paid,Under Review,Due,
10052,Sohail Gill,DEMO-KPT-10052,House No. DR-399,Street 12,North Karachi,2,5,Commercial,Sohail Gill,Nizam Qazi,Litigated,Paid,Under Review,Paid,
16826,Hasnain Siddiqui,DEMO-KPT-16826,House No. RBC-695,Street 12,North Karachi,2,5,Commercial,Hasnain Siddiqui,Aneesa Shafi,Litigated,Paid,Under Review,Due,
3237,Fawad Imran,DEMO-KPT-3237,House No. C-750,Street 15,North Karachi,2,5,Commercial,Fawad Imran,Rakhshanda Khattak,Pending,Paid,Issue Found,Paid,
3274,Anila Ghazali,DEMO-KPT-3274,House No. C-474,Street 18,North Karachi,2,5,Commercial,Anila Ghazali,Dilawar Sardar,Litigated,Paid,Issue Found,Paid,
11763,Fahad Khan,DEMO-KPT-11763,House No. DR-783,Street 18,North Karachi,2,5,Commercial,Fahad Khan,Fatima Jafri,Verified,Due,Issue Found,Due,
15167,Shaheen Mirani,DEMO-KPT-15167,House No. DRB-895,Street 20,North Karachi,2,5,Commercial,Shaheen Mirani,Dawood Mirza,Verified,Due,Under Review,Due,
6778,Samra Shakeel,DEMO-KPT-6778,House No. BB-690,Street 23,North Karachi,2,5,Commercial,Samra Shakeel,Mahnaz Mengal,Verified,Paid,Clear,Paid,
16917,Kinza Mohammadzai,DEMO-KPT-16917,House No. RCB-595,Street 24,North Karachi,2,5,Commercial,Kinza Mohammadzai,Maimoona Panezai,Litigated,Due,Issue Found,Paid,
11820,Imran Tahir,DEMO-KPT-11820,House No. DC-447,Street 25,North Karachi,2,5,Commercial,Imran Tahir,Tehmina Usmani,Pending,Due,Under Review,Paid,
16914,Arif Tahir,DEMO-KPT-16914,House No. DBR-655,Street 25,North Karachi,2,5,Commercial,Arif Tahir,Noman Rind,Pending,Paid,Clear,Due,
1575,Shehryar Lone,DEMO-KPT-1575,House No. B-546,Street 27,North Karachi,2,5,Commercial,Shehryar Lone,Mehrunnisa Baloch,Verified,Due,Under Review,Due,
3220,Laila Cheema,DEMO-KPT-3220,House No. B-755,Street 30,North Karachi,2,5,Commercial,Laila Cheema,Sadaf Khan,Litigated,Due,Under Review,Paid,
11884,Munir Baloch,DEMO-KPT-11884,House No. BB-450,Street 1,North Karachi,3,5,Commercial,Munir Baloch,Hussam Lashari,Litigated,Paid,Issue Found,Paid,
6854,Yameen Ilyas,DEMO-KPT-6854,House No. CB-622,Street 6,North Karachi,3,5,Commercial,Yameen Ilyas,Akbar Ghani,Litigated,Due,Issue Found,Paid,
5132,Murtaza Majeed,DEMO-KPT-5132,House No. RR-645,Street 12,North Karachi,3,5,Commercial,Murtaza Majeed,Sibtain Rana,Pending,Paid,Clear,Paid,
11876,Idrees Daudzai,DEMO-KPT-11876,House No. RR-815,Street 12,North Karachi,3,5,Commercial,Idrees Daudzai,Hina Randhawa,Litigated,Paid,Under Review,Due,
15172,Sabir Warsi,DEMO-KPT-15172,House No. DRB-648,Street 17,North Karachi,3,5,Commercial,Sabir Warsi,Nawaz Usmani,Litigated,Paid,Clear,Due,
16972,Zamzam Chaudhry,DEMO-KPT-16972,House No. DCR-520,Street 17,North Karachi,3,5,Commercial,Zamzam Chaudhry,Shahroz Khuhro,Litigated,Paid,Clear,Due,
5084,Waleed Ali,DEMO-KPT-5084,House No. BC-552,Street 18,North Karachi,3,5,Commercial,Waleed Ali,Arooj Bhatti,Verified,Paid,Under Review,Due,
6813,Neha Barakzai,DEMO-KPT-6813,House No. DR-649,Street 18,North Karachi,3,5,Commercial,Neha Barakzai,Aryan Sardar,Verified,Due,Issue Found,Due,
10100,Nashra Mohmand,DEMO-KPT-10100,House No. DC-643,Street 18,North Karachi,3,5,Commercial,Nashra Mohmand,Faisal Gakhar,Litigated,Paid,Issue Found,Due,
11900,Ajmal Chandio,DEMO-KPT-11900,House No. BR-368,Street 18,North Karachi,3,5,Commercial,Ajmal Chandio,Erum Nadeem,Litigated,Paid,Issue Found,Due,
8595,Eman Wazir,DEMO-KPT-8595,House No. DB-869,Street 19,North Karachi,3,5,Commercial,Eman Wazir,Ayan Tariq,Litigated,Paid,Issue Found,Paid,
16957,Saleem Tanoli,DEMO-KPT-16957,House No. CBR-560,Street 19,North Karachi,3,5,Commercial,Saleem Tanoli,Shanza Iqbal,Litigated,Paid,Clear,Paid,
5105,Sahrish Kazmi,DEMO-KPT-5105,House No. BD-798,Street 25,North Karachi,3,5,Commercial,Sahrish Kazmi,Sehar Dogar,Pending,Due,Clear,Paid,
10125,Asifa Ghazali,DEMO-KPT-10125,House No. DB-504,Street 27,North Karachi,3,5,Commercial,Asifa Ghazali,Khushbu Qazi,Verified,Due,Under Review,Due,
6843,Humaira Mustafa,DEMO-KPT-6843,House No. DC-369,Street 29,North Karachi,3,5,Commercial,Humaira Mustafa,Sami Saif,Litigated,Paid,Issue Found,Paid,
6820,Misbah Mohammadzai,DEMO-KPT-6820,House No. CD-600,Street 30,North Karachi,3,5,Commercial,Misbah Mohammadzai,Nashra Junejo,Litigated,Due,Under Review,Paid,
5204,Shafay Wani,DEMO-KPT-5204,House No. BC-519,Street 1,North Karachi,4,5,Commercial,Shafay Wani,Maryam Dayo,Litigated,Due,Under Review,Paid,
3450,Israr Bettani,DEMO-KPT-3450,House No. D-460,Street 4,North Karachi,4,5,Commercial,Israr Bettani,Asma Mehmood,Litigated,Due,Clear,Due,
15310,Saeed Ansari,DEMO-KPT-15310,House No. DCR-425,Street 10,North Karachi,4,5,Commercial,Saeed Ansari,Tahmina Kamboh,Verified,Paid,Clear,Due,
10224,Shumaila Magsi,DEMO-KPT-10224,House No. DR-711,Street 15,North Karachi,4,5,Commercial,Shumaila Magsi,Maimoona Tahir,Pending,Due,Under Review,Due,
3411,Sadia Kalhoro,DEMO-KPT-3411,House No. D-651,Street 16,North Karachi,4,5,Commercial,Sadia Kalhoro,Hadi Kiani,Verified,Due,Issue Found,Paid,
10222,Wahab Saleem,DEMO-KPT-10222,House No. BB-311,Street 17,North Karachi,4,5,Commercial,Wahab Saleem,Manzoor Peerzada,Litigated,Paid,Clear,Due,
15265,Ashar Magsi,DEMO-KPT-15265,House No. RDC-868,Street 17,North Karachi,4,5,Commercial,Ashar Magsi,Amber Saif,Verified,Due,Under Review,Due,
13700,Arslan Popalzai,DEMO-KPT-13700,House No. RCD-570,Street 18,North Karachi,4,5,Commercial,Arslan Popalzai,Haris Peerzada,Litigated,Paid,Issue Found,Due,
5214,Azka Wattoo,DEMO-KPT-5214,House No. CB-713,Street 25,North Karachi,4,5,Commercial,Azka Wattoo,Sehrish Zaman,Pending,Paid,Clear,Due,
5142,Yahya Umer,DEMO-KPT-5142,House No. BD-540,Street 26,North Karachi,4,5,Commercial,Yahya Umer,Kabeer Kalhoro,Litigated,Paid,Clear,Due,
3451,Syeda Kamboh,DEMO-KPT-3451,House No. C-533,Street 27,North Karachi,4,5,Commercial,Syeda Kamboh,Dilshad Kamal,Pending,Due,Under Review,Paid,
8734,Rizwaan Chaudhry,DEMO-KPT-8734,House No. DR-817,Street 1,North Karachi,5,5,Commercial,Rizwaan Chaudhry,Saleem Nadeem,Litigated,Paid,Issue Found,Paid,
1904,Palwasha Hussain,DEMO-KPT-1904,House No. B-535,Street 6,North Karachi,5,5,Commercial,Palwasha Hussain,Palwasha Marri,Litigated,Due,Issue Found,Paid,
13778,Mahjabeen Saleem,DEMO-KPT-13778,House No. DRC-646,Street 7,North Karachi,5,5,Commercial,Mahjabeen Saleem,Mansha Afridi,Litigated,Due,Clear,Paid,
1810,Bakht Javed,DEMO-KPT-1810,House No. B-538,Street 10,North Karachi,5,5,Commercial,Bakht Javed,Zuha Tanvir,Verified,Paid,Clear,Due,
12013,Ghazala Mansoor,DEMO-KPT-12013,House No. CC-888,Street 13,North Karachi,5,5,Commercial,Ghazala Mansoor,Munir Mansoor,Litigated,Due,Under Review,Due,
6944,Haseeb Mustafa,DEMO-KPT-6944,House No. DC-320,Street 23,North Karachi,5,5,Commercial,Haseeb Mustafa,Luqman Gondal,Litigated,Due,Issue Found,Paid,
11990,Mahir Yaqoob,DEMO-KPT-11990,House No. DD-878,Street 23,North Karachi,5,5,Commercial,Mahir Yaqoob,Imtiaz Chandio,Verified,Due,Clear,Paid,
7017,Tehmina Dogar,DEMO-KPT-7017,House No. DB-308,Street 24,North Karachi,5,5,Commercial,Tehmina Dogar,Nazia Bhat,Litigated,Due,Issue Found,Paid,
10339,Rauf Ansari,DEMO-KPT-10339,House No. DR-562,Street 24,North Karachi,5,5,Commercial,Rauf Ansari,Haroon Parvez,Verified,Paid,Clear,Due,
8705,Madiha Nasar,DEMO-KPT-8705,House No. DD-679,Street 25,North Karachi,5,5,Commercial,Madiha Nasar,Laila Sohu,Pending,Due,Clear,Paid,
10308,Yaqoob Joiya,DEMO-KPT-10308,House No. CR-550,Street 26,North Karachi,5,5,Commercial,Yaqoob Joiya,Mubashra Naqvi,Verified,Due,Under Review,Paid,
11995,Zartaj Akhtar,DEMO-KPT-11995,House No. RR-443,Street 26,North Karachi,5,5,Commercial,Zartaj Akhtar,Shafiq Chattha,Litigated,Paid,Issue Found,Due,
12028,Zayan Chaudhry,DEMO-KPT-12028,House No. RC-409,Street 26,North Karachi,5,5,Commercial,Zayan Chaudhry,Komal Naseem,Verified,Paid,Issue Found,Due,
13795,Hidayat Mustafa,DEMO-KPT-13795,House No. BCR-802,Street 26,North Karachi,5,5,Commercial,Hidayat Mustafa,Haziq Cheema,Litigated,Paid,Issue Found,Due,
15318,Qayyum Imran,DEMO-KPT-15318,House No. BRD-373,Street 26,North Karachi,5,5,Commercial,Qayyum Imran,Rehana Zubair,Verified,Paid,Under Review,Paid,
5251,Laraib Shafi,DEMO-KPT-5251,House No. DR-825,Street 27,North Karachi,5,5,Commercial,Laraib Shafi,Nasrullah Baloch,Pending,Due,Under Review,Paid,
6963,Qudrat Leghari,DEMO-KPT-6963,House No. BB-328,Street 28,North Karachi,5,5,Commercial,Qudrat Leghari,Zubaida Sheikh,Litigated,Paid,Issue Found,Paid,
15370,Sehrish Durrani,DEMO-KPT-15370,House No. BDR-422,Street 30,North Karachi,5,5,Commercial,Sehrish Durrani,Iqbal Khuhro,Litigated,Due,Under Review,Paid,
12062,Afzal Tareen,DEMO-KPT-12062,House No. DR-681,Street 2,North Karachi,6,5,Commercial,Afzal Tareen,Riaz Mustafa,Verified,Due,Clear,Due,
8789,Shehzad Shinwari,DEMO-KPT-8789,House No. DB-733,Street 5,North Karachi,6,5,Commercial,Shehzad Shinwari,Syeda Sardar,Verified,Paid,Clear,Paid,
1936,Sitara Bhutto,DEMO-KPT-1936,House No. R-324,Street 12,North Karachi,6,5,Commercial,Sitara Bhutto,Rafia Laghari,Verified,Paid,Under Review,Due,
10375,Iftikhar Bettani,DEMO-KPT-10375,House No. RR-346,Street 12,North Karachi,6,5,Commercial,Iftikhar Bettani,Atif Cheena,Verified,Paid,Under Review,Due,
12115,Nawal Haral,DEMO-KPT-12115,House No. DD-813,Street 17,North Karachi,6,5,Commercial,Nawal Haral,Vaqar Shafi,Verified,Due,Under Review,Due,
1924,Ifrah Tunio,DEMO-KPT-1924,House No. R-423,Street 18,North Karachi,6,5,Commercial,Ifrah Tunio,Ijaz Anwar,Litigated,Paid,Issue Found,Paid,
3599,Alina Lashari,DEMO-KPT-3599,House No. C-435,Street 22,North Karachi,6,5,Commercial,Alina Lashari,Asma Mirani,Verified,Paid,Under Review,Due,
1946,Yusuf Buriro,DEMO-KPT-1946,House No. D-466,Street 23,North Karachi,6,5,Commercial,Yusuf Buriro,Fida Warsi,Litigated,Paid,Under Review,Due,
1949,Shahid Daudzai,DEMO-KPT-1949,House No. D-563,Street 25,North Karachi,6,5,Commercial,Shahid Daudzai,Qudrat Khokhar,Litigated,Due,Issue Found,Paid,
15546,Fareed Javed,DEMO-KPT-15546,House No. BRC-411,Street 1,North Karachi,7,5,Commercial,Fareed Javed,Mariam Ahmed,Verified,Paid,Under Review,Due,
5427,Tahira Mohammadzai,DEMO-KPT-5427,House No. DC-358,Street 2,North Karachi,7,5,Commercial,Tahira Mohammadzai,Mazhar Gill,Pending,Due,Under Review,Paid,
2039,Sheeba Hashmi,DEMO-KPT-2039,House No. R-631,Street 5,North Karachi,7,5,Commercial,Sheeba Hashmi,Rizwan Bajwa,Verified,Paid,Clear,Paid,
15539,Umaima Rizvi,DEMO-KPT-15539,House No. CDR-679,Street 5,North Karachi,7,5,Commercial,Umaima Rizvi,Wajid Latif,Verified,Paid,Clear,Paid,
8828,Qasim Mohmand,DEMO-KPT-8828,House No. RD-302,Street 7,North Karachi,7,5,Commercial,Qasim Mohmand,Rizwaan Mahsud,Litigated,Due,Clear,Paid,
7225,Hanzala Gill,DEMO-KPT-7225,House No. RC-497,Street 12,North Karachi,7,5,Commercial,Hanzala Gill,Saad Dreshak,Verified,Paid,Under Review,Due,
8863,Mishal Dar,DEMO-KPT-8863,House No. BB-655,Street 13,North Karachi,7,5,Commercial,Mishal Dar,Ayeza Lari,Litigated,Due,Under Review,Due,
8874,Fakhar Hanif,DEMO-KPT-8874,House No. CD-718,Street 15,North Karachi,7,5,Commercial,Fakhar Hanif,Nafisa Javed,Pending,Due,Under Review,Due,
8872,Rameez Hayat,DEMO-KPT-8872,House No. BR-718,Street 17,North Karachi,7,5,Commercial,Rameez Hayat,Nigar Bajwa,Litigated,Paid,Clear,Due,
13915,Sikandar Bhat,DEMO-KPT-13915,House No. CBR-485,Street 17,North Karachi,7,5,Commercial,Sikandar Bhat,Sabih Shakeel,Verified,Due,Under Review,Due,
3663,Ruqayya Laghari,DEMO-KPT-3663,House No. C-326,Street 18,North Karachi,7,5,Commercial,Ruqayya Laghari,Urwa Hashmi,Verified,Due,Issue Found,Due,
7263,Nosheen Kayani,DEMO-KPT-7263,House No. CD-539,Street 18,North Karachi,7,5,Commercial,Nosheen Kayani,Yameen Ijaz,Verified,Due,Issue Found,Due,
12195,Sahil Mazari,DEMO-KPT-12195,House No. BB-304,Street 19,North Karachi,7,5,Commercial,Sahil Mazari,Zaib Bhat,Litigated,Paid,Issue Found,Paid,
12197,Shagufta Dayo,DEMO-KPT-12197,House No. CR-329,Street 21,North Karachi,7,5,Commercial,Shagufta Dayo,Farhan Memon,Verified,Paid,Under Review,Due,
5428,Sagheer Shakir,DEMO-KPT-5428,House No. DD-497,Street 23,North Karachi,7,5,Commercial,Sagheer Shakir,Ashraf Sadiq,Verified,Paid,Clear,Paid,
7228,Shahzad Ghani,DEMO-KPT-7228,House No. RR-402,Street 23,North Karachi,7,5,Commercial,Shahzad Ghani,Firdous Rashid,Verified,Paid,Clear,Paid,
5389,Tabassum Korai,DEMO-KPT-5389,House No. RD-817,Street 24,North Karachi,7,5,Commercial,Tabassum Korai,Wasim Nawaz,Verified,Paid,Clear,Due,
2084,Zafar Janjua,DEMO-KPT-2084,House No. C-857,Street 25,North Karachi,7,5,Commercial,Zafar Janjua,Nosheen Zaman,Litigated,Paid,Clear,Due,
10499,Luqman Mengal,DEMO-KPT-10499,House No. RD-457,Street 25,North Karachi,7,5,Commercial,Luqman Mengal,Tariq Dawood,Litigated,Due,Issue Found,Paid,
5418,Noaman Lakhani,DEMO-KPT-5418,House No. BD-403,Street 26,North Karachi,7,5,Commercial,Noaman Lakhani,Asim Sandhu,Verified,Paid,Under Review,Paid,
12168,Basit Popalzai,DEMO-KPT-12168,House No. CC-410,Street 26,North Karachi,7,5,Commercial,Basit Popalzai,Esha Nasar,Verified,Paid,Under Review,Paid,
13908,Ammar Cheema,DEMO-KPT-13908,House No. BDC-488,Street 26,North Karachi,7,5,Commercial,Ammar Cheema,Naila Unar,Verified,Due,Under Review,Paid,
2025,Noman Bhittani,DEMO-KPT-2025,House No. C-610,Street 27,North Karachi,7,5,Commercial,Noman Bhittani,Manzoor Gakhar,Verified,Due,Under Review,Due,
3738,Tabassum Magsi,DEMO-KPT-3738,House No. B-347,Street 3,North Karachi,8,5,Commercial,Tabassum Magsi,Shafiq Zaman,Pending,Paid,Under Review,Paid,
2146,Farzana Durrani,DEMO-KPT-2146,House No. D-516,Street 5,North Karachi,8,5,Commercial,Farzana Durrani,Wania Aslam,Pending,Due,Under Review,Due,
10590,Beenish Tiwana,DEMO-KPT-10590,House No. CR-610,Street 6,North Karachi,8,5,Commercial,Beenish Tiwana,Farrukh Memon,Pending,Due,Issue Found,Paid,
12284,Ehsan Peerzada,DEMO-KPT-12284,House No. DR-392,Street 18,North Karachi,8,5,Commercial,Ehsan Peerzada,Raza Unar,Verified,Paid,Under Review,Due,
15607,Numan Shakir,DEMO-KPT-15607,House No. BRC-811,Street 19,North Karachi,8,5,Commercial,Numan Shakir,Huma Sardar,Litigated,Paid,Clear,Paid,
15617,Kanwal Mohammadzai,DEMO-KPT-15617,House No. CDB-341,Street 20,North Karachi,8,5,Commercial,Kanwal Mohammadzai,Zubaida Khuhro,Verified,Due,Under Review,Due,
10570,Aneela Hoti,DEMO-KPT-10570,House No. BR-383,Street 21,North Karachi,8,5,Commercial,Aneela Hoti,Shahida Mahesar,Pending,Paid,Clear,Due,
8999,Tahmina Sandhu,DEMO-KPT-8999,House No. RD-866,Street 22,North Karachi,8,5,Commercial,Tahmina Sandhu,Amna Saeed,Verified,Paid,Under Review,Due,
2095,Hasnain Afridi,DEMO-KPT-2095,House No. B-823,Street 26,North Karachi,8,5,Commercial,Hasnain Afridi,Kamran Panezai,Litigated,Paid,Issue Found,Due,
2133,Arham Samo,DEMO-KPT-2133,House No. R-813,Street 26,North Karachi,8,5,Commercial,Arham Samo,Tamkeen Sadiq,Litigated,Paid,Under Review,Due,
2101,Mukhtar Popalzai,DEMO-KPT-2101,House No. B-776,Street 27,North Karachi,8,5,Commercial,Mukhtar Popalzai,Mahreen Bettani,Pending,Due,Under Review,Paid,
15601,Rabia Mehmood,DEMO-KPT-15601,House No. DCB-863,Street 27,North Karachi,8,5,Commercial,Rabia Mehmood,Tabassum Lodhi,Pending,Due,Under Review,Paid,
14043,Ayaz Dar,DEMO-KPT-14043,House No. BCD-350,Street 29,North Karachi,8,5,Commercial,Ayaz Dar,Imad Zardari,Litigated,Paid,Issue Found,Paid,
3854,Kamil Bhittani,DEMO-KPT-3854,House No. RR-890,Street 1,North Karachi,9,5,Commercial,Kamil Bhittani,Firdous Riaz,Litigated,Due,Under Review,Paid,
15685,Nigar Daudzai,DEMO-KPT-15685,House No. CDR-718,Street 3,North Karachi,9,5,Commercial,Nigar Daudzai,Lina Akhtar,Litigated,Due,Issue Found,Paid,
10696,Kabeer Mazari,DEMO-KPT-10696,House No. CD-808,Street 5,North Karachi,9,5,Commercial,Kabeer Mazari,Daniya Qadri,Pending,Due,Under Review,Due,
2181,Zarar Bhutto,DEMO-KPT-2181,House No. R-306,Street 6,North Karachi,9,5,Commercial,Zarar Bhutto,Laraib Virk,Litigated,Due,Clear,Due,
2260,Tehmina Bhittani,DEMO-KPT-2260,House No. B-644,Street 10,North Karachi,9,5,Commercial,Tehmina Bhittani,Samina Lodhi,Verified,Paid,Clear,Due,
7382,Erum Lone,DEMO-KPT-7382,House No. CR-720,Street 12,North Karachi,9,5,Commercial,Erum Lone,Salahuddin Gandapur,Pending,Paid,Clear,Paid,
2222,Sanam Bugti,DEMO-KPT-2222,House No. R-777,Street 16,North Karachi,9,5,Commercial,Sanam Bugti,Isha Mari,Pending,Paid,Under Review,Due,
7394,Urwa Kalhoro,DEMO-KPT-7394,House No. RB-720,Street 23,North Karachi,9,5,Commercial,Urwa Kalhoro,Shaista Sandhu,Litigated,Due,Issue Found,Paid,
3884,Salma Jafri,DEMO-KPT-3884,House No. DC-363,Street 25,North Karachi,9,5,Commercial,Salma Jafri,Ashar Tiwana,Litigated,Paid,Clear,Due,
7355,Hashir Saeed,DEMO-KPT-7355,House No. CB-434,Street 25,North Karachi,9,5,Commercial,Hashir Saeed,Jibran Niazi,Pending,Due,Clear,Paid,
5592,Ghazanfar Sabri,DEMO-KPT-5592,House No. DR-885,Street 26,North Karachi,9,5,Commercial,Ghazanfar Sabri,Erum Achakzai,Litigated,Paid,Clear,Due,
10690,Mahrukh Ansari,DEMO-KPT-10690,House No. CC-872,Street 26,North Karachi,9,5,Commercial,Mahrukh Ansari,Zara Yaqoob,Verified,Paid,Under Review,Due,
12375,Saif Mirani,DEMO-KPT-12375,House No. DB-885,Street 27,North Karachi,9,5,Commercial,Saif Mirani,Ammar Warsi,Verified,Due,Under Review,Due,
5613,Zarmeen Kayani,DEMO-KPT-5613,House No. CB-711,Street 28,North Karachi,9,5,Commercial,Zarmeen Kayani,Aleena Lone,Litigated,Paid,Issue Found,Paid,
5654,Hamid Hanif,DEMO-KPT-5654,House No. RB-523,Street 1,North Karachi,10,5,Commercial,Hamid Hanif,Majid Turk,Litigated,Due,Under Review,Paid,
3985,Yusuf Raza,DEMO-KPT-3985,House No. RB-466,Street 3,North Karachi,10,5,Commercial,Yusuf Raza,Asim Soomro,Litigated,Due,Issue Found,Paid,
10726,Munir Rafique,DEMO-KPT-10726,House No. DC-561,Street 8,North Karachi,10,5,Commercial,Munir Rafique,Saba Aslam,Litigated,Due,Under Review,Paid,
3995,Saleha Ghaffar,DEMO-KPT-3995,House No. BR-527,Street 10,North Karachi,10,5,Commercial,Saleha Ghaffar,Jawad Rajper,Litigated,Paid,Clear,Paid,
15788,Sonia Shinwari,DEMO-KPT-15788,House No. CBD-836,Street 10,North Karachi,10,5,Commercial,Sonia Shinwari,Hafeez Warsi,Verified,Paid,Issue Found,Due,
14155,Bushra Gilani,DEMO-KPT-14155,House No. CBR-432,Street 11,North Karachi,10,5,Commercial,Bushra Gilani,Erum Gabol,Verified,Due,Under Review,Paid,
10765,Saleem Achakzai,DEMO-KPT-10765,House No. BC-710,Street 17,North Karachi,10,5,Commercial,Saleem Achakzai,Shaheen Gabol,Verified,Due,Under Review,Due,
9134,Shagufta Naqvi,DEMO-KPT-9134,House No. DD-424,Street 18,North Karachi,10,5,Commercial,Shagufta Naqvi,Safa Tarar,Verified,Paid,Under Review,Due,
12438,Shaheen Tanoli,DEMO-KPT-12438,House No. DC-640,Street 19,North Karachi,10,5,Commercial,Shaheen Tanoli,Khalid Pirzada,Verified,Paid,Clear,Paid,
14170,Sharjeel Abbasi,DEMO-KPT-14170,House No. DCR-342,Street 21,North Karachi,10,5,Commercial,Sharjeel Abbasi,Uzma Shafiq,Pending,Paid,Clear,Due,
15749,Nouman Bijarani,DEMO-KPT-15749,House No. RBD-733,Street 22,North Karachi,10,5,Commercial,Nouman Bijarani,Mohib Shafiq,Verified,Paid,Under Review,Due,
2396,Nighat Bhat,DEMO-KPT-2396,House No. R-686,Street 23,North Karachi,10,5,Commercial,Nighat Bhat,Wasim Mazari,Litigated,Paid,Under Review,Due,
12417,Javaria Lughmani,DEMO-KPT-12417,House No. CD-770,Street 24,North Karachi,10,5,Commercial,Javaria Lughmani,Aryan Ahmed,Litigated,Due,Issue Found,Paid,
7425,Shahid Wani,DEMO-KPT-7425,House No. DC-557,Street 27,North Karachi,10,5,Commercial,Shahid Wani,Asifa Jogezai,Verified,Due,Under Review,Due,
12451,Shehzad Naqvi,DEMO-KPT-12451,House No. BB-329,Street 27,North Karachi,10,5,Commercial,Shehzad Naqvi,Rauf Niazi,Pending,Due,Under Review,Paid,
7411,Yousaf Afridi,DEMO-KPT-7411,House No. BC-401,Street 29,North Karachi,10,5,Commercial,Yousaf Afridi,Sitara Samo,Litigated,Due,Issue Found,Due,
2320,Shahida Zafar,DEMO-KPT-2320,House No. B-807,Street 30,North Karachi,10,5,Commercial,Shahida Zafar,Owais Abbasi,Litigated,Due,Under Review,Paid,
15934,Iffat Marwat,DEMO-KPT-15934,House No. RDC-630,Street 1,North Karachi,11,5,Commercial,Iffat Marwat,Nighat Lashari,Litigated,Paid,Issue Found,Paid,
5762,Zamzam Shakeel,DEMO-KPT-5762,House No. DD-635,Street 2,North Karachi,11,5,Commercial,Zamzam Shakeel,Musa Sipra,Verified,Due,Clear,Due,
10827,Minahil Khattak,DEMO-KPT-10827,House No. RD-847,Street 2,North Karachi,11,5,Commercial,Minahil Khattak,Tamim Kidwai,Pending,Due,Under Review,Paid,
15948,Sehrish Gandapur,DEMO-KPT-15948,House No. DCR-509,Street 3,North Karachi,11,5,Commercial,Sehrish Gandapur,Sara Ansari,Pending,Due,Clear,Paid,
5795,Hafsa Shinwari,DEMO-KPT-5795,House No. CC-488,Street 10,North Karachi,11,5,Commercial,Hafsa Shinwari,Sahrish Wattoo,Litigated,Paid,Clear,Paid,
10810,Tahreem Tariq,DEMO-KPT-10810,House No. CB-637,Street 10,North Karachi,11,5,Commercial,Tahreem Tariq,Maira Zardari,Verified,Paid,Clear,Due,
2426,Farooq Imran,DEMO-KPT-2426,House No. B-864,Street 12,North Karachi,11,5,Commercial,Farooq Imran,Amber Jaffri,Litigated,Paid,Under Review,Due,
12463,Hanzala Javed,DEMO-KPT-12463,House No. DC-445,Street 13,North Karachi,11,5,Commercial,Hanzala Javed,Sehar Shakir,Litigated,Due,Under Review,Due,
14272,Minhaj Magsi,DEMO-KPT-14272,House No. BDC-713,Street 17,North Karachi,11,5,Commercial,Minhaj Magsi,Mina Bijarani,Litigated,Paid,Clear,Due,
4046,Malaika Hussain,DEMO-KPT-4046,House No. CD-630,Street 19,North Karachi,11,5,Commercial,Malaika Hussain,Mohsin Talpur,Litigated,Paid,Clear,Paid,
2470,Nabeeha Abbasi,DEMO-KPT-2470,House No. B-308,Street 21,North Karachi,11,5,Commercial,Nabeeha Abbasi,Qayyum Nadeem,Pending,Paid,Clear,Due,
2444,Batool Hafeez,DEMO-KPT-2444,House No. R-358,Street 23,North Karachi,11,5,Commercial,Batool Hafeez,Tooba Bhat,Litigated,Due,Issue Found,Paid,
9146,Siddique Abro,DEMO-KPT-9146,House No. RB-456,Street 23,North Karachi,11,5,Commercial,Siddique Abro,Numan Mazari,Litigated,Paid,Under Review,Due,
14217,Mahnoor Chattha,DEMO-KPT-14217,House No. BCD-456,Street 24,North Karachi,11,5,Commercial,Mahnoor Chattha,Ahad Tarar,Litigated,Due,Issue Found,Paid,
15899,Wahab Nasar,DEMO-KPT-15899,House No. DBR-798,Street 25,North Karachi,11,5,Commercial,Wahab Nasar,Naureen Kharal,Litigated,Due,Issue Found,Paid,
5733,Mubeen Kidwai,DEMO-KPT-5733,House No. RB-489,Street 26,North Karachi,11,5,Commercial,Mubeen Kidwai,Aleeza Bashir,Litigated,Paid,Under Review,Due,
2463,Rukhsana Dawood,DEMO-KPT-2463,House No. C-769,Street 28,North Karachi,11,5,Commercial,Rukhsana Dawood,Emaan Bhittani,Litigated,Paid,Issue Found,Paid,
9213,Tahira Kasi,DEMO-KPT-9213,House No. RD-478,Street 28,North Karachi,11,5,Commercial,Tahira Kasi,Taimur Butt,Litigated,Paid,Issue Found,Paid,
10852,Azan Jogezai,DEMO-KPT-10852,House No. CD-759,Street 29,North Karachi,11,5,Commercial,Azan Jogezai,Irum Ranjha,Pending,Paid,Clear,Due,
9246,Afzal Shaikh,DEMO-KPT-9246,House No. BC-319,Street 1,North Karachi,12,5,Commercial,Afzal Shaikh,Shahzadi Yasin,Verified,Paid,Under Review,Due,
10938,Aashir Bhat,DEMO-KPT-10938,House No. BD-377,Street 3,North Karachi,12,5,Commercial,Aashir Bhat,Hanzala Tanvir,Pending,Paid,Under Review,Paid,
14335,Sarfraz Ghazali,DEMO-KPT-14335,House No. DBR-306,Street 3,North Karachi,12,5,Commercial,Sarfraz Ghazali,Qasim Zubairi,Litigated,Due,Issue Found,Paid,
10904,Emaad Khokhar,DEMO-KPT-10904,House No. RC-685,Street 6,North Karachi,12,5,Commercial,Emaad Khokhar,Abeera Mazari,Litigated,Due,Issue Found,Paid,
14331,Mehmood Randhawa,DEMO-KPT-14331,House No. RBC-343,Street 6,North Karachi,12,5,Commercial,Mehmood Randhawa,Nawaz Bukhari,Litigated,Due,Clear,Due,
2477,Raheela Gandapur,DEMO-KPT-2477,House No. B-898,Street 7,North Karachi,12,5,Commercial,Raheela Gandapur,Aleena Saif,Pending,Due,Issue Found,Paid,
2528,Batool Mirani,DEMO-KPT-2528,House No. B-450,Street 7,North Karachi,12,5,Commercial,Batool Mirani,Fozia Junejo,Litigated,Due,Clear,Paid,
5860,Rehana Butt,DEMO-KPT-5860,House No. BR-588,Street 10,North Karachi,12,5,Commercial,Rehana Butt,Mubashra Rind,Verified,Paid,Clear,Due,
5822,Numan Raza,DEMO-KPT-5822,House No. BC-395,Street 16,North Karachi,12,5,Commercial,Numan Raza,Asim Mengal,Pending,Paid,Under Review,Due,
7634,Marwa Tarar,DEMO-KPT-7634,House No. CC-721,Street 16,North Karachi,12,5,Commercial,Marwa Tarar,Sharmeen Saleem,Pending,Paid,Under Review,Paid,
4113,Irtaza Kamboh,DEMO-KPT-4113,House No. CD-671,Street 18,North Karachi,12,5,Commercial,Irtaza Kamboh,Mohib Zardari,Verified,Due,Issue Found,Due,
4184,Ghulam Korai,DEMO-KPT-4184,House No. RD-390,Street 18,North Karachi,12,5,Commercial,Ghulam Korai,Mahira Ilyas,Verified,Paid,Under Review,Due,
5895,Sabih Mehmood,DEMO-KPT-5895,House No. BD-746,Street 19,North Karachi,12,5,Commercial,Sabih Mehmood,Humaira Daudzai,Litigated,Paid,Issue Found,Paid,
16038,Malaika Lashari,DEMO-KPT-16038,House No. BDR-733,Street 19,North Karachi,12,5,Commercial,Malaika Lashari,Ubaid Kalhoro,Verified,Paid,Clear,Paid,
9220,Emaan Lakhani,DEMO-KPT-9220,House No. DD-591,Street 21,North Karachi,12,5,Commercial,Emaan Lakhani,Rubab Yazdani,Pending,Paid,Clear,Due,
4165,Rizwaan Abbasi,DEMO-KPT-4165,House No. BR-329,Street 24,North Karachi,12,5,Commercial,Rizwaan Abbasi,Mazhar Achakzai,Pending,Paid,Issue Found,Paid,
5839,Qayyum Chattha,DEMO-KPT-5839,House No. RD-613,Street 24,North Karachi,12,5,Commercial,Qayyum Chattha,Nailah Chattha,Verified,Paid,Clear,Due,
9295,Bisma Marwat,DEMO-KPT-9295,House No. RD-487,Street 26,North Karachi,12,5,Commercial,Bisma Marwat,Hamid Bugti,Litigated,Paid,Issue Found,Due,
12558,Bisma Gill,DEMO-KPT-12558,House No. BR-716,Street 26,North Karachi,12,5,Commercial,Bisma Gill,Mohsin Mohammadzai,Verified,Due,Under Review,Paid,
2475,Shazia Baig,DEMO-KPT-2475,House No. R-382,Street 27,North Karachi,12,5,Commercial,Shazia Baig,Asma Niazi,Verified,Due,Under Review,Due,
5988,Yasir Zahid,DEMO-KPT-5988,House No. DB-511,Street 3,North Karachi,13,5,Commercial,Yasir Zahid,Sufyan Qadir,Pending,Paid,Under Review,Paid,
2553,Laraib Sipra,DEMO-KPT-2553,House No. D-540,Street 8,North Karachi,13,5,Commercial,Laraib Sipra,Mehak Bugti,Pending,Paid,Under Review,Due,
12610,Bilquis Yazdani,DEMO-KPT-12610,House No. DC-436,Street 10,North Karachi,13,5,Commercial,Bilquis Yazdani,Mehreen Gabol,Verified,Paid,Clear,Due,
10976,Rayyan Sandhu,DEMO-KPT-10976,House No. DR-459,Street 12,North Karachi,13,5,Commercial,Rayyan Sandhu,Shehryar Mehmood,Litigated,Paid,Under Review,Due,
10982,Mohsin Qadri,DEMO-KPT-10982,House No. BC-481,Street 12,North Karachi,13,5,Commercial,Mohsin Qadri,Irtaza Kiani,Pending,Paid,Clear,Paid,
5937,Arisha Magsi,DEMO-KPT-5937,House No. CB-372,Street 15,North Karachi,13,5,Commercial,Arisha Magsi,Aleeza Shah,Pending,Paid,Issue Found,Paid,
14384,Maimoona Dayo,DEMO-KPT-14384,House No. RCB-897,Street 16,North Karachi,13,5,Commercial,Maimoona Dayo,Atiya Sipra,Pending,Paid,Under Review,Paid,
16057,Zayan Palijo,DEMO-KPT-16057,House No. CRB-569,Street 19,North Karachi,13,5,Commercial,Zayan Palijo,Abid Niazi,Litigated,Paid,Clear,Paid,
4270,Imad Rashid,DEMO-KPT-4270,House No. RC-620,Street 21,North Karachi,13,5,Commercial,Imad Rashid,Hoorain Parvez,Pending,Paid,Clear,Due,
14399,Sadia Alvi,DEMO-KPT-14399,House No. BCR-481,Street 22,North Karachi,13,5,Commercial,Sadia Alvi,Farrukh Rind,Verified,Paid,Under Review,Due,
7724,Kabeer Sultan,DEMO-KPT-7724,House No. RC-890,Street 23,North Karachi,13,5,Commercial,Kabeer Sultan,Rakhshanda Ghani,Verified,Due,Issue Found,Due,
10992,Shamim Wazir,DEMO-KPT-10992,House No. CD-679,Street 26,North Karachi,13,5,Commercial,Shamim Wazir,Mahnaz Bajwa,Litigated,Paid,Clear,Due,
11013,Fiza Nawaz,DEMO-KPT-11013,House No. BR-897,Street 28,North Karachi,13,5,Commercial,Fiza Nawaz,Jamil Hanif,Litigated,Paid,Issue Found,Paid,
4261,Sadiq Rafique,DEMO-KPT-4261,House No. BC-529,Street 29,North Karachi,13,5,Commercial,Sadiq Rafique,Minhaj Tareen,Litigated,Due,Issue Found,Due,
14350,Saeeda Mughal,DEMO-KPT-14350,House No. RBD-402,Street 29,North Karachi,13,5,Commercial,Saeeda Mughal,Samad Lari,Pending,Paid,Clear,Due,
12634,Beenish Rind,DEMO-KPT-12634,House No. DD-588,Street 30,North Karachi,13,5,Commercial,Beenish Rind,Anas Saif,Verified,Paid,Issue Found,Due,
14434,Shayan Dar,DEMO-KPT-14434,House No. BRD-499,Street 30,North Karachi,13,5,Commercial,Shayan Dar,Ayesha Ansari,Verified,Paid,Issue Found,Due,
11046,Marwa Joiya,DEMO-KPT-11046,House No. CB-656,Street 1,North Karachi,14,5,Commercial,Marwa Joiya,Sagheer Alvi,Verified,Paid,Under Review,Due,
2635,Shafaq Nadeem,DEMO-KPT-2635,House No. C-439,Street 3,North Karachi,14,5,Commercial,Shafaq Nadeem,Kabeer Khosa,Litigated,Due,Issue Found,Paid,
14504,Ghazala Umer,DEMO-KPT-14504,House No. DBR-514,Street 6,North Karachi,14,5,Commercial,Ghazala Umer,Sami Jafri,Litigated,Due,Issue Found,Paid,
16131,Shahzad Gilani,DEMO-KPT-16131,House No. DCR-577,Street 6,North Karachi,14,5,Commercial,Shahzad Gilani,Tahreem Dogar,Litigated,Due,Clear,Due,
9383,Furqan Dreshak,DEMO-KPT-9383,House No. RC-888,Street 10,North Karachi,14,5,Commercial,Furqan Dreshak,Murtaza Tariq,Verified,Paid,Under Review,Paid,
5994,Sarfraz Mirza,DEMO-KPT-5994,House No. CD-471,Street 12,North Karachi,14,5,Commercial,Sarfraz Mirza,Mariam Janjua,Pending,Paid,Under Review,Paid,
7786,Faisal Majeed,DEMO-KPT-7786,House No. CD-778,Street 12,North Karachi,14,5,Commercial,Faisal Majeed,Bareera Warsi,Verified,Paid,Under Review,Due,
6050,Mashal Lodhi,DEMO-KPT-6050,House No. RC-669,Street 18,North Karachi,14,5,Commercial,Mashal Lodhi,Tahir Lakhani,Litigated,Paid,Issue Found,Due,
12724,Shahzadi Warraich,DEMO-KPT-12724,House No. CD-850,Street 18,North Karachi,14,5,Commercial,Shahzadi Warraich,Arfa Iqbal,Litigated,Paid,Issue Found,Paid,
14463,Aamir Akhtar,DEMO-KPT-14463,House No. DBC-701,Street 18,North Karachi,14,5,Commercial,Aamir Akhtar,Nigar Pirzada,Verified,Due,Issue Found,Due,
4367,Sabahat Bhat,DEMO-KPT-4367,House No. CR-428,Street 20,North Karachi,14,5,Commercial,Sabahat Bhat,Tasneem Usmani,Verified,Due,Under Review,Due,
9449,Ihsan Ranjha,DEMO-KPT-9449,House No. CR-545,Street 22,North Karachi,14,5,Commercial,Ihsan Ranjha,Wajiha Saif,Verified,Paid,Under Review,Due,
4345,Zunaira Chaudhry,DEMO-KPT-4345,House No. BC-715,Street 26,North Karachi,14,5,Commercial,Zunaira Chaudhry,Sarfraz Farooqi,Litigated,Paid,Issue Found,Due,
4390,Nouman Tahir,DEMO-KPT-4390,House No. RR-887,Street 26,North Karachi,14,5,Commercial,Nouman Tahir,Saba Sial,Verified,Paid,Under Review,Due,
11095,Nigar Minhas,DEMO-KPT-11095,House No. DR-848,Street 26,North Karachi,14,5,Commercial,Nigar Minhas,Hadi Lak,Litigated,Paid,Issue Found,Due,
12693,Omer Korai,DEMO-KPT-12693,House No. DC-417,Street 29,North Karachi,14,5,Commercial,Omer Korai,Nosheen Mehmood,Litigated,Paid,Issue Found,Paid,
11100,Talal Kamal,DEMO-KPT-11100,House No. CR-845,Street 4,North Karachi,15,5,Commercial,Talal Kamal,Shees Mari,Litigated,Due,Clear,Due,
7877,Ammar Majeed,DEMO-KPT-7877,House No. DD-300,Street 7,North Karachi,15,5,Commercial,Ammar Majeed,Hasnain Sultan,Pending,Due,Issue Found,Paid,
12827,Zain Kalhoro,DEMO-KPT-12827,House No. BB-429,Street 7,North Karachi,15,5,Commercial,Zain Kalhoro,Salahuddin Niazi,Pending,Due,Issue Found,Paid,
9511,Iqbal Lughmani,DEMO-KPT-9511,House No. RC-701,Street 16,North Karachi,15,5,Commercial,Iqbal Lughmani,Minhaj Gondal,Pending,Due,Under Review,Paid,
11122,Hamid Mohammadzai,DEMO-KPT-11122,House No. DD-856,Street 17,North Karachi,15,5,Commercial,Hamid Mohammadzai,Asifa Popalzai,Litigated,Paid,Clear,Due,
12800,Khushbu Abro,DEMO-KPT-12800,House No. CB-460,Street 18,North Karachi,15,5,Commercial,Khushbu Abro,Jibran Kalhoro,Litigated,Paid,Issue Found,Due,
14534,Ali Gabol,DEMO-KPT-14534,House No. RCD-604,Street 18,North Karachi,15,5,Commercial,Ali Gabol,Ayeza Nasar,Verified,Paid,Under Review,Due,
14600,Ramsha Mansoor,DEMO-KPT-14600,House No. RCD-342,Street 18,North Karachi,15,5,Commercial,Ramsha Mansoor,Laraib Sahito,Litigated,Paid,Issue Found,Due,
6070,Tahira Samo,DEMO-KPT-6070,House No. BC-866,Street 21,North Karachi,15,5,Commercial,Tahira Samo,Sarfraz Kazmi,Pending,Paid,Clear,Due,
6140,Waheed Ghauri,DEMO-KPT-6140,House No. RD-500,Street 23,North Karachi,15,5,Commercial,Waheed Ghauri,Jawad Saleem,Verified,Due,Clear,Paid,
9478,Aisha Lone,DEMO-KPT-9478,House No. RD-452,Street 23,North Karachi,15,5,Commercial,Aisha Lone,Shafay Bhatti,Verified,Paid,Clear,Paid,
12794,Azeem Naqvi,DEMO-KPT-12794,House No. DD-374,Street 23,North Karachi,15,5,Commercial,Azeem Naqvi,Nageen Saleem,Litigated,Due,Issue Found,Paid,
7852,Usman Nawaz,DEMO-KPT-7852,House No. CR-568,Street 28,North Karachi,15,5,Commercial,Usman Nawaz,Nuzhat Dar,Litigated,Paid,Clear,Due,
9588,Mahrukh Mengal,DEMO-KPT-9588,House No. RD-850,Street 3,North Karachi,16,5,Commercial,Mahrukh Mengal,Rahim Durrani,Pending,Paid,Under Review,Paid,
7950,Moiz Toor,DEMO-KPT-7950,House No. DC-399,Street 4,North Karachi,16,5,Commercial,Moiz Toor,Rehmat Shakir,Litigated,Due,Clear,Due,
14640,Atiya Latif,DEMO-KPT-14640,House No. BRD-870,Street 6,North Karachi,16,5,Commercial,Atiya Latif,Iqbal Chaudhry,Pending,Due,Issue Found,Paid,
7953,Firdous Bhat,DEMO-KPT-7953,House No. BD-613,Street 8,North Karachi,16,5,Commercial,Firdous Bhat,Ahtisham Saeed,Pending,Paid,Under Review,Due,
16238,Azka Wani,DEMO-KPT-16238,House No. CBR-316,Street 10,North Karachi,16,5,Commercial,Azka Wani,Talat Wazir,Verified,Paid,Issue Found,Due,
4561,Sania Zia,DEMO-KPT-4561,House No. CC-622,Street 16,North Karachi,16,5,Commercial,Sania Zia,Aslam Swati,Pending,Due,Under Review,Paid,
14661,Iftikhar Tariq,DEMO-KPT-14661,House No. CDB-551,Street 16,North Karachi,16,5,Commercial,Iftikhar Tariq,Rameez Bhatti,Verified,Due,Issue Found,Paid,
2763,Javeria Wazir,DEMO-KPT-2763,House No. R-562,Street 18,North Karachi,16,5,Commercial,Javeria Wazir,Azka Tanoli,Verified,Due,Issue Found,Due,
12884,Zahra Mahsud,DEMO-KPT-12884,House No. CD-399,Street 25,North Karachi,16,5,Commercial,Zahra Mahsud,Tasneem Durrani,Litigated,Paid,Clear,Due,
9642,Amara Raza,DEMO-KPT-9642,House No. DR-606,Street 26,North Karachi,16,5,Commercial,Amara Raza,Jamil Orakzai,Litigated,Paid,Clear,Due,
12895,Furqan Popalzai,DEMO-KPT-12895,House No. DC-401,Street 26,North Karachi,16,5,Commercial,Furqan Popalzai,Uzma Rabbani,Litigated,Paid,Issue Found,Due,
14625,Farah Baloch,DEMO-KPT-14625,House No. DRB-423,Street 27,North Karachi,16,5,Commercial,Farah Baloch,Yusra Mirani,Verified,Due,Under Review,Due,
2752,Zain Naseem,DEMO-KPT-2752,House No. C-552,Street 29,North Karachi,16,5,Commercial,Zain Naseem,Ishaq Hussain,Pending,Paid,Clear,Due,
6201,Iqbal Zaidi,DEMO-KPT-6201,House No. BB-387,Street 29,North Karachi,16,5,Commercial,Iqbal Zaidi,Yasmeen Parvez,Pending,Paid,Under Review,Due,
7996,Zahida Qureshi,DEMO-KPT-7996,House No. RC-867,Street 5,North Karachi,17,5,Commercial,Zahida Qureshi,Maaz Gandapur,Pending,Due,Under Review,Due,
9655,Saif Sandhu,DEMO-KPT-9655,House No. CR-785,Street 11,North Karachi,17,5,Commercial,Saif Sandhu,Abbas Bijarani,Verified,Due,Under Review,Paid,
4644,Abbas Buriro,DEMO-KPT-4644,House No. DC-778,Street 12,North Karachi,17,5,Commercial,Abbas Buriro,Yaqoob Minhas,Pending,Paid,Under Review,Paid,
4652,Nizam Yousaf,DEMO-KPT-4652,House No. CR-604,Street 12,North Karachi,17,5,Commercial,Nizam Yousaf,Umaima Gill,Litigated,Paid,Under Review,Paid,
14713,Armaghan Qadir,DEMO-KPT-14713,House No. BCD-477,Street 13,North Karachi,17,5,Commercial,Armaghan Qadir,Shabbir Bugti,Litigated,Due,Under Review,Due,
2787,Talal Toor,DEMO-KPT-2787,House No. C-600,Street 15,North Karachi,17,5,Commercial,Talal Toor,Neelam Bettani,Pending,Paid,Issue Found,Paid,
4592,Aneesa Bijarani,DEMO-KPT-4592,House No. CR-534,Street 16,North Karachi,17,5,Commercial,Aneesa Bijarani,Zahid Ansari,Verified,Paid,Under Review,Due,
11311,Aun Yousafzai,DEMO-KPT-11311,House No. BR-711,Street 16,North Karachi,17,5,Commercial,Aun Yousafzai,Sahil Kayani,Pending,Due,Under Review,Paid,
14707,Sadaqat Bangash,DEMO-KPT-14707,House No. DRB-522,Street 19,North Karachi,17,5,Commercial,Sadaqat Bangash,Ahad Bangash,Litigated,Paid,Clear,Paid,
11278,Noaman Bangash,DEMO-KPT-11278,House No. BR-772,Street 23,North Karachi,17,5,Commercial,Noaman Bangash,Nadia Qazi,Verified,Paid,Clear,Paid,
6258,Iqbal Kamal,DEMO-KPT-6258,House No. BC-392,Street 26,North Karachi,17,5,Commercial,Iqbal Kamal,Alina Sipra,Verified,Due,Under Review,Paid,
14695,Hira Marwat,DEMO-KPT-14695,House No. CDR-329,Street 26,North Karachi,17,5,Commercial,Hira Marwat,Sabahat Iqbal,Litigated,Paid,Issue Found,Due,
16411,Sajida Hanif,DEMO-KPT-16411,House No. RDC-702,Street 29,North Karachi,17,5,Commercial,Sajida Hanif,Maham Mughal,Litigated,Due,Issue Found,Due,
2770,Ayeza Mohammadzai,DEMO-KPT-2770,House No. B-307,Street 30,North Karachi,17,5,Commercial,Ayeza Mohammadzai,Husna Chaudhry,Litigated,Due,Under Review,Paid,
4684,Humayun Cheena,DEMO-KPT-4684,House No. DR-446,Street 1,North Karachi,18,5,Commercial,Humayun Cheena,Sadiq Tahir,Litigated,Paid,Issue Found,Paid,
14762,Zeeshan Bijarani,DEMO-KPT-14762,House No. RCD-389,Street 2,North Karachi,18,5,Commercial,Zeeshan Bijarani,Rohail Bhat,Verified,Due,Clear,Due,
11388,Anila Qureshi,DEMO-KPT-11388,House No. RB-663,Street 3,North Karachi,18,5,Commercial,Anila Qureshi,Lubna Achakzai,Pending,Paid,Under Review,Paid,
14724,Hina Cheena,DEMO-KPT-14724,House No. CDR-472,Street 15,North Karachi,18,5,Commercial,Hina Cheena,Sitara Awan,Pending,Due,Under Review,Due,
6361,Ayub Kamal,DEMO-KPT-6361,House No. DC-425,Street 16,North Karachi,18,5,Commercial,Ayub Kamal,Sabahat Gilani,Pending,Due,Under Review,Paid,
9772,Naeem Nasar,DEMO-KPT-9772,House No. RR-321,Street 17,North Karachi,18,5,Commercial,Naeem Nasar,Minhaj Sandhu,Litigated,Paid,Clear,Due,
4702,Madiha Raza,DEMO-KPT-4702,House No. RR-496,Street 28,North Karachi,18,5,Commercial,Madiha Raza,Zohair Ghaffar,Litigated,Paid,Clear,Due,
4713,Ismail Lone,DEMO-KPT-4713,House No. BC-315,Street 28,North Karachi,18,5,Commercial,Ismail Lone,Luqman Joiya,Litigated,Paid,Issue Found,Paid,
8134,Eman Ghaffar,DEMO-KPT-8134,House No. DB-697,Street 30,North Karachi,18,5,Commercial,Eman Ghaffar,Arfa Qazi,Verified,Paid,Issue Found,Due,
16562,Numan Nadeem,DEMO-KPT-16562,House No. DCR-438,Street 2,North Karachi,19,5,Commercial,Numan Nadeem,Mudassar Mughal,Verified,Due,Clear,Due,
4779,Samina Jaffri,DEMO-KPT-4779,House No. DB-716,Street 3,North Karachi,19,5,Commercial,Samina Jaffri,Arbaz Popalzai,Litigated,Paid,Under Review,Paid,
11550,Asim Unar,DEMO-KPT-11550,House No. CB-583,Street 4,North Karachi,19,5,Commercial,Asim Unar,Mohib Naseem,Litigated,Due,Clear,Due,
2978,Talat Ghani,DEMO-KPT-2978,House No. B-715,Street 7,North Karachi,19,5,Commercial,Talat Ghani,Fareed Hashmi,Litigated,Due,Clear,Paid,
6527,Raheel Afridi,DEMO-KPT-6527,House No. RD-715,Street 7,North Karachi,19,5,Commercial,Raheel Afridi,Anila Minhas,Pending,Due,Issue Found,Paid,
9826,Usman Barakzai,DEMO-KPT-9826,House No. BD-512,Street 8,North Karachi,19,5,Commercial,Usman Barakzai,Mahreen Mian,Litigated,Due,Under Review,Paid,
16595,Mubashra Bijarani,DEMO-KPT-16595,House No. RBC-789,Street 10,North Karachi,19,5,Commercial,Mubashra Bijarani,Burhan Shaikh,Litigated,Paid,Clear,Paid,
11432,Ahsan Bajwa,DEMO-KPT-11432,House No. RB-395,Street 12,North Karachi,19,5,Commercial,Ahsan Bajwa,Nighat Bukhari,Pending,Paid,Clear,Paid,
14875,Wajid Bugti,DEMO-KPT-14875,House No. DRC-868,Street 12,North Karachi,19,5,Commercial,Wajid Bugti,Beenish Niazi,Verified,Paid,Under Review,Due,
14846,Hussain Toor,DEMO-KPT-14846,House No. RDC-486,Street 19,North Karachi,19,5,Commercial,Hussain Toor,Sakina Laghari,Litigated,Paid,Clear,Paid,
13165,Sheeba Laghari,DEMO-KPT-13165,House No. CR-354,Street 24,North Karachi,19,5,Commercial,Sheeba Laghari,Sarfraz Baig,Pending,Paid,Issue Found,Paid,
3028,Tariq Rafique,DEMO-KPT-3028,House No. R-694,Street 26,North Karachi,19,5,Commercial,Tariq Rafique,Shahzadi Sial,Verified,Paid,Issue Found,Due,
6492,Wajiha Pasha,DEMO-KPT-6492,House No. CR-363,Street 26,North Karachi,19,5,Commercial,Wajiha Pasha,Maira Kalhoro,Litigated,Paid,Clear,Due,
16608,Zulekha Durrani,DEMO-KPT-16608,House No. BRD-451,Street 26,North Karachi,19,5,Commercial,Zulekha Durrani,Uzma Mehmood,Verified,Due,Under Review,Paid,
8152,Aryan Hayat,DEMO-KPT-8152,House No. CD-340,Street 29,North Karachi,19,5,Commercial,Aryan Hayat,Hassan Shakeel,Pending,Paid,Clear,Due,
8193,Zara Cheena,DEMO-KPT-8193,House No. DB-801,Street 29,North Karachi,19,5,Commercial,Zara Cheena,Batool Majeed,Litigated,Paid,Issue Found,Paid,
14884,Raees Shakeel,DEMO-KPT-14884,House No. RDB-310,Street 30,North Karachi,19,5,Commercial,Raees Shakeel,Sehrish Jamali,Verified,Paid,Issue Found,Due,
6546,Ihtisham Hafeez,DEMO-KPT-6546,House No. CB-373,Street 1,North Karachi,20,5,Commercial,Ihtisham Hafeez,Numan Abro,Verified,Paid,Under Review,Due,
6554,Sarah Zaidi,DEMO-KPT-6554,House No. DB-494,Street 1,North Karachi,20,5,Commercial,Sarah Zaidi,Lina Rind,Litigated,Due,Under Review,Paid,
16677,Fatima Ansari,DEMO-KPT-16677,House No. BDC-682,Street 2,North Karachi,20,5,Commercial,Fatima Ansari,Ahtisham Ghazali,Pending,Due,Under Review,Paid,
13188,Amara Unar,DEMO-KPT-13188,House No. CB-837,Street 3,North Karachi,20,5,Commercial,Amara Unar,Jibran Shakir,Pending,Paid,Under Review,Paid,
3076,Sadaf Bhittani,DEMO-KPT-3076,House No. C-791,Street 8,North Karachi,20,5,Commercial,Sadaf Bhittani,Atif Jafri,Litigated,Due,Under Review,Paid,
13255,Farheen Ansari,DEMO-KPT-13255,House No. DB-490,Street 11,North Karachi,20,5,Commercial,Farheen Ansari,Erum Bhurgri,Verified,Due,Under Review,Paid,
8252,Imtiaz Kharal,DEMO-KPT-8252,House No. RB-554,Street 12,North Karachi,20,5,Commercial,Imtiaz Kharal,Shayan Gill,Litigated,Paid,Under Review,Paid,
9925,Kashaf Aslam,DEMO-KPT-9925,House No. DD-805,Street 12,North Karachi,20,5,Commercial,Kashaf Aslam,Sarah Shaikh,Verified,Paid,Under Review,Due,
9896,Asifa Mahar,DEMO-KPT-9896,House No. BR-447,Street 19,North Karachi,20,5,Commercial,Asifa Mahar,Rohail Rizvi,Litigated,Paid,Clear,Paid,
16695,Zakariya Dayo,DEMO-KPT-16695,House No. CBR-879,Street 19,North Karachi,20,5,Commercial,Zakariya Dayo,Sarmad Naseem,Litigated,Paid,Issue Found,Paid,
13199,Zoya Cheena,DEMO-KPT-13199,House No. BR-715,Street 25,North Karachi,20,5,Commercial,Zoya Cheena,Neha Baloch,Litigated,Due,Issue Found,Paid,
14970,Shafaq Ranjha,DEMO-KPT-14970,House No. BRC-869,Street 25,North Karachi,20,5,Commercial,Shafaq Ranjha,Sibtain Bettani,Pending,Due,Under Review,Paid,
3108,Salahuddin Sial,DEMO-KPT-3108,House No. D-761,Street 26,North Karachi,20,5,Commercial,Salahuddin Sial,Shahzad Mian,Verified,Due,Under Review,Paid,
15042,Nizam Sohu,DEMO-KPT-15042,House No. RDC-727,Street 26,North Karachi,20,5,Commercial,Nizam Sohu,Nabeeha Gabol,Litigated,Paid,Clear,Due,
4851,Nida Kayani,DEMO-KPT-4851,House No. BC-720,Street 29,North Karachi,20,5,Commercial,Nida Kayani,Minahil Sardar,Pending,Paid,Under Review,Due,
13261,Aryan Sial,DEMO-KPT-13261,House No. CD-749,Street 29,North Karachi,20,5,Commercial,Aryan Sial,Yasmeen Yaqoob,Litigated,Due,Issue Found,Due,
14943,Sabih Soomro,DEMO-KPT-14943,House No. DCB-455,Street 29,North Karachi,20,5,Commercial,Sabih Soomro,Wahab Zia,Litigated,Paid,Issue Found,Paid,
1486,Tabish Mustafa,DEMO-KPT-1486,House No. B-713,Street 12,North Nazimabad,1,5,Commercial,Tabish Mustafa,Ejaz Cheema,Verified,Paid,Under Review,Due,
1034,Salman Haider,DEMO-KPT-1034,House No. A-903,Street 18,North Nazimabad,1,5,Commercial,Salman Haider,Ayesha Mirza,Verified,Paid,Under Review,Due,
8220,Ghazala Jafri,DEMO-KPT-8220,House No. RR-323,Street 25,North Nazimabad,1,5,Commercial,Ghazala Jafri,Asim Ansari,Pending,Due,Under Review,Paid,
8170,Aqib Warsi,DEMO-KPT-8170,House No. BC-689,Street 30,North Nazimabad,1,5,Commercial,Aqib Warsi,Osama Toor,Litigated,Due,Under Review,Paid,
14470,Nawaz Jamali,DEMO-KPT-14470,House No. DRC-602,Street 30,North Nazimabad,1,5,Commercial,Nawaz Jamali,Zohair Shakir,Litigated,Due,Under Review,Paid,
11426,Asad Saleem,DEMO-KPT-11426,House No. CR-654,Street 12,North Nazimabad,2,5,Commercial,Asad Saleem,Shifa Kalhoro,Litigated,Paid,Under Review,Due,
1887,Ramsha Baig,DEMO-KPT-1887,House No. R-866,Street 15,North Nazimabad,2,5,Commercial,Ramsha Baig,Tahir Rana,Pending,Paid,Issue Found,Paid,
14492,Farah Tariq,DEMO-KPT-14492,House No. BDC-461,Street 16,North Nazimabad,2,5,Commercial,Farah Tariq,Saeeda Kakar,Verified,Paid,Under Review,Due,
1765,Laraib Rizvi,DEMO-KPT-1765,House No. C-302,Street 17,North Nazimabad,2,5,Commercial,Laraib Rizvi,Noaman Ali,Verified,Due,Under Review,Due,
1046,Hassan Qureshi,DEMO-KPT-1046,House No. A-904,Street 23,North Nazimabad,2,5,Commercial,Hassan Qureshi,Ahsan Tariq,Litigated,Paid,Under Review,Due,
14594,Zubaida Daudzai,DEMO-KPT-14594,House No. RCD-344,Street 23,North Nazimabad,2,5,Commercial,Zubaida Daudzai,Nouman Laghari,Litigated,Due,Issue Found,Paid,
11517,Nigar Ansari,DEMO-KPT-11517,House No. BB-526,Street 24,North Nazimabad,2,5,Commercial,Nigar Ansari,Faiza Mahar,Litigated,Due,Issue Found,Paid,
5234,Moeen Zaman,DEMO-KPT-5234,House No. RD-629,Street 25,North Nazimabad,2,5,Commercial,Moeen Zaman,Bakhtawar Sandhu,Litigated,Paid,Clear,Due,
5312,Zayan Shaikh,DEMO-KPT-5312,House No. RB-885,Street 2,North Nazimabad,3,5,Commercial,Zayan Shaikh,Affan Rajput,Verified,Due,Clear,Due,
11529,Anwar Magsi,DEMO-KPT-11529,House No. RD-739,Street 3,North Nazimabad,3,5,Commercial,Anwar Magsi,Zunaira Jaffri,Litigated,Paid,Under Review,Paid,
14785,Mazhar Ilyas,DEMO-KPT-14785,House No. CDB-515,Street 3,North Nazimabad,3,5,Commercial,Mazhar Ilyas,Umar Aslam,Litigated,Due,Issue Found,Paid,
14802,Shahbaz Raza,DEMO-KPT-14802,House No. CRB-411,Street 4,North Nazimabad,3,5,Commercial,Shahbaz Raza,Sabahat Shafiq,Litigated,Due,Issue Found,Paid,
8446,Nageen Sahito,DEMO-KPT-8446,House No. CR-889,Street 5,North Nazimabad,3,5,Commercial,Nageen Sahito,Fiza Peerzada,Pending,Due,Under Review,Due,
11574,Aziz Hoti,DEMO-KPT-11574,House No. DC-732,Street 15,North Nazimabad,3,5,Commercial,Aziz Hoti,Zohair Dreshak,Pending,Due,Under Review,Due,
5372,Safa Naseem,DEMO-KPT-5372,House No. DC-697,Street 16,North Nazimabad,3,5,Commercial,Safa Naseem,Uzair Javed,Pending,Paid,Under Review,Due,
2088,Rehana Rizvi,DEMO-KPT-2088,House No. R-646,Street 19,North Nazimabad,3,5,Commercial,Rehana Rizvi,Raheela Zahid,Verified,Paid,Clear,Paid,
14717,Sohail Junejo,DEMO-KPT-14717,House No. DCB-896,Street 20,North Nazimabad,3,5,Commercial,Sohail Junejo,Sehar Mustafa,Verified,Due,Under Review,Due,
1120,Fatima Aslam,DEMO-KPT-1120,House No. A-752,Street 21,North Nazimabad,3,5,Commercial,Fatima Aslam,Mahnoor Aslam,Pending,Paid,Clear,Due,
1094,Laiba Javed,DEMO-KPT-1094,House No. A-123,Street 23,North Nazimabad,3,5,Commercial,Laiba Javed,Iqra Naeem,Litigated,Due,Issue Found,Paid,
1955,Zuha Kasi,DEMO-KPT-1955,House No. D-641,Street 25,North Nazimabad,3,5,Commercial,Zuha Kasi,Aisha Mirani,Pending,Due,Clear,Paid,
11534,Arslan Nasar,DEMO-KPT-11534,House No. RC-525,Street 25,North Nazimabad,3,5,Commercial,Arslan Nasar,Nuzhat Ghani,Litigated,Paid,Clear,Due,
1092,Owais Hussain,DEMO-KPT-1092,House No. A-250,Street 26,North Nazimabad,3,5,Commercial,Owais Hussain,Ayesha Ali,Litigated,Paid,Clear,Due,
2013,Mehboob Warraich,DEMO-KPT-2013,House No. D-531,Street 28,North Nazimabad,3,5,Commercial,Mehboob Warraich,Anas Hayat,Litigated,Paid,Issue Found,Paid,
1154,Alina Iqbal,DEMO-KPT-1154,House No. A-191,Street 1,North Nazimabad,4,5,Commercial,Alina Iqbal,Hassan Hussain,Litigated,Due,Under Review,Paid,
11738,Zarar Sial,DEMO-KPT-11738,House No. BC-736,Street 10,North Nazimabad,4,5,Commercial,Zarar Sial,Arslan Buriro,Verified,Paid,Issue Found,Due,
8575,Emaan Kakar,DEMO-KPT-8575,House No. DR-383,Street 12,North Nazimabad,4,5,Commercial,Emaan Kakar,Sabeen Ghazali,Verified,Paid,Under Review,Due,
8694,Rimsha Naqvi,DEMO-KPT-8694,House No. BB-707,Street 12,North Nazimabad,4,5,Commercial,Rimsha Naqvi,Anum Akhtar,Pending,Paid,Under Review,Paid,
1161,Fatima Farooq,DEMO-KPT-1161,House No. A-600,Street 16,North Nazimabad,4,5,Commercial,Fatima Farooq,Owais Farooq,Verified,Due,Issue Found,Paid,
14822,Uroosa Niazi,DEMO-KPT-14822,House No. CDR-766,Street 16,North Nazimabad,4,5,Commercial,Uroosa Niazi,Zakariya Dreshak,Pending,Paid,Under Review,Due,
8549,Laila Mari,DEMO-KPT-8549,House No. CD-818,Street 22,North Nazimabad,4,5,Commercial,Laila Mari,Maryum Daudzai,Verified,Paid,Under Review,Due,
1179,Sana Aslam,DEMO-KPT-1179,House No. A-708,Street 3,North Nazimabad,5,5,Commercial,Sana Aslam,Arsalan Siddiqui,Litigated,Paid,Under Review,Paid,
5700,Mirza Shakir,DEMO-KPT-5700,House No. DB-485,Street 4,North Nazimabad,5,5,Commercial,Mirza Shakir,Sobia Zafar,Litigated,Due,Clear,Due,
8850,Sundas Junejo,DEMO-KPT-8850,House No. BD-720,Street 4,North Nazimabad,5,5,Commercial,Sundas Junejo,Azan Lakhani,Litigated,Due,Clear,Due,
12000,Jamila Jogezai,DEMO-KPT-12000,House No. CC-807,Street 4,North Nazimabad,5,5,Commercial,Jamila Jogezai,Naveed Gabol,Litigated,Due,Clear,Due,
11940,Aqeel Zardari,DEMO-KPT-11940,House No. CR-349,Street 6,North Nazimabad,5,5,Commercial,Aqeel Zardari,Erum Latif,Pending,Due,Issue Found,Paid,
11844,Nawaz Jafri,DEMO-KPT-11844,House No. DB-403,Street 12,North Nazimabad,5,5,Commercial,Nawaz Jafri,Zameer Bhittani,Pending,Paid,Under Review,Paid,
11792,Eman Shah,DEMO-KPT-11792,House No. CB-576,Street 16,North Nazimabad,5,5,Commercial,Eman Shah,Sidrah Afridi,Verified,Paid,Under Review,Due,
2295,Kinza Mahsud,DEMO-KPT-2295,House No. D-302,Street 19,North Nazimabad,5,5,Commercial,Kinza Mahsud,Ahmed Chattha,Litigated,Paid,Issue Found,Paid,
1167,Shoaib Naeem,DEMO-KPT-1167,House No. A-297,Street 24,North Nazimabad,5,5,Commercial,Shoaib Naeem,Zara Siddiqui,Litigated,Due,Issue Found,Paid,
2399,Rukhsana Toor,DEMO-KPT-2399,House No. C-403,Street 25,North Nazimabad,5,5,Commercial,Rukhsana Toor,Urwa Durrani,Litigated,Due,Issue Found,Paid,
11770,Tariq Rind,DEMO-KPT-11770,House No. DD-843,Street 30,North Nazimabad,5,5,Commercial,Tariq Rind,Amir Sial,Litigated,Due,Under Review,Paid,
8952,Dua Bukhari,DEMO-KPT-8952,House No. DB-638,Street 4,North Nazimabad,6,5,Commercial,Dua Bukhari,Saima Jafri,Litigated,Due,Issue Found,Paid,
2596,Hoor Chandio,DEMO-KPT-2596,House No. D-636,Street 5,North Nazimabad,6,5,Commercial,Hoor Chandio,Raees Kidwai,Pending,Due,Under Review,Due,
1283,Usman Farooq,DEMO-KPT-1283,House No. A-277,Street 10,North Nazimabad,6,5,Commercial,Usman Farooq,Talha Malik,Verified,Paid,Under Review,Paid,
5846,Shabana Jogezai,DEMO-KPT-5846,House No. DC-790,Street 19,North Nazimabad,6,5,Commercial,Shabana Jogezai,Mazhar Nawaz,Litigated,Paid,Clear,Paid,
15296,Saleem Mian,DEMO-KPT-15296,House No. CBD-552,Street 19,North Nazimabad,6,5,Commercial,Saleem Mian,Aneeqa Rana,Litigated,Paid,Clear,Paid,
15347,Nabeel Dreshak,DEMO-KPT-15347,House No. DRB-340,Street 21,North Nazimabad,6,5,Commercial,Nabeel Dreshak,Zeeshan Bhat,Verified,Paid,Under Review,Due,
8989,Inam Hanif,DEMO-KPT-8989,House No. CD-783,Street 24,North Nazimabad,6,5,Commercial,Inam Hanif,Khansa Bhatti,Verified,Paid,Clear,Due,
2534,Arfa Mirza,DEMO-KPT-2534,House No. B-348,Street 25,North Nazimabad,6,5,Commercial,Arfa Mirza,Arisha Akhtar,Litigated,Paid,Clear,Due,
12033,Kabir Kalhoro,DEMO-KPT-12033,House No. DD-776,Street 26,North Nazimabad,6,5,Commercial,Kabir Kalhoro,Kashaf Cheema,Litigated,Paid,Under Review,Due,
12108,Fasih Bugti,DEMO-KPT-12108,House No. DB-836,Street 26,North Nazimabad,6,5,Commercial,Fasih Bugti,Farah Akhtar,Verified,Due,Under Review,Paid,
2612,Nida Panezai,DEMO-KPT-2612,House No. R-746,Street 2,North Nazimabad,7,5,Commercial,Nida Panezai,Rizwaan Daudzai,Verified,Due,Clear,Due,
2727,Jamil Abro,DEMO-KPT-2727,House No. D-372,Street 2,North Nazimabad,7,5,Commercial,Jamil Abro,Nayyar Aslam,Pending,Due,Under Review,Paid,
12177,Nosheen Mahar,DEMO-KPT-12177,House No. RC-660,Street 2,North Nazimabad,7,5,Commercial,Nosheen Mahar,Fareed Mian,Pending,Due,Under Review,Paid,
1285,Salman Butt,DEMO-KPT-1285,House No. A-808,Street 3,North Nazimabad,7,5,Commercial,Salman Butt,Hira Mirza,Litigated,Due,Issue Found,Paid,
12237,Madiha Chattha,DEMO-KPT-12237,House No. BC-427,Street 15,North Nazimabad,7,5,Commercial,Madiha Chattha,Raheela Mengal,Pending,Paid,Issue Found,Paid,
12213,Humaira Rizvi,DEMO-KPT-12213,House No. RC-851,Street 18,North Nazimabad,7,5,Commercial,Humaira Rizvi,Nimra Daudzai,Verified,Due,Issue Found,Due,
12178,Laraib Umer,DEMO-KPT-12178,House No. RR-600,Street 23,North Nazimabad,7,5,Commercial,Laraib Umer,Yumna Ilyas,Verified,Paid,Clear,Paid,
2689,Omer Zubairi,DEMO-KPT-2689,House No. C-434,Street 24,North Nazimabad,7,5,Commercial,Omer Zubairi,Unaiza Memon,Verified,Paid,Clear,Due,
6063,Taimur Dogar,DEMO-KPT-6063,House No. CC-315,Street 28,North Nazimabad,7,5,Commercial,Taimur Dogar,Sami Ali,Litigated,Paid,Issue Found,Paid,
9052,Tanveer Saleem,DEMO-KPT-9052,House No. RB-539,Street 29,North Nazimabad,7,5,Commercial,Tanveer Saleem,Javeria Zubair,Pending,Paid,Clear,Due,
12334,Nouman Hanif,DEMO-KPT-12334,House No. DC-478,Street 1,North Nazimabad,8,5,Commercial,Nouman Hanif,Waleed Anwar,Litigated,Paid,Issue Found,Paid,
15554,Husna Baig,DEMO-KPT-15554,House No. BRD-530,Street 1,North Nazimabad,8,5,Commercial,Husna Baig,Shees Mehmood,Litigated,Due,Under Review,Paid,
6252,Sana Gill,DEMO-KPT-6252,House No. CD-323,Street 4,North Nazimabad,8,5,Commercial,Sana Gill,Sahrish Qazi,Litigated,Due,Issue Found,Paid,
9152,Emaan Soomro,DEMO-KPT-9152,House No. CB-825,Street 12,North Nazimabad,8,5,Commercial,Emaan Soomro,Mehak Saeed,Litigated,Paid,Under Review,Paid,
15476,Javaria Waheed,DEMO-KPT-15476,House No. DCR-421,Street 12,North Nazimabad,8,5,Commercial,Javaria Waheed,Arbaz Zubairi,Litigated,Paid,Under Review,Due,
15561,Munib Mian,DEMO-KPT-15561,House No. CDB-520,Street 16,North Nazimabad,8,5,Commercial,Munib Mian,Parvez Achakzai,Verified,Due,Issue Found,Paid,
2774,Nigar Soomro,DEMO-KPT-2774,House No. C-452,Street 23,North Nazimabad,8,5,Commercial,Nigar Soomro,Mansoor Bhat,Verified,Due,Issue Found,Due,
6289,Rohail Khosa,DEMO-KPT-6289,House No. DB-832,Street 24,North Nazimabad,8,5,Commercial,Rohail Khosa,Jibran Mangi,Verified,Paid,Clear,Due,
12265,Asma Wani,DEMO-KPT-12265,House No. RB-898,Street 24,North Nazimabad,8,5,Commercial,Asma Wani,Nuzhat Riaz,Pending,Paid,Issue Found,Paid,
2892,Zohaib Mirza,DEMO-KPT-2892,House No. B-389,Street 26,North Nazimabad,8,5,Commercial,Zohaib Mirza,Arif Bangash,Litigated,Paid,Clear,Due,
12352,Sheeba Bhat,DEMO-KPT-12352,House No. BR-544,Street 28,North Nazimabad,8,5,Commercial,Sheeba Bhat,Sumaira Gondal,Litigated,Paid,Clear,Due,
15513,Nimra Ansari,DEMO-KPT-15513,House No. DBR-337,Street 28,North Nazimabad,8,5,Commercial,Nimra Ansari,Anmol Leghari,Litigated,Paid,Issue Found,Paid,
1384,Owais Naeem,DEMO-KPT-1384,House No. A-632,Street 30,North Nazimabad,8,5,Commercial,Owais Naeem,Fatima Iqbal,Verified,Paid,Issue Found,Due,
2946,Marium Gandapur,DEMO-KPT-2946,House No. D-582,Street 1,North Nazimabad,9,5,Commercial,Marium Gandapur,Shaheer Chandio,Verified,Paid,Under Review,Due,
2954,Ibrahim Alvi,DEMO-KPT-2954,House No. C-652,Street 1,North Nazimabad,9,5,Commercial,Ibrahim Alvi,Rubab Latif,Litigated,Due,Under Review,Paid,
2927,Tayyab Mari,DEMO-KPT-2927,House No. R-752,Street 7,North Nazimabad,9,5,Commercial,Tayyab Mari,Nasreen Buriro,Pending,Due,Issue Found,Paid,
9290,Ayan Zaman,DEMO-KPT-9290,House No. DR-849,Street 23,North Nazimabad,9,5,Commercial,Ayan Zaman,Tabassum Lughmani,Verified,Due,Clear,Paid,
15590,Tehmina Mehmood,DEMO-KPT-15590,House No. CDR-760,Street 23,North Nazimabad,9,5,Commercial,Tehmina Mehmood,Manahil Dahri,Verified,Due,Clear,Paid,
9264,Nabila Buriro,DEMO-KPT-9264,House No. BB-819,Street 25,North Nazimabad,9,5,Commercial,Nabila Buriro,Zubaida Shah,Pending,Paid,Clear,Due,
12414,Nauman Laghari,DEMO-KPT-12414,House No. CC-857,Street 25,North Nazimabad,9,5,Commercial,Nauman Laghari,Khawar Bukhari,Pending,Paid,Clear,Due,
3001,Yumna Zubairi,DEMO-KPT-3001,House No. C-833,Street 27,North Nazimabad,9,5,Commercial,Yumna Zubairi,Nayab Bijarani,Pending,Due,Under Review,Paid,
6502,Hoorain Jafri,DEMO-KPT-6502,House No. DR-376,Street 28,North Nazimabad,9,5,Commercial,Hoorain Jafri,Yumna Mangi,Litigated,Paid,Clear,Due,
1402,Sadia Qureshi,DEMO-KPT-1402,House No. A-177,Street 29,North Nazimabad,9,5,Commercial,Sadia Qureshi,Sana Noor,Pending,Paid,Clear,Due,
1420,Komal Qureshi,DEMO-KPT-1420,House No. A-982,Street 30,North Nazimabad,9,5,Commercial,Komal Qureshi,Adnan Raza,Litigated,Due,Under Review,Paid,
6539,Tauseef Hussain,DEMO-KPT-6539,House No. CR-887,Street 5,North Nazimabad,10,5,Commercial,Tauseef Hussain,Shoaib Marri,Verified,Paid,Clear,Paid,
9554,Laraib Rind,DEMO-KPT-9554,House No. RB-671,Street 6,North Nazimabad,10,5,Commercial,Laraib Rind,Saif Ghani,Litigated,Due,Issue Found,Paid,
3160,Shabana Panezai,DEMO-KPT-3160,House No. D-413,Street 10,North Nazimabad,10,5,Commercial,Shabana Panezai,Rizwaan Hameed,Verified,Paid,Clear,Due,
9460,Zubia Gandapur,DEMO-KPT-9460,House No. DC-464,Street 10,North Nazimabad,10,5,Commercial,Zubia Gandapur,Uroosa Bhurgri,Verified,Paid,Clear,Due,
15902,Umair Riaz,DEMO-KPT-15902,House No. RCB-756,Street 12,North Nazimabad,10,5,Commercial,Umair Riaz,Komal Achakzai,Litigated,Paid,Under Review,Paid,
1437,Hassan Farooq,DEMO-KPT-1437,House No. A-296,Street 15,North Nazimabad,10,5,Commercial,Hassan Farooq,Alina Javed,Pending,Paid,Issue Found,Paid,
3213,Lubna Jamal,DEMO-KPT-3213,House No. D-655,Street 18,North Nazimabad,10,5,Commercial,Lubna Jamal,Nouman Talpur,Verified,Due,Issue Found,Due,
12720,Bushra Achakzai,DEMO-KPT-12720,House No. CD-575,Street 25,North Nazimabad,10,5,Commercial,Bushra Achakzai,Alam Kharal,Pending,Due,Under Review,Paid,
3168,Kaleemullah Lone,DEMO-KPT-3168,House No. C-522,Street 26,North Nazimabad,10,5,Commercial,Kaleemullah Lone,Ikram Rajper,Verified,Paid,Under Review,Paid,
6708,Tabassum Bhutto,DEMO-KPT-6708,House No. CB-807,Street 26,North Nazimabad,10,5,Commercial,Tabassum Bhutto,Javeria Naseem,Verified,Due,Under Review,Paid,
9602,Mansoor Jamali,DEMO-KPT-9602,House No. CC-539,Street 12,North Nazimabad,11,5,Commercial,Mansoor Jamali,Khansa Zubairi,Litigated,Paid,Under Review,Paid,
12861,Sahar Anwar,DEMO-KPT-12861,House No. BB-544,Street 16,North Nazimabad,11,5,Commercial,Sahar Anwar,Hammad Rizvi,Verified,Due,Issue Found,Paid,
3350,Madiha Minhas,DEMO-KPT-3350,House No. R-743,Street 18,North Nazimabad,11,5,Commercial,Madiha Minhas,Nazia Lakhani,Litigated,Paid,Issue Found,Due,
6874,Zubia Zahid,DEMO-KPT-6874,House No. BB-607,Street 18,North Nazimabad,11,5,Commercial,Zubia Zahid,Sitara Mengal,Litigated,Paid,Issue Found,Paid,
9745,Habib Khuhro,DEMO-KPT-9745,House No. RD-808,Street 26,North Nazimabad,11,5,Commercial,Habib Khuhro,Minhaj Buriro,Litigated,Paid,Issue Found,Due,
16090,Sumaira Baig,DEMO-KPT-16090,House No. BDR-766,Street 26,North Nazimabad,11,5,Commercial,Sumaira Baig,Saba Latif,Verified,Paid,Under Review,Due,
12985,Tahira Virk,DEMO-KPT-12985,House No. BD-327,Street 3,North Nazimabad,12,5,Commercial,Tahira Virk,Khawar Nawaz,Litigated,Due,Issue Found,Paid,
3531,Kaleemullah Tahir,DEMO-KPT-3531,House No. R-492,Street 6,North Nazimabad,12,5,Commercial,Kaleemullah Tahir,Kashaf Mansoor,Litigated,Due,Clear,Due,
16304,Haroon Mahesar,DEMO-KPT-16304,House No. RDB-660,Street 6,North Nazimabad,12,5,Commercial,Haroon Mahesar,Uroosa Bhittani,Litigated,Due,Issue Found,Paid,
9833,Warda Lone,DEMO-KPT-9833,House No. RR-362,Street 10,North Nazimabad,12,5,Commercial,Warda Lone,Nosheen Sultan,Verified,Paid,Under Review,Paid,
9845,Naeem Ghaffar,DEMO-KPT-9845,House No. DC-504,Street 10,North Nazimabad,12,5,Commercial,Naeem Ghaffar,Hasnain Mansoor,Litigated,Paid,Clear,Paid,
9938,Parvez Bijarani,DEMO-KPT-9938,House No. DC-364,Street 10,North Nazimabad,12,5,Commercial,Parvez Bijarani,Rafiq Nawaz,Verified,Paid,Issue Found,Due,
9987,Javeria Hafeez,DEMO-KPT-9987,House No. BD-868,Street 15,North Nazimabad,12,5,Commercial,Javeria Hafeez,Saleem Tariq,Pending,Paid,Issue Found,Paid,
9945,Izhar Panezai,DEMO-KPT-9945,House No. CD-453,Street 19,North Nazimabad,12,5,Commercial,Izhar Panezai,Jalal Mehmood,Litigated,Paid,Issue Found,Paid,
13046,Saqib Kasi,DEMO-KPT-13046,House No. BC-604,Street 19,North Nazimabad,12,5,Commercial,Saqib Kasi,Umar Tiwana,Litigated,Paid,Clear,Paid,
9928,Tamkeen Talpur,DEMO-KPT-9928,House No. CB-600,Street 23,North Nazimabad,12,5,Commercial,Tamkeen Talpur,Shehzad Zubair,Verified,Paid,Clear,Paid,
13068,Kamil Latif,DEMO-KPT-13068,House No. BR-797,Street 26,North Nazimabad,12,5,Commercial,Kamil Latif,Rehan Riaz,Verified,Paid,Under Review,Paid,
16218,Atiya Cheema,DEMO-KPT-16218,House No. BDR-465,Street 26,North Nazimabad,12,5,Commercial,Atiya Cheema,Ibrahim Sandhu,Verified,Paid,Under Review,Paid,
7050,Zuha Hameed,DEMO-KPT-7050,House No. BR-703,Street 4,North Nazimabad,13,5,Commercial,Zuha Hameed,Sarah Saeed,Litigated,Due,Clear,Due,
7096,Feroz Soomro,DEMO-KPT-7096,House No. BR-610,Street 5,North Nazimabad,13,5,Commercial,Feroz Soomro,Aneeqa Chandio,Pending,Due,Under Review,Due,
16440,Sameen Riaz,DEMO-KPT-16440,House No. BDC-327,Street 6,North Nazimabad,13,5,Commercial,Sameen Riaz,Israr Wattoo,Pending,Due,Issue Found,Paid,
16382,Sohaib Soomro,DEMO-KPT-16382,House No. RDB-861,Street 12,North Nazimabad,13,5,Commercial,Sohaib Soomro,Osama Shaikh,Pending,Paid,Clear,Paid,
7184,Shakeel Iqbal,DEMO-KPT-7184,House No. DR-660,Street 16,North Nazimabad,13,5,Commercial,Shakeel Iqbal,Nosheen Swati,Pending,Paid,Under Review,Paid,
16394,Zarar Naqvi,DEMO-KPT-16394,House No. BCR-559,Street 23,North Nazimabad,13,5,Commercial,Zarar Naqvi,Sidra Abbasi,Litigated,Due,Issue Found,Paid,
10164,Sabika Kiani,DEMO-KPT-10164,House No. RR-676,Street 25,North Nazimabad,13,5,Commercial,Sabika Kiani,Nawaz Sial,Pending,Paid,Clear,Due,
13120,Arfa Baloch,DEMO-KPT-13120,House No. DC-321,Street 30,North Nazimabad,13,5,Commercial,Arfa Baloch,Madiha Hashmi,Litigated,Due,Under Review,Paid,
10322,Sehar Ahmed,DEMO-KPT-10322,House No. CD-709,Street 16,North Nazimabad,14,5,Commercial,Sehar Ahmed,Nosheen Chaudhry,Pending,Paid,Under Review,Due,
7324,Sarfraz Lone,DEMO-KPT-7324,House No. BR-408,Street 18,North Nazimabad,14,5,Commercial,Sarfraz Lone,Sumbal Warraich,Litigated,Paid,Issue Found,Paid,
10346,Marwa Zia,DEMO-KPT-10346,House No. CR-886,Street 19,North Nazimabad,14,5,Commercial,Marwa Zia,Abbas Dreshak,Litigated,Paid,Clear,Paid,
3867,Sabika Hoti,DEMO-KPT-3867,House No. BD-300,Street 24,North Nazimabad,14,5,Commercial,Sabika Hoti,Naeem Naqvi,Litigated,Due,Issue Found,Paid,
7384,Zameer Bangash,DEMO-KPT-7384,House No. DD-334,Street 1,North Nazimabad,15,5,Commercial,Zameer Bangash,Ali Gill,Litigated,Paid,Issue Found,Paid,
10377,Aslam Saif,DEMO-KPT-10377,House No. CR-612,Street 2,North Nazimabad,15,5,Commercial,Aslam Saif,Laiba Lari,Pending,Due,Under Review,Paid,
7398,Zamzam Swati,DEMO-KPT-7398,House No. BD-426,Street 3,North Nazimabad,15,5,Commercial,Zamzam Swati,Aqsa Shafi,Pending,Due,Clear,Paid,
10454,Asif Anwar,DEMO-KPT-10454,House No. DR-888,Street 6,North Nazimabad,15,5,Commercial,Asif Anwar,Moeen Nadeem,Litigated,Due,Issue Found,Paid,
4060,Maira Chandio,DEMO-KPT-4060,House No. BC-551,Street 10,North Nazimabad,15,5,Commercial,Maira Chandio,Marium Niazi,Verified,Paid,Clear,Due,
10502,Shaheen Wattoo,DEMO-KPT-10502,House No. BC-832,Street 12,North Nazimabad,15,5,Commercial,Shaheen Wattoo,Zohra Tahir,Litigated,Paid,Under Review,Paid,
10532,Zayan Tiwana,DEMO-KPT-10532,House No. RB-887,Street 12,North Nazimabad,15,5,Commercial,Zayan Tiwana,Zarmeen Shakir,Pending,Paid,Clear,Paid,
16742,Madiha Orakzai,DEMO-KPT-16742,House No. CBD-416,Street 16,North Nazimabad,15,5,Commercial,Madiha Orakzai,Kaleem Bhatti,Verified,Paid,Under Review,Due,
4049,Shaista Khalid,DEMO-KPT-4049,House No. CD-639,Street 22,North Nazimabad,15,5,Commercial,Shaista Khalid,Momina Rashid,Verified,Paid,Under Review,Due,
13499,Bakhtawar Mohammadzai,DEMO-KPT-13499,House No. DCR-812,Street 22,North Nazimabad,15,5,Commercial,Bakhtawar Mohammadzai,Amber Qureshi,Verified,Paid,Under Review,Due,
4170,Hussnain Farooq,DEMO-KPT-4170,House No. DB-549,Street 25,North Nazimabad,15,5,Commercial,Hussnain Farooq,Rafiq Sultan,Pending,Due,Under Review,Paid,
10542,Moeen Mari,DEMO-KPT-10542,House No. DR-432,Street 26,North Nazimabad,15,5,Commercial,Moeen Mari,Gohar Sahito,Litigated,Paid,Clear,Due,
13518,Iffat Kidwai,DEMO-KPT-13518,House No. BCD-511,Street 26,North Nazimabad,15,5,Commercial,Iffat Kidwai,Yousaf Achakzai,Verified,Paid,Under Review,Paid,
7413,Babar Dawood,DEMO-KPT-7413,House No. DR-840,Street 28,North Nazimabad,15,5,Commercial,Babar Dawood,Sundas Lari,Litigated,Paid,Issue Found,Paid,
16848,Zarar Dayo,DEMO-KPT-16848,House No. BCR-563,Street 3,North Nazimabad,16,5,Commercial,Zarar Dayo,Fareed Shafi,Pending,Due,Clear,Paid,
4289,Tasneem Orakzai,DEMO-KPT-4289,House No. DC-711,Street 5,North Nazimabad,16,5,Commercial,Tasneem Orakzai,Khushbu Lughmani,Verified,Paid,Clear,Paid,
10628,Zainab Nasar,DEMO-KPT-10628,House No. CR-487,Street 7,North Nazimabad,16,5,Commercial,Zainab Nasar,Irum Jogezai,Litigated,Due,Clear,Paid,
13727,Mirza Saleem,DEMO-KPT-13727,House No. DCR-798,Street 7,North Nazimabad,16,5,Commercial,Mirza Saleem,Owais Tunio,Pending,Due,Issue Found,Paid,
4255,Ayeza Warraich,DEMO-KPT-4255,House No. BR-895,Street 11,North Nazimabad,16,5,Commercial,Ayeza Warraich,Akbar Lone,Verified,Due,Under Review,Paid,
13644,Nudrat Sindhi,DEMO-KPT-13644,House No. BCR-660,Street 12,North Nazimabad,16,5,Commercial,Nudrat Sindhi,Ambreen Dayo,Pending,Paid,Under Review,Paid,
10617,Bilquis Rashid,DEMO-KPT-10617,House No. DB-361,Street 24,North Nazimabad,16,5,Commercial,Bilquis Rashid,Nigar Ghani,Litigated,Due,Issue Found,Paid,
4242,Javeria Memon,DEMO-KPT-4242,House No. BC-858,Street 26,North Nazimabad,16,5,Commercial,Javeria Memon,Shahid Mughal,Litigated,Paid,Clear,Due,
10683,Mariam Farooqi,DEMO-KPT-10683,House No. BB-583,Street 26,North Nazimabad,16,5,Commercial,Mariam Farooqi,Amara Dogar,Litigated,Paid,Under Review,Due,
16842,Zawar Wani,DEMO-KPT-16842,House No. CBD-369,Street 26,North Nazimabad,16,5,Commercial,Zawar Wani,Riaz Mengal,Litigated,Paid,Clear,Due,
10561,Mahir Mahesar,DEMO-KPT-10561,House No. DR-762,Street 29,North Nazimabad,16,5,Commercial,Mahir Mahesar,Fabiha Bhurgri,Litigated,Due,Issue Found,Due,
7595,Umar Pirzada,DEMO-KPT-7595,House No. RB-870,Street 10,North Nazimabad,17,5,Commercial,Umar Pirzada,Afshan Ilyas,Litigated,Paid,Clear,Paid,
13822,Sumayya Yaqoob,DEMO-KPT-13822,House No. CDR-339,Street 17,North Nazimabad,17,5,Commercial,Sumayya Yaqoob,Zulekha Nasar,Litigated,Paid,Clear,Due,
10799,Javaria Ahmed,DEMO-KPT-10799,House No. BC-807,Street 22,North Nazimabad,17,5,Commercial,Javaria Ahmed,Waleed Gakhar,Verified,Paid,Under Review,Due,
7533,Bilquis Jaffri,DEMO-KPT-7533,House No. RC-322,Street 26,North Nazimabad,17,5,Commercial,Bilquis Jaffri,Nauman Nasar,Litigated,Paid,Under Review,Due,
16990,Hamza Ghani,DEMO-KPT-16990,House No. CRD-306,Street 26,North Nazimabad,17,5,Commercial,Hamza Ghani,Balaj Afridi,Verified,Paid,Under Review,Due,
4754,Farooq Hussain,DEMO-KPT-4754,House No. BB-337,Street 1,North Nazimabad,18,5,Commercial,Farooq Hussain,Mansoor Mengal,Litigated,Due,Under Review,Paid,
7788,Aqib Mahsud,DEMO-KPT-7788,House No. CC-827,Street 3,North Nazimabad,18,5,Commercial,Aqib Mahsud,Mubeen Warraich,Pending,Paid,Under Review,Paid,
4740,Raza Hayat,DEMO-KPT-4740,House No. CC-716,Street 6,North Nazimabad,18,5,Commercial,Raza Hayat,Luqmaan Tanvir,Pending,Due,Issue Found,Paid,
7688,Qadir Tahir,DEMO-KPT-7688,House No. CC-806,Street 10,North Nazimabad,18,5,Commercial,Qadir Tahir,Nailah Sipra,Verified,Paid,Issue Found,Due,
4624,Momina Abbasi,DEMO-KPT-4624,House No. RC-468,Street 18,North Nazimabad,18,5,Commercial,Momina Abbasi,Ejaz Sultan,Litigated,Paid,Issue Found,Paid,
10874,Yusra Marri,DEMO-KPT-10874,House No. RC-714,Street 23,North Nazimabad,18,5,Commercial,Yusra Marri,Nazia Zardari,Verified,Due,Issue Found,Due,
4649,Azka Lakhani,DEMO-KPT-4649,House No. DB-799,Street 25,North Nazimabad,18,5,Commercial,Azka Lakhani,Yawar Malik,Litigated,Due,Issue Found,Paid,
7668,Mehwish Dogar,DEMO-KPT-7668,House No. CR-393,Street 26,North Nazimabad,18,5,Commercial,Mehwish Dogar,Arsalan Bhat,Verified,Paid,Under Review,Paid,
7684,Kamran Peerzada,DEMO-KPT-7684,House No. BC-827,Street 30,North Nazimabad,18,5,Commercial,Kamran Peerzada,Ifrah Turk,Verified,Paid,Issue Found,Due,
14020,Hanzala Zardari,DEMO-KPT-14020,House No. RCB-554,Street 30,North Nazimabad,18,5,Commercial,Hanzala Zardari,Nigar Mehmood,Litigated,Due,Under Review,Paid,
7904,Mirha Sohu,DEMO-KPT-7904,House No. RR-507,Street 1,North Nazimabad,19,5,Commercial,Mirha Sohu,Emaan Virk,Litigated,Due,Under Review,Paid,
11054,Arbaz Bashir,DEMO-KPT-11054,House No. CR-688,Street 1,North Nazimabad,19,5,Commercial,Arbaz Bashir,Fahim Junejo,Litigated,Due,Under Review,Paid,
11146,Dania Bukhari,DEMO-KPT-11146,House No. CB-703,Street 5,North Nazimabad,19,5,Commercial,Dania Bukhari,Burhan Gabol,Pending,Due,Under Review,Due,
4883,Hashir Bettani,DEMO-KPT-4883,House No. CR-854,Street 10,North Nazimabad,19,5,Commercial,Hashir Bettani,Samina Imran,Verified,Paid,Under Review,Paid,
4822,Shabana Yaqoob,DEMO-KPT-4822,House No. BR-336,Street 17,North Nazimabad,19,5,Commercial,Shabana Yaqoob,Zain Warraich,Litigated,Paid,Clear,Due,
7938,Urooj Mirani,DEMO-KPT-7938,House No. RC-619,Street 19,North Nazimabad,19,5,Commercial,Urooj Mirani,Mukarram Rajput,Verified,Paid,Clear,Paid,
14065,Nayab Bangash,DEMO-KPT-14065,House No. RBC-478,Street 24,North Nazimabad,19,5,Commercial,Nayab Bangash,Sadiq Kharal,Pending,Paid,Issue Found,Paid,
4801,Aneela Qadri,DEMO-KPT-4801,House No. CR-573,Street 27,North Nazimabad,19,5,Commercial,Aneela Qadri,Zia Zubair,Pending,Due,Under Review,Paid,
4975,Naveed Niazi,DEMO-KPT-4975,House No. RR-832,Street 12,North Nazimabad,20,5,Commercial,Naveed Niazi,Musa Abro,Verified,Paid,Under Review,Due,
7963,Shifa Kharal,DEMO-KPT-7963,House No. DB-746,Street 13,North Nazimabad,20,5,Commercial,Shifa Kharal,Sadiq Shah,Litigated,Due,Under Review,Due,
11222,Yusuf Zaidi,DEMO-KPT-11222,House No. RD-398,Street 16,North Nazimabad,20,5,Commercial,Yusuf Zaidi,Zaib Shah,Pending,Paid,Under Review,Due,
8065,Sara Ranjha,DEMO-KPT-8065,House No. DR-427,Street 17,North Nazimabad,20,5,Commercial,Sara Ranjha,Raheel Rind,Verified,Due,Under Review,Due,
8089,Rehana Chandio,DEMO-KPT-8089,House No. DD-650,Street 24,North Nazimabad,20,5,Commercial,Rehana Chandio,Dua Zaidi,Verified,Paid,Clear,Due,
5335,Ghazanfar Mian,DEMO-KPT-5335,House No. RD-425,Street 3,Saddar,1,5,Commercial,Ghazanfar Mian,Qayyum Riaz,Litigated,Due,Issue Found,Paid,
12531,Bareera Bilgrami,DEMO-KPT-12531,House No. RB-477,Street 6,Saddar,1,5,Commercial,Bareera Bilgrami,Anwar Kazmi,Litigated,Due,Clear,Due,
15990,Zehra Khattak,DEMO-KPT-15990,House No. BDC-429,Street 6,Saddar,1,5,Commercial,Zehra Khattak,Irfan Ghumman,Pending,Due,Issue Found,Paid,
14253,Anmol Majeed,DEMO-KPT-14253,House No. RCB-712,Street 8,Saddar,1,5,Commercial,Anmol Majeed,Lina Ghaffar,Pending,Paid,Under Review,Due,
14326,Mateen Jaffri,DEMO-KPT-14326,House No. BRC-751,Street 8,Saddar,1,5,Commercial,Mateen Jaffri,Misbah Shah,Litigated,Due,Under Review,Paid,
5333,Minhaj Gabol,DEMO-KPT-5333,House No. BC-403,Street 10,Saddar,1,5,Commercial,Minhaj Gabol,Sadiq Mahesar,Verified,Paid,Under Review,Paid,
12545,Mirza Sandhu,DEMO-KPT-12545,House No. CR-597,Street 10,Saddar,1,5,Commercial,Mirza Sandhu,Huma Cheema,Litigated,Paid,Clear,Paid,
10825,Adeel Saleem,DEMO-KPT-10825,House No. RD-422,Street 12,Saddar,1,5,Commercial,Adeel Saleem,Raheela Memon,Verified,Paid,Under Review,Due,
14263,Noman Khan,DEMO-KPT-14263,House No. DRB-355,Street 13,Saddar,1,5,Commercial,Noman Khan,Lina Soomro,Litigated,Due,Under Review,Due,
9087,Kaleemullah Iqbal,DEMO-KPT-9087,House No. CD-706,Street 15,Saddar,1,5,Commercial,Kaleemullah Iqbal,Imtiaz Malik,Pending,Paid,Issue Found,Paid,
7334,Sufyan Qadri,DEMO-KPT-7334,House No. DB-309,Street 18,Saddar,1,5,Commercial,Sufyan Qadri,Rashida Khokhar,Verified,Paid,Under Review,Due,
3457,Haleema Riaz,DEMO-KPT-3457,House No. D-492,Street 19,Saddar,1,5,Commercial,Haleema Riaz,Mahnoor Pirzada,Litigated,Paid,Clear,Paid,
5396,Fiza Hashmi,DEMO-KPT-5396,House No. CD-649,Street 19,Saddar,1,5,Commercial,Fiza Hashmi,Irtaza Tanoli,Litigated,Paid,Clear,Paid,
3434,Naveed Mian,DEMO-KPT-3434,House No. C-586,Street 25,Saddar,1,5,Commercial,Naveed Mian,Nosheen Jaffri,Litigated,Paid,Clear,Due,
1696,Zunair Qadri,DEMO-KPT-1696,House No. R-493,Street 5,Saddar,2,5,Commercial,Zunair Qadri,Shamoon Panezai,Pending,Due,Under Review,Due,
9227,Parvez Bugti,DEMO-KPT-9227,House No. DC-458,Street 7,Saddar,2,5,Commercial,Parvez Bugti,Ismail Qureshi,Pending,Due,Issue Found,Paid,
3526,Jahangir Bukhari,DEMO-KPT-3526,House No. R-615,Street 8,Saddar,2,5,Commercial,Jahangir Bukhari,Samiya Sohu,Litigated,Due,Under Review,Paid,
14345,Rohail Ranjha,DEMO-KPT-14345,House No. BDC-596,Street 10,Saddar,2,5,Commercial,Rohail Ranjha,Emaan Khokhar,Litigated,Paid,Clear,Paid,
5425,Nida Mohmand,DEMO-KPT-5425,House No. DC-452,Street 12,Saddar,2,5,Commercial,Nida Mohmand,Farid Hussain,Verified,Paid,Under Review,Due,
7336,Nayab Sandhu,DEMO-KPT-7336,House No. BD-843,Street 12,Saddar,2,5,Commercial,Nayab Sandhu,Yusuf Mahsud,Verified,Paid,Under Review,Due,
16074,Sohaib Mian,DEMO-KPT-16074,House No. BDR-773,Street 15,Saddar,2,5,Commercial,Sohaib Mian,Benazir Kayani,Pending,Due,Under Review,Due,
11020,Nabila Lughmani,DEMO-KPT-11020,House No. CD-863,Street 21,Saddar,2,5,Commercial,Nabila Lughmani,Ghulam Aslam,Pending,Paid,Clear,Due,
1544,Saba Mahesar,DEMO-KPT-1544,House No. D-305,Street 23,Saddar,2,5,Commercial,Saba Mahesar,Maimoona Mahsud,Litigated,Due,Issue Found,Paid,
5474,Mahnoor Turk,DEMO-KPT-5474,House No. BD-687,Street 23,Saddar,2,5,Commercial,Mahnoor Turk,Nuzhat Wazir,Verified,Due,Issue Found,Due,
7346,Ayesha Memon,DEMO-KPT-7346,House No. RR-525,Street 23,Saddar,2,5,Commercial,Ayesha Memon,Kamran Panhwar,Litigated,Paid,Under Review,Due,
12674,Saqib Abro,DEMO-KPT-12674,House No. RD-587,Street 23,Saddar,2,5,Commercial,Saqib Abro,Atif Hussain,Verified,Due,Issue Found,Due,
5515,Farwa Lughmani,DEMO-KPT-5515,House No. BD-490,Street 24,Saddar,2,5,Commercial,Farwa Lughmani,Dilshad Ghazali,Pending,Paid,Issue Found,Paid,
10955,Sajid Khan,DEMO-KPT-10955,House No. DB-371,Street 25,Saddar,2,5,Commercial,Sajid Khan,Mansoor Mahsud,Pending,Due,Clear,Paid,
1645,Irfan Shakir,DEMO-KPT-1645,House No. R-759,Street 26,Saddar,2,5,Commercial,Irfan Shakir,Ubaid Dreshak,Litigated,Paid,Issue Found,Due,
14358,Irtaza Anwar,DEMO-KPT-14358,House No. CRD-865,Street 26,Saddar,2,5,Commercial,Irtaza Anwar,Naeem Baloch,Verified,Due,Under Review,Paid,
9225,Asma Khosa,DEMO-KPT-9225,House No. CB-531,Street 27,Saddar,2,5,Commercial,Asma Khosa,Shama Mustafa,Verified,Due,Under Review,Due,
12652,Mehwish Kamal,DEMO-KPT-12652,House No. DB-747,Street 29,Saddar,2,5,Commercial,Mehwish Kamal,Amara Lashari,Pending,Paid,Clear,Due,
11079,Alizeh Wani,DEMO-KPT-11079,House No. CC-663,Street 3,Saddar,3,5,Commercial,Alizeh Wani,Zunair Mari,Litigated,Paid,Under Review,Paid,
9300,Obaid Shah,DEMO-KPT-9300,House No. CR-801,Street 4,Saddar,3,5,Commercial,Obaid Shah,Laraib Zafar,Litigated,Due,Clear,Due,
11040,Zamzam Junejo,DEMO-KPT-11040,House No. RC-489,Street 6,Saddar,3,5,Commercial,Zamzam Junejo,Shahbaz Lone,Pending,Due,Issue Found,Paid,
16145,Hashir Aslam,DEMO-KPT-16145,House No. CRD-836,Street 10,Saddar,3,5,Commercial,Hashir Aslam,Jamila Ansari,Litigated,Paid,Clear,Paid,
5544,Bilal Gakhar,DEMO-KPT-5544,House No. RD-307,Street 12,Saddar,3,5,Commercial,Bilal Gakhar,Afzal Hussain,Pending,Paid,Under Review,Paid,
14425,Rahila Khuhro,DEMO-KPT-14425,House No. BCR-676,Street 12,Saddar,3,5,Commercial,Rahila Khuhro,Rubab Saif,Verified,Paid,Under Review,Due,
11124,Nawal Gandapur,DEMO-KPT-11124,House No. CD-564,Street 15,Saddar,3,5,Commercial,Nawal Gandapur,Alina Bangash,Pending,Due,Under Review,Due,
1784,Haider Abro,DEMO-KPT-1784,House No. B-722,Street 16,Saddar,3,5,Commercial,Haider Abro,Saher Bettani,Pending,Paid,Under Review,Paid,
7400,Palwasha Kamal,DEMO-KPT-7400,House No. RC-892,Street 18,Saddar,3,5,Commercial,Palwasha Kamal,Sikandar Joiya,Litigated,Paid,Issue Found,Due,
7517,Madiha Siddiqui,DEMO-KPT-7517,House No. BD-635,Street 20,Saddar,3,5,Commercial,Madiha Siddiqui,Shabbir Anwar,Verified,Due,Under Review,Due,
3628,Fareed Turk,DEMO-KPT-3628,House No. R-672,Street 23,Saddar,3,5,Commercial,Fareed Turk,Sehrish Unar,Verified,Paid,Clear,Paid,
14389,Fazal Tariq,DEMO-KPT-14389,House No. BRC-813,Street 24,Saddar,3,5,Commercial,Fazal Tariq,Emaad Joiya,Verified,Paid,Clear,Due,
14418,Noman Bilgrami,DEMO-KPT-14418,House No. BRC-529,Street 26,Saddar,3,5,Commercial,Noman Bilgrami,Fiza Mari,Verified,Paid,Under Review,Paid,
14654,Sabih Mazari,DEMO-KPT-14654,House No. CDB-401,Street 1,Saddar,4,5,Commercial,Sabih Mazari,Amber Toor,Litigated,Due,Under Review,Paid,
9402,Hafeez Swati,DEMO-KPT-9402,House No. BR-536,Street 4,Saddar,4,5,Commercial,Hafeez Swati,Talal Laghari,Litigated,Due,Issue Found,Paid,
11202,Aamir Chattha,DEMO-KPT-11202,House No. RC-847,Street 4,Saddar,4,5,Commercial,Aamir Chattha,Mushtaq Ghani,Litigated,Due,Issue Found,Paid,
3704,Kinza Khan,DEMO-KPT-3704,House No. C-747,Street 6,Saddar,4,5,Commercial,Kinza Khan,Ahsan Khattak,Litigated,Due,Issue Found,Paid,
5640,Ramsha Shafiq,DEMO-KPT-5640,House No. RD-588,Street 6,Saddar,4,5,Commercial,Ramsha Shafiq,Nazia Ghazali,Pending,Due,Issue Found,Paid,
9381,Shumaila Ahmed,DEMO-KPT-9381,House No. RD-840,Street 6,Saddar,4,5,Commercial,Shumaila Ahmed,Batool Shaikh,Litigated,Due,Clear,Due,
12805,Amir Ansari,DEMO-KPT-12805,House No. RD-608,Street 11,Saddar,4,5,Commercial,Amir Ansari,Sakina Iqbal,Verified,Due,Under Review,Paid,
3687,Sabeen Bhurgri,DEMO-KPT-3687,House No. R-891,Street 15,Saddar,4,5,Commercial,Sabeen Bhurgri,Zainab Qureshi,Pending,Paid,Issue Found,Paid,
16228,Shama Sahito,DEMO-KPT-16228,House No. CBD-782,Street 23,Saddar,4,5,Commercial,Shama Sahito,Qayyum Mahar,Verified,Paid,Clear,Paid,
3715,Rehman Akhtar,DEMO-KPT-3715,House No. D-599,Street 24,Saddar,4,5,Commercial,Rehman Akhtar,Kinza Sahito,Pending,Paid,Issue Found,Paid,
16189,Javed Tanoli,DEMO-KPT-16189,House No. DRB-741,Street 24,Saddar,4,5,Commercial,Javed Tanoli,Lina Rabbani,Verified,Paid,Clear,Due,
9408,Luqman Kamboh,DEMO-KPT-9408,House No. DR-787,Street 26,Saddar,4,5,Commercial,Luqman Kamboh,Khizar Sabri,Verified,Due,Under Review,Paid,
3693,Kaleemullah Kamal,DEMO-KPT-3693,House No. R-302,Street 29,Saddar,4,5,Commercial,Kaleemullah Kamal,Nafisa Saif,Litigated,Paid,Issue Found,Paid,
11151,Idrees Cheema,DEMO-KPT-11151,House No. DD-369,Street 29,Saddar,4,5,Commercial,Idrees Cheema,Shan Chattha,Pending,Paid,Under Review,Due,
14493,Kaif Buriro,DEMO-KPT-14493,House No. DRB-798,Street 29,Saddar,4,5,Commercial,Kaif Buriro,Tahir Gill,Litigated,Paid,Issue Found,Paid,
14700,Ismail Kamal,DEMO-KPT-14700,House No. CRB-312,Street 4,Saddar,5,5,Commercial,Ismail Kamal,Fawad Zaman,Litigated,Due,Clear,Due,
3782,Hafeez Mangi,DEMO-KPT-3782,House No. R-699,Street 12,Saddar,5,5,Commercial,Hafeez Mangi,Rubina Hashmi,Pending,Paid,Clear,Paid,
16352,Inshal Bangash,DEMO-KPT-16352,House No. DRC-707,Street 12,Saddar,5,5,Commercial,Inshal Bangash,Farheen Ijaz,Litigated,Paid,Under Review,Paid,
1892,Azeem Saif,DEMO-KPT-1892,House No. D-637,Street 16,Saddar,5,5,Commercial,Azeem Saif,Mirha Gill,Verified,Paid,Under Review,Due,
7646,Umaima Hussain,DEMO-KPT-7646,House No. CB-568,Street 19,Saddar,5,5,Commercial,Umaima Hussain,Zohaib Gill,Litigated,Paid,Clear,Paid,
7639,Zubaida Ansari,DEMO-KPT-7639,House No. CD-632,Street 24,Saddar,5,5,Commercial,Zubaida Ansari,Sufyan Sipra,Verified,Paid,Clear,Due,
9439,Farheen Cheema,DEMO-KPT-9439,House No. BR-409,Street 24,Saddar,5,5,Commercial,Farheen Cheema,Sahrish Toor,Verified,Paid,Clear,Due,
11208,Kashaf Tanoli,DEMO-KPT-11208,House No. BB-740,Street 26,Saddar,5,5,Commercial,Kashaf Tanoli,Aryan Zafar,Verified,Due,Under Review,Paid,
14728,Tahseen Tariq,DEMO-KPT-14728,House No. RBC-476,Street 26,Saddar,5,5,Commercial,Tahseen Tariq,Athar Mangi,Verified,Paid,Issue Found,Due,
16392,Fiza Nasar,DEMO-KPT-16392,House No. BDC-767,Street 26,Saddar,5,5,Commercial,Fiza Nasar,Saleha Mian,Litigated,Paid,Clear,Due,
7677,Saif Aslam,DEMO-KPT-7677,House No. DR-824,Street 2,Saddar,6,5,Commercial,Saif Aslam,Amara Mengal,Pending,Due,Under Review,Paid,
5888,Rafiq Zaidi,DEMO-KPT-5888,House No. CR-373,Street 10,Saddar,6,5,Commercial,Rafiq Zaidi,Fozia Bashir,Verified,Paid,Issue Found,Due,
14783,Sameer Dawood,DEMO-KPT-14783,House No. BDC-808,Street 10,Saddar,6,5,Commercial,Sameer Dawood,Shafiq Wazir,Verified,Paid,Under Review,Paid,
14795,Irfan Yousafzai,DEMO-KPT-14795,House No. RCB-827,Street 10,Saddar,6,5,Commercial,Irfan Yousafzai,Usman Mohmand,Litigated,Paid,Clear,Paid,
1982,Palwasha Samo,DEMO-KPT-1982,House No. C-688,Street 12,Saddar,6,5,Commercial,Palwasha Samo,Sumayya Toor,Pending,Paid,Clear,Paid,
9594,Rameez Sindhi,DEMO-KPT-9594,House No. DD-764,Street 12,Saddar,6,5,Commercial,Rameez Sindhi,Maryum Noor,Pending,Paid,Under Review,Paid,
3861,Wasim Mohmand,DEMO-KPT-3861,House No. CB-672,Street 16,Saddar,6,5,Commercial,Wasim Mohmand,Hafeez Achakzai,Verified,Due,Issue Found,Paid,
16461,Shahmeer Kasi,DEMO-KPT-16461,House No. CRD-804,Street 16,Saddar,6,5,Commercial,Shahmeer Kasi,Farrukh Bangash,Verified,Due,Issue Found,Paid,
3922,Sameer Mahar,DEMO-KPT-3922,House No. RD-854,Street 17,Saddar,6,5,Commercial,Sameer Mahar,Hashim Zubair,Litigated,Paid,Clear,Due,
7784,Fiza Lodhi,DEMO-KPT-7784,House No. DB-855,Street 18,Saddar,6,5,Commercial,Fiza Lodhi,Daniyal Umer,Verified,Paid,Under Review,Due,
16488,Mushtaq Rajput,DEMO-KPT-16488,House No. BCD-678,Street 19,Saddar,6,5,Commercial,Mushtaq Rajput,Mustafa Hussain,Verified,Paid,Clear,Paid,
2020,Iram Saif,DEMO-KPT-2020,House No. R-802,Street 21,Saddar,6,5,Commercial,Iram Saif,Kanwar Haral,Pending,Paid,Clear,Due,
1994,Wajiha Khan,DEMO-KPT-1994,House No. R-406,Street 23,Saddar,6,5,Commercial,Wajiha Khan,Haroon Sheikh,Litigated,Due,Issue Found,Paid,
9596,Isha Saif,DEMO-KPT-9596,House No. BR-449,Street 23,Saddar,6,5,Commercial,Isha Saif,Rooman Malik,Litigated,Paid,Under Review,Due,
9570,Zaib Ghaffar,DEMO-KPT-9570,House No. RD-486,Street 25,Saddar,6,5,Commercial,Zaib Ghaffar,Neha Panhwar,Pending,Due,Under Review,Paid,
16484,Izhar Farooqi,DEMO-KPT-16484,House No. DRB-893,Street 25,Saddar,6,5,Commercial,Izhar Farooqi,Rizwaan Lughmani,Litigated,Paid,Clear,Due,
5868,Amber Latif,DEMO-KPT-5868,House No. RR-433,Street 26,Saddar,6,5,Commercial,Amber Latif,Alamgir Zubairi,Verified,Paid,Under Review,Paid,
2046,Hanzala Abbasi,DEMO-KPT-2046,House No. B-448,Street 1,Saddar,7,5,Commercial,Hanzala Abbasi,Humayun Rehman,Verified,Paid,Under Review,Due,
7834,Iqra Anwar,DEMO-KPT-7834,House No. BD-593,Street 1,Saddar,7,5,Commercial,Iqra Anwar,Nawaz Mohammadzai,Litigated,Paid,Issue Found,Paid,
14877,Alizeh Yousafzai,DEMO-KPT-14877,House No. CBD-391,Street 2,Saddar,7,5,Commercial,Alizeh Yousafzai,Hussam Hashmi,Pending,Due,Under Review,Paid,
9648,Shahroz Bhutto,DEMO-KPT-9648,House No. BD-524,Street 3,Saddar,7,5,Commercial,Shahroz Bhutto,Sagheer Shafiq,Pending,Due,Clear,Paid,
9689,Rafiq Memon,DEMO-KPT-9689,House No. DC-475,Street 5,Saddar,7,5,Commercial,Rafiq Memon,Amjad Sindhi,Verified,Paid,Clear,Paid,
3981,Hamza Rajput,DEMO-KPT-3981,House No. RB-643,Street 6,Saddar,7,5,Commercial,Hamza Rajput,Shumaila Aslam,Litigated,Due,Clear,Due,
7890,Nawal Ansari,DEMO-KPT-7890,House No. DB-677,Street 6,Saddar,7,5,Commercial,Nawal Ansari,Javeria Zaman,Pending,Due,Issue Found,Paid,
3983,Shaheer Unar,DEMO-KPT-3983,House No. CB-496,Street 10,Saddar,7,5,Commercial,Shaheer Unar,Ayan Bettani,Verified,Paid,Under Review,Paid,
12983,Aisha Rafique,DEMO-KPT-12983,House No. DC-523,Street 10,Saddar,7,5,Commercial,Aisha Rafique,Fahad Bhittani,Verified,Paid,Under Review,Paid,
7855,Sumbal Ali,DEMO-KPT-7855,House No. CR-328,Street 11,Saddar,7,5,Commercial,Sumbal Ali,Zaynab Jafri,Verified,Due,Under Review,Paid,
6002,Haris Tanoli,DEMO-KPT-6002,House No. DC-533,Street 12,Saddar,7,5,Commercial,Haris Tanoli,Tabassum Jaffri,Litigated,Paid,Under Review,Paid,
9632,Waqas Chaudhry,DEMO-KPT-9632,House No. DB-363,Street 12,Saddar,7,5,Commercial,Waqas Chaudhry,Ibrahim Mustafa,Pending,Paid,Clear,Paid,
13015,Alishba Jafri,DEMO-KPT-13015,House No. RR-670,Street 17,Saddar,7,5,Commercial,Alishba Jafri,Kaleemullah Abbasi,Verified,Due,Under Review,Due,
5984,Yusuf Bangash,DEMO-KPT-5984,House No. CR-809,Street 18,Saddar,7,5,Commercial,Yusuf Bangash,Shama Tahir,Verified,Paid,Under Review,Due,
11450,Abrar Chaudhry,DEMO-KPT-11450,House No. CB-542,Street 18,Saddar,7,5,Commercial,Abrar Chaudhry,Umar Qazi,Litigated,Paid,Issue Found,Due,
2090,Rahim Sipra,DEMO-KPT-2090,House No. B-466,Street 23,Saddar,7,5,Commercial,Rahim Sipra,Maira Umer,Verified,Due,Clear,Paid,
11396,Shafay Panhwar,DEMO-KPT-11396,House No. CC-468,Street 23,Saddar,7,5,Commercial,Shafay Panhwar,Nafisa Sabri,Litigated,Paid,Under Review,Due,
9663,Ifrah Baloch,DEMO-KPT-9663,House No. BR-379,Street 28,Saddar,7,5,Commercial,Ifrah Baloch,Farid Unar,Litigated,Paid,Issue Found,Paid,
11461,Tayyaba Kalhoro,DEMO-KPT-11461,House No. CD-618,Street 29,Saddar,7,5,Commercial,Tayyaba Kalhoro,Bilal Khan,Litigated,Due,Issue Found,Due,
16600,Fatima Rajput,DEMO-KPT-16600,House No. RCB-777,Street 29,Saddar,7,5,Commercial,Fatima Rajput,Saif Ghazali,Pending,Paid,Clear,Due,
9696,Anwar Kayani,DEMO-KPT-9696,House No. DR-889,Street 1,Saddar,8,5,Commercial,Anwar Kayani,Mahrukh Kiani,Verified,Paid,Under Review,Due,
7929,Imran Nawaz,DEMO-KPT-7929,House No. RB-664,Street 3,Saddar,8,5,Commercial,Imran Nawaz,Nayab Tiwana,Litigated,Paid,Under Review,Paid,
2202,Ilyas Khuhro,DEMO-KPT-2202,House No. D-877,Street 4,Saddar,8,5,Commercial,Ilyas Khuhro,Ayub Rizvi,Litigated,Due,Issue Found,Paid,
11477,Kabeer Dayo,DEMO-KPT-11477,House No. BB-580,Street 7,Saddar,8,5,Commercial,Kabeer Dayo,Omer Ghauri,Pending,Due,Issue Found,Paid,
16660,Saleha Qadri,DEMO-KPT-16660,House No. RCB-451,Street 10,Saddar,8,5,Commercial,Saleha Qadri,Taimoor Zahid,Verified,Paid,Clear,Due,
15026,Zaynab Mahsud,DEMO-KPT-15026,House No. CRB-691,Street 12,Saddar,8,5,Commercial,Zaynab Mahsud,Naeem Kazmi,Litigated,Paid,Under Review,Due,
9774,Shama Turk,DEMO-KPT-9774,House No. BR-526,Street 15,Saddar,8,5,Commercial,Shama Turk,Talha Mohammadzai,Pending,Due,Under Review,Due,
4034,Zaid Siddiqui,DEMO-KPT-4034,House No. RD-883,Street 16,Saddar,8,5,Commercial,Zaid Siddiqui,Saher Yousaf,Pending,Paid,Under Review,Paid,
14984,Umair Farooq,DEMO-KPT-14984,House No. RBC-366,Street 18,Saddar,8,5,Commercial,Umair Farooq,Sufyan Hussain,Verified,Paid,Under Review,Due,
7957,Maham Hussain,DEMO-KPT-7957,House No. RB-716,Street 19,Saddar,8,5,Commercial,Maham Hussain,Kanwar Alvi,Litigated,Paid,Clear,Paid,
11567,Zubaid Yaqoob,DEMO-KPT-11567,House No. RB-470,Street 20,Saddar,8,5,Commercial,Zubaid Yaqoob,Suleman Dreshak,Verified,Due,Under Review,Due,
13049,Uzma Lashari,DEMO-KPT-13049,House No. RB-566,Street 22,Saddar,8,5,Commercial,Uzma Lashari,Qayyum Sultan,Verified,Paid,Under Review,Due,
4124,Abdullah Chattha,DEMO-KPT-4124,House No. RR-602,Street 23,Saddar,8,5,Commercial,Abdullah Chattha,Nimra Kazmi,Verified,Due,Issue Found,Due,
16678,Sarmad Farooq,DEMO-KPT-16678,House No. DBR-745,Street 23,Saddar,8,5,Commercial,Sarmad Farooq,Samad Mirza,Verified,Paid,Clear,Paid,
13039,Ahmed Lashari,DEMO-KPT-13039,House No. DC-676,Street 24,Saddar,8,5,Commercial,Ahmed Lashari,Sameer Lodhi,Verified,Paid,Clear,Due,
7934,Younas Umer,DEMO-KPT-7934,House No. BR-628,Street 25,Saddar,8,5,Commercial,Younas Umer,Zubaid Pasha,Litigated,Paid,Clear,Due,
2140,Asma Saif,DEMO-KPT-2140,House No. B-426,Street 26,Saddar,8,5,Commercial,Asma Saif,Anwar Zahid,Verified,Paid,Under Review,Due,
4068,Nadia Zubairi,DEMO-KPT-4068,House No. DB-610,Street 26,Saddar,8,5,Commercial,Nadia Zubairi,Javeria Rana,Verified,Paid,Under Review,Paid,
6042,Liaquat Sial,DEMO-KPT-6042,House No. DD-462,Street 26,Saddar,8,5,Commercial,Liaquat Sial,Ashfaq Chaudhry,Litigated,Paid,Clear,Due,
11590,Anila Mirza,DEMO-KPT-11590,House No. CC-784,Street 26,Saddar,8,5,Commercial,Anila Mirza,Jibran Marri,Verified,Paid,Under Review,Due,
6075,Yusuf Mazari,DEMO-KPT-6075,House No. CD-693,Street 27,Saddar,8,5,Commercial,Yusuf Mazari,Sahrish Shakir,Verified,Due,Under Review,Due,
6061,Hafsa Saleem,DEMO-KPT-6061,House No. DD-777,Street 29,Saddar,8,5,Commercial,Hafsa Saleem,Atif Hanif,Litigated,Due,Issue Found,Due,
4120,Munib Lughmani,DEMO-KPT-4120,House No. BR-428,Street 30,Saddar,8,5,Commercial,Munib Lughmani,Humayun Noor,Litigated,Due,Under Review,Paid,
16788,Aqib Farooqi,DEMO-KPT-16788,House No. DRB-360,Street 3,Saddar,9,5,Commercial,Aqib Farooqi,Huma Durrani,Pending,Paid,Under Review,Paid,
15077,Muneeba Awan,DEMO-KPT-15077,House No. BRC-321,Street 7,Saddar,9,5,Commercial,Muneeba Awan,Zaib Tanvir,Pending,Due,Issue Found,Paid,
8045,Asra Malik,DEMO-KPT-8045,House No. BC-784,Street 10,Saddar,9,5,Commercial,Asra Malik,Saleem Rizvi,Litigated,Paid,Clear,Paid,
4232,Aftab Shaikh,DEMO-KPT-4232,House No. RC-713,Street 12,Saddar,9,5,Commercial,Aftab Shaikh,Manahil Shafi,Pending,Paid,Clear,Paid,
15032,Nashra Pirzada,DEMO-KPT-15032,House No. RCD-806,Street 12,Saddar,9,5,Commercial,Nashra Pirzada,Hamza Swati,Pending,Paid,Clear,Paid,
16802,Israr Alvi,DEMO-KPT-16802,House No. CBR-500,Street 12,Saddar,9,5,Commercial,Israr Alvi,Saleha Imran,Litigated,Paid,Under Review,Paid,
2234,Ashar Kiani,DEMO-KPT-2234,House No. B-607,Street 16,Saddar,9,5,Commercial,Ashar Kiani,Farrukh Kalhoro,Pending,Paid,Under Review,Paid,
11672,Iqra Bhutto,DEMO-KPT-11672,House No. DR-598,Street 16,Saddar,9,5,Commercial,Iqra Bhutto,Waseem Baig,Pending,Paid,Under Review,Due,
13142,Nasir Umer,DEMO-KPT-13142,House No. CR-519,Street 16,Saddar,9,5,Commercial,Nasir Umer,Samad Raza,Verified,Paid,Under Review,Due,
2215,Husna Yaqoob,DEMO-KPT-2215,House No. B-586,Street 17,Saddar,9,5,Commercial,Husna Yaqoob,Maryum Jafri,Verified,Due,Under Review,Due,
11665,Mahad Mohammadzai,DEMO-KPT-11665,House No. CC-738,Street 17,Saddar,9,5,Commercial,Mahad Mohammadzai,Mahnaz Mansoor,Verified,Due,Under Review,Due,
16784,Nageen Dreshak,DEMO-KPT-16784,House No. RCB-734,Street 18,Saddar,9,5,Commercial,Nageen Dreshak,Muneeb Bangash,Verified,Paid,Under Review,Due,
15070,Adnan Afridi,DEMO-KPT-15070,House No. BRC-778,Street 21,Saddar,9,5,Commercial,Adnan Afridi,Dua Butt,Pending,Paid,Clear,Due,
8099,Ruqayya Sultan,DEMO-KPT-8099,House No. CB-702,Street 22,Saddar,9,5,Commercial,Ruqayya Sultan,Zubia Cheema,Verified,Paid,Under Review,Due,
15044,Jannat Samo,DEMO-KPT-15044,House No. DCB-524,Street 23,Saddar,9,5,Commercial,Jannat Samo,Aashir Mirza,Litigated,Due,Issue Found,Paid,
2239,Kaif Wattoo,DEMO-KPT-2239,House No. C-691,Street 24,Saddar,9,5,Commercial,Kaif Wattoo,Hussain Rafique,Verified,Paid,Clear,Due,
15117,Zulfiqar Zardari,DEMO-KPT-15117,House No. RBC-682,Street 24,Saddar,9,5,Commercial,Zulfiqar Zardari,Rehan Akhtar,Litigated,Due,Issue Found,Paid,
2268,Haroon Gondal,DEMO-KPT-2268,House No. B-385,Street 26,Saddar,9,5,Commercial,Haroon Gondal,Sajida Kazmi,Verified,Paid,Under Review,Paid,
6178,Tamim Lone,DEMO-KPT-6178,House No. BC-370,Street 26,Saddar,9,5,Commercial,Tamim Lone,Raees Ilyas,Verified,Paid,Issue Found,Due,
9783,Tanveer Cheena,DEMO-KPT-9783,House No. RD-755,Street 26,Saddar,9,5,Commercial,Tanveer Cheena,Uzair Hoti,Litigated,Paid,Under Review,Due,
15075,Rabia Sohu,DEMO-KPT-15075,House No. BDR-789,Street 27,Saddar,9,5,Commercial,Rabia Sohu,Zafar Wani,Verified,Due,Under Review,Due,
2277,Shafaq Shaikh,DEMO-KPT-2277,House No. D-518,Street 2,Saddar,10,5,Commercial,Shafaq Shaikh,Hira Saleem,Pending,Due,Under Review,Paid,
15196,Talal Lari,DEMO-KPT-15196,House No. CRD-689,Street 5,Saddar,10,5,Commercial,Talal Lari,Iram Niazi,Pending,Due,Under Review,Due,
4290,Shehryar Randhawa,DEMO-KPT-4290,House No. RB-747,Street 6,Saddar,10,5,Commercial,Shehryar Randhawa,Muhammad Mahesar,Pending,Due,Issue Found,Paid,
13202,Abbas Virk,DEMO-KPT-13202,House No. RB-462,Street 12,Saddar,10,5,Commercial,Abbas Virk,Shagufta Raza,Litigated,Paid,Under Review,Paid,
8161,Dilawar Dahri,DEMO-KPT-8161,House No. BR-657,Street 16,Saddar,10,5,Commercial,Dilawar Dahri,Yasir Awan,Pending,Due,Under Review,Paid,
16850,Aun Awan,DEMO-KPT-16850,House No. RDB-729,Street 18,Saddar,10,5,Commercial,Aun Awan,Atiya Dahri,Litigated,Paid,Issue Found,Due,
8145,Kabeer Yousafzai,DEMO-KPT-8145,House No. RR-450,Street 19,Saddar,10,5,Commercial,Kabeer Yousafzai,Basit Waheed,Litigated,Paid,Issue Found,Paid,
11745,Shehzad Anwar,DEMO-KPT-11745,House No. CB-755,Street 19,Saddar,10,5,Commercial,Shehzad Anwar,Mehwish Bugti,Litigated,Paid,Issue Found,Paid,
15138,Nazia Hoti,DEMO-KPT-15138,House No. RCB-647,Street 19,Saddar,10,5,Commercial,Nazia Hoti,Feroz Memon,Verified,Paid,Clear,Paid,
8147,Anila Hafeez,DEMO-KPT-8147,House No. DD-358,Street 21,Saddar,10,5,Commercial,Anila Hafeez,Nudrat Zubairi,Verified,Paid,Under Review,Due,
16870,Zakariya Mahsud,DEMO-KPT-16870,House No. BCD-880,Street 21,Saddar,10,5,Commercial,Zakariya Mahsud,Saba Bhat,Pending,Paid,Clear,Due,
6299,Abeera Haral,DEMO-KPT-6299,House No. DR-570,Street 22,Saddar,10,5,Commercial,Abeera Haral,Yasmeen Mahsud,Verified,Paid,Under Review,Due,
2278,Nailah Wazir,DEMO-KPT-2278,House No. D-672,Street 23,Saddar,10,5,Commercial,Nailah Wazir,Rafay Yaqoob,Verified,Paid,Clear,Paid,
4317,Saleem Lodhi,DEMO-KPT-4317,House No. DR-512,Street 24,Saddar,10,5,Commercial,Saleem Lodhi,Nadeem Abbasi,Litigated,Due,Issue Found,Paid,
11689,Aneesa Zafar,DEMO-KPT-11689,House No. DC-519,Street 24,Saddar,10,5,Commercial,Aneesa Zafar,Manahil Leghari,Verified,Paid,Clear,Due,
16805,Rubina Iqbal,DEMO-KPT-16805,House No. RBD-795,Street 25,Saddar,10,5,Commercial,Rubina Iqbal,Rahila Jamal,Pending,Due,Clear,Paid,
15178,Yahya Bijarani,DEMO-KPT-15178,House No. DRB-858,Street 26,Saddar,10,5,Commercial,Yahya Bijarani,Qurat Hoti,Verified,Paid,Issue Found,Due,
15183,Tahir Mughal,DEMO-KPT-15183,House No. RDB-705,Street 26,Saddar,10,5,Commercial,Tahir Mughal,Sitara Ansari,Litigated,Paid,Under Review,Due,
4275,Tooba Shinwari,DEMO-KPT-4275,House No. RC-467,Street 27,Saddar,10,5,Commercial,Tooba Shinwari,Sharmeen Khosa,Verified,Due,Under Review,Due,
4252,Rashida Rafique,DEMO-KPT-4252,House No. RD-542,Street 28,Saddar,10,5,Commercial,Rashida Rafique,Wajid Lughmani,Litigated,Paid,Clear,Due,
13252,Sumaira Rafique,DEMO-KPT-13252,House No. DR-893,Street 28,Saddar,10,5,Commercial,Sumaira Rafique,Ajmal Jamali,Litigated,Paid,Clear,Due,
9850,Nouman Lone,DEMO-KPT-9850,House No. DD-746,Street 29,Saddar,10,5,Commercial,Nouman Lone,Beenish Peerzada,Pending,Paid,Clear,Due,
6334,Aqsa Cheena,DEMO-KPT-6334,House No. CD-757,Street 30,Saddar,10,5,Commercial,Aqsa Cheena,Rafay Shakeel,Verified,Paid,Issue Found,Due,
4329,Nadia Bilgrami,DEMO-KPT-4329,House No. RD-621,Street 3,Saddar,11,5,Commercial,Nadia Bilgrami,Yahya Zahid,Litigated,Paid,Under Review,Paid,
6404,Athar Naseem,DEMO-KPT-6404,House No. DC-672,Street 6,Saddar,11,5,Commercial,Athar Naseem,Mehak Mahar,Litigated,Due,Issue Found,Paid,
15231,Shafaq Khan,DEMO-KPT-15231,House No. RDB-467,Street 6,Saddar,11,5,Commercial,Shafaq Khan,Naureen Talpur,Litigated,Due,Clear,Due,
16928,Kausar Shakir,DEMO-KPT-16928,House No. CBR-640,Street 7,Saddar,11,5,Commercial,Kausar Shakir,Urwa Dawood,Litigated,Due,Clear,Paid,
2402,Aqeel Naqvi,DEMO-KPT-2402,House No. D-533,Street 12,Saddar,11,5,Commercial,Aqeel Naqvi,Aziz Qadri,Litigated,Paid,Under Review,Paid,
4374,Aqsa Lodhi,DEMO-KPT-4374,House No. RD-495,Street 15,Saddar,11,5,Commercial,Aqsa Lodhi,Faiza Mangi,Pending,Due,Under Review,Due,
6392,Maryum Gondal,DEMO-KPT-6392,House No. CD-520,Street 16,Saddar,11,5,Commercial,Maryum Gondal,Unaiza Sindhi,Verified,Paid,Under Review,Due,
16911,Naila Haral,DEMO-KPT-16911,House No. RBD-480,Street 16,Saddar,11,5,Commercial,Naila Haral,Feryal Jadoon,Verified,Due,Issue Found,Paid,
6374,Laraib Zubairi,DEMO-KPT-6374,House No. RB-704,Street 23,Saddar,11,5,Commercial,Laraib Zubairi,Samina Jamal,Verified,Due,Issue Found,Due,
2365,Rabia Marri,DEMO-KPT-2365,House No. C-304,Street 24,Saddar,11,5,Commercial,Rabia Marri,Jannat Hinjra,Pending,Paid,Issue Found,Paid,
8215,Tooba Ghazali,DEMO-KPT-8215,House No. CD-571,Street 24,Saddar,11,5,Commercial,Tooba Ghazali,Fakhar Iqbal,Pending,Paid,Issue Found,Paid,
16934,Wajid Palijo,DEMO-KPT-16934,House No. BRD-682,Street 25,Saddar,11,5,Commercial,Wajid Palijo,Nabila Sipra,Litigated,Paid,Clear,Due,
4351,Iqra Saleem,DEMO-KPT-4351,House No. CB-386,Street 27,Saddar,11,5,Commercial,Iqra Saleem,Shahid Sipra,Pending,Due,Under Review,Paid,
13263,Farheen Hanif,DEMO-KPT-13263,House No. BR-490,Street 28,Saddar,11,5,Commercial,Farheen Hanif,Wania Janjua,Litigated,Paid,Issue Found,Paid,
15201,Sibtain Sadiq,DEMO-KPT-15201,House No. DRC-625,Street 29,Saddar,11,5,Commercial,Sibtain Sadiq,Nida Rizvi,Pending,Paid,Under Review,Due,
9934,Zameer Sahito,DEMO-KPT-9934,House No. CB-536,Street 30,Saddar,11,5,Commercial,Zameer Sahito,Faiza Soomro,Verified,Paid,Issue Found,Due,
11838,Zarmeen Zaman,DEMO-KPT-11838,House No. RR-503,Street 3,Saddar,12,5,Commercial,Zarmeen Zaman,Atif Samo,Pending,Paid,Under Review,Paid,
13350,Munib Mahar,DEMO-KPT-13350,House No. CR-575,Street 4,Saddar,12,5,Commercial,Munib Mahar,Saba Umer,Litigated,Due,Clear,Due,
8327,Naureen Lodhi,DEMO-KPT-8327,House No. BB-878,Street 7,Saddar,12,5,Commercial,Naureen Lodhi,Sidrah Shafi,Pending,Due,Issue Found,Paid,
10044,Naila Javed,DEMO-KPT-10044,House No. DC-853,Street 12,Saddar,12,5,Commercial,Naila Javed,Amal Mughal,Pending,Paid,Under Review,Paid,
4472,Sumbal Leghari,DEMO-KPT-4472,House No. CC-302,Street 16,Saddar,12,5,Commercial,Sumbal Leghari,Zameer Tiwana,Pending,Paid,Under Review,Due,
15284,Ahtisham Ahmed,DEMO-KPT-15284,House No. BCD-771,Street 16,Saddar,12,5,Commercial,Ahtisham Ahmed,Zahida Panhwar,Pending,Paid,Under Review,Paid,
8320,Mahreen Parvez,DEMO-KPT-8320,House No. CD-519,Street 21,Saddar,12,5,Commercial,Mahreen Parvez,Sharmeen Zubairi,Pending,Paid,Clear,Due,
15289,Wajiha Lakhani,DEMO-KPT-15289,House No. DCR-505,Street 24,Saddar,12,5,Commercial,Wajiha Lakhani,Azka Bijarani,Verified,Paid,Clear,Due,
10049,Nuzhat Sohu,DEMO-KPT-10049,House No. CC-496,Street 25,Saddar,12,5,Commercial,Nuzhat Sohu,Naureen Mari,Litigated,Due,Issue Found,Paid,
11892,Javaria Gilani,DEMO-KPT-11892,House No. DB-315,Street 26,Saddar,12,5,Commercial,Javaria Gilani,Nabeel Kharal,Litigated,Paid,Clear,Due,
2551,Tamkeen Mughal,DEMO-KPT-2551,House No. C-334,Street 27,Saddar,12,5,Commercial,Tamkeen Mughal,Shahid Virk,Pending,Due,Under Review,Paid,
13351,Isha Jamali,DEMO-KPT-13351,House No. BD-511,Street 27,Saddar,12,5,Commercial,Isha Jamali,Sajida Sindhi,Pending,Due,Under Review,Paid,
10178,Nighat Jafri,DEMO-KPT-10178,House No. BC-337,Street 7,Saddar,13,5,Commercial,Nighat Jafri,Hashim Hameed,Litigated,Due,Clear,Paid,
2633,Hanzala Tarar,DEMO-KPT-2633,House No. B-496,Street 10,Saddar,13,5,Commercial,Hanzala Tarar,Jibran Javed,Verified,Paid,Under Review,Paid,
4525,Yasmeen Ansari,DEMO-KPT-4525,House No. BR-503,Street 12,Saddar,13,5,Commercial,Yasmeen Ansari,Qudrat Ghumman,Verified,Paid,Under Review,Due,
2574,Zakariya Rajper,DEMO-KPT-2574,House No. C-863,Street 15,Saddar,13,5,Commercial,Zakariya Rajper,Amna Swati,Pending,Due,Under Review,Due,
15345,Sundas Unar,DEMO-KPT-15345,House No. DBC-523,Street 19,Saddar,13,5,Commercial,Sundas Unar,Imtiaz Awan,Litigated,Paid,Issue Found,Paid,
6584,Bushra Buriro,DEMO-KPT-6584,House No. RC-734,Street 25,Saddar,13,5,Commercial,Bushra Buriro,Maqsood Magsi,Litigated,Paid,Clear,Due,
2583,Sarfraz Mahsud,DEMO-KPT-2583,House No. D-586,Street 26,Saddar,13,5,Commercial,Sarfraz Mahsud,Farid Butt,Litigated,Paid,Under Review,Due,
10092,Sheeba Lone,DEMO-KPT-10092,House No. RB-772,Street 26,Saddar,13,5,Commercial,Sheeba Lone,Nosheen Shakeel,Litigated,Paid,Clear,Due,
11911,Azeem Tiwana,DEMO-KPT-11911,House No. DC-646,Street 29,Saddar,13,5,Commercial,Azeem Tiwana,Shifa Bhat,Litigated,Due,Issue Found,Due,
6646,Zunaira Marri,DEMO-KPT-6646,House No. BR-644,Street 5,Saddar,14,5,Commercial,Zunaira Marri,Ayub Gakhar,Pending,Due,Under Review,Due,
6681,Afshan Khuhro,DEMO-KPT-6681,House No. RB-488,Street 6,Saddar,14,5,Commercial,Afshan Khuhro,Kaleem Rajput,Litigated,Due,Clear,Due,
11978,Sagheer Rafique,DEMO-KPT-11978,House No. DR-661,Street 7,Saddar,14,5,Commercial,Sagheer Rafique,Zubia Palijo,Litigated,Due,Clear,Paid,
6683,Bakht Wattoo,DEMO-KPT-6683,House No. RR-842,Street 10,Saddar,14,5,Commercial,Bakht Wattoo,Aun Mansoor,Verified,Paid,Under Review,Paid,
2725,Huma Cheena,DEMO-KPT-2725,House No. B-736,Street 12,Saddar,14,5,Commercial,Huma Cheena,Nasrullah Ranjha,Verified,Paid,Under Review,Due,
15387,Muneeba Tunio,DEMO-KPT-15387,House No. DCB-425,Street 15,Saddar,14,5,Commercial,Muneeba Tunio,Wajid Zaman,Pending,Paid,Issue Found,Paid,
2761,Saira Chandio,DEMO-KPT-2761,House No. C-544,Street 16,Saddar,14,5,Commercial,Saira Chandio,Muzammil Zahid,Pending,Due,Under Review,Paid,
15424,Zubia Swati,DEMO-KPT-15424,House No. BCR-686,Street 18,Saddar,14,5,Commercial,Zubia Swati,Zamzam Rind,Litigated,Paid,Issue Found,Paid,
4694,Rehan Soomro,DEMO-KPT-4694,House No. CB-514,Street 23,Saddar,14,5,Commercial,Rehan Soomro,Arooj Kalhoro,Litigated,Due,Issue Found,Paid,
4615,Shafaq Wani,DEMO-KPT-4615,House No. RR-757,Street 24,Saddar,14,5,Commercial,Shafaq Wani,Tanzeela Sabri,Pending,Paid,Issue Found,Paid,
8428,Tasneem Hanif,DEMO-KPT-8428,House No. DC-525,Street 26,Saddar,14,5,Commercial,Tasneem Hanif,Mahnaz Bugti,Verified,Paid,Issue Found,Due,
4725,Abrar Chattha,DEMO-KPT-4725,House No. RC-350,Street 27,Saddar,14,5,Commercial,Abrar Chattha,Anum Naqvi,Verified,Due,Under Review,Due,
6601,Adeel Bhutto,DEMO-KPT-6601,House No. CD-809,Street 27,Saddar,14,5,Commercial,Adeel Bhutto,Nabeeha Chattha,Pending,Due,Under Review,Paid,
6651,Ikram Mehmood,DEMO-KPT-6651,House No. BB-701,Street 29,Saddar,14,5,Commercial,Ikram Mehmood,Shahzad Popalzai,Pending,Paid,Under Review,Due,
8500,Ali Wani,DEMO-KPT-8500,House No. RC-451,Street 29,Saddar,14,5,Commercial,Ali Wani,Ahtisham Daudzai,Pending,Paid,Clear,Due,
13450,Amara Dayo,DEMO-KPT-13450,House No. RBD-740,Street 29,Saddar,14,5,Commercial,Amara Dayo,Mishal Gondal,Pending,Paid,Clear,Due,
15352,Zoya Butt,DEMO-KPT-15352,House No. DCB-555,Street 29,Saddar,14,5,Commercial,Zoya Butt,Farhan Wazir,Pending,Paid,Clear,Due,
2734,Shumaila Mahesar,DEMO-KPT-2734,House No. C-418,Street 30,Saddar,14,5,Commercial,Shumaila Mahesar,Raheela Minhas,Verified,Paid,Issue Found,Due,
12085,Mubashra Tunio,DEMO-KPT-12085,House No. DD-418,Street 3,Saddar,15,5,Commercial,Mubashra Tunio,Rizwaan Qazi,Litigated,Due,Issue Found,Paid,
4800,Sadiq Ghumman,DEMO-KPT-4800,House No. DB-699,Street 4,Saddar,15,5,Commercial,Sadiq Ghumman,Ayan Tanvir,Litigated,Due,Clear,Due,
6702,Arisha Mahesar,DEMO-KPT-6702,House No. CB-782,Street 4,Saddar,15,5,Commercial,Arisha Mahesar,Iram Mansoor,Litigated,Due,Issue Found,Paid,
12046,Neha Nasar,DEMO-KPT-12046,House No. BR-458,Street 5,Saddar,15,5,Commercial,Neha Nasar,Moeen Sabri,Pending,Due,Under Review,Due,
15527,Habib Dawood,DEMO-KPT-15527,House No. RCD-562,Street 7,Saddar,15,5,Commercial,Habib Dawood,Khansa Kakar,Pending,Due,Issue Found,Paid,
12076,Masood Hashmi,DEMO-KPT-12076,House No. DD-736,Street 8,Saddar,15,5,Commercial,Masood Hashmi,Sabika Swati,Litigated,Due,Under Review,Paid,
8560,Kanwal Zaman,DEMO-KPT-8560,House No. RC-821,Street 10,Saddar,15,5,Commercial,Kanwal Zaman,Iqra Mazari,Verified,Paid,Clear,Due,
12095,Affan Rind,DEMO-KPT-12095,House No. CB-360,Street 10,Saddar,15,5,Commercial,Affan Rind,Zakariya Kazmi,Litigated,Paid,Clear,Paid,
2792,Fatima Shakeel,DEMO-KPT-2792,House No. D-485,Street 16,Saddar,15,5,Commercial,Fatima Shakeel,Parveen Bugti,Verified,Paid,Under Review,Due,
13624,Nadeem Farooq,DEMO-KPT-13624,House No. BDC-352,Street 18,Saddar,15,5,Commercial,Nadeem Farooq,Shafaq Dar,Litigated,Paid,Issue Found,Paid,
15434,Haziq Iqbal,DEMO-KPT-15434,House No. BDC-309,Street 18,Saddar,15,5,Commercial,Haziq Iqbal,Sikandar Daudzai,Verified,Paid,Under Review,Due,
13547,Daniya Shaikh,DEMO-KPT-13547,House No. DBR-759,Street 21,Saddar,15,5,Commercial,Daniya Shaikh,Omer Ghazali,Verified,Paid,Under Review,Due,
6749,Khalid Yousafzai,DEMO-KPT-6749,House No. CD-625,Street 22,Saddar,15,5,Commercial,Khalid Yousafzai,Firdous Yaqoob,Verified,Paid,Under Review,Due,
2846,Mahad Kharal,DEMO-KPT-2846,House No. B-681,Street 23,Saddar,15,5,Commercial,Mahad Kharal,Shahida Lone,Litigated,Paid,Under Review,Due,
15446,Israr Bashir,DEMO-KPT-15446,House No. BDR-596,Street 23,Saddar,15,5,Commercial,Israr Bashir,Inaya Shakeel,Litigated,Paid,Under Review,Due,
8539,Fayyaz Shakeel,DEMO-KPT-8539,House No. DR-715,Street 24,Saddar,15,5,Commercial,Fayyaz Shakeel,Zunaira Ghauri,Verified,Paid,Clear,Due,
12051,Mirha Khosa,DEMO-KPT-12051,House No. CD-826,Street 29,Saddar,15,5,Commercial,Mirha Khosa,Hadi Niazi,Pending,Paid,Under Review,Due,
10384,Kashaf Dahri,DEMO-KPT-10384,House No. BR-381,Street 30,Saddar,15,5,Commercial,Kashaf Dahri,Sara Qureshi,Verified,Paid,Issue Found,Due,
6888,Mustafa Rabbani,DEMO-KPT-6888,House No. BD-425,Street 3,Saddar,16,5,Commercial,Mustafa Rabbani,Palwasha Ghazali,Pending,Paid,Under Review,Paid,
2852,Mehrunnisa Kazmi,DEMO-KPT-2852,House No. C-387,Street 12,Saddar,16,5,Commercial,Mehrunnisa Kazmi,Bakhtiar Dawood,Litigated,Paid,Under Review,Paid,
6894,Saleha Gilani,DEMO-KPT-6894,House No. BR-627,Street 12,Saddar,16,5,Commercial,Saleha Gilani,Tasneem Gabol,Pending,Paid,Under Review,Paid,
13824,Nimra Yousaf,DEMO-KPT-13824,House No. RBD-575,Street 15,Saddar,16,5,Commercial,Nimra Yousaf,Zuha Nadeem,Pending,Due,Under Review,Due,
4922,Nigar Sial,DEMO-KPT-4922,House No. BD-418,Street 16,Saddar,16,5,Commercial,Nigar Sial,Inaya Aslam,Pending,Paid,Under Review,Due,
4934,Mahjabeen Waheed,DEMO-KPT-4934,House No. CR-381,Street 16,Saddar,16,5,Commercial,Mahjabeen Waheed,Hina Bilgrami,Pending,Paid,Under Review,Paid,
4915,Qaiser Imran,DEMO-KPT-4915,House No. DD-527,Street 17,Saddar,16,5,Commercial,Qaiser Imran,Zulekha Kamboh,Verified,Due,Under Review,Due,
10465,Kaleemullah Dreshak,DEMO-KPT-10465,House No. BD-598,Street 24,Saddar,16,5,Commercial,Kaleemullah Dreshak,Shumaila Swati,Pending,Paid,Issue Found,Paid,
2855,Hashir Alvi,DEMO-KPT-2855,House No. B-420,Street 25,Saddar,16,5,Commercial,Hashir Alvi,Nailah Dahri,Pending,Due,Clear,Paid,
2902,Nargis Turk,DEMO-KPT-2902,House No. D-497,Street 28,Saddar,16,5,Commercial,Nargis Turk,Nadia Dreshak,Litigated,Paid,Clear,Due,
10443,Anum Chaudhry,DEMO-KPT-10443,House No. CC-459,Street 29,Saddar,16,5,Commercial,Anum Chaudhry,Zoya Rizvi,Litigated,Paid,Issue Found,Paid,
10420,Ahmed Korai,DEMO-KPT-10420,House No. DC-729,Street 30,Saddar,16,5,Commercial,Ahmed Korai,Taimur Usmani,Litigated,Due,Under Review,Paid,
15662,Saeed Mirani,DEMO-KPT-15662,House No. CBR-334,Street 2,Saddar,17,5,Commercial,Saeed Mirani,Rubina Jogezai,Verified,Due,Clear,Due,
8748,Munib Lari,DEMO-KPT-8748,House No. CB-868,Street 3,Saddar,17,5,Commercial,Munib Lari,Sara Hanif,Pending,Due,Clear,Paid,
3000,Mubashra Rana,DEMO-KPT-3000,House No. B-750,Street 4,Saddar,17,5,Commercial,Mubashra Rana,Maqsood Randhawa,Litigated,Due,Clear,Due,
6990,Taha Hussain,DEMO-KPT-6990,House No. CD-526,Street 6,Saddar,17,5,Commercial,Taha Hussain,Asra Usmani,Pending,Due,Issue Found,Paid,
4988,Amara Mirza,DEMO-KPT-4988,House No. DC-685,Street 10,Saddar,17,5,Commercial,Amara Mirza,Rahila Lari,Verified,Paid,Issue Found,Due,
6955,Taimoor Alvi,DEMO-KPT-6955,House No. BR-524,Street 11,Saddar,17,5,Commercial,Taimoor Alvi,Amal Zardari,Verified,Due,Under Review,Paid,
8726,Qadir Dayo,DEMO-KPT-8726,House No. RC-593,Street 12,Saddar,17,5,Commercial,Qadir Dayo,Qudrat Palijo,Litigated,Paid,Under Review,Due,
2990,Nashra Butt,DEMO-KPT-2990,House No. R-600,Street 23,Saddar,17,5,Commercial,Nashra Butt,Asra Mahsud,Verified,Due,Clear,Paid,
8670,Minahil Sahito,DEMO-KPT-8670,House No. BB-675,Street 25,Saddar,17,5,Commercial,Minahil Sahito,Hidayat Awan,Pending,Due,Under Review,Paid,
10470,Malaika Kayani,DEMO-KPT-10470,House No. BR-885,Street 25,Saddar,17,5,Commercial,Malaika Kayani,Nabeel Yaqoob,Pending,Due,Under Review,Paid,
8742,Nazia Ali,DEMO-KPT-8742,House No. CR-632,Street 26,Saddar,17,5,Commercial,Nazia Ali,Sumayya Bettani,Litigated,Paid,Clear,Due,
7131,Anila Lak,DEMO-KPT-7131,House No. BB-591,Street 6,Saddar,18,5,Commercial,Anila Lak,Jamil Pirzada,Litigated,Due,Clear,Due,
7028,Sara Nasar,DEMO-KPT-7028,House No. DR-608,Street 7,Saddar,18,5,Commercial,Sara Nasar,Zaynab Lone,Litigated,Due,Clear,Paid,
15676,Rafiq Ghauri,DEMO-KPT-15676,House No. RBD-783,Street 8,Saddar,18,5,Commercial,Rafiq Ghauri,Zahra Hoti,Litigated,Due,Under Review,Paid,
3134,Urwa Sandhu,DEMO-KPT-3134,House No. R-852,Street 16,Saddar,18,5,Commercial,Urwa Sandhu,Naureen Dawood,Pending,Paid,Under Review,Paid,
15715,Zara Chattha,DEMO-KPT-15715,House No. CDB-777,Street 17,Saddar,18,5,Commercial,Zara Chattha,Yousaf Shaikh,Verified,Due,Under Review,Due,
14013,Laraib Abro,DEMO-KPT-14013,House No. BCD-514,Street 18,Saddar,18,5,Commercial,Laraib Abro,Noman Nawaz,Verified,Due,Issue Found,Due,
3149,Syeda Rafique,DEMO-KPT-3149,House No. C-310,Street 22,Saddar,18,5,Commercial,Syeda Rafique,Hina Tanvir,Verified,Paid,Under Review,Due,
12296,Hoor Turk,DEMO-KPT-12296,House No. RR-643,Street 23,Saddar,18,5,Commercial,Hoor Turk,Shahzad Tanvir,Litigated,Paid,Under Review,Due,
8814,Mazhar Samo,DEMO-KPT-8814,House No. CD-506,Street 25,Saddar,18,5,Commercial,Mazhar Samo,Arslan Majeed,Pending,Paid,Clear,Due,
12270,Samiya Khalid,DEMO-KPT-12270,House No. CC-304,Street 25,Saddar,18,5,Commercial,Samiya Khalid,Amjad Lodhi,Pending,Due,Under Review,Paid,
12299,Rizwan Swati,DEMO-KPT-12299,House No. RR-747,Street 25,Saddar,18,5,Commercial,Rizwan Swati,Esha Rana,Litigated,Due,Issue Found,Paid,
7078,Rabia Ansari,DEMO-KPT-7078,House No. CB-841,Street 26,Saddar,18,5,Commercial,Rabia Ansari,Inayat Jafri,Verified,Paid,Issue Found,Due,
8845,Inam Tanoli,DEMO-KPT-8845,House No. RD-418,Street 26,Saddar,18,5,Commercial,Inam Tanoli,Marium Zaidi,Litigated,Paid,Issue Found,Due,
8851,Hafiz Ahmed,DEMO-KPT-8851,House No. RB-496,Street 27,Saddar,18,5,Commercial,Hafiz Ahmed,Dawood Joiya,Pending,Due,Under Review,Paid,
3051,Zubaida Mirani,DEMO-KPT-3051,House No. C-654,Street 29,Saddar,18,5,Commercial,Zubaida Mirani,Tayyab Ghaffar,Pending,Paid,Under Review,Due,
13984,Tariq Gilani,DEMO-KPT-13984,House No. DBR-500,Street 30,Saddar,18,5,Commercial,Tariq Gilani,Shakeel Chaudhry,Verified,Paid,Issue Found,Due,
12396,Laraib Haral,DEMO-KPT-12396,House No. BB-570,Street 1,Saddar,19,5,Commercial,Laraib Haral,Ikhlaq Ghauri,Verified,Paid,Under Review,Due,
8896,Mohsin Rashid,DEMO-KPT-8896,House No. RD-881,Street 5,Saddar,19,5,Commercial,Mohsin Rashid,Firdous Dawood,Pending,Due,Under Review,Due,
14094,Kafeel Bhatti,DEMO-KPT-14094,House No. CRB-400,Street 12,Saddar,19,5,Commercial,Kafeel Bhatti,Ibrahim Nasar,Pending,Paid,Under Review,Paid,
14102,Sumaira Waheed,DEMO-KPT-14102,House No. BRD-389,Street 12,Saddar,19,5,Commercial,Sumaira Waheed,Furqan Swati,Litigated,Paid,Under Review,Paid,
3242,Rimsha Gakhar,DEMO-KPT-3242,House No. C-852,Street 16,Saddar,19,5,Commercial,Rimsha Gakhar,Ghazanfar Dayo,Verified,Paid,Under Review,Due,
14042,Amir Naseem,DEMO-KPT-14042,House No. BCR-561,Street 16,Saddar,19,5,Commercial,Amir Naseem,Nargis Dogar,Verified,Paid,Under Review,Due,
14074,Tauseef Dayo,DEMO-KPT-14074,House No. DRC-882,Street 18,Saddar,19,5,Commercial,Tauseef Dayo,Fareed Mengal,Litigated,Paid,Issue Found,Paid,
15813,Qurat Zahid,DEMO-KPT-15813,House No. CBR-609,Street 18,Saddar,19,5,Commercial,Qurat Zahid,Naeem Qazi,Verified,Due,Issue Found,Due,
12344,Mehmood Bhutto,DEMO-KPT-12344,House No. CD-861,Street 23,Saddar,19,5,Commercial,Mehmood Bhutto,Ayesha Zubairi,Litigated,Due,Issue Found,Paid,
14070,Parvez Khalid,DEMO-KPT-14070,House No. RBD-484,Street 25,Saddar,19,5,Commercial,Parvez Khalid,Ayaz Naseem,Pending,Due,Under Review,Paid,
14105,Danish Bhittani,DEMO-KPT-14105,House No. BRC-764,Street 25,Saddar,19,5,Commercial,Danish Bhittani,Tasneem Mir,Pending,Due,Clear,Paid,
7158,Jibran Mustafa,DEMO-KPT-7158,House No. CR-822,Street 26,Saddar,19,5,Commercial,Jibran Mustafa,Jahangir Dahri,Verified,Due,Under Review,Paid,
10678,Shaheer Mangi,DEMO-KPT-10678,House No. BR-478,Street 26,Saddar,19,5,Commercial,Shaheer Mangi,Feryal Pirzada,Verified,Paid,Issue Found,Due,
7150,Kainat Minhas,DEMO-KPT-7150,House No. DD-476,Street 29,Saddar,19,5,Commercial,Kainat Minhas,Zoya Nasar,Pending,Paid,Clear,Due,
8950,Zara Awan,DEMO-KPT-8950,House No. CR-810,Street 29,Saddar,19,5,Commercial,Zara Awan,Mazen Magsi,Pending,Paid,Clear,Due,
5250,Khurram Zafar,DEMO-KPT-5250,House No. RB-507,Street 4,Saddar,20,5,Commercial,Khurram Zafar,Naureen Sheikh,Litigated,Due,Clear,Due,
8972,Aftab Qadir,DEMO-KPT-8972,House No. CC-399,Street 16,Saddar,20,5,Commercial,Aftab Qadir,Nizam Imran,Pending,Paid,Under Review,Due,
10784,Khurram Hafeez,DEMO-KPT-10784,House No. DD-326,Street 16,Saddar,20,5,Commercial,Khurram Hafeez,Shahzadi Dahri,Pending,Paid,Under Review,Paid,
8965,Lubna Kazmi,DEMO-KPT-8965,House No. DB-786,Street 17,Saddar,20,5,Commercial,Lubna Kazmi,Aneela Hameed,Verified,Due,Under Review,Due,
5257,Iqbal Farooqi,DEMO-KPT-5257,House No. CR-472,Street 19,Saddar,20,5,Commercial,Iqbal Farooqi,Ruqayya Rizvi,Litigated,Paid,Clear,Paid,
7245,Iffat Chattha,DEMO-KPT-7245,House No. DR-883,Street 19,Saddar,20,5,Commercial,Iffat Chattha,Shumaila Chattha,Litigated,Paid,Issue Found,Paid,
14238,Ahsan Bukhari,DEMO-KPT-14238,House No. BDC-328,Street 19,Saddar,20,5,Commercial,Ahsan Bukhari,Fida Haral,Verified,Paid,Clear,Paid,
12467,Ahmed Bajwa,DEMO-KPT-12467,House No. RB-337,Street 20,Saddar,20,5,Commercial,Ahmed Bajwa,Samiya Mustafa,Verified,Due,Under Review,Due,
15944,Talal Yasin,DEMO-KPT-15944,House No. DBR-714,Street 23,Saddar,20,5,Commercial,Talal Yasin,Jazib Kidwai,Litigated,Due,Issue Found,Paid,
14142,Siddique Dar,DEMO-KPT-14142,House No. DRC-851,Street 26,Saddar,20,5,Commercial,Siddique Dar,Nayyar Zubair,Litigated,Paid,Clear,Due,
15942,Shafay Butt,DEMO-KPT-15942,House No. CDB-489,Street 26,Saddar,20,5,Commercial,Shafay Butt,Zehra Tunio,Litigated,Paid,Clear,Due,
3363,Atiya Leghari,DEMO-KPT-3363,House No. C-529,Street 28,Saddar,20,5,Commercial,Atiya Leghari,Ifrah Butt,Litigated,Paid,Issue Found,Paid,
5301,Shayan Gakhar,DEMO-KPT-5301,House No. BD-864,Street 29,Saddar,20,5,Commercial,Shayan Gakhar,Unaiza Shaikh,Pending,Paid,Under Review,Due,
12501,Naseer Bilgrami,DEMO-KPT-12501,House No. DD-898,Street 29,Saddar,20,5,Commercial,Naseer Bilgrami,Kinza Warraich,Pending,Paid,Under Review,Due,
7270,Fiza Rind,DEMO-KPT-7270,House No. CB-617,Street 30,Saddar,20,5,Commercial,Fiza Rind,Laila Sahito,Litigated,Due,Under Review,Paid,
9034,Mahjabeen Zardari,DEMO-KPT-9034,House No. DD-818,Street 30,Saddar,20,5,Commercial,Mahjabeen Zardari,Sidrah Kiani,Verified,Paid,Issue Found,Due,
4248,Rida Unar,DEMO-KPT-4248,House No. BR-849,Street 3,Tower,1,5,Commercial,Rida Unar,Zeshan Popalzai,Pending,Due,Clear,Paid,
1590,Alishba Umer,DEMO-KPT-1590,House No. B-822,Street 6,Tower,1,5,Commercial,Alishba Umer,Madiha Majeed,Pending,Due,Issue Found,Paid,
1036,Zara Tariq,DEMO-KPT-1036,House No. A-598,Street 12,Tower,1,5,Commercial,Zara Tariq,Arsalan Naeem,Verified,Paid,Under Review,Due,
1044,Laiba Tariq,DEMO-KPT-1044,House No. A-405,Street 12,Tower,1,5,Commercial,Laiba Tariq,Iqra Farooq,Pending,Paid,Under Review,Paid,
4250,Mahwish Sheikh,DEMO-KPT-4250,House No. CC-687,Street 18,Tower,1,5,Commercial,Mahwish Sheikh,Amna Afridi,Litigated,Paid,Issue Found,Due,
1570,Raheel Naqvi,DEMO-KPT-1570,House No. C-360,Street 21,Tower,1,5,Commercial,Raheel Naqvi,Ashar Panhwar,Pending,Paid,Clear,Due,
7697,Haleema Durrani,DEMO-KPT-7697,House No. CR-336,Street 21,Tower,1,5,Commercial,Haleema Durrani,Urooj Qadir,Verified,Paid,Under Review,Due,
1055,Mahnoor Siddiqui,DEMO-KPT-1055,House No. A-98,Street 25,Tower,1,5,Commercial,Mahnoor Siddiqui,Usman Khan,Pending,Due,Clear,Paid,
4205,Amjad Parvez,DEMO-KPT-4205,House No. BC-833,Street 25,Tower,1,5,Commercial,Amjad Parvez,Habib Chaudhry,Pending,Due,Clear,Paid,
14163,Tabish Ghani,DEMO-KPT-14163,House No. DCR-624,Street 28,Tower,1,5,Commercial,Tabish Ghani,Shahzadi Sultan,Litigated,Paid,Issue Found,Paid,
14229,Raees Mirza,DEMO-KPT-14229,House No. CRD-581,Street 3,Tower,2,5,Commercial,Raees Mirza,Shumaila Wani,Litigated,Paid,Under Review,Paid,
14190,Nosheen Ilyas,DEMO-KPT-14190,House No. CDR-847,Street 6,Tower,2,5,Commercial,Nosheen Ilyas,Waheed Bugti,Pending,Due,Issue Found,Paid,
1628,Mahmood Zardari,DEMO-KPT-1628,House No. B-744,Street 7,Tower,2,5,Commercial,Mahmood Zardari,Yaqoob Sabri,Litigated,Due,Clear,Paid,
1076,Waleed Khan,DEMO-KPT-1076,House No. A-229,Street 12,Tower,2,5,Commercial,Waleed Khan,Zain Javed,Litigated,Paid,Under Review,Due,
1100,Hira Iqbal,DEMO-KPT-1100,House No. A-773,Street 18,Tower,2,5,Commercial,Hira Iqbal,Laiba Sheikh,Litigated,Paid,Issue Found,Due,
10946,Zehra Cheema,DEMO-KPT-10946,House No. CD-737,Street 23,Tower,2,5,Commercial,Zehra Cheema,Hadi Bilgrami,Litigated,Paid,Under Review,Due,
1617,Mahnaz Lone,DEMO-KPT-1617,House No. R-359,Street 24,Tower,2,5,Commercial,Mahnaz Lone,Nayyar Korai,Litigated,Due,Issue Found,Paid,
1614,Ikhlaq Janjua,DEMO-KPT-1614,House No. C-835,Street 25,Tower,2,5,Commercial,Ikhlaq Janjua,Bilquis Zia,Pending,Paid,Clear,Due,
7799,Humaira Mughal,DEMO-KPT-7799,House No. CR-494,Street 25,Tower,2,5,Commercial,Humaira Mughal,Sarmad Saleem,Litigated,Due,Issue Found,Paid,
10920,Misbah Lakhani,DEMO-KPT-10920,House No. RD-401,Street 25,Tower,2,5,Commercial,Misbah Lakhani,Fakhar Waheed,Pending,Due,Under Review,Paid,
14214,Ghazala Wazir,DEMO-KPT-14214,House No. DCB-681,Street 25,Tower,2,5,Commercial,Ghazala Wazir,Naila Mughal,Pending,Paid,Clear,Due,
4435,Mirha Gabol,DEMO-KPT-4435,House No. DC-571,Street 3,Tower,3,5,Commercial,Mirha Gabol,Akram Bashir,Litigated,Due,Issue Found,Paid,
1140,Owais Mirza,DEMO-KPT-1140,House No. A-794,Street 6,Tower,3,5,Commercial,Owais Mirza,Hira Khan,Pending,Due,Issue Found,Paid,
1726,Momina Awan,DEMO-KPT-1726,House No. B-442,Street 8,Tower,3,5,Commercial,Momina Awan,Tayyeb Chaudhry,Litigated,Due,Under Review,Paid,
1758,Asifa Sial,DEMO-KPT-1758,House No. R-449,Street 26,Tower,3,5,Commercial,Asifa Sial,Ihsan Chattha,Verified,Due,Under Review,Paid,
1125,Danish Sheikh,DEMO-KPT-1125,House No. A-693,Street 27,Tower,3,5,Commercial,Danish Sheikh,Mahnoor Farooq,Verified,Due,Under Review,Due,
14598,Abeera Zaman,DEMO-KPT-14598,House No. BCD-658,Street 3,Tower,4,5,Commercial,Abeera Zaman,Ruqayya Hinjra,Pending,Due,Clear,Paid,
4876,Kaif Randhawa,DEMO-KPT-4876,House No. DC-400,Street 8,Tower,4,5,Commercial,Kaif Randhawa,Sidra Hanif,Litigated,Due,Under Review,Paid,
1863,Saad Mir,DEMO-KPT-1863,House No. D-334,Street 18,Tower,4,5,Commercial,Saad Mir,Kashaf Afridi,Verified,Due,Issue Found,Due,
1188,Nimra Iqbal,DEMO-KPT-1188,House No. A-345,Street 19,Tower,4,5,Commercial,Nimra Iqbal,Hassan Khan,Verified,Paid,Clear,Paid,
11295,Zoya Aslam,DEMO-KPT-11295,House No. CC-544,Street 19,Tower,4,5,Commercial,Zoya Aslam,Kainat Hinjra,Litigated,Paid,Issue Found,Paid,
4817,Shanza Buriro,DEMO-KPT-4817,House No. DC-507,Street 20,Tower,4,5,Commercial,Shanza Buriro,Uzma Lughmani,Verified,Due,Under Review,Due,
14546,Sadia Mazari,DEMO-KPT-14546,House No. BCD-710,Street 23,Tower,4,5,Commercial,Sadia Mazari,Nawaz Afridi,Litigated,Paid,Under Review,Due,
8325,Kaleem Naqvi,DEMO-KPT-8325,House No. RB-391,Street 27,Tower,4,5,Commercial,Kaleem Naqvi,Arooj Qadir,Verified,Due,Under Review,Due,
8311,Rafiq Jaffri,DEMO-KPT-8311,House No. DC-698,Street 29,Tower,4,5,Commercial,Rafiq Jaffri,Shama Hinjra,Litigated,Due,Issue Found,Due,
1246,Saad Malik,DEMO-KPT-1246,House No. A-369,Street 5,Tower,5,5,Commercial,Saad Malik,Fatima Khan,Pending,Due,Under Review,Due,
11490,Marium Kakar,DEMO-KPT-11490,House No. CD-795,Street 6,Tower,5,5,Commercial,Marium Kakar,Danish Saeed,Pending,Due,Issue Found,Paid,
1276,Iqra Tariq,DEMO-KPT-1276,House No. A-722,Street 8,Tower,5,5,Commercial,Iqra Tariq,Alina Shah,Litigated,Due,Under Review,Paid,
11394,Uroosa Khalid,DEMO-KPT-11394,House No. DR-684,Street 12,Tower,5,5,Commercial,Uroosa Khalid,Nasir Shah,Pending,Paid,Under Review,Paid,
2113,Zayan Mir,DEMO-KPT-2113,House No. D-432,Street 13,Tower,5,5,Commercial,Zayan Mir,Sobia Aslam,Litigated,Due,Under Review,Due,
8424,Rubab Janjua,DEMO-KPT-8424,House No. DB-682,Street 15,Tower,5,5,Commercial,Rubab Janjua,Aneesa Lashari,Pending,Due,Under Review,Due,
8361,Zubair Mahesar,DEMO-KPT-8361,House No. RR-726,Street 16,Tower,5,5,Commercial,Zubair Mahesar,Sabih Gondal,Verified,Due,Issue Found,Paid,
4939,Shanza Usmani,DEMO-KPT-4939,House No. BB-537,Street 24,Tower,5,5,Commercial,Shanza Usmani,Amjad Korai,Verified,Paid,Clear,Due,
8367,Saeeda Chattha,DEMO-KPT-8367,House No. CC-623,Street 24,Tower,5,5,Commercial,Saeeda Chattha,Sabika Mohammadzai,Litigated,Due,Issue Found,Paid,
14733,Irum Bilgrami,DEMO-KPT-14733,House No. DBR-525,Street 26,Tower,5,5,Commercial,Irum Bilgrami,Rahim Shakir,Litigated,Paid,Under Review,Due,
8485,Salman Qadir,DEMO-KPT-8485,House No. DR-595,Street 3,Tower,6,5,Commercial,Salman Qadir,Shahmeer Raza,Litigated,Due,Issue Found,Paid,
1281,Maham Ahmed,DEMO-KPT-1281,House No. A-148,Street 6,Tower,6,5,Commercial,Maham Ahmed,Sana Qureshi,Litigated,Due,Clear,Due,
11631,Shahbaz Tanoli,DEMO-KPT-11631,House No. DB-845,Street 6,Tower,6,5,Commercial,Shahbaz Tanoli,Sahil Afridi,Litigated,Due,Clear,Due,
1295,Usman Sheikh,DEMO-KPT-1295,House No. A-331,Street 10,Tower,6,5,Commercial,Usman Sheikh,Anaya Naeem,Litigated,Paid,Clear,Paid,
5011,Zubair Zubair,DEMO-KPT-5011,House No. RD-601,Street 16,Tower,6,5,Commercial,Zubair Zubair,Ghulam Sipra,Pending,Due,Under Review,Paid,
8642,Yusuf Rashid,DEMO-KPT-8642,House No. RD-868,Street 16,Tower,6,5,Commercial,Yusuf Rashid,Khalid Latif,Verified,Paid,Under Review,Due,
5144,Nadeem Kamboh,DEMO-KPT-5144,House No. RD-394,Street 23,Tower,6,5,Commercial,Nadeem Kamboh,Arooj Ghani,Litigated,Due,Issue Found,Paid,
1308,Hamza Siddiqui,DEMO-KPT-1308,House No. A-791,Street 26,Tower,6,5,Commercial,Hamza Siddiqui,Mahnoor Sheikh,Verified,Due,Under Review,Paid,
2128,Shahida Achakzai,DEMO-KPT-2128,House No. C-404,Street 26,Tower,6,5,Commercial,Shahida Achakzai,Zahid Hanif,Verified,Paid,Issue Found,Due,
14740,Warda Wattoo,DEMO-KPT-14740,House No. DCB-713,Street 26,Tower,6,5,Commercial,Warda Wattoo,Kaleem Lari,Verified,Paid,Under Review,Due,
5152,Ibrahim Bhurgri,DEMO-KPT-5152,House No. DR-518,Street 28,Tower,6,5,Commercial,Ibrahim Bhurgri,Fahim Wani,Litigated,Paid,Clear,Due,
2302,Iffat Ali,DEMO-KPT-2302,House No. B-794,Street 29,Tower,6,5,Commercial,Iffat Ali,Marwa Junejo,Pending,Paid,Clear,Due,
8602,Fabiha Hayat,DEMO-KPT-8602,House No. DB-337,Street 29,Tower,6,5,Commercial,Fabiha Hayat,Nabeeha Panhwar,Pending,Paid,Clear,Due,
15034,Tamkeen Lone,DEMO-KPT-15034,House No. BDC-536,Street 1,Tower,7,5,Commercial,Tamkeen Lone,Alina Hafeez,Litigated,Paid,Issue Found,Paid,
5228,Hashir Mari,DEMO-KPT-5228,House No. CD-338,Street 7,Tower,7,5,Commercial,Hashir Mari,Fauzia Orakzai,Litigated,Due,Clear,Paid,
8686,Zohra Hussain,DEMO-KPT-8686,House No. RB-309,Street 12,Tower,7,5,Commercial,Zohra Hussain,Zohair Alvi,Verified,Paid,Under Review,Due,
11836,Azka Khan,DEMO-KPT-11836,House No. RD-442,Street 12,Tower,7,5,Commercial,Azka Khan,Azan Wazir,Verified,Paid,Under Review,Due,
11787,Nawaz Ahmed,DEMO-KPT-11787,House No. CD-892,Street 15,Tower,7,5,Commercial,Nawaz Ahmed,Isha Javed,Pending,Paid,Issue Found,Paid,
2374,Rizwan Mehmood,DEMO-KPT-2374,House No. R-533,Street 18,Tower,7,5,Commercial,Rizwan Mehmood,Alam Warsi,Litigated,Paid,Issue Found,Paid,
5240,Adeel Hinjra,DEMO-KPT-5240,House No. DB-386,Street 23,Tower,7,5,Commercial,Adeel Hinjra,Akbar Janjua,Verified,Due,Clear,Paid,
8665,Sheeba Warsi,DEMO-KPT-8665,House No. BC-783,Street 24,Tower,7,5,Commercial,Sheeba Warsi,Zuha Ghazali,Pending,Paid,Issue Found,Paid,
2370,Zainab Shakir,DEMO-KPT-2370,House No. D-748,Street 25,Tower,7,5,Commercial,Zainab Shakir,Qudrat Gilani,Pending,Due,Under Review,Paid,
5278,Affan Talpur,DEMO-KPT-5278,House No. CB-657,Street 26,Tower,7,5,Commercial,Affan Talpur,Sobia Tanoli,Verified,Paid,Issue Found,Due,
14902,Rubina Hinjra,DEMO-KPT-14902,House No. DBR-618,Street 29,Tower,7,5,Commercial,Rubina Hinjra,Mehak Mustafa,Pending,Paid,Clear,Due,
2455,Muhammad Khokhar,DEMO-KPT-2455,House No. D-438,Street 11,Tower,8,5,Commercial,Muhammad Khokhar,Irum Baig,Verified,Due,Under Review,Paid,
15163,Amna Noor,DEMO-KPT-15163,House No. CDR-662,Street 13,Tower,8,5,Commercial,Amna Noor,Wali Kayani,Litigated,Due,Under Review,Due,
5384,Zaynab Nawaz,DEMO-KPT-5384,House No. DB-419,Street 16,Tower,8,5,Commercial,Zaynab Nawaz,Sami Tanvir,Pending,Paid,Under Review,Paid,
5461,Maryum Rizvi,DEMO-KPT-5461,House No. BD-795,Street 16,Tower,8,5,Commercial,Maryum Rizvi,Daniyal Gandapur,Pending,Due,Under Review,Paid,
5463,Neha Kamal,DEMO-KPT-5463,House No. DC-457,Street 18,Tower,8,5,Commercial,Neha Kamal,Danish Usmani,Verified,Due,Issue Found,Due,
8867,Aslam Mahar,DEMO-KPT-8867,House No. DC-580,Street 20,Tower,8,5,Commercial,Aslam Mahar,Hafeez Joiya,Verified,Due,Under Review,Due,
11846,Mubeen Naseem,DEMO-KPT-11846,House No. BR-680,Street 23,Tower,8,5,Commercial,Mubeen Naseem,Mariam Yousaf,Litigated,Paid,Under Review,Due,
2514,Moeen Ghauri,DEMO-KPT-2514,House No. B-595,Street 25,Tower,8,5,Commercial,Moeen Ghauri,Mariam Rana,Pending,Paid,Clear,Due,
8935,Farzana Tanoli,DEMO-KPT-8935,House No. DR-858,Street 3,Tower,9,5,Commercial,Farzana Tanoli,Ayan Rana,Litigated,Due,Issue Found,Paid,
5627,Anum Sohu,DEMO-KPT-5627,House No. BC-561,Street 7,Tower,9,5,Commercial,Anum Sohu,Nabila Saleem,Pending,Due,Issue Found,Paid,
15226,Uzma Khalid,DEMO-KPT-15226,House No. RDB-316,Street 8,Tower,9,5,Commercial,Uzma Khalid,Zainab Gondal,Litigated,Due,Under Review,Paid,
5552,Misbah Butt,DEMO-KPT-5552,House No. BD-346,Street 12,Tower,9,5,Commercial,Misbah Butt,Kainat Shinwari,Litigated,Paid,Under Review,Paid,
2540,Manzoor Yazdani,DEMO-KPT-2540,House No. D-523,Street 23,Tower,9,5,Commercial,Manzoor Yazdani,Samiya Waheed,Verified,Due,Clear,Paid,
15258,Madiha Ilyas,DEMO-KPT-15258,House No. BCR-398,Street 26,Tower,9,5,Commercial,Madiha Ilyas,Bashir Majeed,Verified,Due,Under Review,Paid,
9254,Marium Zafar,DEMO-KPT-9254,House No. BD-647,Street 1,Tower,10,5,Commercial,Marium Zafar,Parveen Nadeem,Litigated,Due,Under Review,Paid,
12389,Idrees Zia,DEMO-KPT-12389,House No. CC-865,Street 5,Tower,10,5,Commercial,Idrees Zia,Fatima Mari,Verified,Paid,Clear,Paid,
12254,Ayla Khosa,DEMO-KPT-12254,House No. RR-308,Street 6,Tower,10,5,Commercial,Ayla Khosa,Ibrahim Samo,Litigated,Due,Issue Found,Paid,
15404,Kashif Rind,DEMO-KPT-15404,House No. CBR-644,Street 6,Tower,10,5,Commercial,Kashif Rind,Samina Laghari,Litigated,Due,Issue Found,Paid,
9278,Adil Afridi,DEMO-KPT-9278,House No. CB-549,Street 7,Tower,10,5,Commercial,Adil Afridi,Taimur Durrani,Litigated,Due,Clear,Paid,
5783,Komal Peerzada,DEMO-KPT-5783,House No. DR-717,Street 10,Tower,10,5,Commercial,Komal Peerzada,Dawood Latif,Verified,Paid,Under Review,Paid,
9144,Maira Hinjra,DEMO-KPT-9144,House No. DR-365,Street 12,Tower,10,5,Commercial,Maira Hinjra,Nasreen Saif,Pending,Paid,Under Review,Paid,
2745,Tanzeela Jaffri,DEMO-KPT-2745,House No. R-727,Street 19,Tower,10,5,Commercial,Tanzeela Jaffri,Fahim Dreshak,Litigated,Paid,Issue Found,Paid,
5684,Sabahat Turk,DEMO-KPT-5684,House No. CB-584,Street 25,Tower,10,5,Commercial,Sabahat Turk,Aqeel Daudzai,Litigated,Paid,Clear,Due,
9284,Fauzia Farooq,DEMO-KPT-9284,House No. CC-361,Street 25,Tower,10,5,Commercial,Fauzia Farooq,Sitara Qureshi,Litigated,Paid,Clear,Due,
5695,Uzma Bugti,DEMO-KPT-5695,House No. BD-789,Street 26,Tower,10,5,Commercial,Uzma Bugti,Parvez Yousaf,Litigated,Paid,Issue Found,Due,
1443,Kashif Butt,DEMO-KPT-1443,House No. A-424,Street 29,Tower,10,5,Commercial,Kashif Butt,Waleed Hussain,Litigated,Paid,Issue Found,Paid,
12361,Afshan Zaman,DEMO-KPT-12361,House No. DD-405,Street 29,Tower,10,5,Commercial,Afshan Zaman,Zartaj Butt,Litigated,Due,Issue Found,Due,
12535,Tahira Yaqoob,DEMO-KPT-12535,House No. BC-854,Street 3,Tower,11,5,Commercial,Tahira Yaqoob,Aun Ghani,Litigated,Due,Issue Found,Paid,
15578,Imran Saeed,DEMO-KPT-15578,House No. BRD-896,Street 7,Tower,11,5,Commercial,Imran Saeed,Anila Tanvir,Litigated,Due,Clear,Paid,
12526,Rukhsana Palijo,DEMO-KPT-12526,House No. CB-395,Street 8,Tower,11,5,Commercial,Rukhsana Palijo,Dilawar Zaidi,Litigated,Due,Under Review,Paid,
12533,Shafiq Kayani,DEMO-KPT-12533,House No. CD-838,Street 10,Tower,11,5,Commercial,Shafiq Kayani,Aiman Nasar,Verified,Paid,Under Review,Paid,
9324,Dania Riaz,DEMO-KPT-9324,House No. DC-753,Street 15,Tower,11,5,Commercial,Dania Riaz,Abrar Tareen,Pending,Due,Under Review,Due,
9322,Hoor Afridi,DEMO-KPT-9322,House No. BR-322,Street 17,Tower,11,5,Commercial,Hoor Afridi,Rafiq Ilyas,Litigated,Paid,Clear,Due,
9415,Rehmat Rabbani,DEMO-KPT-9415,House No. CB-627,Street 17,Tower,11,5,Commercial,Rehmat Rabbani,Tahira Rind,Verified,Due,Under Review,Due,
2824,Mukhtar Kasi,DEMO-KPT-2824,House No. D-323,Street 18,Tower,11,5,Commercial,Mukhtar Kasi,Sohail Jogezai,Litigated,Paid,Issue Found,Paid,
2920,Saleem Jogezai,DEMO-KPT-2920,House No. R-553,Street 21,Tower,11,5,Commercial,Saleem Jogezai,Zuha Rafique,Pending,Paid,Clear,Due,
5878,Farid Kazmi,DEMO-KPT-5878,House No. DR-583,Street 23,Tower,11,5,Commercial,Farid Kazmi,Amir Cheema,Verified,Paid,Clear,Paid,
15584,Sania Mengal,DEMO-KPT-15584,House No. DRB-366,Street 25,Tower,11,5,Commercial,Sania Mengal,Zahida Bangash,Litigated,Paid,Clear,Due,
5808,Zakariya Ghauri,DEMO-KPT-5808,House No. RB-712,Street 26,Tower,11,5,Commercial,Zakariya Ghauri,Noreen Jamal,Verified,Due,Under Review,Paid,
5943,Tahreem Zahid,DEMO-KPT-5943,House No. RC-535,Street 29,Tower,11,5,Commercial,Tahreem Zahid,Mirha Jafri,Litigated,Paid,Issue Found,Paid,
9351,Aleena Majeed,DEMO-KPT-9351,House No. DB-625,Street 29,Tower,11,5,Commercial,Aleena Majeed,Esha Gandapur,Pending,Paid,Under Review,Due,
12550,Shan Riaz,DEMO-KPT-12550,House No. RC-540,Street 29,Tower,11,5,Commercial,Shan Riaz,Abrar Zahid,Pending,Paid,Clear,Due,
3085,Aun Kazmi,DEMO-KPT-3085,House No. R-609,Street 3,Tower,12,5,Commercial,Aun Kazmi,Rehan Siddiqui,Litigated,Due,Issue Found,Paid,
6128,Taimoor Mahesar,DEMO-KPT-6128,House No. BR-698,Street 7,Tower,12,5,Commercial,Taimoor Mahesar,Fozia Kasi,Litigated,Due,Clear,Paid,
3003,Zuha Mughal,DEMO-KPT-3003,House No. D-344,Street 8,Tower,12,5,Commercial,Zuha Mughal,Beenish Mohammadzai,Pending,Paid,Under Review,Due,
6026,Asif Akhtar,DEMO-KPT-6026,House No. CB-445,Street 12,Tower,12,5,Commercial,Asif Akhtar,Fauzia Baloch,Litigated,Paid,Under Review,Due,
15775,Sobia Bhutto,DEMO-KPT-15775,House No. RDB-430,Street 12,Tower,12,5,Commercial,Sobia Bhutto,Danish Korai,Verified,Paid,Under Review,Due,
3122,Nida Hafeez,DEMO-KPT-3122,House No. B-591,Street 16,Tower,12,5,Commercial,Nida Hafeez,Bilal Qureshi,Pending,Paid,Under Review,Due,
12645,Iffat Kamboh,DEMO-KPT-12645,House No. CR-594,Street 19,Tower,12,5,Commercial,Iffat Kamboh,Noaman Chaudhry,Litigated,Paid,Issue Found,Paid,
9565,Wali Rind,DEMO-KPT-9565,House No. RC-608,Street 24,Tower,12,5,Commercial,Wali Rind,Naveed Naseem,Pending,Paid,Issue Found,Paid,
6114,Bakhtawar Panhwar,DEMO-KPT-6114,House No. RR-684,Street 25,Tower,12,5,Commercial,Bakhtawar Panhwar,Mahwish Wani,Pending,Paid,Clear,Due,
12618,Hoor Imran,DEMO-KPT-12618,House No. RD-333,Street 26,Tower,12,5,Commercial,Hoor Imran,Emaan Shafiq,Verified,Paid,Under Review,Paid,
3254,Hanzala Soomro,DEMO-KPT-3254,House No. R-818,Street 6,Tower,13,5,Commercial,Hanzala Soomro,Samiya Magsi,Litigated,Due,Issue Found,Paid,
3294,Wahab Hinjra,DEMO-KPT-3294,House No. R-357,Street 12,Tower,13,5,Commercial,Wahab Hinjra,Ahtisham Lone,Pending,Paid,Under Review,Paid,
3302,Aneesa Mahsud,DEMO-KPT-3302,House No. D-819,Street 12,Tower,13,5,Commercial,Aneesa Mahsud,Mehreen Ghauri,Litigated,Paid,Under Review,Paid,
9626,Subhan Joiya,DEMO-KPT-9626,House No. CR-789,Street 12,Tower,13,5,Commercial,Subhan Joiya,Salman Zia,Litigated,Paid,Under Review,Due,
3178,Hamid Hussain,DEMO-KPT-3178,House No. R-617,Street 23,Tower,13,5,Commercial,Hamid Hussain,Sobia Warsi,Verified,Paid,Clear,Paid,
12890,Alishba Farooqi,DEMO-KPT-12890,House No. RC-502,Street 23,Tower,13,5,Commercial,Alishba Farooqi,Ikram Ghazali,Verified,Due,Clear,Paid,
15865,Sumbal Rajper,DEMO-KPT-15865,House No. CBD-640,Street 24,Tower,13,5,Commercial,Sumbal Rajper,Mehwish Hussain,Pending,Paid,Issue Found,Paid,
9714,Nadia Mahsud,DEMO-KPT-9714,House No. BB-673,Street 25,Tower,13,5,Commercial,Nadia Mahsud,Sharjeel Anwar,Pending,Paid,Clear,Due,
12792,Saba Bhittani,DEMO-KPT-12792,House No. CR-721,Street 26,Tower,13,5,Commercial,Saba Bhittani,Kaneez Tunio,Litigated,Paid,Clear,Due,
15820,Waqar Achakzai,DEMO-KPT-15820,House No. RCB-461,Street 30,Tower,13,5,Commercial,Waqar Achakzai,Shaista Cheena,Litigated,Due,Under Review,Paid,
3334,Gohar Hayat,DEMO-KPT-3334,House No. D-815,Street 1,Tower,14,5,Commercial,Gohar Hayat,Ubaid Chattha,Litigated,Paid,Issue Found,Paid,
9812,Kinza Javed,DEMO-KPT-9812,House No. DD-865,Street 2,Tower,14,5,Commercial,Kinza Javed,Fida Junejo,Verified,Due,Clear,Due,
3429,Tabish Zahid,DEMO-KPT-3429,House No. R-352,Street 3,Tower,14,5,Commercial,Tabish Zahid,Dua Mahsud,Litigated,Paid,Under Review,Paid,
6498,Shafaq Bijarani,DEMO-KPT-6498,House No. RD-818,Street 3,Tower,14,5,Commercial,Shafaq Bijarani,Hanif Zubair,Pending,Due,Clear,Paid,
3390,Zohair Ghani,DEMO-KPT-3390,House No. B-361,Street 6,Tower,14,5,Commercial,Zohair Ghani,Gohar Sindhi,Pending,Due,Issue Found,Paid,
3428,Bisma Rajput,DEMO-KPT-3428,House No. D-398,Street 7,Tower,14,5,Commercial,Bisma Rajput,Ishaq Gandapur,Litigated,Due,Clear,Paid,
13060,Shahzadi Buriro,DEMO-KPT-13060,House No. CB-630,Street 10,Tower,14,5,Commercial,Shahzadi Buriro,Dilshad Mughal,Verified,Paid,Clear,Due,
13186,Shanza Awan,DEMO-KPT-13186,House No. CD-364,Street 12,Tower,14,5,Commercial,Shanza Awan,Nighat Ghauri,Verified,Paid,Under Review,Due,
9763,Wania Sandhu,DEMO-KPT-9763,House No. CB-325,Street 13,Tower,14,5,Commercial,Wania Sandhu,Taimoor Tahir,Litigated,Due,Under Review,Due,
16063,Yahya Warsi,DEMO-KPT-16063,House No. DCB-360,Street 13,Tower,14,5,Commercial,Yahya Warsi,Nadeem Korai,Litigated,Due,Under Review,Due,
12924,Javeria Marri,DEMO-KPT-12924,House No. BC-439,Street 15,Tower,14,5,Commercial,Javeria Marri,Rafiq Yaqoob,Pending,Due,Under Review,Due,
13111,Palwasha Shafiq,DEMO-KPT-13111,House No. RC-324,Street 16,Tower,14,5,Commercial,Palwasha Shafiq,Naveed Kamboh,Pending,Due,Under Review,Paid,
6434,Vaqar Javed,DEMO-KPT-6434,House No. CC-434,Street 18,Tower,14,5,Commercial,Vaqar Javed,Sundas Ansari,Verified,Paid,Under Review,Due,
15950,Aleena Panezai,DEMO-KPT-15950,House No. CDB-600,Street 18,Tower,14,5,Commercial,Aleena Panezai,Imran Lak,Litigated,Paid,Issue Found,Due,
6494,Maryam Ghauri,DEMO-KPT-6494,House No. RB-782,Street 23,Tower,14,5,Commercial,Maryam Ghauri,Mehak Joiya,Litigated,Due,Issue Found,Paid,
3342,Furqan Ghaffar,DEMO-KPT-3342,House No. D-333,Street 26,Tower,14,5,Commercial,Furqan Ghaffar,Jamil Nasar,Litigated,Paid,Clear,Due,
16051,Ayan Bhittani,DEMO-KPT-16051,House No. CRD-594,Street 27,Tower,14,5,Commercial,Ayan Bhittani,Sufyan Ghumman,Pending,Due,Under Review,Paid,
6511,Anas Daudzai,DEMO-KPT-6511,House No. CB-763,Street 29,Tower,14,5,Commercial,Anas Daudzai,Farah Ghumman,Litigated,Due,Issue Found,Due,
13248,Khurram Malik,DEMO-KPT-13248,House No. DC-394,Street 3,Tower,15,5,Commercial,Khurram Malik,Kaif Kharal,Pending,Due,Clear,Paid,
10004,Maqsood Ali,DEMO-KPT-10004,House No. CC-696,Street 6,Tower,15,5,Commercial,Maqsood Ali,Arisha Laghari,Litigated,Due,Issue Found,Paid,
3474,Haziq Jaffri,DEMO-KPT-3474,House No. R-422,Street 15,Tower,15,5,Commercial,Haziq Jaffri,Saeed Achakzai,Pending,Due,Under Review,Due,
16165,Suleman Tariq,DEMO-KPT-16165,House No. BDC-303,Street 17,Tower,15,5,Commercial,Suleman Tariq,Nawaz Warsi,Verified,Due,Under Review,Due,
16245,Beenish Ahmed,DEMO-KPT-16245,House No. CBD-313,Street 19,Tower,15,5,Commercial,Beenish Ahmed,Hassan Jaffri,Litigated,Paid,Issue Found,Paid,
3478,Mukhtar Hussain,DEMO-KPT-3478,House No. C-473,Street 26,Tower,15,5,Commercial,Mukhtar Hussain,Zubair Lashari,Verified,Paid,Issue Found,Due,
6633,Mina Jamal,DEMO-KPT-6633,House No. DB-569,Street 26,Tower,15,5,Commercial,Mina Jamal,Faizan Sabri,Litigated,Paid,Under Review,Due,
13275,Tasneem Memon,DEMO-KPT-13275,House No. RD-686,Street 27,Tower,15,5,Commercial,Tasneem Memon,Kinza Khokhar,Verified,Due,Under Review,Due,
16398,Kaneez Saleem,DEMO-KPT-16398,House No. RBC-874,Street 3,Tower,16,5,Commercial,Kaneez Saleem,Sumaira Ghazali,Pending,Due,Clear,Paid,
6788,Ayla Ilyas,DEMO-KPT-6788,House No. RR-753,Street 10,Tower,16,5,Commercial,Ayla Ilyas,Nayyar Lak,Verified,Paid,Issue Found,Due,
3584,Anas Durrani,DEMO-KPT-3584,House No. D-471,Street 16,Tower,16,5,Commercial,Anas Durrani,Ahmed Shaikh,Pending,Paid,Under Review,Paid,
16261,Athar Mustafa,DEMO-KPT-16261,House No. DRB-720,Street 16,Tower,16,5,Commercial,Athar Mustafa,Iqbal Sahito,Pending,Due,Under Review,Paid,
6715,Mahad Nawaz,DEMO-KPT-6715,House No. BD-815,Street 17,Tower,16,5,Commercial,Mahad Nawaz,Rafiq Zardari,Verified,Due,Under Review,Due,
6795,Sumbal Buriro,DEMO-KPT-6795,House No. DD-874,Street 19,Tower,16,5,Commercial,Sumbal Buriro,Bushra Shakeel,Litigated,Paid,Issue Found,Paid,
6797,Saima Sohu,DEMO-KPT-6797,House No. DC-501,Street 21,Tower,16,5,Commercial,Saima Sohu,Yusuf Rind,Verified,Paid,Under Review,Due,
16252,Aneeqa Mirza,DEMO-KPT-16252,House No. RCB-790,Street 29,Tower,16,5,Commercial,Aneeqa Mirza,Saad Ghumman,Pending,Paid,Clear,Due,
3627,Naila Rajper,DEMO-KPT-3627,House No. R-633,Street 2,Tower,17,5,Commercial,Naila Rajper,Shakeel Yasin,Pending,Due,Under Review,Paid,
10262,Omer Joiya,DEMO-KPT-10262,House No. DD-757,Street 2,Tower,17,5,Commercial,Omer Joiya,Rehman Iqbal,Verified,Due,Clear,Due,
10302,Israr Rehman,DEMO-KPT-10302,House No. BC-696,Street 4,Tower,17,5,Commercial,Israr Rehman,Noor Bhutto,Litigated,Due,Issue Found,Paid,
16546,Bakhtiar Awan,DEMO-KPT-16546,House No. DCB-779,Street 5,Tower,17,5,Commercial,Bakhtiar Awan,Maimoona Korai,Pending,Due,Under Review,Due,
10283,Sagheer Yousaf,DEMO-KPT-10283,House No. CD-491,Street 10,Tower,17,5,Commercial,Sagheer Yousaf,Saleha Hussain,Verified,Paid,Under Review,Paid,
13445,Fida Lodhi,DEMO-KPT-13445,House No. CRD-485,Street 10,Tower,17,5,Commercial,Fida Lodhi,Rafay Sandhu,Litigated,Paid,Clear,Paid,
6926,Imran Nadeem,DEMO-KPT-6926,House No. RB-451,Street 12,Tower,17,5,Commercial,Imran Nadeem,Rashida Virk,Litigated,Paid,Under Review,Due,
6842,Mahnoor Hussain,DEMO-KPT-6842,House No. BD-345,Street 16,Tower,17,5,Commercial,Mahnoor Hussain,Nuzhat Yazdani,Verified,Paid,Under Review,Due,
6950,Fareeha Nadeem,DEMO-KPT-6950,House No. DR-381,Street 18,Tower,17,5,Commercial,Fareeha Nadeem,Afzal Parvez,Litigated,Paid,Issue Found,Due,
3674,Hanzala Cheema,DEMO-KPT-3674,House No. C-311,Street 23,Tower,17,5,Commercial,Hanzala Cheema,Rashid Siddiqui,Verified,Due,Issue Found,Due,
16490,Husna Gilani,DEMO-KPT-16490,House No. DCB-310,Street 23,Tower,17,5,Commercial,Husna Gilani,Zawar Bijarani,Verified,Due,Clear,Paid,
6899,Hashim Qadri,DEMO-KPT-6899,House No. RC-870,Street 25,Tower,17,5,Commercial,Hashim Qadri,Nargis Ali,Litigated,Due,Issue Found,Paid,
10233,Aziz Hafeez,DEMO-KPT-10233,House No. RC-402,Street 26,Tower,17,5,Commercial,Aziz Hafeez,Sakina Bhittani,Litigated,Paid,Under Review,Due,
10240,Maqsood Soomro,DEMO-KPT-10240,House No. DD-611,Street 26,Tower,17,5,Commercial,Maqsood Soomro,Yumna Bhat,Verified,Paid,Under Review,Due,
16495,Mehreen Rehman,DEMO-KPT-16495,House No. RDC-672,Street 26,Tower,17,5,Commercial,Mehreen Rehman,Tariq Tunio,Litigated,Paid,Issue Found,Due,
16402,Maaz Gill,DEMO-KPT-16402,House No. CRB-589,Street 28,Tower,17,5,Commercial,Maaz Gill,Sajjad Sipra,Litigated,Paid,Clear,Due,
16413,Kamil Rehman,DEMO-KPT-16413,House No. DCR-349,Street 28,Tower,17,5,Commercial,Kamil Rehman,Mubashir Sabri,Litigated,Paid,Issue Found,Paid,
3670,Kaleemullah Barakzai,DEMO-KPT-3670,House No. B-708,Street 30,Tower,17,5,Commercial,Kaleemullah Barakzai,Shehryar Barakzai,Litigated,Due,Under Review,Paid,
13636,Zarmeen Baig,DEMO-KPT-13636,House No. BCR-886,Street 12,Tower,18,5,Commercial,Zarmeen Baig,Shahbaz Sindhi,Verified,Paid,Under Review,Due,
13652,Ibrahim Sipra,DEMO-KPT-13652,House No. RDC-450,Street 12,Tower,18,5,Commercial,Ibrahim Sipra,Kaleemullah Ghazali,Litigated,Paid,Under Review,Paid,
7074,Haseeb Mengal,DEMO-KPT-7074,House No. BC-333,Street 15,Tower,18,5,Commercial,Haseeb Mengal,Nida Lak,Pending,Due,Under Review,Due,
7172,Zulekha Zardari,DEMO-KPT-7172,House No. BB-736,Street 16,Tower,18,5,Commercial,Zulekha Zardari,Palwasha Randhawa,Pending,Paid,Under Review,Due,
10411,Taha Jamal,DEMO-KPT-10411,House No. BB-463,Street 16,Tower,18,5,Commercial,Taha Jamal,Mohsin Jadoon,Pending,Due,Under Review,Paid,
10442,Javeria Nawaz,DEMO-KPT-10442,House No. CC-571,Street 16,Tower,18,5,Commercial,Javeria Nawaz,Mubeen Tahir,Verified,Paid,Under Review,Due,
10413,Talal Anwar,DEMO-KPT-10413,House No. CB-745,Street 18,Tower,18,5,Commercial,Talal Anwar,Rida Joiya,Verified,Due,Issue Found,Due,
16649,Jahangir Gakhar,DEMO-KPT-16649,House No. DRC-737,Street 22,Tower,18,5,Commercial,Jahangir Gakhar,Nighat Turk,Verified,Paid,Under Review,Due,
3890,Mishal Laghari,DEMO-KPT-3890,House No. RD-862,Street 23,Tower,18,5,Commercial,Mishal Laghari,Humayun Kasi,Verified,Due,Clear,Paid,
13646,Aftab Imran,DEMO-KPT-13646,House No. BCD-738,Street 23,Tower,18,5,Commercial,Aftab Imran,Beenish Shafiq,Litigated,Paid,Under Review,Due,
3933,Hasnain Qureshi,DEMO-KPT-3933,House No. CD-358,Street 26,Tower,18,5,Commercial,Hasnain Qureshi,Zainab Shaikh,Litigated,Paid,Under Review,Due,
10596,Sultan Imran,DEMO-KPT-10596,House No. RC-614,Street 1,Tower,19,5,Commercial,Sultan Imran,Samad Bhutto,Verified,Paid,Under Review,Due,
7304,Mateen Hinjra,DEMO-KPT-7304,House No. DB-376,Street 6,Tower,19,5,Commercial,Mateen Hinjra,Affan Sipra,Litigated,Due,Issue Found,Paid,
7440,Inam Turk,DEMO-KPT-7440,House No. DB-804,Street 6,Tower,19,5,Commercial,Inam Turk,Sadaf Pasha,Pending,Due,Issue Found,Paid,
16832,Rashida Javed,DEMO-KPT-16832,House No. DRC-449,Street 12,Tower,19,5,Commercial,Rashida Javed,Mishal Ghazali,Pending,Paid,Clear,Paid,
7292,Rubina Tiwana,DEMO-KPT-7292,House No. DR-349,Street 16,Tower,19,5,Commercial,Rubina Tiwana,Sakina Magsi,Verified,Paid,Under Review,Due,
16711,Imtiaz Mansoor,DEMO-KPT-16711,House No. RCB-732,Street 16,Tower,19,5,Commercial,Imtiaz Mansoor,Hasnain Mehmood,Pending,Due,Under Review,Paid,
4078,Kainat Sultan,DEMO-KPT-4078,House No. BR-402,Street 23,Tower,19,5,Commercial,Kainat Sultan,Shahroz Tarar,Verified,Paid,Clear,Paid,
10563,Neha Popalzai,DEMO-KPT-10563,House No. RR-309,Street 28,Tower,19,5,Commercial,Neha Popalzai,Ghazanfar Aslam,Litigated,Paid,Issue Found,Paid,
16684,Nashra Latif,DEMO-KPT-16684,House No. DRC-736,Street 30,Tower,19,5,Commercial,Nashra Latif,Shagufta Kamboh,Verified,Paid,Issue Found,Due,
10653,Rustam Sheikh,DEMO-KPT-10653,House No. BB-765,Street 8,Tower,20,5,Commercial,Rustam Sheikh,Javeria Panezai,Pending,Paid,Under Review,Due,
10663,Lina Leghari,DEMO-KPT-10663,House No. RR-667,Street 13,Tower,20,5,Commercial,Lina Leghari,Adeel Kasi,Litigated,Due,Under Review,Due,
4137,Bisma Palijo,DEMO-KPT-4137,House No. CC-681,Street 15,Tower,20,5,Commercial,Bisma Palijo,Ayla Kayani,Pending,Paid,Issue Found,Paid,
13934,Mirza Bugti,DEMO-KPT-13934,House No. CRB-594,Street 16,Tower,20,5,Commercial,Mirza Bugti,Ilyas Bhatti,Pending,Paid,Under Review,Paid,
13946,Shazia Bhat,DEMO-KPT-13946,House No. BCR-840,Street 19,Tower,20,5,Commercial,Shazia Bhat,Mahreen Dayo,Litigated,Paid,Clear,Paid,
7464,Sabir Shakeel,DEMO-KPT-7464,House No. BC-471,Street 25,Tower,20,5,Commercial,Sabir Shakeel,Parveen Mahesar,Pending,Paid,Clear,Due,
7484,Unaiza Mansoor,DEMO-KPT-7484,House No. CR-675,Street 25,Tower,20,5,Commercial,Unaiza Mansoor,Hassan Sipra,Litigated,Paid,Clear,Due,
16983,Fayyaz Ijaz,DEMO-KPT-16983,House No. BRD-378,Street 26,Tower,20,5,Commercial,Fayyaz Ijaz,Mansha Dogar,Litigated,Paid,Under Review,Due,
