Owner ID,Owner Name,Property ID,House Number,Street Number,Area,Block,Rooms,Property Type,Property Owner,Previous Owner,Ownership Status,Taxes Status,Legal Check,Utilities Bill,Price (PKR)
15471,Zartaj Shakir,DEMO-KPT-15471,House No. RDC-722,Street 9,Bahria Town,1,5,House,Zartaj Shakir,Aqib Zahid,Litigated,Paid,Under Review,Due,87800000.0
15506,Lubna Dogar,DEMO-KPT-15506,House No. BDR-550,Street 19,Bahria Town,1,5,House,Lubna Dogar,Muneeb Naqvi,Litigated,Paid,Issue Found,Due,86100000.0
1591,Sehrish Nasar,DEMO-KPT-1591,House No. B-449,Street 29,Bahria Town,1,5,House,Sehrish Nasar,Munib Palijo,Verified,Due,Issue Found,Paid,81400000.0
1850,Alizeh Unar,DEMO-KPT-1850,House No. D-716,Street 1,Bahria Town,2,5,House,Alizeh Unar,Tayyab Durrani,Pending,Paid,Issue Found,Due,86100000.0
1788,Urooj Zafar,DEMO-KPT-1788,House No. C-426,Street 5,Bahria Town,2,5,House,Urooj Zafar,Jamila Wani,Litigated,Due,Clear,Paid,94500000.0
8988,Shamim Tunio,DEMO-KPT-8988,House No. BC-862,Street 5,Bahria Town,2,5,House,Shamim Tunio,Zunair Naseem,Litigated,Due,Clear,Paid,82000000.0
15521,Dawood Parvez,DEMO-KPT-15521,House No. BCD-884,Street 5,Bahria Town,2,5,House,Dawood Parvez,Rida Shah,Pending,Paid,Issue Found,Paid,82100000.0
8457,Abdullah Khosa,DEMO-KPT-8457,House No. CC-492,Street 9,Bahria Town,2,5,House,Abdullah Khosa,Haleema Mari,Litigated,Paid,Clear,Paid,98700000.0
8418,Anila Mustafa,DEMO-KPT-8418,House No. RR-888,Street 14,Bahria Town,2,5,House,Anila Mustafa,Aqsa Zafar,Verified,Due,Issue Found,Paid,92400000.0
15618,Amber Zubair,DEMO-KPT-15618,House No. RBC-318,Street 14,Bahria Town,2,5,House,Amber Zubair,Ilyas Sindhi,Verified,Due,Issue Found,Paid,81700000.0
15663,Ashfaq Hashmi,DEMO-KPT-15663,House No. RBD-796,Street 16,Bahria Town,2,5,House,Ashfaq Hashmi,Momina Gakhar,Verified,Paid,Under Review,Due,99400000.0
15608,Dawood Awan,DEMO-KPT-15608,House No. DRB-626,Street 19,Bahria Town,2,5,House,Dawood Awan,Waqar Magsi,Verified,Paid,Under Review,Due,93600000.0
1820,Sharmeen Rizvi,DEMO-KPT-1820,House No. C-679,Street 20,Bahria Town,2,5,House,Sharmeen Rizvi,Irum Zardari,Litigated,Paid,Issue Found,Due,99600000.0
2105,Mina Saeed,DEMO-KPT-2105,House No. R-878,Street 1,Bahria Town,3,5,House,Mina Saeed,Khansa Khan,Litigated,Due,Under Review,Paid,83200000.0
9442,Salma Bashir,DEMO-KPT-9442,House No. DD-364,Street 7,Bahria Town,3,5,House,Salma Bashir,Abdullah Khan,Verified,Paid,Clear,Paid,83200000.0
16147,Ashfaq Rana,DEMO-KPT-16147,House No. DRC-323,Street 8,Bahria Town,3,5,House,Ashfaq Rana,Jabbar Bilgrami,Litigated,Paid,Clear,Paid,96800000.0
16281,Shan Sheikh,DEMO-KPT-16281,House No. CBD-499,Street 13,Bahria Town,3,5,House,Shan Sheikh,Furqan Joiya,Pending,Due,Under Review,Paid,92100000.0
2209,Javaria Mustafa,DEMO-KPT-2209,House No. C-556,Street 18,Bahria Town,3,5,House,Javaria Mustafa,Neelam Kharal,Verified,Paid,Under Review,Due,94000000.0
9222,Zeshan Gilani,DEMO-KPT-9222,House No. BR-335,Street 23,Bahria Town,3,5,House,Zeshan Gilani,Zamzam Qureshi,Litigated,Due,Under Review,Due,84200000.0
9218,Farzana Dayo,DEMO-KPT-9218,House No. RB-865,Street 27,Bahria Town,3,5,House,Farzana Dayo,Haider Usmani,Pending,Due,Under Review,Due,86700000.0
16700,Farid Virk,DEMO-KPT-16700,House No. RDB-818,Street 1,Bahria Town,4,5,House,Farid Virk,Rafia Chattha,Pending,Paid,Issue Found,Due,93500000.0
16554,Sarah Palijo,DEMO-KPT-16554,House No. DRB-436,Street 13,Bahria Town,4,5,House,Sarah Palijo,Jalal Sohu,Litigated,Due,Issue Found,Paid,95500000.0
9529,Farid Samo,DEMO-KPT-9529,House No. RB-823,Street 14,Bahria Town,4,5,House,Farid Samo,Mehwish Latif,Verified,Due,Issue Found,Paid,90800000.0
2482,Nida Rajput,DEMO-KPT-2482,House No. B-676,Street 17,Bahria Town,4,5,House,Nida Rajput,Maira Khosa,Litigated,Due,Issue Found,Due,85400000.0
16506,Ghazanfar Waheed,DEMO-KPT-16506,House No. DCR-385,Street 22,Bahria Town,4,5,House,Ghazanfar Waheed,Laraib Yousaf,Litigated,Paid,Issue Found,Due,93800000.0
2355,Sundas Mehmood,DEMO-KPT-2355,House No. R-381,Street 26,Bahria Town,4,5,House,Sundas Mehmood,Alam Noor,Pending,Paid,Issue Found,Paid,99300000.0
9691,Maryum Panezai,DEMO-KPT-9691,House No. DB-472,Street 29,Bahria Town,4,5,House,Maryum Panezai,Hussnain Zia,Verified,Due,Issue Found,Paid,98600000.0
2653,Ramsha Cheema,DEMO-KPT-2653,House No. C-497,Street 1,Bahria Town,5,5,House,Ramsha Cheema,Shahid Jamali,Verified,Paid,Issue Found,Due,97600000.0
16871,Saeeda Mirani,DEMO-KPT-16871,House No. CDR-399,Street 5,Bahria Town,5,5,House,Saeeda Mirani,Najma Mengal,Pending,Paid,Issue Found,Paid,85100000.0
16821,Shehzad Janjua,DEMO-KPT-16821,House No. CDR-424,Street 9,Bahria Town,5,5,House,Shehzad Janjua,Fasih Korai,Litigated,Paid,Under Review,Due,98200000.0
9837,Shahzadi Ijaz,DEMO-KPT-9837,House No. RC-769,Street 20,Bahria Town,5,5,House,Shahzadi Ijaz,Mukarram Korai,Litigated,Paid,Under Review,Due,87900000.0
10143,Maryam Khan,DEMO-KPT-10143,House No. DC-726,Street 21,Bahria Town,5,5,House,Maryam Khan,Sanam Swati,Verified,Due,Issue Found,Paid,90200000.0
2714,Neha Jadoon,DEMO-KPT-2714,House No. D-348,Street 30,Bahria Town,5,5,House,Neha Jadoon,Sabika Rana,Pending,Paid,Clear,Paid,97100000.0
10236,Hafsa Riaz,DEMO-KPT-10236,House No. CC-364,Street 8,Bahria Town,6,5,House,Hafsa Riaz,Mateen Mahar,Pending,Paid,Under Review,Due,96600000.0
3060,Fasih Bhittani,DEMO-KPT-3060,House No. D-396,Street 13,Bahria Town,6,5,House,Fasih Bhittani,Iftikhar Marwat,Litigated,Due,Clear,Paid,89500000.0
10364,Zainab Ghauri,DEMO-KPT-10364,House No. CR-528,Street 30,Bahria Town,6,5,House,Zainab Ghauri,Asim Wazir,Pending,Paid,Clear,Paid,91200000.0
3504,Esha Kazmi,DEMO-KPT-3504,House No. R-794,Street 13,Bahria Town,7,5,House,Esha Kazmi,Nargis Ghauri,Litigated,Due,Issue Found,Paid,93200000.0
10591,Nazia Khosa,DEMO-KPT-10591,House No. RB-383,Street 29,Bahria Town,7,5,House,Nazia Khosa,Iqra Kalhoro,Verified,Due,Issue Found,Paid,91500000.0
10624,Marium Khuhro,DEMO-KPT-10624,House No. DC-718,Street 29,Bahria Town,7,5,House,Marium Khuhro,Tehmina Wazir,Verified,Due,Clear,Paid,83000000.0
3821,Kashif Bhittani,DEMO-KPT-3821,House No. C-553,Street 5,Bahria Town,8,5,House,Kashif Bhittani,Amjad Lashari,Pending,Paid,Issue Found,Paid,86300000.0
3683,Javed Naqvi,DEMO-KPT-3683,House No. D-408,Street 18,Bahria Town,8,5,House,Javed Naqvi,Aneesa Aslam,Litigated,Due,Issue Found,Paid,85700000.0
3722,Mariam Sial,DEMO-KPT-3722,House No. C-825,Street 20,Bahria Town,8,5,House,Mariam Sial,Wali Bhutto,Pending,Paid,Under Review,Due,81600000.0
3843,Alishba Butt,DEMO-KPT-3843,House No. D-543,Street 21,Bahria Town,8,5,House,Alishba Butt,Wajiha Kakar,Verified,Due,Issue Found,Paid,88600000.0
10937,Tamkeen Wattoo,DEMO-KPT-10937,House No. RC-526,Street 21,Bahria Town,8,5,House,Tamkeen Wattoo,Ramsha Tarar,Litigated,Due,Clear,Paid,80500000.0
3818,Shabana Bangash,DEMO-KPT-3818,House No. B-712,Street 27,Bahria Town,8,5,House,Shabana Bangash,Fasih Tariq,Pending,Due,Under Review,Due,95000000.0
3614,Rustam Siddiqui,DEMO-KPT-3614,House No. B-730,Street 30,Bahria Town,8,5,House,Rustam Siddiqui,Ashfaq Awan,Pending,Paid,Clear,Paid,94100000.0
11182,Nargis Qadri,DEMO-KPT-11182,House No. RB-838,Street 3,Bahria Town,9,5,House,Nargis Qadri,Musa Laghari,Litigated,Due,Clear,Due,85800000.0
4011,Iram Soomro,DEMO-KPT-4011,House No. RR-444,Street 16,Bahria Town,9,5,House,Iram Soomro,Amna Shakir,Verified,Paid,Clear,Due,95000000.0
11177,Shafay Sardar,DEMO-KPT-11177,House No. DD-862,Street 19,Bahria Town,9,5,House,Shafay Sardar,Fiza Panezai,Pending,Due,Issue Found,Paid,85600000.0
4355,Aryan Baig,DEMO-KPT-4355,House No. RC-470,Street 1,Bahria Town,10,5,House,Aryan Baig,Rahim Ansari,Litigated,Due,Under Review,Paid,80100000.0
11653,Bahadur Jamal,DEMO-KPT-11653,House No. BR-396,Street 1,Bahria Town,10,5,House,Bahadur Jamal,Ayla Zardari,Verified,Paid,Issue Found,Due,81800000.0
4155,Syeda Mian,DEMO-KPT-4155,House No. DD-795,Street 26,Bahria Town,10,5,House,Syeda Mian,Mudassar Bhittani,Pending,Paid,Issue Found,Paid,98100000.0
11790,Anum Tanvir,DEMO-KPT-11790,House No. DB-688,Street 2,Bahria Town,11,5,House,Anum Tanvir,Ammar Iqbal,Verified,Due,Under Review,Due,96100000.0
11921,Ihsan Laghari,DEMO-KPT-11921,House No. DB-808,Street 5,Bahria Town,11,5,House,Ihsan Laghari,Mehreen Chaudhry,Pending,Paid,Issue Found,Paid,81500000.0
4611,Mukhtar Imran,DEMO-KPT-4611,House No. BC-836,Street 10,Bahria Town,11,5,House,Mukhtar Imran,Asifa Mughal,Litigated,Due,Under Review,Due,85800000.0
4370,Ahsan Pirzada,DEMO-KPT-4370,House No. BR-831,Street 19,Bahria Town,11,5,House,Ahsan Pirzada,Shehzad Jamal,Verified,Due,Issue Found,Paid,81700000.0
4497,Sameer Abbasi,DEMO-KPT-4497,House No. BR-487,Street 25,Bahria Town,11,5,House,Sameer Abbasi,Laiba Sohu,Litigated,Paid,Clear,Paid,80800000.0
12278,Kamran Majeed,DEMO-KPT-12278,House No. BR-607,Street 13,Bahria Town,12,5,House,Kamran Majeed,Moeen Sandhu,Litigated,Due,Issue Found,Due,88400000.0
4904,Beenish Yaqoob,DEMO-KPT-4904,House No. BC-607,Street 23,Bahria Town,12,5,House,Beenish Yaqoob,Zohair Rizvi,Litigated,Paid,Clear,Paid,81800000.0
4899,Fawad Virk,DEMO-KPT-4899,House No. BC-486,Street 24,Bahria Town,12,5,House,Fawad Virk,Mariam Rehman,Pending,Paid,Issue Found,Paid,93100000.0
5325,Kanwal Kazmi,DEMO-KPT-5325,House No. CR-848,Street 13,Bahria Town,13,5,House,Kanwal Kazmi,Aqib Bhutto,Pending,Paid,Clear,Due,86000000.0
5265,Sehrish Shakeel,DEMO-KPT-5265,House No. RD-349,Street 15,Bahria Town,13,5,House,Sehrish Shakeel,Saeeda Marri,Verified,Due,Clear,Paid,87100000.0
5033,Irfan Ali,DEMO-KPT-5033,House No. CB-489,Street 18,Bahria Town,13,5,House,Irfan Ali,Ayaz Lone,Litigated,Due,Issue Found,Paid,97100000.0
12653,Talat Baig,DEMO-KPT-12653,House No. DB-502,Street 18,Bahria Town,13,5,House,Talat Baig,Fasih Tunio,Litigated,Paid,Clear,Paid,92400000.0
12620,Mudassar Yaqoob,DEMO-KPT-12620,House No. DB-517,Street 20,Bahria Town,13,5,House,Mudassar Yaqoob,Samiya Ghani,Litigated,Paid,Issue Found,Due,85400000.0
12597,Fida Sheikh,DEMO-KPT-12597,House No. DR-809,Street 25,Bahria Town,13,5,House,Fida Sheikh,Ijaz Shah,Litigated,Paid,Clear,Paid,93800000.0
12658,Sahil Khuhro,DEMO-KPT-12658,House No. DB-539,Street 1,Bahria Town,14,5,House,Sahil Khuhro,Emaan Chaudhry,Pending,Paid,Clear,Paid,83300000.0
12857,Irfan Hashmi,DEMO-KPT-12857,House No. CC-456,Street 12,Bahria Town,14,5,House,Irfan Hashmi,Zulekha Jogezai,Pending,Due,Under Review,Paid,98500000.0
5420,Saeeda Umer,DEMO-KPT-5420,House No. CC-801,Street 20,Bahria Town,14,5,House,Saeeda Umer,Kinza Hameed,Litigated,Paid,Issue Found,Due,94600000.0
6082,Sahrish Gondal,DEMO-KPT-6082,House No. BD-415,Street 17,Bahria Town,15,5,House,Sahrish Gondal,Mirza Tareen,Litigated,Due,Issue Found,Due,94700000.0
5933,Younas Dreshak,DEMO-KPT-5933,House No. BR-719,Street 18,Bahria Town,15,5,House,Younas Dreshak,Rafia Korai,Litigated,Due,Issue Found,Paid,92100000.0
13141,Shanza Rabbani,DEMO-KPT-13141,House No. CD-586,Street 19,Bahria Town,15,5,House,Shanza Rabbani,Saeeda Majeed,Pending,Due,Issue Found,Paid,86200000.0
13172,Sheeba Lashari,DEMO-KPT-13172,House No. DD-455,Street 20,Bahria Town,15,5,House,Sheeba Lashari,Tayyaba Rizvi,Pending,Paid,Under Review,Due,100000000.0
13324,Babar Lodhi,DEMO-KPT-13324,House No. BR-366,Street 29,Bahria Town,15,5,House,Babar Lodhi,Haziq Sheikh,Verified,Due,Clear,Paid,92100000.0
6169,Fiza Janjua,DEMO-KPT-6169,House No. CB-463,Street 12,Bahria Town,16,5,House,Fiza Janjua,Atiya Qureshi,Pending,Due,Issue Found,Paid,90400000.0
6346,Nizam Hussain,DEMO-KPT-6346,House No. RD-504,Street 12,Bahria Town,16,5,House,Nizam Hussain,Fariha Gilani,Litigated,Due,Under Review,Due,84800000.0
6313,Sahar Saleem,DEMO-KPT-6313,House No. DC-421,Street 17,Bahria Town,16,5,House,Sahar Saleem,Nayab Anwar,Verified,Due,Issue Found,Paid,82400000.0
6259,Amal Zia,DEMO-KPT-6259,House No. DD-720,Street 18,Bahria Town,16,5,House,Amal Zia,Zunaira Qureshi,Verified,Paid,Under Review,Due,82400000.0
6391,Ghazanfar Mazari,DEMO-KPT-6391,House No. CD-548,Street 19,Bahria Town,16,5,House,Ghazanfar Mazari,Zaheer Rajput,Pending,Due,Issue Found,Paid,96800000.0
13622,Zubair Korai,DEMO-KPT-13622,House No. DRC-526,Street 20,Bahria Town,16,5,House,Zubair Korai,Jazib Lashari,Pending,Paid,Under Review,Due,91000000.0
6179,Marwa Ghaffar,DEMO-KPT-6179,House No. BD-381,Street 27,Bahria Town,16,5,House,Marwa Ghaffar,Rukhsana Shaikh,Pending,Due,Issue Found,Paid,89000000.0
13837,Sabahat Rizvi,DEMO-KPT-13837,House No. BDC-787,Street 4,Bahria Town,17,5,House,Sabahat Rizvi,Zunaira Tahir,Pending,Paid,Clear,Due,90800000.0
6675,Raees Rajper,DEMO-KPT-6675,House No. CC-337,Street 13,Bahria Town,17,5,House,Raees Rajper,Kinza Gill,Pending,Paid,Clear,Due,90500000.0
6998,Amal Hameed,DEMO-KPT-6998,House No. BR-682,Street 7,Bahria Town,18,5,House,Amal Hameed,Farheen Rafique,Litigated,Due,Issue Found,Due,91900000.0
7109,Hina Hinjra,DEMO-KPT-7109,House No. BC-727,Street 25,Bahria Town,18,5,House,Hina Hinjra,Mahwish Zafar,Verified,Due,Clear,Paid,98600000.0
7095,Aslam Bhittani,DEMO-KPT-7095,House No. DC-308,Street 28,Bahria Town,18,5,House,Aslam Bhittani,Fatima Peerzada,Litigated,Due,Clear,Due,81300000.0
7560,Warda Shakir,DEMO-KPT-7560,House No. RD-758,Street 13,Bahria Town,19,5,House,Warda Shakir,Parveen Bilgrami,Litigated,Due,Clear,Paid,97200000.0
14903,Taimoor Ijaz,DEMO-KPT-14903,House No. DBR-566,Street 18,Bahria Town,19,5,House,Taimoor Ijaz,Noshaba Junejo,Litigated,Paid,Clear,Paid,96700000.0
14770,Raees Zafar,DEMO-KPT-14770,House No. DBR-495,Street 22,Bahria Town,19,5,House,Raees Zafar,Fozia Hanif,Pending,Paid,Issue Found,Due,96500000.0
7871,Safa Mansoor,DEMO-KPT-7871,House No. CC-708,Street 5,Bahria Town,20,5,House,Safa Mansoor,Rehana Panhwar,Pending,Paid,Issue Found,Paid,82500000.0
7795,Aiman Wani,DEMO-KPT-7795,House No. CD-563,Street 8,Bahria Town,20,5,House,Aiman Wani,Dua Popalzai,Verified,Paid,Under Review,Paid,81500000.0
7905,Zameer Talpur,DEMO-KPT-7905,House No. RB-437,Street 13,Bahria Town,20,5,House,Zameer Talpur,Tamkeen Dar,Litigated,Due,Under Review,Paid,90300000.0
15210,Laraib Rajper,DEMO-KPT-15210,House No. CBD-841,Street 13,Bahria Town,20,5,House,Laraib Rajper,Kaif Mahesar,Litigated,Due,Clear,Paid,98600000.0
15225,Jamila Sadiq,DEMO-KPT-15225,House No. CBD-889,Street 13,Bahria Town,20,5,House,Jamila Sadiq,Ashar Sandhu,Pending,Paid,Clear,Due,88600000.0
15057,Tooba Gill,DEMO-KPT-15057,House No. DCB-574,Street 25,Bahria Town,20,5,House,Tooba Gill,Noaman Malik,Verified,Due,Under Review,Paid,82700000.0
9020,Nayyar Alvi,DEMO-KPT-9020,House No. BD-827,Street 20,Clifton,1,5,House,Nayyar Alvi,Nashra Ghaffar,Litigated,Paid,Issue Found,Due,265100000.0
1511,Ahsan Memon,DEMO-KPT-1511,House No. B-666,Street 22,Clifton,1,5,House,Ahsan Memon,Kashif Kamboh,Pending,Due,Clear,Paid,278300000.0
8915,Aun Gill,DEMO-KPT-8915,House No. DB-341,Street 24,Clifton,1,5,House,Aun Gill,Sajid Rajput,Litigated,Due,Issue Found,Paid,256500000.0
15487,Mahrukh Mian,DEMO-KPT-15487,House No. DCR-685,Street 29,Clifton,1,5,House,Mahrukh Mian,Hania Wazir,Pending,Due,Clear,Paid,259800000.0
1823,Qudrat Achakzai,DEMO-KPT-1823,House No. R-599,Street 3,Clifton,2,5,House,Qudrat Achakzai,Wania Mahar,Litigated,Paid,Under Review,Paid,271500000.0
9628,Mehwish Dayo,DEMO-KPT-9628,House No. DD-465,Street 3,Clifton,2,5,House,Mehwish Dayo,Mazhar Mengal,Pending,Paid,Under Review,Paid,284000000.0
9705,Qadir Peerzada,DEMO-KPT-9705,House No. DC-361,Street 13,Clifton,2,5,House,Qadir Peerzada,Azka Warsi,Litigated,Due,Under Review,Paid,298100000.0
15770,Adil Bajwa,DEMO-KPT-15770,House No. DRB-473,Street 20,Clifton,2,5,House,Adil Bajwa,Anila Gilani,Litigated,Paid,Issue Found,Due,269400000.0
9404,Raza Dogar,DEMO-KPT-9404,House No. BB-750,Street 23,Clifton,2,5,House,Raza Dogar,Rubina Zahid,Litigated,Paid,Clear,Paid,284600000.0
15704,Wania Mir,DEMO-KPT-15704,House No. BRC-405,Street 23,Clifton,2,5,House,Wania Mir,Rashida Bhat,Litigated,Paid,Clear,Paid,288300000.0
1987,Shehzad Khuhro,DEMO-KPT-1987,House No. C-470,Street 29,Clifton,2,5,House,Shehzad Khuhro,Fida Ghumman,Pending,Due,Clear,Paid,296200000.0
2229,Shahid Mohammadzai,DEMO-KPT-2229,House No. D-422,Street 1,Clifton,3,5,House,Shahid Mohammadzai,Tayyab Bugti,Pending,Due,Issue Found,Paid,258900000.0
2158,Zeshan Shah,DEMO-KPT-2158,House No. B-441,Street 2,Clifton,3,5,House,Zeshan Shah,Saba Shakir,Pending,Due,Under Review,Paid,281500000.0
9808,Waseem Jaffri,DEMO-KPT-9808,House No. DC-427,Street 2,Clifton,3,5,House,Waseem Jaffri,Bilal Dayo,Pending,Due,Under Review,Paid,279100000.0
16108,Shabana Rajper,DEMO-KPT-16108,House No. RBD-664,Street 2,Clifton,3,5,House,Shabana Rajper,Inayat Marwat,Pending,Due,Under Review,Paid,265400000.0
15928,Hina Marwat,DEMO-KPT-15928,House No. BCR-516,Street 3,Clifton,3,5,House,Hina Marwat,Zartaj Buriro,Pending,Paid,Under Review,Paid,270700000.0
9892,Zahida Baig,DEMO-KPT-9892,House No. DC-405,Street 7,Clifton,3,5,House,Zahida Baig,Farah Pasha,Verified,Paid,Clear,Paid,278000000.0
2157,Nashra Niazi,DEMO-KPT-2157,House No. C-740,Street 9,Clifton,3,5,House,Nashra Niazi,Shafaq Nasar,Litigated,Paid,Clear,Paid,292600000.0
16007,Shafiq Riaz,DEMO-KPT-16007,House No. RCD-504,Street 12,Clifton,3,5,House,Shafiq Riaz,Abeera Ghaffar,Pending,Due,Under Review,Paid,250000000.0
10033,Amna Wazir,DEMO-KPT-10033,House No. BD-343,Street 22,Clifton,3,5,House,Amna Wazir,Haseeb Sipra,Litigated,Paid,Issue Found,Due,265500000.0
16155,Ruqayya Yousaf,DEMO-KPT-16155,House No. RDB-794,Street 30,Clifton,3,5,House,Ruqayya Yousaf,Hanif Orakzai,Verified,Due,Under Review,Paid,264600000.0
16311,Mahwish Baloch,DEMO-KPT-16311,House No. DCB-323,Street 10,Clifton,4,5,House,Mahwish Baloch,Zulfiqar Raza,Litigated,Due,Under Review,Due,260700000.0
2610,Ifrah Sindhi,DEMO-KPT-2610,House No. C-671,Street 13,Clifton,4,5,House,Ifrah Sindhi,Aneeqa Hoti,Litigated,Due,Clear,Paid,272000000.0
2479,Mudassar Warsi,DEMO-KPT-2479,House No. B-754,Street 15,Clifton,4,5,House,Mudassar Warsi,Qudrat Tareen,Pending,Paid,Under Review,Due,290200000.0
10096,Haider Cheema,DEMO-KPT-10096,House No. BC-613,Street 23,Clifton,4,5,House,Haider Cheema,Laila Kasi,Pending,Paid,Issue Found,Due,279600000.0
10275,Shazia Gondal,DEMO-KPT-10275,House No. RB-791,Street 13,Clifton,5,5,House,Shazia Gondal,Noor Jaffri,Pending,Paid,Clear,Due,281000000.0
3109,Fatima Rana,DEMO-KPT-3109,House No. D-673,Street 18,Clifton,5,5,House,Fatima Rana,Usman Ranjha,Verified,Paid,Under Review,Due,283500000.0
10287,Nauman Hashmi,DEMO-KPT-10287,House No. CR-302,Street 20,Clifton,5,5,House,Nauman Hashmi,Nageen Saeed,Litigated,Paid,Under Review,Due,266400000.0
3295,Aneeqa Mahesar,DEMO-KPT-3295,House No. C-873,Street 8,Clifton,6,5,House,Aneeqa Mahesar,Fida Zaidi,Verified,Paid,Under Review,Paid,273800000.0
3241,Aneeqa Marwat,DEMO-KPT-3241,House No. R-897,Street 19,Clifton,6,5,House,Aneeqa Marwat,Abbas Zubairi,Pending,Due,Issue Found,Paid,272600000.0
3458,Aiman Qureshi,DEMO-KPT-3458,House No. R-339,Street 19,Clifton,6,5,House,Aiman Qureshi,Yasmeen Shinwari,Verified,Paid,Under Review,Due,272600000.0
10556,Minahil Marwat,DEMO-KPT-10556,House No. CR-577,Street 19,Clifton,6,5,House,Minahil Marwat,Zaheer Mirza,Litigated,Paid,Issue Found,Due,284500000.0
10607,Minahil Latif,DEMO-KPT-10607,House No. RR-700,Street 12,Clifton,7,5,House,Minahil Latif,Ghazanfar Nawaz,Pending,Due,Under Review,Paid,260900000.0
10725,Amjad Unar,DEMO-KPT-10725,House No. RR-691,Street 13,Clifton,7,5,House,Amjad Unar,Sundas Achakzai,Pending,Paid,Clear,Due,276100000.0
10632,Jannat Mughal,DEMO-KPT-10632,House No. BC-815,Street 15,Clifton,7,5,House,Jannat Mughal,Zeshan Sindhi,Verified,Due,Clear,Paid,274200000.0
10671,Bakhtawar Rashid,DEMO-KPT-10671,House No. RR-732,Street 19,Clifton,7,5,House,Bakhtawar Rashid,Fatima Korai,Verified,Paid,Clear,Paid,290600000.0
10720,Tabish Zaman,DEMO-KPT-10720,House No. BB-667,Street 22,Clifton,7,5,House,Tabish Zaman,Idrees Shakeel,Pending,Paid,Issue Found,Due,296100000.0
3555,Affan Naseem,DEMO-KPT-3555,House No. B-628,Street 30,Clifton,7,5,House,Affan Naseem,Mishal Shinwari,Verified,Due,Under Review,Paid,299100000.0
11238,Javaria Jamal,DEMO-KPT-11238,House No. RR-735,Street 5,Clifton,8,5,House,Javaria Jamal,Maimoona Bajwa,Litigated,Due,Clear,Paid,290700000.0
11197,Saima Bhatti,DEMO-KPT-11197,House No. CC-871,Street 8,Clifton,8,5,House,Saima Bhatti,Abdullah Shinwari,Litigated,Paid,Clear,Paid,287600000.0
11055,Siddique Chaudhry,DEMO-KPT-11055,House No. RR-770,Street 13,Clifton,8,5,House,Siddique Chaudhry,Tanveer Saeed,Litigated,Due,Under Review,Paid,258600000.0
11029,Nouman Sabri,DEMO-KPT-11029,House No. BD-663,Street 15,Clifton,8,5,House,Nouman Sabri,Naeem Rehman,Pending,Paid,Under Review,Due,283700000.0
11163,Akif Rizvi,DEMO-KPT-11163,House No. DB-627,Street 16,Clifton,8,5,House,Akif Rizvi,Hamid Rabbani,Verified,Paid,Under Review,Due,254300000.0
3893,Daniyal Rabbani,DEMO-KPT-3893,House No. DR-692,Street 18,Clifton,8,5,House,Daniyal Rabbani,Haider Tanvir,Litigated,Paid,Clear,Paid,264500000.0
4103,Zulfiqar Talpur,DEMO-KPT-4103,House No. RC-841,Street 18,Clifton,8,5,House,Zulfiqar Talpur,Nargis Bashir,Litigated,Paid,Clear,Paid,276300000.0
4211,Basit Kiani,DEMO-KPT-4211,House No. BC-884,Street 22,Clifton,8,5,House,Basit Kiani,Sakina Lak,Pending,Due,Clear,Paid,283900000.0
4521,Tahira Lughmani,DEMO-KPT-4521,House No. CB-794,Street 7,Clifton,9,5,House,Tahira Lughmani,Aqsa Kazmi,Verified,Due,Under Review,Due,282400000.0
11316,Hanzala Gilani,DEMO-KPT-11316,House No. DD-307,Street 8,Clifton,9,5,House,Hanzala Gilani,Fahad Farooq,Pending,Due,Clear,Due,281700000.0
4461,Murtaza Nawaz,DEMO-KPT-4461,House No. DD-438,Street 16,Clifton,9,5,House,Murtaza Nawaz,Nuzhat Talpur,Verified,Paid,Clear,Due,267100000.0
11467,Kafeel Shinwari,DEMO-KPT-11467,House No. RC-355,Street 16,Clifton,9,5,House,Kafeel Shinwari,Talal Butt,Verified,Paid,Under Review,Paid,254700000.0
11482,Zoya Kamboh,DEMO-KPT-11482,House No. CC-578,Street 17,Clifton,9,5,House,Zoya Kamboh,Rida Bettani,Litigated,Due,Issue Found,Due,291900000.0
11749,Haris Bhatti,DEMO-KPT-11749,House No. RB-340,Street 8,Clifton,10,5,House,Haris Bhatti,Zaib Sultan,Pending,Paid,Under Review,Paid,298700000.0
4911,Shazia Swati,DEMO-KPT-4911,House No. DR-607,Street 16,Clifton,10,5,House,Shazia Swati,Tayyab Usmani,Verified,Paid,Clear,Due,288400000.0
11968,Anas Bugti,DEMO-KPT-11968,House No. DR-675,Street 27,Clifton,10,5,House,Anas Bugti,Hamza Zaman,Pending,Paid,Issue Found,Paid,262000000.0
5209,Mahnaz Lashari,DEMO-KPT-5209,House No. RC-629,Street 3,Clifton,11,5,House,Mahnaz Lashari,Atiya Mirani,Litigated,Due,Clear,Due,284400000.0
5171,Noreen Bilgrami,DEMO-KPT-5171,House No. CC-429,Street 5,Clifton,11,5,House,Noreen Bilgrami,Hammad Zardari,Pending,Paid,Issue Found,Paid,265800000.0
5095,Dawood Warsi,DEMO-KPT-5095,House No. RR-648,Street 8,Clifton,11,5,House,Dawood Warsi,Atiya Afridi,Verified,Paid,Under Review,Paid,261500000.0
5121,Fauzia Anwar,DEMO-KPT-5121,House No. DB-839,Street 9,Clifton,11,5,House,Fauzia Anwar,Dilshad Rind,Litigated,Paid,Under Review,Due,291200000.0
5138,Sidra Unar,DEMO-KPT-5138,House No. RR-452,Street 13,Clifton,11,5,House,Sidra Unar,Tamkeen Majeed,Pending,Paid,Clear,Paid,260100000.0
5005,Shaista Tahir,DEMO-KPT-5005,House No. BR-539,Street 16,Clifton,11,5,House,Shaista Tahir,Sajjad Kharal,Pending,Paid,Under Review,Paid,257500000.0
5156,Tabassum Farooq,DEMO-KPT-5156,House No. DR-589,Street 19,Clifton,11,5,House,Tabassum Farooq,Imran Kasi,Litigated,Paid,Issue Found,Due,251200000.0
12241,Zaynab Sandhu,DEMO-KPT-12241,House No. CB-732,Street 19,Clifton,11,5,House,Zaynab Sandhu,Ayaz Shaikh,Pending,Due,Issue Found,Paid,252300000.0
5782,Sahrish Nadeem,DEMO-KPT-5782,House No. CB-510,Street 3,Clifton,12,5,House,Sahrish Nadeem,Burhan Kiani,Litigated,Due,Clear,Due,262500000.0
5446,Naureen Khuhro,DEMO-KPT-5446,House No. BC-733,Street 12,Clifton,12,5,House,Naureen Khuhro,Sidrah Sultan,Litigated,Due,Under Review,Due,274300000.0
12672,Kamil Yousafzai,DEMO-KPT-12672,House No. CB-748,Street 12,Clifton,12,5,House,Kamil Yousafzai,Mubashra Buriro,Pending,Paid,Under Review,Due,281200000.0
12642,Faizan Ansari,DEMO-KPT-12642,House No. DD-698,Street 15,Clifton,12,5,House,Faizan Ansari,Malaika Popalzai,Pending,Due,Issue Found,Paid,293500000.0
5908,Khurram Lashari,DEMO-KPT-5908,House No. BD-338,Street 1,Clifton,13,5,House,Khurram Lashari,Kashaf Kidwai,Pending,Paid,Clear,Paid,289300000.0
12745,Sadiq Nasar,DEMO-KPT-12745,House No. CC-582,Street 8,Clifton,13,5,House,Sadiq Nasar,Zoya Hanif,Verified,Paid,Under Review,Paid,253700000.0
6105,Tabassum Soomro,DEMO-KPT-6105,House No. DC-367,Street 13,Clifton,13,5,House,Tabassum Soomro,Zulekha Lughmani,Litigated,Due,Under Review,Paid,273300000.0
6261,Tayyaba Farooq,DEMO-KPT-6261,House No. BD-609,Street 16,Clifton,13,5,House,Tayyaba Farooq,Amber Khuhro,Verified,Paid,Clear,Due,271200000.0
12921,Sajjad Butt,DEMO-KPT-12921,House No. DD-352,Street 19,Clifton,13,5,House,Sajjad Butt,Faiza Awan,Verified,Paid,Clear,Paid,295300000.0
6209,Saher Mirza,DEMO-KPT-6209,House No. BD-760,Street 25,Clifton,13,5,House,Saher Mirza,Sharmeen Nasar,Verified,Due,Clear,Paid,282200000.0
6091,Shehryar Jamali,DEMO-KPT-6091,House No. DD-464,Street 29,Clifton,13,5,House,Shehryar Jamali,Sharmeen Ghumman,Verified,Due,Issue Found,Paid,279400000.0
6605,Wajiha Toor,DEMO-KPT-6605,House No. DR-353,Street 1,Clifton,14,5,House,Wajiha Toor,Ijaz Baig,Litigated,Due,Under Review,Paid,259900000.0
13178,Ruqayya Sandhu,DEMO-KPT-13178,House No. BD-379,Street 13,Clifton,14,5,House,Ruqayya Sandhu,Aleeza Pirzada,Litigated,Due,Issue Found,Due,286700000.0
13343,Ayaz Riaz,DEMO-KPT-13343,House No. DR-886,Street 18,Clifton,14,5,House,Ayaz Riaz,Zayan Khokhar,Litigated,Paid,Clear,Paid,285600000.0
13550,Maham Pasha,DEMO-KPT-13550,House No. DCR-469,Street 1,Clifton,15,5,House,Maham Pasha,Eman Tarar,Pending,Paid,Issue Found,Due,269600000.0
6660,Tayyeb Cheema,DEMO-KPT-6660,House No. DR-720,Street 13,Clifton,15,5,House,Tayyeb Cheema,Kanwal Shaikh,Litigated,Due,Clear,Paid,275300000.0
7113,Tahreem Naseem,DEMO-KPT-7113,House No. RB-620,Street 16,Clifton,15,5,House,Tahreem Naseem,Qurat Umer,Verified,Paid,Under Review,Due,270400000.0
6846,Shama Majeed,DEMO-KPT-6846,House No. RB-603,Street 23,Clifton,15,5,House,Shama Majeed,Marwa Ansari,Litigated,Due,Issue Found,Due,262400000.0
7378,Mashal Bhatti,DEMO-KPT-7378,House No. RR-869,Street 3,Clifton,16,5,House,Mashal Bhatti,Taha Dayo,Pending,Paid,Under Review,Paid,257500000.0
13789,Ayeza Virk,DEMO-KPT-13789,House No. BRD-466,Street 4,Clifton,16,5,House,Ayeza Virk,Sheeba Ansari,Verified,Due,Issue Found,Paid,283500000.0
7246,Yasmeen Ranjha,DEMO-KPT-7246,House No. RR-879,Street 12,Clifton,16,5,House,Yasmeen Ranjha,Mazen Sohu,Litigated,Due,Under Review,Due,285200000.0
14008,Hoorain Bukhari,DEMO-KPT-14008,House No. CRB-540,Street 1,Clifton,17,5,House,Hoorain Bukhari,Shanza Warraich,Pending,Paid,Clear,Paid,250200000.0
14095,Zuha Marri,DEMO-KPT-14095,House No. CDB-342,Street 8,Clifton,17,5,House,Zuha Marri,Raza Sardar,Verified,Paid,Under Review,Paid,295700000.0
7767,Hania Achakzai,DEMO-KPT-7767,House No. DR-367,Street 14,Clifton,17,5,House,Hania Achakzai,Feroz Mazari,Litigated,Due,Clear,Due,288400000.0
7587,Sohail Dawood,DEMO-KPT-7587,House No. BB-592,Street 20,Clifton,17,5,House,Sohail Dawood,Aneela Zahid,Litigated,Paid,Under Review,Due,294000000.0
7506,Fareeha Ghauri,DEMO-KPT-7506,House No. RC-824,Street 22,Clifton,17,5,House,Fareeha Ghauri,Mahwish Hoti,Litigated,Paid,Issue Found,Due,289400000.0
7468,Daniyal Nadeem,DEMO-KPT-7468,House No. DD-327,Street 27,Clifton,17,5,House,Daniyal Nadeem,Hina Kayani,Pending,Paid,Issue Found,Paid,295300000.0
14458,Ayla Niazi,DEMO-KPT-14458,House No. RBC-627,Street 1,Clifton,18,5,House,Ayla Niazi,Ahad Naqvi,Pending,Paid,Clear,Paid,255400000.0
14308,Bushra Javed,DEMO-KPT-14308,House No. CBD-634,Street 2,Clifton,18,5,House,Bushra Javed,Nasir Leghari,Pending,Due,Under Review,Paid,289800000.0
14392,Ashfaq Dayo,DEMO-KPT-14392,House No. DBC-411,Street 7,Clifton,18,5,House,Ashfaq Dayo,Mansha Durrani,Verified,Paid,Clear,Paid,271700000.0
14481,Sajjad Leghari,DEMO-KPT-14481,House No. DCR-855,Street 13,Clifton,18,5,House,Sajjad Leghari,Nawaz Niazi,Pending,Due,Under Review,Paid,261200000.0
7965,Aqsa Saeed,DEMO-KPT-7965,House No. BR-775,Street 15,Clifton,18,5,House,Aqsa Saeed,Sikandar Rajput,Verified,Due,Clear,Paid,259000000.0
14359,Arooj Bettani,DEMO-KPT-14359,House No. RCB-505,Street 18,Clifton,18,5,House,Arooj Bettani,Arif Cheema,Verified,Paid,Under Review,Due,291100000.0
14397,Inayat Swati,DEMO-KPT-14397,House No. CDR-437,Street 25,Clifton,18,5,House,Inayat Swati,Humaira Bangash,Litigated,Paid,Clear,Paid,299000000.0
14355,Sarfraz Chattha,DEMO-KPT-14355,House No. RCD-833,Street 30,Clifton,18,5,House,Sarfraz Chattha,Fasih Khan,Verified,Due,Under Review,Paid,285600000.0
8228,Waheed Sultan,DEMO-KPT-8228,House No. DC-601,Street 13,Clifton,19,5,House,Waheed Sultan,Gohar Javed,Litigated,Due,Issue Found,Due,276500000.0
14491,Abdullah Mansoor,DEMO-KPT-14491,House No. BRC-647,Street 19,Clifton,19,5,House,Abdullah Mansoor,Saad Bilgrami,Pending,Due,Issue Found,Paid,273700000.0
8458,Rafia Mustafa,DEMO-KPT-8458,House No. RC-430,Street 2,Clifton,20,5,House,Rafia Mustafa,Nighat Bugti,Pending,Due,Under Review,Paid,252500000.0
14838,Zain Jaffri,DEMO-KPT-14838,House No. RDB-842,Street 5,Clifton,20,5,House,Zain Jaffri,Uzma Hashmi,Litigated,Due,Clear,Paid,278500000.0
15021,Kausar Panhwar,DEMO-KPT-15021,House No. CBD-308,Street 9,Clifton,20,5,House,Kausar Panhwar,Zuha Dreshak,Litigated,Paid,Under Review,Due,262700000.0
8767,Imtiaz Javed,DEMO-KPT-8767,House No. RD-699,Street 16,Clifton,20,5,House,Imtiaz Javed,Sharjeel Shinwari,Verified,Paid,Under Review,Paid,296900000.0
8470,Nadir Orakzai,DEMO-KPT-8470,House No. DB-578,Street 22,Clifton,20,5,House,Nadir Orakzai,Rafia Ansari,Pending,Paid,Issue Found,Due,293400000.0
7205,Zain Parvez,DEMO-KPT-7205,House No. RR-549,Street 4,DHA,1,5,House,Zain Parvez,Raheel Butt,Verified,Paid,Issue Found,Paid,264500000.0
1495,Sana Khattak,DEMO-KPT-1495,House No. R-378,Street 8,DHA,1,5,House,Sana Khattak,Zawar Rashid,Verified,Paid,Under Review,Paid,274000000.0
13373,Nailah Durrani,DEMO-KPT-13373,House No. RR-814,Street 10,DHA,1,5,House,Nailah Durrani,Mehmood Hussain,Litigated,Due,Under Review,Paid,274500000.0
1665,Dilawar Jadoon,DEMO-KPT-1665,House No. R-708,Street 15,DHA,1,5,House,Dilawar Jadoon,Kanwar Tahir,Verified,Due,Clear,Paid,272500000.0
1582,Samiya Achakzai,DEMO-KPT-1582,House No. R-565,Street 17,DHA,1,5,House,Samiya Achakzai,Rehana Bijarani,Litigated,Due,Issue Found,Due,267400000.0
13282,Nailah Joiya,DEMO-KPT-13282,House No. RR-739,Street 17,DHA,1,5,House,Nailah Joiya,Ahtisham Chandio,Litigated,Due,Issue Found,Due,259400000.0
7296,Sobia Riaz,DEMO-KPT-7296,House No. CB-720,Street 23,DHA,1,5,House,Sobia Riaz,Saad Peerzada,Litigated,Due,Issue Found,Due,299400000.0
13409,Rakhshanda Farooqi,DEMO-KPT-13409,House No. DB-858,Street 25,DHA,1,5,House,Rakhshanda Farooqi,Furqan Kiani,Verified,Due,Clear,Paid,252600000.0
13497,Neha Ghani,DEMO-KPT-13497,House No. DCR-565,Street 25,DHA,1,5,House,Neha Ghani,Shahzad Tareen,Litigated,Paid,Clear,Paid,262900000.0
13955,Bakhtawar Gandapur,DEMO-KPT-13955,House No. BCD-411,Street 4,DHA,2,5,House,Bakhtawar Gandapur,Mahad Hafeez,Verified,Paid,Issue Found,Paid,298100000.0
13875,Yousaf Ali,DEMO-KPT-13875,House No. DBR-522,Street 13,DHA,2,5,House,Yousaf Ali,Bushra Abro,Pending,Paid,Clear,Due,294100000.0
1715,Abrar Ghaffar,DEMO-KPT-1715,House No. D-593,Street 24,DHA,2,5,House,Abrar Ghaffar,Afzal Mahar,Litigated,Due,Issue Found,Paid,274400000.0
1905,Fawad Jafri,DEMO-KPT-1905,House No. B-398,Street 26,DHA,2,5,House,Fawad Jafri,Hashim Rind,Pending,Paid,Issue Found,Paid,255800000.0
1755,Talal Bhittani,DEMO-KPT-1755,House No. R-407,Street 30,DHA,2,5,House,Talal Bhittani,Mansha Khosa,Verified,Due,Under Review,Paid,292000000.0
1978,Afreen Ilyas,DEMO-KPT-1978,House No. B-477,Street 3,DHA,3,5,House,Afreen Ilyas,Yameen Mian,Pending,Paid,Under Review,Paid,253300000.0
7671,Aftab Achakzai,DEMO-KPT-7671,House No. DD-313,Street 7,DHA,3,5,House,Aftab Achakzai,Tehmina Laghari,Verified,Due,Under Review,Due,270500000.0
13971,Imtiaz Bhatti,DEMO-KPT-13971,House No. BRC-358,Street 7,DHA,3,5,House,Imtiaz Bhatti,Yasmeen Pirzada,Verified,Due,Under Review,Due,275100000.0
2136,Farheen Minhas,DEMO-KPT-2136,House No. B-812,Street 8,DHA,3,5,House,Farheen Minhas,Sheraz Kakar,Pending,Paid,Under Review,Due,253700000.0
14022,Isha Tiwana,DEMO-KPT-14022,House No. DCB-579,Street 12,DHA,3,5,House,Isha Tiwana,Benazir Lone,Pending,Paid,Under Review,Due,279500000.0
2292,Fahad Sandhu,DEMO-KPT-2292,House No. C-743,Street 15,DHA,3,5,House,Fahad Sandhu,Ahmed Tahir,Pending,Due,Issue Found,Paid,282200000.0
14167,Parveen Latif,DEMO-KPT-14167,House No. RDC-797,Street 16,DHA,3,5,House,Parveen Latif,Hussnain Zahid,Verified,Paid,Under Review,Paid,285100000.0
14156,Ikram Virk,DEMO-KPT-14156,House No. BRC-561,Street 19,DHA,3,5,House,Ikram Virk,Madiha Awan,Litigated,Paid,Issue Found,Due,252700000.0
13970,Nauman Bajwa,DEMO-KPT-13970,House No. RBC-700,Street 20,DHA,3,5,House,Nauman Bajwa,Musa Hanif,Litigated,Paid,Issue Found,Due,257700000.0
14087,Amal Mehmood,DEMO-KPT-14087,House No. CDR-886,Street 21,DHA,3,5,House,Amal Mehmood,Hamid Bajwa,Litigated,Due,Clear,Paid,257600000.0
7746,Huma Ranjha,DEMO-KPT-7746,House No. RR-568,Street 23,DHA,3,5,House,Huma Ranjha,Sidra Anwar,Litigated,Due,Issue Found,Due,291500000.0
2608,Alina Jafri,DEMO-KPT-2608,House No. D-776,Street 2,DHA,4,5,House,Alina Jafri,Syeda Farooq,Pending,Due,Under Review,Paid,278800000.0
8166,Dania Sheikh,DEMO-KPT-8166,House No. DB-555,Street 8,DHA,4,5,House,Dania Sheikh,Jawad Gakhar,Pending,Due,Clear,Due,298500000.0
14265,Murtaza Bhat,DEMO-KPT-14265,House No. CRB-849,Street 15,DHA,4,5,House,Murtaza Bhat,Shahida Afridi,Verified,Due,Clear,Paid,265500000.0
8153,Feryal Talpur,DEMO-KPT-8153,House No. RC-673,Street 18,DHA,4,5,House,Feryal Talpur,Rukhsana Butt,Litigated,Paid,Clear,Paid,254300000.0
7989,Asma Kazmi,DEMO-KPT-7989,House No. BC-813,Street 22,DHA,4,5,House,Asma Kazmi,Khushbu Bhutto,Litigated,Paid,Clear,Paid,262700000.0
8321,Komal Sabri,DEMO-KPT-8321,House No. DC-463,Street 5,DHA,5,5,House,Komal Sabri,Arham Sahito,Pending,Paid,Issue Found,Paid,256000000.0
14545,Wali Sardar,DEMO-KPT-14545,House No. CRD-895,Street 8,DHA,5,5,House,Wali Sardar,Aqib Mengal,Verified,Paid,Under Review,Paid,278500000.0
2678,Zaid Cheena,DEMO-KPT-2678,House No. B-349,Street 9,DHA,5,5,House,Zaid Cheena,Yameen Wazir,Litigated,Due,Issue Found,Paid,289100000.0
8460,Shagufta Zia,DEMO-KPT-8460,House No. RD-470,Street 13,DHA,5,5,House,Shagufta Zia,Rafia Qadri,Litigated,Due,Clear,Paid,271300000.0
2720,Zohair Tariq,DEMO-KPT-2720,House No. R-657,Street 20,DHA,5,5,House,Zohair Tariq,Iffat Akhtar,Litigated,Paid,Issue Found,Due,281000000.0
14522,Hassan Riaz,DEMO-KPT-14522,House No. CBR-810,Street 20,DHA,5,5,House,Hassan Riaz,Saeed Mahar,Pending,Paid,Under Review,Due,280500000.0
2896,Rooman Toor,DEMO-KPT-2896,House No. R-660,Street 23,DHA,5,5,House,Rooman Toor,Zafar Umer,Pending,Paid,Issue Found,Due,290400000.0
14448,Asif Chattha,DEMO-KPT-14448,House No. RCD-311,Street 23,DHA,5,5,House,Asif Chattha,Riaz Virk,Verified,Due,Clear,Paid,281600000.0
2887,Naila Zubairi,DEMO-KPT-2887,House No. B-854,Street 29,DHA,5,5,House,Naila Zubairi,Alamgir Dayo,Pending,Due,Clear,Paid,261500000.0
14940,Ayla Baig,DEMO-KPT-14940,House No. BCD-543,Street 2,DHA,6,5,House,Ayla Baig,Yasir Zafar,Verified,Due,Under Review,Due,289700000.0
2921,Hammad Bugti,DEMO-KPT-2921,House No. B-321,Street 5,DHA,6,5,House,Hammad Bugti,Khurram Rabbani,Pending,Paid,Issue Found,Paid,276700000.0
3199,Jalal Sandhu,DEMO-KPT-3199,House No. B-766,Street 8,DHA,6,5,House,Jalal Sandhu,Shafay Mahar,Pending,Paid,Under Review,Paid,269400000.0
14797,Abrar Parvez,DEMO-KPT-14797,House No. BCR-838,Street 8,DHA,6,5,House,Abrar Parvez,Abid Rizvi,Litigated,Paid,Clear,Paid,273000000.0
2993,Neha Tareen,DEMO-KPT-2993,House No. D-861,Street 18,DHA,6,5,House,Neha Tareen,Fakhar Sahito,Litigated,Paid,Clear,Paid,296500000.0
3099,Athar Shaikh,DEMO-KPT-3099,House No. C-574,Street 24,DHA,6,5,House,Athar Shaikh,Fareed Latif,Pending,Paid,Issue Found,Paid,272600000.0
8818,Tasneem Ilyas,DEMO-KPT-8818,House No. BB-523,Street 27,DHA,6,5,House,Tasneem Ilyas,Naseer Farooq,Pending,Paid,Issue Found,Paid,265200000.0
9057,Emaan Zaman,DEMO-KPT-9057,House No. RC-813,Street 12,DHA,7,5,House,Emaan Zaman,Qamar Zaidi,Verified,Due,Clear,Paid,294000000.0
3382,Nauman Kakar,DEMO-KPT-3382,House No. B-746,Street 17,DHA,7,5,House,Nauman Kakar,Hanif Mohammadzai,Litigated,Due,Issue Found,Due,280100000.0
9013,Sheeba Lakhani,DEMO-KPT-9013,House No. RD-832,Street 17,DHA,7,5,House,Sheeba Lakhani,Izhar Baloch,Verified,Due,Issue Found,Paid,271900000.0
8949,Bakhtiar Kazmi,DEMO-KPT-8949,House No. RB-831,Street 24,DHA,7,5,House,Bakhtiar Kazmi,Kausar Saleem,Pending,Paid,Issue Found,Paid,265600000.0
15637,Samiya Ghumman,DEMO-KPT-15637,House No. DCR-653,Street 4,DHA,8,5,House,Samiya Ghumman,Sabih Farooqi,Pending,Paid,Clear,Due,279100000.0
9329,Mahwish Zaman,DEMO-KPT-9329,House No. RR-446,Street 27,DHA,8,5,House,Mahwish Zaman,Raheel Swati,Pending,Due,Issue Found,Paid,281700000.0
9397,Fawad Mohammadzai,DEMO-KPT-9397,House No. BC-311,Street 8,DHA,9,5,House,Fawad Mohammadzai,Sibtain Sindhi,Litigated,Paid,Clear,Paid,253000000.0
16107,Nuzhat Zia,DEMO-KPT-16107,House No. RBD-555,Street 9,DHA,9,5,House,Nuzhat Zia,Yousaf Mahsud,Litigated,Paid,Clear,Paid,281200000.0
3923,Armaghan Memon,DEMO-KPT-3923,House No. RB-446,Street 10,DHA,9,5,House,Armaghan Memon,Shamim Mir,Litigated,Due,Under Review,Paid,299100000.0
9360,Alam Majeed,DEMO-KPT-9360,House No. RD-475,Street 13,DHA,9,5,House,Alam Majeed,Muhammad Hinjra,Litigated,Due,Clear,Paid,287800000.0
16005,Hanzala Mahesar,DEMO-KPT-16005,House No. DRB-501,Street 13,DHA,9,5,House,Hanzala Mahesar,Iqra Randhawa,Litigated,Due,Under Review,Paid,255000000.0
9411,Waseem Noor,DEMO-KPT-9411,House No. BC-341,Street 16,DHA,9,5,House,Waseem Noor,Saeed Shafiq,Verified,Paid,Clear,Due,298500000.0
3737,Wania Zubairi,DEMO-KPT-3737,House No. B-881,Street 21,DHA,9,5,House,Wania Zubairi,Anmol Kamal,Litigated,Due,Clear,Paid,289000000.0
3906,Tahreem Shakir,DEMO-KPT-3906,House No. CB-870,Street 22,DHA,9,5,House,Tahreem Shakir,Esha Chattha,Litigated,Paid,Issue Found,Due,260600000.0
15911,Tayyab Kiani,DEMO-KPT-15911,House No. BDC-649,Street 22,DHA,9,5,House,Tayyab Kiani,Farwa Zahid,Pending,Due,Clear,Paid,282000000.0
16120,Marwa Peerzada,DEMO-KPT-16120,House No. BCR-486,Street 22,DHA,9,5,House,Marwa Peerzada,Tabish Sardar,Pending,Paid,Issue Found,Due,260800000.0
3822,Nayab Mahesar,DEMO-KPT-3822,House No. C-409,Street 23,DHA,9,5,House,Nayab Mahesar,Samra Niazi,Litigated,Due,Under Review,Due,263500000.0
9546,Minahil Dreshak,DEMO-KPT-9546,House No. DB-374,Street 23,DHA,9,5,House,Minahil Dreshak,Ikram Pirzada,Litigated,Due,Issue Found,Due,283800000.0
4031,Farhan Ilyas,DEMO-KPT-4031,House No. CR-638,Street 8,DHA,10,5,House,Farhan Ilyas,Ayesha Jadoon,Pending,Due,Clear,Paid,254100000.0
9847,Fahim Riaz,DEMO-KPT-9847,House No. CC-693,Street 8,DHA,10,5,House,Fahim Riaz,Zarar Unar,Litigated,Paid,Clear,Paid,258000000.0
16181,Sakina Abbasi,DEMO-KPT-16181,House No. RBC-624,Street 8,DHA,10,5,House,Sakina Abbasi,Sajjad Bukhari,Pending,Due,Clear,Paid,262200000.0
4178,Jamila Sial,DEMO-KPT-4178,House No. DB-538,Street 13,DHA,10,5,House,Jamila Sial,Javaria Zafar,Litigated,Due,Issue Found,Due,258800000.0
16242,Mohib Warraich,DEMO-KPT-16242,House No. RDB-454,Street 15,DHA,10,5,House,Mohib Warraich,Tahseen Mahsud,Pending,Due,Issue Found,Paid,278200000.0
16127,Nageen Zahid,DEMO-KPT-16127,House No. BDC-424,Street 19,DHA,10,5,House,Nageen Zahid,Azka Mian,Pending,Due,Issue Found,Paid,253800000.0
4098,Nawal Bangash,DEMO-KPT-4098,House No. BD-321,Street 23,DHA,10,5,House,Nawal Bangash,Anam Ghauri,Verified,Due,Clear,Paid,258000000.0
16537,Rahila Hashmi,DEMO-KPT-16537,House No. CDR-489,Street 4,DHA,11,5,House,Rahila Hashmi,Hassan Wattoo,Pending,Paid,Clear,Due,250100000.0
9957,Atiya Mazari,DEMO-KPT-9957,House No. RB-585,Street 12,DHA,11,5,House,Atiya Mazari,Ifrah Gabol,Verified,Due,Clear,Paid,270900000.0
16599,Lamia Ahmed,DEMO-KPT-16599,House No. DCR-332,Street 24,DHA,11,5,House,Lamia Ahmed,Zaheer Tiwana,Pending,Paid,Issue Found,Paid,273000000.0
10373,Mubashir Tareen,DEMO-KPT-10373,House No. RB-648,Street 3,DHA,12,5,House,Mubashir Tareen,Zafar Hinjra,Litigated,Paid,Under Review,Paid,285200000.0
4755,Shamoon Gandapur,DEMO-KPT-4755,House No. RB-679,Street 13,DHA,12,5,House,Shamoon Gandapur,Raheela Soomro,Litigated,Due,Under Review,Paid,280400000.0
4717,Zakariya Mahesar,DEMO-KPT-4717,House No. RC-607,Street 16,DHA,12,5,House,Zakariya Mahesar,Fatima Sipra,Verified,Paid,Under Review,Paid,274000000.0
4963,Amir Sahito,DEMO-KPT-4963,House No. RC-549,Street 17,DHA,12,5,House,Amir Sahito,Sharjeel Jaffri,Verified,Due,Issue Found,Paid,264900000.0
4722,Rubina Buriro,DEMO-KPT-4722,House No. DR-558,Street 23,DHA,12,5,House,Rubina Buriro,Ghazala Lari,Litigated,Due,Under Review,Due,251600000.0
16891,Iffat Mir,DEMO-KPT-16891,House No. RBC-351,Street 29,DHA,12,5,House,Iffat Mir,Hassan Mahesar,Verified,Due,Issue Found,Paid,261800000.0
11021,Zubair Tariq,DEMO-KPT-11021,House No. DC-723,Street 5,DHA,13,5,House,Zubair Tariq,Javed Palijo,Pending,Paid,Issue Found,Paid,264700000.0
10911,Qasim Kiani,DEMO-KPT-10911,House No. DB-596,Street 10,DHA,13,5,House,Qasim Kiani,Fasih Niazi,Litigated,Due,Under Review,Due,286100000.0
10891,Kanwar Tareen,DEMO-KPT-10891,House No. CB-405,Street 19,DHA,13,5,House,Kanwar Tareen,Mahreen Rana,Pending,Due,Issue Found,Paid,264400000.0
10953,Tahreem Hoti,DEMO-KPT-10953,House No. CC-367,Street 20,DHA,13,5,House,Tahreem Hoti,Wali Alvi,Verified,Paid,Issue Found,Due,285900000.0
5354,Asma Kamal,DEMO-KPT-5354,House No. BB-353,Street 23,DHA,13,5,House,Asma Kamal,Afshan Shakir,Litigated,Paid,Clear,Paid,294000000.0
11007,Aneesa Joiya,DEMO-KPT-11007,House No. DD-742,Street 25,DHA,13,5,House,Aneesa Joiya,Kaleem Hafeez,Verified,Due,Under Review,Paid,273200000.0
5483,Ayaz Barakzai,DEMO-KPT-5483,House No. DB-607,Street 18,DHA,14,5,House,Ayaz Barakzai,Hamza Bajwa,Litigated,Due,Issue Found,Paid,253600000.0
11270,Alina Iqbal,DEMO-KPT-11270,House No. BB-669,Street 20,DHA,14,5,House,Alina Iqbal,Uroosa Ghumman,Litigated,Paid,Issue Found,Due,285100000.0
5871,Sharmeen Mirza,DEMO-KPT-5871,House No. BR-859,Street 7,DHA,15,5,House,Sharmeen Mirza,Mahjabeen Dahri,Verified,Due,Under Review,Due,261900000.0
11498,Hoorain Siddiqui,DEMO-KPT-11498,House No. DC-402,Street 7,DHA,15,5,House,Hoorain Siddiqui,Anas Zubair,Litigated,Due,Issue Found,Due,297300000.0
5719,Khizar Ghazali,DEMO-KPT-5719,House No. CC-359,Street 12,DHA,15,5,House,Khizar Ghazali,Yusuf Awan,Pending,Due,Issue Found,Paid,263500000.0
11438,Abeera Jamal,DEMO-KPT-11438,House No. CR-898,Street 13,DHA,15,5,House,Abeera Jamal,Ayesha Tanoli,Pending,Paid,Clear,Paid,290300000.0
5872,Zartaj Nasar,DEMO-KPT-5872,House No. CB-854,Street 29,DHA,15,5,House,Zartaj Nasar,Haider Qazi,Litigated,Due,Issue Found,Due,290500000.0
6028,Marwa Virk,DEMO-KPT-6028,House No. BR-495,Street 3,DHA,16,5,House,Marwa Virk,Aqib Marwat,Pending,Paid,Under Review,Paid,282000000.0
11791,Fariha Peerzada,DEMO-KPT-11791,House No. DC-674,Street 19,DHA,16,5,House,Fariha Peerzada,Ishaq Niazi,Pending,Due,Issue Found,Paid,280100000.0
5972,Neelam Yaqoob,DEMO-KPT-5972,House No. RC-838,Street 20,DHA,16,5,House,Neelam Yaqoob,Zubaid Hoti,Pending,Paid,Under Review,Due,283800000.0
6003,Bareera Jogezai,DEMO-KPT-6003,House No. RB-596,Street 20,DHA,16,5,House,Bareera Jogezai,Sadaf Cheena,Verified,Paid,Issue Found,Due,291100000.0
12018,Vaqar Joiya,DEMO-KPT-12018,House No. RD-436,Street 14,DHA,17,5,House,Vaqar Joiya,Ayla Virk,Verified,Due,Issue Found,Paid,297800000.0
6165,Muhammad Ghauri,DEMO-KPT-6165,House No. BC-384,Street 15,DHA,17,5,House,Muhammad Ghauri,Azka Dayo,Verified,Due,Clear,Paid,260100000.0
12015,Izhar Bangash,DEMO-KPT-12015,House No. CD-738,Street 15,DHA,17,5,House,Izhar Bangash,Zeeshan Imran,Verified,Due,Clear,Paid,271700000.0
12021,Khurram Khuhro,DEMO-KPT-12021,House No. RR-665,Street 19,DHA,17,5,House,Khurram Khuhro,Sameen Tareen,Verified,Paid,Clear,Paid,255800000.0
12147,Mubashir Yousaf,DEMO-KPT-12147,House No. RC-668,Street 25,DHA,17,5,House,Mubashir Yousaf,Rehana Daudzai,Litigated,Paid,Clear,Paid,277800000.0
12120,Maimoona Zardari,DEMO-KPT-12120,House No. BC-580,Street 26,DHA,17,5,House,Maimoona Zardari,Ayaz Farooqi,Pending,Due,Under Review,Due,261500000.0
6358,Jawad Dreshak,DEMO-KPT-6358,House No. BB-510,Street 1,DHA,18,5,House,Jawad Dreshak,Safa Ali,Pending,Paid,Clear,Paid,283100000.0
6366,Hidayat Mangi,DEMO-KPT-6366,House No. BC-605,Street 8,DHA,18,5,House,Hidayat Mangi,Omer Lashari,Pending,Due,Clear,Due,257600000.0
6582,Mehreen Qureshi,DEMO-KPT-6582,House No. CB-534,Street 15,DHA,18,5,House,Mehreen Qureshi,Maqsood Qadri,Verified,Due,Clear,Paid,296500000.0
12356,Arif Abro,DEMO-KPT-12356,House No. CB-443,Street 19,DHA,18,5,House,Arif Abro,Anila Jaffri,Litigated,Paid,Issue Found,Due,263600000.0
12447,Hashir Bhutto,DEMO-KPT-12447,House No. BD-683,Street 25,DHA,18,5,House,Hashir Bhutto,Hamza Daudzai,Verified,Paid,Under Review,Paid,292300000.0
6589,Zubaid Bhittani,DEMO-KPT-6589,House No. CD-501,Street 4,DHA,19,5,House,Zubaid Bhittani,Mariam Baloch,Verified,Due,Issue Found,Paid,257200000.0
6731,Fiza Bijarani,DEMO-KPT-6731,House No. DB-680,Street 8,DHA,19,5,House,Fiza Bijarani,Nouman Ahmed,Pending,Due,Clear,Paid,253600000.0
12547,Sadaf Tahir,DEMO-KPT-12547,House No. DC-871,Street 8,DHA,19,5,House,Sadaf Tahir,Sajid Peerzada,Litigated,Paid,Clear,Paid,253000000.0
12510,Hussam Zaman,DEMO-KPT-12510,House No. RC-848,Street 13,DHA,19,5,House,Hussam Zaman,Hashim Hoti,Litigated,Due,Clear,Paid,258400000.0
6606,Fatima Sabri,DEMO-KPT-6606,House No. CR-518,Street 22,DHA,19,5,House,Fatima Sabri,Rakhshanda Mir,Litigated,Paid,Issue Found,Due,290500000.0
12479,Furqan Kazmi,DEMO-KPT-12479,House No. CC-688,Street 27,DHA,19,5,House,Furqan Kazmi,Alishba Kalhoro,Pending,Due,Issue Found,Paid,265700000.0
6808,Hussam Saif,DEMO-KPT-6808,House No. BR-525,Street 1,DHA,20,5,House,Hussam Saif,Noor Qadir,Pending,Paid,Clear,Paid,280400000.0
6921,Abbas Parvez,DEMO-KPT-6921,House No. DC-346,Street 9,DHA,20,5,House,Abbas Parvez,Sarah Kiani,Litigated,Paid,Under Review,Due,288300000.0
6861,Sabika Nasar,DEMO-KPT-6861,House No. RC-878,Street 10,DHA,20,5,House,Sabika Nasar,Samiya Rashid,Litigated,Due,Under Review,Due,292200000.0
6957,Qasim Mohammadzai,DEMO-KPT-6957,House No. CB-589,Street 25,DHA,20,5,House,Qasim Mohammadzai,Ajmal Gilani,Verified,Due,Under Review,Paid,279100000.0
6772,Aziz Sheikh,DEMO-KPT-6772,House No. BD-834,Street 29,DHA,20,5,House,Aziz Sheikh,Taimur Abro,Litigated,Due,Issue Found,Due,297100000.0
3208,Zamzam Samo,DEMO-KPT-3208,House No. C-581,Street 1,FB Area,1,5,House,Zamzam Samo,Hadi Khan,Pending,Paid,Clear,Paid,90600000.0
3173,Wasim Naqvi,DEMO-KPT-3173,House No. R-518,Street 3,FB Area,1,5,House,Wasim Naqvi,Akram Hanif,Litigated,Paid,Under Review,Paid,81300000.0
6305,Uroosa Alvi,DEMO-KPT-6305,House No. RR-316,Street 4,FB Area,1,5,House,Uroosa Alvi,Bilawal Mahesar,Verified,Paid,Issue Found,Paid,90100000.0
3138,Maimoona Memon,DEMO-KPT-3138,House No. B-523,Street 5,FB Area,1,5,House,Maimoona Memon,Dania Hussain,Litigated,Due,Clear,Paid,92800000.0
4671,Haseeb Sandhu,DEMO-KPT-4671,House No. DD-631,Street 9,FB Area,1,5,House,Haseeb Sandhu,Sheraz Sandhu,Litigated,Paid,Under Review,Due,89500000.0
9507,Hanzala Mustafa,DEMO-KPT-9507,House No. CB-315,Street 12,FB Area,1,5,House,Hanzala Mustafa,Hassan Malik,Verified,Due,Clear,Paid,86000000.0
14472,Muneeb Yasin,DEMO-KPT-14472,House No. BDC-440,Street 12,FB Area,1,5,House,Muneeb Yasin,Uroosa Magsi,Pending,Paid,Under Review,Due,89800000.0
3231,Qurat Qadri,DEMO-KPT-3231,House No. C-876,Street 13,FB Area,1,5,House,Qurat Qadri,Rabia Tiwana,Pending,Due,Under Review,Paid,82000000.0
3192,Habib Noor,DEMO-KPT-3192,House No. R-705,Street 15,FB Area,1,5,House,Habib Noor,Tamkeen Kayani,Pending,Due,Issue Found,Paid,89500000.0
6342,Hania Saeed,DEMO-KPT-6342,House No. BR-868,Street 15,FB Area,1,5,House,Hania Saeed,Saba Samo,Pending,Due,Issue Found,Paid,85700000.0
9492,Saqib Kazmi,DEMO-KPT-9492,House No. BB-542,Street 15,FB Area,1,5,House,Saqib Kazmi,Aneeqa Pasha,Pending,Due,Issue Found,Paid,80700000.0
7856,Erum Bukhari,DEMO-KPT-7856,House No. DR-590,Street 19,FB Area,1,5,House,Erum Bukhari,Wali Jamal,Litigated,Paid,Issue Found,Due,88100000.0
6320,Mahira Sindhi,DEMO-KPT-6320,House No. BB-602,Street 20,FB Area,1,5,House,Mahira Sindhi,Nasreen Kamboh,Litigated,Paid,Issue Found,Due,82500000.0
9498,Zehra Rana,DEMO-KPT-9498,House No. RC-445,Street 23,FB Area,1,5,House,Zehra Rana,Zartaj Afridi,Verified,Due,Clear,Paid,98200000.0
11165,Nazia Gondal,DEMO-KPT-11165,House No. BB-830,Street 24,FB Area,1,5,House,Nazia Gondal,Shanza Dahri,Litigated,Due,Issue Found,Paid,96600000.0
16149,Maham Ahmed,DEMO-KPT-16149,House No. CBD-357,Street 24,FB Area,1,5,House,Maham Ahmed,Masood Zafar,Pending,Paid,Issue Found,Paid,88500000.0
11159,Rooman Naseem,DEMO-KPT-11159,House No. BR-331,Street 25,FB Area,1,5,House,Rooman Naseem,Maimoona Lodhi,Verified,Due,Clear,Paid,83700000.0
1455,Zameer Ilyas,DEMO-KPT-1455,House No. C-531,Street 26,FB Area,1,5,House,Zameer Ilyas,Jahangir Shakir,Pending,Paid,Issue Found,Paid,83500000.0
4687,Aftab Pirzada,DEMO-KPT-4687,House No. RB-569,Street 29,FB Area,1,5,House,Aftab Pirzada,Numan Zaidi,Pending,Due,Clear,Paid,80900000.0
6314,Muneeba Sandhu,DEMO-KPT-6314,House No. RC-636,Street 30,FB Area,1,5,House,Muneeba Sandhu,Nadia Khokhar,Pending,Paid,Clear,Paid,87300000.0
4805,Haleema Lughmani,DEMO-KPT-4805,House No. RD-556,Street 1,FB Area,2,5,House,Haleema Lughmani,Wahab Rashid,Litigated,Due,Under Review,Paid,92000000.0
7955,Naureen Gondal,DEMO-KPT-7955,House No. RB-740,Street 1,FB Area,2,5,House,Naureen Gondal,Maryum Warsi,Litigated,Due,Under Review,Paid,97800000.0
16250,Amir Chandio,DEMO-KPT-16250,House No. DCB-806,Street 1,FB Area,2,5,House,Amir Chandio,Taimur Kidwai,Pending,Paid,Issue Found,Due,83500000.0
16258,Hoor Chaudhry,DEMO-KPT-16258,House No. BDC-574,Street 1,FB Area,2,5,House,Hoor Chaudhry,Shahroz Memon,Pending,Paid,Clear,Paid,99400000.0
7939,Shumaila Lashari,DEMO-KPT-7939,House No. BB-717,Street 4,FB Area,2,5,House,Shumaila Lashari,Hamid Cheema,Verified,Due,Issue Found,Paid,98000000.0
14571,Neha Dreshak,DEMO-KPT-14571,House No. CBR-448,Street 9,FB Area,2,5,House,Neha Dreshak,Faisal Anwar,Litigated,Paid,Under Review,Due,92000000.0
9561,Wania Zubair,DEMO-KPT-9561,House No. BD-585,Street 10,FB Area,2,5,House,Wania Zubair,Alam Kalhoro,Litigated,Due,Under Review,Due,91400000.0
14539,Alam Lone,DEMO-KPT-14539,House No. RCB-539,Street 10,FB Area,2,5,House,Alam Lone,Lamia Zaidi,Verified,Paid,Issue Found,Due,95700000.0
4819,Tayyaba Bilgrami,DEMO-KPT-4819,House No. CC-733,Street 12,FB Area,2,5,House,Tayyaba Bilgrami,Atiya Baig,Pending,Due,Issue Found,Paid,80100000.0
6428,Huma Mughal,DEMO-KPT-6428,House No. RR-661,Street 13,FB Area,2,5,House,Huma Mughal,Faiza Korai,Litigated,Due,Issue Found,Due,82000000.0
9533,Nauman Gondal,DEMO-KPT-9533,House No. RR-546,Street 18,FB Area,2,5,House,Nauman Gondal,Maham Khalid,Litigated,Due,Issue Found,Paid,80400000.0
16283,Marwa Korai,DEMO-KPT-16283,House No. BRD-518,Street 18,FB Area,2,5,House,Marwa Korai,Irfan Mangi,Litigated,Due,Issue Found,Paid,86500000.0
1556,Fareeha Ranjha,DEMO-KPT-1556,House No. D-674,Street 19,FB Area,2,5,House,Fareeha Ranjha,Huma Tahir,Litigated,Paid,Issue Found,Due,85500000.0
14606,Bisma Korai,DEMO-KPT-14606,House No. CBD-426,Street 19,FB Area,2,5,House,Bisma Korai,Nauman Gakhar,Litigated,Paid,Issue Found,Due,83800000.0
6437,Affan Zaman,DEMO-KPT-6437,House No. BC-647,Street 21,FB Area,2,5,House,Affan Zaman,Talal Shakeel,Litigated,Due,Clear,Paid,94000000.0
3311,Salma Shafi,DEMO-KPT-3311,House No. B-650,Street 22,FB Area,2,5,House,Salma Shafi,Raza Orakzai,Pending,Due,Clear,Paid,98600000.0
6433,Bilal Bugti,DEMO-KPT-6433,House No. DC-663,Street 22,FB Area,2,5,House,Bilal Bugti,Nabila Ali,Litigated,Paid,Issue Found,Due,95500000.0
14533,Asad Popalzai,DEMO-KPT-14533,House No. RDC-493,Street 22,FB Area,2,5,House,Asad Popalzai,Atif Awan,Litigated,Paid,Issue Found,Due,93500000.0
14596,Zubaid Zardari,DEMO-KPT-14596,House No. BRC-759,Street 23,FB Area,2,5,House,Zubaid Zardari,Qayyum Gabol,Pending,Paid,Issue Found,Due,90800000.0
7947,Tayyaba Afridi,DEMO-KPT-7947,House No. DD-829,Street 25,FB Area,2,5,House,Tayyaba Afridi,Hania Kayani,Verified,Paid,Under Review,Paid,82800000.0
12868,Naveed Bugti,DEMO-KPT-12868,House No. DD-783,Street 27,FB Area,2,5,House,Naveed Bugti,Taimur Kamboh,Pending,Paid,Issue Found,Paid,99800000.0
12874,Aneela Ali,DEMO-KPT-12874,House No. CR-501,Street 29,FB Area,2,5,House,Aneela Ali,Alizeh Shakeel,Verified,Due,Clear,Paid,87300000.0
4903,Zubair Bhurgri,DEMO-KPT-4903,House No. CD-524,Street 1,FB Area,3,5,House,Zubair Bhurgri,Eman Kharal,Verified,Paid,Issue Found,Due,86000000.0
11308,Azhar Orakzai,DEMO-KPT-11308,House No. DC-861,Street 1,FB Area,3,5,House,Azhar Orakzai,Hoor Hussain,Pending,Paid,Clear,Paid,87700000.0
13003,Shahroz Noor,DEMO-KPT-13003,House No. CC-579,Street 1,FB Area,3,5,House,Shahroz Noor,Zamzam Durrani,Verified,Paid,Issue Found,Due,83100000.0
6478,Wajiha Farooq,DEMO-KPT-6478,House No. BC-825,Street 3,FB Area,3,5,House,Wajiha Farooq,Atif Korai,Pending,Paid,Under Review,Paid,81200000.0
16378,Kashif Khokhar,DEMO-KPT-16378,House No. BRD-586,Street 3,FB Area,3,5,House,Kashif Khokhar,Wania Sahito,Pending,Paid,Under Review,Paid,86100000.0
1687,Atif Bangash,DEMO-KPT-1687,House No. R-805,Street 4,FB Area,3,5,House,Atif Bangash,Marwa Gondal,Pending,Paid,Clear,Due,90700000.0
7987,Urooj Leghari,DEMO-KPT-7987,House No. DD-411,Street 4,FB Area,3,5,House,Urooj Leghari,Afshan Shakeel,Pending,Paid,Clear,Due,96300000.0
9698,Samina Abbasi,DEMO-KPT-9698,House No. RC-320,Street 7,FB Area,3,5,House,Samina Abbasi,Iftikhar Rashid,Litigated,Due,Issue Found,Due,95900000.0
1747,Ahmed Nadeem,DEMO-KPT-1747,House No. C-846,Street 8,FB Area,3,5,House,Ahmed Nadeem,Feryal Mangi,Litigated,Paid,Clear,Paid,91700000.0
16345,Asif Rizvi,DEMO-KPT-16345,House No. BDC-665,Street 8,FB Area,3,5,House,Asif Rizvi,Palwasha Ghaffar,Verified,Paid,Under Review,Paid,81600000.0
16371,Imran Mangi,DEMO-KPT-16371,House No. CBD-633,Street 9,FB Area,3,5,House,Imran Mangi,Irtaza Shafi,Litigated,Paid,Under Review,Due,82800000.0
11361,Zohra Latif,DEMO-KPT-11361,House No. DR-857,Street 10,FB Area,3,5,House,Zohra Latif,Ashar Ghaffar,Litigated,Due,Under Review,Due,92700000.0
8025,Zubia Hayat,DEMO-KPT-8025,House No. DC-617,Street 13,FB Area,3,5,House,Zubia Hayat,Yousaf Zia,Pending,Paid,Clear,Due,95200000.0
12975,Ammar Gakhar,DEMO-KPT-12975,House No. BD-803,Street 13,FB Area,3,5,House,Ammar Gakhar,Naureen Saeed,Pending,Paid,Clear,Due,93700000.0
14655,Arfa Joiya,DEMO-KPT-14655,House No. RDB-468,Street 13,FB Area,3,5,House,Arfa Joiya,Farid Pirzada,Litigated,Due,Under Review,Paid,80400000.0
16388,Tariq Laghari,DEMO-KPT-16388,House No. CRD-399,Street 13,FB Area,3,5,House,Tariq Laghari,Anas Mansoor,Pending,Paid,Clear,Paid,96100000.0
1727,Parvez Korai,DEMO-KPT-1727,House No. C-614,Street 19,FB Area,3,5,House,Parvez Korai,Mohib Yousaf,Pending,Due,Issue Found,Paid,93100000.0
8027,Moiz Kidwai,DEMO-KPT-8027,House No. RD-335,Street 19,FB Area,3,5,House,Moiz Kidwai,Qasim Chaudhry,Pending,Due,Issue Found,Paid,94700000.0
16322,Inam Barakzai,DEMO-KPT-16322,House No. DRB-772,Street 20,FB Area,3,5,House,Inam Barakzai,Javaria Qazi,Pending,Paid,Under Review,Due,86100000.0
14643,Basit Bangash,DEMO-KPT-14643,House No. CBR-813,Street 21,FB Area,3,5,House,Basit Bangash,Isha Mir,Verified,Due,Issue Found,Paid,98300000.0
9672,Asim Jaffri,DEMO-KPT-9672,House No. RC-420,Street 23,FB Area,3,5,House,Asim Jaffri,Zubia Rehman,Litigated,Due,Under Review,Due,83600000.0
14607,Nazia Ghani,DEMO-KPT-14607,House No. CRB-489,Street 25,FB Area,3,5,House,Nazia Ghani,Esha Zia,Verified,Due,Under Review,Paid,87400000.0
4829,Umaima Mahar,DEMO-KPT-4829,House No. BB-402,Street 27,FB Area,3,5,House,Umaima Mahar,Sehrish Sabri,Pending,Due,Issue Found,Paid,90900000.0
7995,Zafar Khan,DEMO-KPT-7995,House No. BC-422,Street 28,FB Area,3,5,House,Zafar Khan,Kashif Shakeel,Litigated,Due,Clear,Due,80000000.0
6487,Nasreen Tanoli,DEMO-KPT-6487,House No. RB-850,Street 29,FB Area,3,5,House,Nasreen Tanoli,Uzair Junejo,Pending,Due,Clear,Paid,95700000.0
1753,Kinza Tunio,DEMO-KPT-1753,House No. D-357,Street 1,FB Area,4,5,House,Kinza Tunio,Laila Shakir,Verified,Paid,Issue Found,Due,89000000.0
4929,Khushbu Bhat,DEMO-KPT-4929,House No. BR-611,Street 1,FB Area,4,5,House,Khushbu Bhat,Rabia Niazi,Pending,Due,Issue Found,Paid,86100000.0
3439,Rehmat Riaz,DEMO-KPT-3439,House No. D-391,Street 4,FB Area,4,5,House,Rehmat Riaz,Faiza Khokhar,Verified,Due,Issue Found,Paid,94600000.0
8088,Azka Lodhi,DEMO-KPT-8088,House No. RB-789,Street 5,FB Area,4,5,House,Azka Lodhi,Nawaz Palijo,Litigated,Due,Clear,Paid,90600000.0
16421,Mahwish Javed,DEMO-KPT-16421,House No. DCB-359,Street 5,FB Area,4,5,House,Mahwish Javed,Azka Jadoon,Pending,Paid,Issue Found,Paid,84700000.0
3398,Farid Dar,DEMO-KPT-3398,House No. R-691,Street 7,FB Area,4,5,House,Farid Dar,Shafaq Junejo,Litigated,Due,Issue Found,Due,97000000.0
1781,Dilawar Gill,DEMO-KPT-1781,House No. B-677,Street 8,FB Area,4,5,House,Dilawar Gill,Subhan Kiani,Pending,Due,Clear,Paid,97100000.0
1778,Junaid Kiani,DEMO-KPT-1778,House No. B-407,Street 9,FB Area,4,5,House,Junaid Kiani,Shahzad Mustafa,Litigated,Due,Issue Found,Paid,82100000.0
8078,Nadeem Waheed,DEMO-KPT-8078,House No. RC-411,Street 9,FB Area,4,5,House,Nadeem Waheed,Fakhar Rehman,Litigated,Due,Issue Found,Paid,93400000.0
6517,Amara Siddiqui,DEMO-KPT-6517,House No. CB-749,Street 16,FB Area,4,5,House,Amara Siddiqui,Maira Barakzai,Verified,Paid,Under Review,Paid,89200000.0
8061,Parvez Rajput,DEMO-KPT-8061,House No. DC-503,Street 16,FB Area,4,5,House,Parvez Rajput,Eman Panezai,Verified,Paid,Clear,Due,81700000.0
16417,Rahila Tahir,DEMO-KPT-16417,House No. RCD-384,Street 16,FB Area,4,5,House,Rahila Tahir,Aqsa Shah,Verified,Paid,Under Review,Paid,93400000.0
1813,Zakir Jamali,DEMO-KPT-1813,House No. B-679,Street 17,FB Area,4,5,House,Zakir Jamali,Zeeshan Peerzada,Verified,Due,Issue Found,Paid,93900000.0
6532,Saira Mehmood,DEMO-KPT-6532,House No. BD-475,Street 17,FB Area,4,5,House,Saira Mehmood,Tahira Khattak,Litigated,Due,Issue Found,Due,92900000.0
3443,Kafeel Jamal,DEMO-KPT-3443,House No. B-806,Street 18,FB Area,4,5,House,Kafeel Jamal,Shahbaz Javed,Litigated,Paid,Clear,Paid,92900000.0
13070,Junaid Afridi,DEMO-KPT-13070,House No. DR-309,Street 20,FB Area,4,5,House,Junaid Afridi,Raheela Tiwana,Litigated,Paid,Issue Found,Due,94100000.0
9789,Nosheen Dar,DEMO-KPT-9789,House No. BC-526,Street 22,FB Area,4,5,House,Nosheen Dar,Sania Pirzada,Litigated,Paid,Clear,Paid,80500000.0
16396,Saleha Tiwana,DEMO-KPT-16396,House No. CRD-533,Street 23,FB Area,4,5,House,Saleha Tiwana,Javeria Pasha,Pending,Paid,Issue Found,Due,89900000.0
13047,Rahila Qadri,DEMO-KPT-13047,House No. CB-377,Street 25,FB Area,4,5,House,Rahila Qadri,Aneeqa Qadir,Litigated,Paid,Clear,Paid,92000000.0
9779,Maham Cheena,DEMO-KPT-9779,House No. DB-876,Street 27,FB Area,4,5,House,Maham Cheena,Liaquat Iqbal,Pending,Due,Issue Found,Paid,81100000.0
9795,Mahrukh Gabol,DEMO-KPT-9795,House No. DR-619,Street 28,FB Area,4,5,House,Mahrukh Gabol,Uzma Aslam,Litigated,Due,Clear,Due,96200000.0
14674,Sakina Palijo,DEMO-KPT-14674,House No. CRB-840,Street 29,FB Area,4,5,House,Sakina Palijo,Laiba Khuhro,Verified,Due,Clear,Paid,89900000.0
3455,Tahseen Barakzai,DEMO-KPT-3455,House No. B-362,Street 1,FB Area,5,5,House,Tahseen Barakzai,Dania Kazmi,Litigated,Due,Under Review,Paid,89500000.0
5000,Nazia Memon,DEMO-KPT-5000,House No. CD-384,Street 1,FB Area,5,5,House,Nazia Memon,Tahira Saleem,Pending,Paid,Issue Found,Due,86400000.0
6658,Sohail Kharal,DEMO-KPT-6658,House No. DD-356,Street 2,FB Area,5,5,House,Sohail Kharal,Rahila Khan,Pending,Due,Under Review,Paid,99100000.0
3532,Dilshad Haral,DEMO-KPT-3532,House No. C-450,Street 3,FB Area,5,5,House,Dilshad Haral,Batool Ghauri,Litigated,Due,Clear,Due,80400000.0
11509,Sania Sipra,DEMO-KPT-11509,House No. BB-354,Street 3,FB Area,5,5,House,Sania Sipra,Rukhsana Khattak,Litigated,Due,Clear,Due,89100000.0
14736,Tayyaba Farooqi,DEMO-KPT-14736,House No. DRB-372,Street 8,FB Area,5,5,House,Tayyaba Farooqi,Daniyal Sabri,Pending,Paid,Under Review,Due,81700000.0
3507,Shahid Jadoon,DEMO-KPT-3507,House No. C-506,Street 9,FB Area,5,5,House,Shahid Jadoon,Sidra Tariq,Litigated,Paid,Clear,Paid,88800000.0
1846,Ifrah Toor,DEMO-KPT-1846,House No. C-457,Street 12,FB Area,5,5,House,Ifrah Toor,Qaiser Kalhoro,Litigated,Due,Under Review,Due,86100000.0
4996,Hafsa Kharal,DEMO-KPT-4996,House No. DD-851,Street 12,FB Area,5,5,House,Hafsa Kharal,Shahab Javed,Litigated,Due,Under Review,Due,98700000.0
14719,Nawal Marwat,DEMO-KPT-14719,House No. RBC-752,Street 12,FB Area,5,5,House,Nawal Marwat,Osama Naqvi,Pending,Due,Issue Found,Paid,96800000.0
8181,Hina Durrani,DEMO-KPT-8181,House No. CC-707,Street 13,FB Area,5,5,House,Hina Durrani,Irum Talpur,Pending,Due,Under Review,Paid,96000000.0
11505,Jamila Majeed,DEMO-KPT-11505,House No. DB-333,Street 13,FB Area,5,5,House,Jamila Majeed,Hanzala Kharal,Litigated,Due,Under Review,Paid,82600000.0
14777,Shaista Tariq,DEMO-KPT-14777,House No. DBC-572,Street 19,FB Area,5,5,House,Shaista Tariq,Kaif Lak,Pending,Due,Issue Found,Paid,99700000.0
1933,Komal Sadiq,DEMO-KPT-1933,House No. R-682,Street 22,FB Area,5,5,House,Komal Sadiq,Rashida Sipra,Litigated,Paid,Issue Found,Due,94800000.0
4998,Tariq Mohammadzai,DEMO-KPT-4998,House No. RC-563,Street 23,FB Area,5,5,House,Tariq Mohammadzai,Sharjeel Saeed,Verified,Due,Clear,Paid,98800000.0
8196,Bakhtawar Yasin,DEMO-KPT-8196,House No. DD-368,Street 23,FB Area,5,5,House,Bakhtawar Yasin,Mushtaq Malik,Litigated,Due,Issue Found,Due,99300000.0
13146,Azan Imran,DEMO-KPT-13146,House No. CR-540,Street 23,FB Area,5,5,House,Azan Imran,Jazib Ranjha,Litigated,Due,Issue Found,Due,88500000.0
14820,Tayyeb Achakzai,DEMO-KPT-14820,House No. RCD-331,Street 26,FB Area,5,5,House,Tayyeb Achakzai,Kashaf Imran,Pending,Due,Under Review,Due,83400000.0
6645,Waleed Bettani,DEMO-KPT-6645,House No. DR-645,Street 28,FB Area,5,5,House,Waleed Bettani,Shabana Minhas,Litigated,Due,Clear,Due,81100000.0
3650,Yasmeen Bangash,DEMO-KPT-3650,House No. D-851,Street 1,FB Area,6,5,House,Yasmeen Bangash,Habib Tanoli,Pending,Paid,Issue Found,Due,89000000.0
9950,Gohar Zafar,DEMO-KPT-9950,House No. CD-568,Street 1,FB Area,6,5,House,Gohar Zafar,Sadia Ghaffar,Pending,Paid,Issue Found,Due,93900000.0
11555,Osama Bashir,DEMO-KPT-11555,House No. BC-414,Street 1,FB Area,6,5,House,Osama Bashir,Ruqayya Mari,Litigated,Due,Under Review,Paid,88600000.0
2021,Faisal Awan,DEMO-KPT-2021,House No. D-393,Street 5,FB Area,6,5,House,Faisal Awan,Mariam Raza,Pending,Paid,Issue Found,Paid,96400000.0
3588,Ajmal Naseem,DEMO-KPT-3588,House No. D-603,Street 5,FB Area,6,5,House,Ajmal Naseem,Laiba Zia,Litigated,Due,Clear,Paid,84400000.0
8245,Uzma Bhutto,DEMO-KPT-8245,House No. DB-679,Street 8,FB Area,6,5,House,Uzma Bhutto,Afreen Mustafa,Verified,Paid,Under Review,Paid,99900000.0
13195,Zeeshan Khuhro,DEMO-KPT-13195,House No. RC-634,Street 8,FB Area,6,5,House,Zeeshan Khuhro,Zayan Saif,Verified,Paid,Under Review,Paid,97500000.0
5067,Fabiha Sheikh,DEMO-KPT-5067,House No. RB-670,Street 14,FB Area,6,5,House,Fabiha Sheikh,Samad Warsi,Litigated,Due,Clear,Due,91800000.0
6711,Bareera Panezai,DEMO-KPT-6711,House No. BD-664,Street 16,FB Area,6,5,House,Bareera Panezai,Amber Nasar,Verified,Paid,Clear,Due,97800000.0
14863,Zawar Kayani,DEMO-KPT-14863,House No. BCR-419,Street 17,FB Area,6,5,House,Zawar Kayani,Zayan Nasar,Verified,Due,Issue Found,Paid,92200000.0
13203,Qayyum Anwar,DEMO-KPT-13203,House No. RB-455,Street 20,FB Area,6,5,House,Qayyum Anwar,Hafeez Nadeem,Verified,Paid,Issue Found,Due,96100000.0
5083,Zunair Bhat,DEMO-KPT-5083,House No. CC-532,Street 22,FB Area,6,5,House,Zunair Bhat,Aneeqa Saeed,Litigated,Paid,Issue Found,Due,84600000.0
13246,Mehrunnisa Jaffri,DEMO-KPT-13246,House No. RR-895,Street 23,FB Area,6,5,House,Mehrunnisa Jaffri,Tayyab Dar,Pending,Paid,Issue Found,Due,83400000.0
16604,Hamza Bilgrami,DEMO-KPT-16604,House No. DBC-737,Street 23,FB Area,6,5,House,Hamza Bilgrami,Nadeem Kiani,Litigated,Paid,Clear,Paid,81600000.0
16565,Ubaid Hayat,DEMO-KPT-16565,House No. CRB-366,Street 24,FB Area,6,5,House,Ubaid Hayat,Gohar Gandapur,Litigated,Due,Issue Found,Paid,98300000.0
3622,Nawaz Soomro,DEMO-KPT-3622,House No. B-767,Street 29,FB Area,6,5,House,Nawaz Soomro,Haris Shakeel,Litigated,Due,Issue Found,Due,99800000.0
2137,Majid Shakeel,DEMO-KPT-2137,House No. R-750,Street 4,FB Area,7,5,House,Majid Shakeel,Mahrukh Malik,Pending,Paid,Clear,Due,91700000.0
13387,Waqas Lone,DEMO-KPT-13387,House No. BR-658,Street 4,FB Area,7,5,House,Waqas Lone,Urwa Sultan,Pending,Paid,Clear,Due,80900000.0
16655,Ashfaq Mirani,DEMO-KPT-16655,House No. RCB-765,Street 4,FB Area,7,5,House,Ashfaq Mirani,Shaista Akhtar,Verified,Paid,Issue Found,Paid,87500000.0
3666,Rehmat Chandio,DEMO-KPT-3666,House No. D-889,Street 8,FB Area,7,5,House,Rehmat Chandio,Ali Mangi,Pending,Due,Clear,Due,85100000.0
11647,Zainab Marri,DEMO-KPT-11647,House No. RD-889,Street 8,FB Area,7,5,House,Zainab Marri,Yasir Mangi,Litigated,Paid,Clear,Paid,81100000.0
5089,Anmol Mahsud,DEMO-KPT-5089,House No. RB-370,Street 10,FB Area,7,5,House,Anmol Mahsud,Mahjabeen Mahesar,Verified,Paid,Issue Found,Due,85100000.0
10039,Kanwar Khattak,DEMO-KPT-10039,House No. RC-599,Street 10,FB Area,7,5,House,Kanwar Khattak,Aamir Waheed,Verified,Paid,Issue Found,Due,81000000.0
14961,Esha Minhas,DEMO-KPT-14961,House No. BDC-629,Street 10,FB Area,7,5,House,Esha Minhas,Nimra Wani,Litigated,Due,Under Review,Due,88000000.0
13410,Ruqayya Kidwai,DEMO-KPT-13410,House No. RD-320,Street 13,FB Area,7,5,House,Ruqayya Kidwai,Manzoor Aslam,Litigated,Due,Clear,Paid,87900000.0
2118,Iffat Zaman,DEMO-KPT-2118,House No. B-333,Street 14,FB Area,7,5,House,Iffat Zaman,Mahir Rana,Verified,Due,Issue Found,Paid,93100000.0
6829,Feryal Bashir,DEMO-KPT-6829,House No. DD-456,Street 14,FB Area,7,5,House,Feryal Bashir,Zarmeen Sabri,Verified,Due,Issue Found,Paid,90100000.0
8382,Kaleem Anwar,DEMO-KPT-8382,House No. BD-770,Street 15,FB Area,7,5,House,Kaleem Anwar,Mahmood Bukhari,Verified,Due,Clear,Paid,93900000.0
11613,Mirza Samo,DEMO-KPT-11613,House No. BR-754,Street 16,FB Area,7,5,House,Mirza Samo,Rida Lughmani,Verified,Paid,Under Review,Due,92100000.0
6770,Jahangir Hafeez,DEMO-KPT-6770,House No. DD-880,Street 20,FB Area,7,5,House,Jahangir Hafeez,Maham Bhatti,Litigated,Paid,Issue Found,Due,86400000.0
5146,Sultan Majeed,DEMO-KPT-5146,House No. DR-685,Street 23,FB Area,7,5,House,Sultan Majeed,Mahreen Mir,Pending,Paid,Issue Found,Due,80900000.0
13347,Zaheer Laghari,DEMO-KPT-13347,House No. BC-669,Street 25,FB Area,7,5,House,Zaheer Laghari,Abeera Khan,Verified,Paid,Under Review,Paid,99200000.0
16647,Arif Lari,DEMO-KPT-16647,House No. DCR-744,Street 25,FB Area,7,5,House,Arif Lari,Wania Rashid,Litigated,Paid,Clear,Paid,96500000.0
6855,Naeem Palijo,DEMO-KPT-6855,House No. RR-523,Street 26,FB Area,7,5,House,Naeem Palijo,Hanzala Zaidi,Pending,Paid,Issue Found,Paid,84800000.0
10005,Sahar Mahesar,DEMO-KPT-10005,House No. DC-855,Street 26,FB Area,7,5,House,Sahar Mahesar,Daniya Dahri,Pending,Paid,Issue Found,Paid,87300000.0
14955,Sundas Bhurgri,DEMO-KPT-14955,House No. CDR-785,Street 26,FB Area,7,5,House,Sundas Bhurgri,Farhan Mazari,Pending,Paid,Issue Found,Paid,89100000.0
2203,Zara Shah,DEMO-KPT-2203,House No. B-354,Street 1,FB Area,8,5,House,Zara Shah,Yawar Rashid,Verified,Paid,Issue Found,Due,99900000.0
11721,Sidra Hameed,DEMO-KPT-11721,House No. BB-821,Street 7,FB Area,8,5,House,Sidra Hameed,Sahrish Laghari,Verified,Due,Under Review,Due,81200000.0
10157,Sheeba Shakeel,DEMO-KPT-10157,House No. DB-489,Street 12,FB Area,8,5,House,Sheeba Shakeel,Noshaba Rajper,Pending,Due,Under Review,Paid,96700000.0
5205,Hassan Hoti,DEMO-KPT-5205,House No. DD-763,Street 13,FB Area,8,5,House,Hassan Hoti,Naila Shah,Litigated,Due,Under Review,Paid,88400000.0
10088,Jahangir Mughal,DEMO-KPT-10088,House No. RD-321,Street 13,FB Area,8,5,House,Jahangir Mughal,Talha Marri,Pending,Paid,Clear,Paid,86900000.0
8415,Tahira Rajper,DEMO-KPT-8415,House No. DR-571,Street 15,FB Area,8,5,House,Tahira Rajper,Mahad Shafi,Verified,Due,Clear,Paid,83100000.0
16692,Wania Mirani,DEMO-KPT-16692,House No. CBD-461,Street 15,FB Area,8,5,House,Wania Mirani,Farah Yousafzai,Pending,Due,Issue Found,Paid,89400000.0
3832,Dania Junejo,DEMO-KPT-3832,House No. B-700,Street 17,FB Area,8,5,House,Dania Junejo,Waleed Minhas,Litigated,Due,Issue Found,Due,91100000.0
13513,Raheel Alvi,DEMO-KPT-13513,House No. DCB-742,Street 17,FB Area,8,5,House,Raheel Alvi,Mahnoor Mari,Verified,Due,Issue Found,Paid,90200000.0
16703,Zunaira Naqvi,DEMO-KPT-16703,House No. CBD-311,Street 18,FB Area,8,5,House,Zunaira Naqvi,Maira Bajwa,Litigated,Paid,Clear,Paid,99000000.0
16741,Jamil Bajwa,DEMO-KPT-16741,House No. RDC-683,Street 19,FB Area,8,5,House,Jamil Bajwa,Sohail Kayani,Pending,Due,Issue Found,Paid,91200000.0
2187,Zubaida Ali,DEMO-KPT-2187,House No. B-629,Street 20,FB Area,8,5,House,Zubaida Ali,Hammad Rind,Litigated,Paid,Under Review,Due,89800000.0
6883,Zayan Umer,DEMO-KPT-6883,House No. DC-517,Street 22,FB Area,8,5,House,Zayan Umer,Sana Cheema,Litigated,Paid,Issue Found,Due,88600000.0
8406,Sameen Ijaz,DEMO-KPT-8406,House No. BR-573,Street 22,FB Area,8,5,House,Sameen Ijaz,Anum Mari,Litigated,Paid,Issue Found,Due,84700000.0
13454,Misbah Sabri,DEMO-KPT-13454,House No. CDB-461,Street 23,FB Area,8,5,House,Misbah Sabri,Yasir Peerzada,Litigated,Paid,Clear,Paid,92700000.0
16746,Ibrahim Mahar,DEMO-KPT-16746,House No. BCD-479,Street 23,FB Area,8,5,House,Ibrahim Mahar,Shafay Waheed,Litigated,Due,Issue Found,Due,97700000.0
8397,Zubia Mohammadzai,DEMO-KPT-8397,House No. DR-657,Street 25,FB Area,8,5,House,Zubia Mohammadzai,Yasir Shinwari,Verified,Paid,Under Review,Paid,92700000.0
11670,Jamshed Mansoor,DEMO-KPT-11670,House No. RB-622,Street 26,FB Area,8,5,House,Jamshed Mansoor,Neelam Warsi,Pending,Due,Under Review,Due,89400000.0
3787,Rahila Soomro,DEMO-KPT-3787,House No. B-732,Street 29,FB Area,8,5,House,Rahila Soomro,Saba Jadoon,Pending,Due,Clear,Paid,93200000.0
11714,Amber Mahsud,DEMO-KPT-11714,House No. RR-485,Street 30,FB Area,8,5,House,Amber Mahsud,Nihal Mengal,Pending,Paid,Clear,Paid,86800000.0
8529,Nasreen Palijo,DEMO-KPT-8529,House No. RR-737,Street 1,FB Area,9,5,House,Nasreen Palijo,Abdullah Hashmi,Pending,Due,Issue Found,Paid,82100000.0
6928,Zaib Iqbal,DEMO-KPT-6928,House No. BR-417,Street 3,FB Area,9,5,House,Zaib Iqbal,Muneeb Mustafa,Pending,Paid,Under Review,Paid,98600000.0
8482,Emaan Jaffri,DEMO-KPT-8482,House No. BC-845,Street 3,FB Area,9,5,House,Emaan Jaffri,Luqmaan Nawaz,Litigated,Due,Clear,Due,90800000.0
3889,Athar Leghari,DEMO-KPT-3889,House No. BC-692,Street 4,FB Area,9,5,House,Athar Leghari,Zeshan Qazi,Verified,Due,Issue Found,Paid,82000000.0
11766,Yasmeen Ilyas,DEMO-KPT-11766,House No. CB-615,Street 8,FB Area,9,5,House,Yasmeen Ilyas,Sarfraz Yousafzai,Pending,Due,Clear,Due,91000000.0
13557,Abubakar Unar,DEMO-KPT-13557,House No. RCB-355,Street 12,FB Area,9,5,House,Abubakar Unar,Ambreen Kamboh,Verified,Due,Clear,Paid,95400000.0
3855,Sara Khokhar,DEMO-KPT-3855,House No. BB-730,Street 13,FB Area,9,5,House,Sara Khokhar,Aun Khattak,Litigated,Due,Under Review,Paid,84600000.0
6938,Kabeer Samo,DEMO-KPT-6938,House No. RC-896,Street 13,FB Area,9,5,House,Kabeer Samo,Kausar Alvi,Pending,Paid,Clear,Paid,93900000.0
8454,Alam Rafique,DEMO-KPT-8454,House No. BC-729,Street 13,FB Area,9,5,House,Alam Rafique,Zara Zahid,Litigated,Due,Issue Found,Paid,87500000.0
10254,Adil Warsi,DEMO-KPT-10254,House No. CC-814,Street 13,FB Area,9,5,House,Adil Warsi,Nuzhat Nasar,Litigated,Due,Issue Found,Paid,88200000.0
2211,Sabahat Gandapur,DEMO-KPT-2211,House No. R-639,Street 16,FB Area,9,5,House,Sabahat Gandapur,Wajid Khokhar,Verified,Paid,Clear,Due,82600000.0
15067,Abrar Pasha,DEMO-KPT-15067,House No. DCR-841,Street 16,FB Area,9,5,House,Abrar Pasha,Zarar Zaidi,Verified,Paid,Under Review,Paid,82000000.0
10239,Shahbaz Zaman,DEMO-KPT-10239,House No. RR-830,Street 22,FB Area,9,5,House,Shahbaz Zaman,Laila Dahri,Litigated,Paid,Clear,Paid,88300000.0
16783,Shamim Bugti,DEMO-KPT-16783,House No. DCR-603,Street 22,FB Area,9,5,House,Shamim Bugti,Tamkeen Cheena,Litigated,Paid,Issue Found,Due,96900000.0
16811,Mahnaz Wattoo,DEMO-KPT-16811,House No. BRC-687,Street 22,FB Area,9,5,House,Mahnaz Wattoo,Nadia Laghari,Pending,Due,Clear,Paid,87500000.0
8504,Ahad Popalzai,DEMO-KPT-8504,House No. RD-547,Street 23,FB Area,9,5,House,Ahad Popalzai,Nawaz Bhittani,Litigated,Paid,Clear,Paid,87800000.0
13548,Maryam Wani,DEMO-KPT-13548,House No. DBR-477,Street 23,FB Area,9,5,House,Maryam Wani,Feroz Ranjha,Verified,Due,Clear,Paid,91400000.0
15072,Farhan Mohmand,DEMO-KPT-15072,House No. CRD-588,Street 23,FB Area,9,5,House,Farhan Mohmand,Masood Tanvir,Litigated,Due,Under Review,Due,95400000.0
3897,Nadia Baloch,DEMO-KPT-3897,House No. CC-667,Street 25,FB Area,9,5,House,Nadia Baloch,Rashida Shakir,Verified,Paid,Under Review,Paid,98300000.0
10197,Madiha Kalhoro,DEMO-KPT-10197,House No. CD-534,Street 25,FB Area,9,5,House,Madiha Kalhoro,Adnan Sheikh,Verified,Paid,Under Review,Paid,90900000.0
2300,Sadia Virk,DEMO-KPT-2300,House No. R-483,Street 1,FB Area,10,5,House,Sadia Virk,Saqib Lak,Pending,Paid,Issue Found,Due,84200000.0
5379,Mudassar Toor,DEMO-KPT-5379,House No. CD-475,Street 1,FB Area,10,5,House,Mudassar Toor,Zeshan Kakar,Pending,Due,Issue Found,Paid,97600000.0
3958,Rashida Randhawa,DEMO-KPT-3958,House No. RD-861,Street 2,FB Area,10,5,House,Rashida Randhawa,Nauman Tanvir,Pending,Due,Under Review,Paid,91300000.0
8538,Gohar Niazi,DEMO-KPT-8538,House No. BR-675,Street 5,FB Area,10,5,House,Gohar Niazi,Ibrahim Waheed,Litigated,Due,Clear,Paid,88900000.0
16898,Moiz Mian,DEMO-KPT-16898,House No. DRC-596,Street 7,FB Area,10,5,House,Moiz Mian,Qudrat Janjua,Litigated,Due,Issue Found,Due,91400000.0
2395,Awais Sipra,DEMO-KPT-2395,House No. B-566,Street 8,FB Area,10,5,House,Awais Sipra,Basit Kalhoro,Verified,Paid,Under Review,Paid,81000000.0
8616,Erum Dogar,DEMO-KPT-8616,House No. BB-512,Street 8,FB Area,10,5,House,Erum Dogar,Ikhlaq Awan,Pending,Due,Clear,Due,98600000.0
10257,Zawar Jamali,DEMO-KPT-10257,House No. BD-704,Street 9,FB Area,10,5,House,Zawar Jamali,Yusra Niazi,Litigated,Paid,Clear,Paid,89000000.0
11871,Vaqar Baloch,DEMO-KPT-11871,House No. RR-849,Street 9,FB Area,10,5,House,Vaqar Baloch,Taha Mansoor,Litigated,Paid,Under Review,Due,95700000.0
7007,Nasrullah Jafri,DEMO-KPT-7007,House No. BC-682,Street 12,FB Area,10,5,House,Nasrullah Jafri,Azan Mengal,Pending,Due,Under Review,Paid,91100000.0
8631,Daniya Zardari,DEMO-KPT-8631,House No. RD-894,Street 13,FB Area,10,5,House,Daniya Zardari,Rabia Rajper,Pending,Due,Under Review,Paid,87000000.0
10260,Afshan Sadiq,DEMO-KPT-10260,House No. RD-802,Street 13,FB Area,10,5,House,Afshan Sadiq,Adnan Qazi,Litigated,Due,Clear,Paid,96300000.0
11888,Sajida Tareen,DEMO-KPT-11888,House No. DR-302,Street 13,FB Area,10,5,House,Sajida Tareen,Husna Qazi,Pending,Paid,Clear,Paid,81400000.0
2367,Fatima Hoti,DEMO-KPT-2367,House No. D-820,Street 14,FB Area,10,5,House,Fatima Hoti,Fabiha Ansari,Litigated,Due,Clear,Due,81900000.0
6979,Nabeel Kamal,DEMO-KPT-6979,House No. BD-421,Street 15,FB Area,10,5,House,Nabeel Kamal,Neha Wani,Pending,Paid,Under Review,Due,97100000.0
2305,Tanzeela Khan,DEMO-KPT-2305,House No. D-628,Street 16,FB Area,10,5,House,Tanzeela Khan,Alizeh Saif,Pending,Paid,Under Review,Paid,96300000.0
6982,Haider Shakeel,DEMO-KPT-6982,House No. DB-849,Street 17,FB Area,10,5,House,Haider Shakeel,Kinza Yousaf,Litigated,Due,Issue Found,Due,90300000.0
10309,Mahreen Wattoo,DEMO-KPT-10309,House No. RD-395,Street 18,FB Area,10,5,House,Mahreen Wattoo,Emaan Tareen,Verified,Paid,Under Review,Due,89300000.0
2372,Mariam Panhwar,DEMO-KPT-2372,House No. B-718,Street 20,FB Area,10,5,House,Mariam Panhwar,Muneeb Tanvir,Pending,Paid,Under Review,Due,93100000.0
2403,Nudrat Turk,DEMO-KPT-2403,House No. R-522,Street 20,FB Area,10,5,House,Nudrat Turk,Khushbu Jogezai,Verified,Paid,Issue Found,Due,99100000.0
11822,Shaheer Mirza,DEMO-KPT-11822,House No. DD-834,Street 20,FB Area,10,5,House,Shaheer Mirza,Shahbaz Zahid,Pending,Paid,Under Review,Due,97300000.0
6993,Hanif Toor,DEMO-KPT-6993,House No. RB-359,Street 21,FB Area,10,5,House,Hanif Toor,Salma Shakir,Verified,Due,Issue Found,Paid,84000000.0
6972,Ehsan Korai,DEMO-KPT-6972,House No. RD-707,Street 23,FB Area,10,5,House,Ehsan Korai,Sagheer Hayat,Litigated,Due,Under Review,Due,80700000.0
3965,Hira Zafar,DEMO-KPT-3965,House No. DC-593,Street 24,FB Area,10,5,House,Hira Zafar,Mahnoor Wazir,Litigated,Due,Issue Found,Paid,83600000.0
8547,Feroz Magsi,DEMO-KPT-8547,House No. RC-874,Street 25,FB Area,10,5,House,Feroz Magsi,Yumna Mirza,Litigated,Paid,Clear,Paid,95500000.0
16837,Zara Baloch,DEMO-KPT-16837,House No. CBR-529,Street 29,FB Area,10,5,House,Zara Baloch,Talal Lashari,Pending,Due,Clear,Paid,97300000.0
8564,Nawal Jogezai,DEMO-KPT-8564,House No. DC-772,Street 30,FB Area,10,5,House,Nawal Jogezai,Laila Samo,Pending,Paid,Clear,Paid,100000000.0
4029,Zahra Hinjra,DEMO-KPT-4029,House No. CB-394,Street 1,FB Area,11,5,House,Zahra Hinjra,Umaima Chattha,Pending,Due,Issue Found,Paid,91200000.0
10400,Hanzala Ghauri,DEMO-KPT-10400,House No. DC-462,Street 1,FB Area,11,5,House,Hanzala Ghauri,Maira Sardar,Pending,Paid,Issue Found,Due,80800000.0
8640,Mazhar Mirza,DEMO-KPT-8640,House No. CC-530,Street 2,FB Area,11,5,House,Mazhar Mirza,Subhan Mari,Verified,Due,Under Review,Due,83200000.0
16986,Arbaz Nadeem,DEMO-KPT-16986,House No. RDB-452,Street 8,FB Area,11,5,House,Arbaz Nadeem,Hadi Zardari,Pending,Paid,Under Review,Due,81700000.0
10328,Farwa Yasin,DEMO-KPT-10328,House No. RD-338,Street 9,FB Area,11,5,House,Farwa Yasin,Nida Kalhoro,Litigated,Due,Issue Found,Paid,86000000.0
5472,Qaiser Usmani,DEMO-KPT-5472,House No. DR-702,Street 12,FB Area,11,5,House,Qaiser Usmani,Kamal Butt,Pending,Paid,Under Review,Due,99900000.0
3975,Tooba Siddiqui,DEMO-KPT-3975,House No. BC-478,Street 13,FB Area,11,5,House,Tooba Siddiqui,Nashra Nasar,Pending,Paid,Clear,Due,96500000.0
11955,Maham Shakeel,DEMO-KPT-11955,House No. DD-643,Street 13,FB Area,11,5,House,Maham Shakeel,Sanam Akhtar,Litigated,Due,Under Review,Paid,89300000.0
13688,Shifa Gilani,DEMO-KPT-13688,House No. CBR-566,Street 13,FB Area,11,5,House,Shifa Gilani,Dua Mohammadzai,Pending,Paid,Clear,Paid,89200000.0
5479,Malaika Rabbani,DEMO-KPT-5479,House No. RD-514,Street 14,FB Area,11,5,House,Malaika Rabbani,Zeshan Dogar,Verified,Due,Issue Found,Paid,89800000.0
16968,Sameer Popalzai,DEMO-KPT-16968,House No. CRB-477,Street 14,FB Area,11,5,House,Sameer Popalzai,Irtaza Mughal,Verified,Due,Issue Found,Paid,94500000.0
7032,Zara Bettani,DEMO-KPT-7032,House No. CC-451,Street 15,FB Area,11,5,House,Zara Bettani,Ghazala Peerzada,Verified,Due,Clear,Paid,80800000.0
16965,Umar Ali,DEMO-KPT-16965,House No. BCR-737,Street 15,FB Area,11,5,House,Umar Ali,Majid Dogar,Verified,Due,Clear,Paid,95400000.0
13717,Suleman Kamal,DEMO-KPT-13717,House No. CDR-392,Street 16,FB Area,11,5,House,Suleman Kamal,Nageen Tiwana,Verified,Paid,Under Review,Paid,83900000.0
4063,Kaif Dreshak,DEMO-KPT-4063,House No. CD-885,Street 17,FB Area,11,5,House,Kaif Dreshak,Nageen Khosa,Verified,Due,Issue Found,Paid,97300000.0
11932,Moiz Niazi,DEMO-KPT-11932,House No. BC-680,Street 17,FB Area,11,5,House,Moiz Niazi,Jamshed Shaikh,Litigated,Due,Issue Found,Due,91500000.0
2456,Salma Mian,DEMO-KPT-2456,House No. D-758,Street 19,FB Area,11,5,House,Salma Mian,Saif Tarar,Litigated,Paid,Issue Found,Due,89400000.0
10370,Rubina Siddiqui,DEMO-KPT-10370,House No. RB-714,Street 20,FB Area,11,5,House,Rubina Siddiqui,Amara Ghaffar,Litigated,Paid,Issue Found,Due,89500000.0
8683,Aqeel Parvez,DEMO-KPT-8683,House No. RB-759,Street 22,FB Area,11,5,House,Aqeel Parvez,Noman Iqbal,Litigated,Paid,Issue Found,Due,91300000.0
8646,Zubaid Bijarani,DEMO-KPT-8646,House No. CB-551,Street 23,FB Area,11,5,House,Zubaid Bijarani,Parvez Buriro,Litigated,Due,Issue Found,Due,99500000.0
7047,Dawood Jafri,DEMO-KPT-7047,House No. CD-466,Street 25,FB Area,11,5,House,Dawood Jafri,Khalid Barakzai,Verified,Paid,Under Review,Paid,81900000.0
10347,Azeem Mirza,DEMO-KPT-10347,House No. RB-371,Street 25,FB Area,11,5,House,Azeem Mirza,Jamil Memon,Litigated,Paid,Clear,Paid,94600000.0
13707,Yasir Kidwai,DEMO-KPT-13707,House No. BDC-624,Street 25,FB Area,11,5,House,Yasir Kidwai,Inaya Shinwari,Verified,Due,Under Review,Paid,83500000.0
13718,Farzana Peerzada,DEMO-KPT-13718,House No. RCB-386,Street 27,FB Area,11,5,House,Farzana Peerzada,Aisha Lodhi,Pending,Due,Under Review,Due,93500000.0
7024,Tehmina Nadeem,DEMO-KPT-7024,House No. BR-626,Street 29,FB Area,11,5,House,Tehmina Nadeem,Mudassar Sindhi,Verified,Due,Clear,Paid,89300000.0
10372,Noshaba Mir,DEMO-KPT-10372,House No. DR-478,Street 29,FB Area,11,5,House,Noshaba Mir,Tayyab Jamali,Litigated,Due,Issue Found,Due,90100000.0
15322,Zulekha Zaidi,DEMO-KPT-15322,House No. CBR-599,Street 29,FB Area,11,5,House,Zulekha Zaidi,Sadaf Nasar,Litigated,Due,Issue Found,Due,88000000.0
16924,Akram Cheema,DEMO-KPT-16924,House No. BCD-601,Street 29,FB Area,11,5,House,Akram Cheema,Khizar Khan,Verified,Due,Clear,Paid,96600000.0
15255,Arbaz Chaudhry,DEMO-KPT-15255,House No. RCD-741,Street 30,FB Area,11,5,House,Arbaz Chaudhry,Warda Gakhar,Verified,Due,Under Review,Paid,87100000.0
7055,Rubina Aslam,DEMO-KPT-7055,House No. CC-819,Street 1,FB Area,12,5,House,Rubina Aslam,Tayyab Sial,Litigated,Due,Under Review,Paid,86300000.0
15358,Shahmeer Mansoor,DEMO-KPT-15358,House No. DCB-656,Street 1,FB Area,12,5,House,Shahmeer Mansoor,Adil Pirzada,Pending,Paid,Clear,Paid,82900000.0
4073,Haider Akhtar,DEMO-KPT-4073,House No. BB-594,Street 3,FB Area,12,5,House,Haider Akhtar,Aleeza Kasi,Litigated,Paid,Under Review,Paid,80600000.0
8728,Urooj Lone,DEMO-KPT-8728,House No. CC-756,Street 3,FB Area,12,5,House,Urooj Lone,Zehra Toor,Pending,Paid,Under Review,Paid,98800000.0
4074,Haseeb Zubair,DEMO-KPT-4074,House No. RD-437,Street 6,FB Area,12,5,House,Haseeb Zubair,Aisha Saeed,Pending,Paid,Under Review,Paid,84700000.0
4071,Rauf Dayo,DEMO-KPT-4071,House No. DB-657,Street 7,FB Area,12,5,House,Rauf Dayo,Feryal Popalzai,Verified,Due,Under Review,Due,92700000.0
12057,Ghulam Baig,DEMO-KPT-12057,House No. CC-580,Street 9,FB Area,12,5,House,Ghulam Baig,Irum Qadri,Litigated,Paid,Clear,Paid,93200000.0
8689,Wajid Yaqoob,DEMO-KPT-8689,House No. CD-736,Street 10,FB Area,12,5,House,Wajid Yaqoob,Zahra Farooq,Verified,Paid,Issue Found,Due,89900000.0
2507,Zehra Ghauri,DEMO-KPT-2507,House No. D-427,Street 12,FB Area,12,5,House,Zehra Ghauri,Syeda Bajwa,Pending,Due,Under Review,Paid,94300000.0
5517,Zubia Khosa,DEMO-KPT-5517,House No. DC-618,Street 14,FB Area,12,5,House,Zubia Khosa,Riaz Junejo,Litigated,Due,Clear,Due,83000000.0
7068,Noor Sohu,DEMO-KPT-7068,House No. RR-411,Street 14,FB Area,12,5,House,Noor Sohu,Burhan Akhtar,Verified,Due,Issue Found,Paid,86700000.0
4105,Nizam Iqbal,DEMO-KPT-4105,House No. RR-656,Street 16,FB Area,12,5,House,Nizam Iqbal,Zubaida Hinjra,Pending,Paid,Under Review,Paid,99800000.0
11993,Hanif Zahid,DEMO-KPT-11993,House No. RD-458,Street 18,FB Area,12,5,House,Hanif Zahid,Yawar Mir,Litigated,Paid,Clear,Paid,86600000.0
2571,Aun Hanif,DEMO-KPT-2571,House No. C-573,Street 19,FB Area,12,5,House,Aun Hanif,Muneeb Tiwana,Verified,Paid,Clear,Paid,98000000.0
5553,Aashir Majeed,DEMO-KPT-5553,House No. RC-354,Street 20,FB Area,12,5,House,Aashir Majeed,Marium Khan,Verified,Paid,Issue Found,Due,91400000.0
13743,Ambreen Bilgrami,DEMO-KPT-13743,House No. BRC-455,Street 21,FB Area,12,5,House,Ambreen Bilgrami,Rooman Turk,Verified,Due,Issue Found,Paid,85400000.0
2556,Azeem Akhtar,DEMO-KPT-2556,House No. C-369,Street 22,FB Area,12,5,House,Azeem Akhtar,Shaheen Shakeel,Litigated,Paid,Issue Found,Due,95600000.0
7120,Maaz Bhatti,DEMO-KPT-7120,House No. DD-566,Street 22,FB Area,12,5,House,Maaz Bhatti,Hoor Lashari,Pending,Paid,Issue Found,Due,87300000.0
10483,Alishba Swati,DEMO-KPT-10483,House No. CD-847,Street 22,FB Area,12,5,House,Alishba Swati,Saira Tanvir,Litigated,Paid,Issue Found,Due,97700000.0
10511,Rahila Cheena,DEMO-KPT-10511,House No. BR-535,Street 22,FB Area,12,5,House,Rahila Cheena,Hafsa Mehmood,Pending,Due,Clear,Paid,92500000.0
8746,Ahad Rajper,DEMO-KPT-8746,House No. CD-513,Street 23,FB Area,12,5,House,Ahad Rajper,Sadaqat Bhurgri,Pending,Paid,Issue Found,Due,85100000.0
15405,Mazen Lodhi,DEMO-KPT-15405,House No. DBC-711,Street 26,FB Area,12,5,House,Mazen Lodhi,Sidra Jadoon,Pending,Paid,Issue Found,Paid,83100000.0
7079,Nasreen Ghazali,DEMO-KPT-7079,House No. CB-750,Street 27,FB Area,12,5,House,Nasreen Ghazali,Nabeel Marwat,Pending,Due,Issue Found,Paid,83400000.0
8855,Waleed Memon,DEMO-KPT-8855,House No. RB-725,Street 1,FB Area,13,5,House,Waleed Memon,Sibtain Chattha,Litigated,Due,Under Review,Paid,81800000.0
12082,Sameen Zubairi,DEMO-KPT-12082,House No. BB-825,Street 3,FB Area,13,5,House,Sameen Zubairi,Tabish Sultan,Litigated,Due,Clear,Due,91500000.0
4195,Younas Sadiq,DEMO-KPT-4195,House No. CD-695,Street 8,FB Area,13,5,House,Younas Sadiq,Shaista Ranjha,Verified,Paid,Under Review,Paid,84400000.0
8873,Tayyab Bhutto,DEMO-KPT-8873,House No. CB-518,Street 10,FB Area,13,5,House,Tayyab Bhutto,Neha Nawaz,Litigated,Due,Under Review,Paid,98200000.0
15532,Erum Rind,DEMO-KPT-15532,House No. DCB-871,Street 17,FB Area,13,5,House,Erum Rind,Jabbar Zubair,Litigated,Due,Issue Found,Due,91300000.0
2589,Burhan Lari,DEMO-KPT-2589,House No. R-530,Street 22,FB Area,13,5,House,Burhan Lari,Murtaza Mughal,Litigated,Paid,Clear,Paid,82200000.0
5618,Talal Kalhoro,DEMO-KPT-5618,House No. DC-896,Street 27,FB Area,13,5,House,Talal Kalhoro,Fabiha Sadiq,Pending,Due,Under Review,Due,97400000.0
13829,Aleena Shakir,DEMO-KPT-13829,House No. CRD-313,Street 27,FB Area,13,5,House,Aleena Shakir,Mubeen Waheed,Pending,Due,Issue Found,Paid,88100000.0
2655,Alina Jogezai,DEMO-KPT-2655,House No. D-630,Street 30,FB Area,13,5,House,Alina Jogezai,Sakina Gill,Verified,Due,Under Review,Paid,97000000.0
12105,Hania Jafri,DEMO-KPT-12105,House No. DC-839,Street 30,FB Area,13,5,House,Hania Jafri,Saqib Saleem,Verified,Due,Under Review,Paid,88800000.0
10655,Shehzad Mirza,DEMO-KPT-10655,House No. CC-895,Street 1,FB Area,14,5,House,Shehzad Mirza,Momina Ali,Litigated,Due,Under Review,Paid,98100000.0
8887,Luqmaan Parvez,DEMO-KPT-8887,House No. DB-665,Street 4,FB Area,14,5,House,Luqmaan Parvez,Jalal Randhawa,Pending,Paid,Clear,Due,81600000.0
4271,Saeed Hanif,DEMO-KPT-4271,House No. CR-771,Street 5,FB Area,14,5,House,Saeed Hanif,Yameen Mangi,Pending,Paid,Issue Found,Paid,94000000.0
2724,Akbar Sahito,DEMO-KPT-2724,House No. B-836,Street 6,FB Area,14,5,House,Akbar Sahito,Fauzia Leghari,Pending,Paid,Under Review,Paid,93800000.0
2721,Idrees Nawaz,DEMO-KPT-2721,House No. C-341,Street 7,FB Area,14,5,House,Idrees Nawaz,Sabrina Baloch,Verified,Due,Under Review,Due,87400000.0
12171,Wania Jafri,DEMO-KPT-12171,House No. DD-639,Street 7,FB Area,14,5,House,Wania Jafri,Shabbir Kiani,Verified,Due,Under Review,Due,87600000.0
2742,Nudrat Warsi,DEMO-KPT-2742,House No. R-333,Street 15,FB Area,14,5,House,Nudrat Warsi,Habib Bajwa,Pending,Due,Issue Found,Paid,84000000.0
15582,Taimur Bukhari,DEMO-KPT-15582,House No. DRC-603,Street 15,FB Area,14,5,House,Taimur Bukhari,Asma Yaqoob,Verified,Due,Clear,Paid,98200000.0
13911,Yawar Yousaf,DEMO-KPT-13911,House No. DBC-547,Street 16,FB Area,14,5,House,Yawar Yousaf,Mazen Mehmood,Verified,Paid,Clear,Due,98100000.0
12163,Afreen Zia,DEMO-KPT-12163,House No. DD-626,Street 17,FB Area,14,5,House,Afreen Zia,Sajida Sipra,Verified,Due,Issue Found,Paid,97900000.0
7283,Azka Daudzai,DEMO-KPT-7283,House No. DB-402,Street 18,FB Area,14,5,House,Azka Daudzai,Sheeba Bhittani,Litigated,Due,Issue Found,Paid,96300000.0
10643,Nadia Hafeez,DEMO-KPT-10643,House No. BB-658,Street 18,FB Area,14,5,House,Nadia Hafeez,Fabiha Ijaz,Litigated,Paid,Clear,Paid,84400000.0
5708,Sara Zaman,DEMO-KPT-5708,House No. RB-491,Street 19,FB Area,14,5,House,Sara Zaman,Imtiaz Shah,Verified,Paid,Under Review,Due,89200000.0
7291,Syeda Gandapur,DEMO-KPT-7291,House No. RC-574,Street 19,FB Area,14,5,House,Syeda Gandapur,Shahzad Bhutto,Pending,Due,Issue Found,Paid,93000000.0
10658,Wali Gill,DEMO-KPT-10658,House No. CR-455,Street 19,FB Area,14,5,House,Wali Gill,Zunair Kakar,Verified,Paid,Under Review,Due,85700000.0
4246,Tabassum Bukhari,DEMO-KPT-4246,House No. CB-319,Street 23,FB Area,14,5,House,Tabassum Bukhari,Zohair Lakhani,Pending,Paid,Issue Found,Due,83100000.0
7248,Hamid Hashmi,DEMO-KPT-7248,House No. RR-466,Street 23,FB Area,14,5,House,Hamid Hashmi,Zaynab Tanoli,Verified,Due,Clear,Paid,85100000.0
4257,Shabana Dahri,DEMO-KPT-4257,House No. CB-469,Street 25,FB Area,14,5,House,Shabana Dahri,Ashfaq Sandhu,Verified,Due,Under Review,Paid,83500000.0
13920,Sabeen Zahid,DEMO-KPT-13920,House No. BRC-633,Street 26,FB Area,14,5,House,Sabeen Zahid,Dua Rabbani,Pending,Due,Under Review,Due,86000000.0
4268,Hadi Sahito,DEMO-KPT-4268,House No. DB-401,Street 27,FB Area,14,5,House,Hadi Sahito,Aslam Hameed,Pending,Due,Under Review,Due,92600000.0
5745,Saleha Sipra,DEMO-KPT-5745,House No. CC-730,Street 28,FB Area,14,5,House,Saleha Sipra,Haseeb Lashari,Litigated,Due,Clear,Due,80600000.0
8895,Nailah Aslam,DEMO-KPT-8895,House No. DR-630,Street 28,FB Area,14,5,House,Nailah Aslam,Ambreen Bajwa,Litigated,Due,Clear,Due,89200000.0
13905,Mukarram Qureshi,DEMO-KPT-13905,House No. CRD-369,Street 30,FB Area,14,5,House,Mukarram Qureshi,Alizeh Janjua,Verified,Due,Under Review,Paid,94100000.0
2750,Rubina Mehmood,DEMO-KPT-2750,House No. D-541,Street 1,FB Area,15,5,House,Rubina Mehmood,Yaqoob Dar,Pending,Paid,Issue Found,Due,94600000.0
5803,Talat Raza,DEMO-KPT-5803,House No. CD-764,Street 1,FB Area,15,5,House,Talat Raza,Naila Durrani,Verified,Paid,Issue Found,Due,89400000.0
4309,Zaheer Zaidi,DEMO-KPT-4309,House No. RR-633,Street 3,FB Area,15,5,House,Zaheer Zaidi,Hamza Junejo,Litigated,Due,Clear,Due,91900000.0
13974,Dawood Samo,DEMO-KPT-13974,House No. RBC-576,Street 6,FB Area,15,5,House,Dawood Samo,Sahar Lughmani,Pending,Paid,Under Review,Paid,94100000.0
8992,Humaira Zafar,DEMO-KPT-8992,House No. BD-872,Street 7,FB Area,15,5,House,Humaira Zafar,Rahila Pirzada,Verified,Paid,Clear,Paid,83300000.0
5831,Tanveer Javed,DEMO-KPT-5831,House No. DC-878,Street 8,FB Area,15,5,House,Tanveer Javed,Sajjad Nasar,Pending,Due,Clear,Paid,95600000.0
8981,Sobia Rafique,DEMO-KPT-8981,House No. CD-593,Street 8,FB Area,15,5,House,Sobia Rafique,Nighat Ghumman,Pending,Due,Clear,Paid,82200000.0
15657,Ayla Yousafzai,DEMO-KPT-15657,House No. BRD-387,Street 9,FB Area,15,5,House,Ayla Yousafzai,Neelam Leghari,Litigated,Paid,Clear,Paid,81600000.0
4373,Munib Baig,DEMO-KPT-4373,House No. BB-530,Street 10,FB Area,15,5,House,Munib Baig,Wasim Yazdani,Litigated,Due,Under Review,Paid,87900000.0
7339,Aleena Khan,DEMO-KPT-7339,House No. DR-577,Street 10,FB Area,15,5,House,Aleena Khan,Rehan Yasin,Verified,Paid,Issue Found,Due,90100000.0
2828,Zaynab Saleem,DEMO-KPT-2828,House No. C-584,Street 13,FB Area,15,5,House,Zaynab Saleem,Siddique Pirzada,Litigated,Due,Issue Found,Due,98300000.0
2817,Mirha Rehman,DEMO-KPT-2817,House No. R-392,Street 14,FB Area,15,5,House,Mirha Rehman,Armaghan Kamboh,Litigated,Due,Clear,Due,98400000.0
10761,Hanzala Shakir,DEMO-KPT-10761,House No. CD-827,Street 16,FB Area,15,5,House,Hanzala Shakir,Arbaz Dar,Verified,Paid,Clear,Due,92200000.0
2753,Yusra Zahid,DEMO-KPT-2753,House No. C-314,Street 18,FB Area,15,5,House,Yusra Zahid,Dania Gandapur,Litigated,Paid,Clear,Paid,93400000.0
8959,Sarfraz Butt,DEMO-KPT-8959,House No. BB-757,Street 18,FB Area,15,5,House,Sarfraz Butt,Muneeba Parvez,Verified,Paid,Under Review,Due,90500000.0
4293,Uroosa Mahesar,DEMO-KPT-4293,House No. BR-423,Street 21,FB Area,15,5,House,Uroosa Mahesar,Yawar Haral,Verified,Due,Issue Found,Paid,99600000.0
7422,Sultan Qadri,DEMO-KPT-7422,House No. DC-407,Street 23,FB Area,15,5,House,Sultan Qadri,Asra Akhtar,Litigated,Due,Under Review,Due,90400000.0
10709,Nayab Tariq,DEMO-KPT-10709,House No. RC-709,Street 25,FB Area,15,5,House,Nayab Tariq,Mubashra Khosa,Verified,Due,Clear,Paid,94700000.0
5820,Zuha Mirani,DEMO-KPT-5820,House No. CB-752,Street 26,FB Area,15,5,House,Zuha Mirani,Bashir Chandio,Pending,Due,Under Review,Due,81800000.0
12255,Furqan Tanoli,DEMO-KPT-12255,House No. RD-676,Street 26,FB Area,15,5,House,Furqan Tanoli,Abdullah Qureshi,Pending,Paid,Issue Found,Paid,83200000.0
7387,Humaira Kiani,DEMO-KPT-7387,House No. DR-422,Street 29,FB Area,15,5,House,Humaira Kiani,Ahsan Hinjra,Pending,Due,Clear,Paid,88100000.0
15800,Sehrish Lone,DEMO-KPT-15800,House No. RDC-408,Street 1,FB Area,16,5,House,Sehrish Lone,Raheela Yaqoob,Pending,Paid,Issue Found,Due,96400000.0
5940,Alam Naseem,DEMO-KPT-5940,House No. DD-747,Street 2,FB Area,16,5,House,Alam Naseem,Eman Rajput,Verified,Due,Under Review,Due,81800000.0
9090,Ayesha Ghumman,DEMO-KPT-9090,House No. DD-824,Street 2,FB Area,16,5,House,Ayesha Ghumman,Ambreen Jaffri,Verified,Due,Under Review,Due,91500000.0
4432,Sitara Ali,DEMO-KPT-4432,House No. BC-565,Street 3,FB Area,16,5,House,Sitara Ali,Palwasha Riaz,Litigated,Due,Clear,Due,91900000.0
10823,Qayyum Rashid,DEMO-KPT-10823,House No. BB-308,Street 3,FB Area,16,5,House,Qayyum Rashid,Akram Nadeem,Litigated,Paid,Under Review,Paid,97400000.0
9024,Nayyar Ranjha,DEMO-KPT-9024,House No. CD-894,Street 6,FB Area,16,5,House,Nayyar Ranjha,Dilshad Yousafzai,Pending,Paid,Under Review,Paid,93200000.0
9021,Fasih Bajwa,DEMO-KPT-9021,House No. CD-430,Street 7,FB Area,16,5,House,Fasih Bajwa,Khushbu Palijo,Verified,Due,Under Review,Due,88800000.0
2845,Amna Rajper,DEMO-KPT-2845,House No. C-844,Street 8,FB Area,16,5,House,Amna Rajper,Samiya Kamal,Verified,Paid,Under Review,Paid,83200000.0
15799,Hassan Sohu,DEMO-KPT-15799,House No. DRC-537,Street 8,FB Area,16,5,House,Hassan Sohu,Aslam Kamboh,Pending,Paid,Under Review,Paid,99900000.0
12321,Ijaz Pirzada,DEMO-KPT-12321,House No. DD-545,Street 9,FB Area,16,5,House,Ijaz Pirzada,Ruqayya Zubairi,Litigated,Paid,Under Review,Due,94100000.0
5907,Murtaza Wattoo,DEMO-KPT-5907,House No. DD-822,Street 12,FB Area,16,5,House,Murtaza Wattoo,Amna Ahmed,Verified,Due,Clear,Paid,96300000.0
14007,Shabbir Sardar,DEMO-KPT-14007,House No. DCB-435,Street 12,FB Area,16,5,House,Shabbir Sardar,Kamran Kayani,Verified,Due,Clear,Paid,95000000.0
5931,Hasnain Lone,DEMO-KPT-5931,House No. RB-414,Street 13,FB Area,16,5,House,Hasnain Lone,Batool Noor,Pending,Due,Under Review,Paid,84600000.0
14078,Mateen Ali,DEMO-KPT-14078,House No. RCB-628,Street 13,FB Area,16,5,House,Mateen Ali,Tauseef Korai,Litigated,Due,Issue Found,Due,99600000.0
5929,Samiya Shaikh,DEMO-KPT-5929,House No. BD-531,Street 14,FB Area,16,5,House,Samiya Shaikh,Aneela Hashmi,Verified,Due,Issue Found,Paid,83300000.0
15803,Momina Tahir,DEMO-KPT-15803,House No. CRB-349,Street 18,FB Area,16,5,House,Momina Tahir,Muzammil Peerzada,Litigated,Paid,Clear,Paid,91000000.0
2837,Javeria Bugti,DEMO-KPT-2837,House No. C-773,Street 21,FB Area,16,5,House,Javeria Bugti,Nouman Kakar,Litigated,Due,Clear,Paid,92800000.0
7443,Arham Dahri,DEMO-KPT-7443,House No. DB-339,Street 21,FB Area,16,5,House,Arham Dahri,Fakhar Dayo,Verified,Due,Issue Found,Paid,81400000.0
12368,Maira Lodhi,DEMO-KPT-12368,House No. CC-748,Street 27,FB Area,16,5,House,Maira Lodhi,Atif Marri,Pending,Due,Under Review,Due,83100000.0
9022,Safa Abro,DEMO-KPT-9022,House No. RB-846,Street 29,FB Area,16,5,House,Safa Abro,Aqib Hafeez,Litigated,Due,Issue Found,Due,93200000.0
10822,Zeshan Tarar,DEMO-KPT-10822,House No. BR-376,Street 29,FB Area,16,5,House,Zeshan Tarar,Saif Wattoo,Litigated,Due,Issue Found,Due,83900000.0
15772,Farhan Sohu,DEMO-KPT-15772,House No. CDB-712,Street 29,FB Area,16,5,House,Farhan Sohu,Owais Bettani,Litigated,Due,Issue Found,Due,87700000.0
10814,Jamshed Dar,DEMO-KPT-10814,House No. CB-718,Street 30,FB Area,16,5,House,Jamshed Dar,Farheen Jamali,Pending,Paid,Clear,Paid,84200000.0
4479,Tayyaba Gilani,DEMO-KPT-4479,House No. RC-799,Street 1,FB Area,17,5,House,Tayyaba Gilani,Masood Zubair,Pending,Due,Issue Found,Paid,84100000.0
10850,Ayan Ghazali,DEMO-KPT-10850,House No. BD-742,Street 1,FB Area,17,5,House,Ayan Ghazali,Murtaza Nadeem,Pending,Paid,Issue Found,Due,88200000.0
10890,Bilawal Orakzai,DEMO-KPT-10890,House No. RB-484,Street 2,FB Area,17,5,House,Bilawal Orakzai,Ifrah Hussain,Verified,Due,Under Review,Due,98100000.0
15840,Fahad Warraich,DEMO-KPT-15840,House No. DCB-340,Street 2,FB Area,17,5,House,Fahad Warraich,Usman Daudzai,Verified,Due,Under Review,Due,85700000.0
10866,Kanwal Bukhari,DEMO-KPT-10866,House No. BD-699,Street 8,FB Area,17,5,House,Kanwal Bukhari,Muzammil Popalzai,Pending,Due,Clear,Due,88800000.0
5978,Nabila Mirani,DEMO-KPT-5978,House No. BR-844,Street 13,FB Area,17,5,House,Nabila Mirani,Feroz Gakhar,Litigated,Due,Issue Found,Due,93200000.0
14138,Yahya Warraich,DEMO-KPT-14138,House No. RBC-552,Street 13,FB Area,17,5,House,Yahya Warraich,Omer Durrani,Pending,Paid,Clear,Paid,87200000.0
7563,Mahmood Bhittani,DEMO-KPT-7563,House No. DB-881,Street 16,FB Area,17,5,House,Mahmood Bhittani,Lamia Latif,Verified,Paid,Under Review,Due,82000000.0
2922,Zohair Siddiqui,DEMO-KPT-2922,House No. C-329,Street 23,FB Area,17,5,House,Zohair Siddiqui,Ghazala Khuhro,Litigated,Due,Under Review,Due,86400000.0
9096,Nailah Mansoor,DEMO-KPT-9096,House No. CR-668,Street 23,FB Area,17,5,House,Nailah Mansoor,Zohaib Kazmi,Litigated,Due,Issue Found,Due,85000000.0
12372,Mehmood Lodhi,DEMO-KPT-12372,House No. CC-858,Street 23,FB Area,17,5,House,Mehmood Lodhi,Kaleemullah Qureshi,Litigated,Due,Under Review,Due,96200000.0
7565,Husna Shakeel,DEMO-KPT-7565,House No. DB-744,Street 24,FB Area,17,5,House,Husna Shakeel,Bakhtiar Pasha,Litigated,Due,Issue Found,Paid,94100000.0
12439,Palwasha Bijarani,DEMO-KPT-12439,House No. RD-857,Street 4,FB Area,18,5,House,Palwasha Bijarani,Kamal Mian,Verified,Due,Issue Found,Paid,87000000.0
12487,Zubaida Usmani,DEMO-KPT-12487,House No. CR-773,Street 4,FB Area,18,5,House,Zubaida Usmani,Arisha Ilyas,Pending,Paid,Clear,Due,83200000.0
4488,Aqeel Kamboh,DEMO-KPT-4488,House No. DB-739,Street 5,FB Area,18,5,House,Aqeel Kamboh,Muzammil Mir,Litigated,Due,Clear,Paid,96000000.0
7638,Rafia Kiani,DEMO-KPT-7638,House No. CD-355,Street 5,FB Area,18,5,House,Rafia Kiani,Ali Toor,Litigated,Due,Clear,Paid,87700000.0
4481,Emaan Farooq,DEMO-KPT-4481,House No. DR-555,Street 8,FB Area,18,5,House,Emaan Farooq,Kashaf Bukhari,Pending,Due,Clear,Paid,95700000.0
7699,Nosheen Mangi,DEMO-KPT-7699,House No. BD-871,Street 8,FB Area,18,5,House,Nosheen Mangi,Iram Kayani,Pending,Paid,Under Review,Paid,93600000.0
9171,Saira Abbasi,DEMO-KPT-9171,House No. BD-807,Street 9,FB Area,18,5,House,Saira Abbasi,Mohib Tariq,Litigated,Paid,Under Review,Due,82300000.0
12473,Mashal Tahir,DEMO-KPT-12473,House No. DD-653,Street 10,FB Area,18,5,House,Mashal Tahir,Jazib Zaman,Litigated,Due,Under Review,Paid,92800000.0
4557,Ayeza Ahmed,DEMO-KPT-4557,House No. RC-625,Street 12,FB Area,18,5,House,Ayeza Ahmed,Bakhtiar Dar,Verified,Due,Clear,Paid,96400000.0
9188,Fareeha Tahir,DEMO-KPT-9188,House No. BD-335,Street 13,FB Area,18,5,House,Fareeha Tahir,Saima Mohammadzai,Pending,Paid,Clear,Paid,84300000.0
14205,Fawad Mirani,DEMO-KPT-14205,House No. CDR-574,Street 13,FB Area,18,5,House,Fawad Mirani,Hussain Alvi,Litigated,Due,Under Review,Paid,95100000.0
3015,Tamim Abbasi,DEMO-KPT-3015,House No. C-814,Street 15,FB Area,18,5,House,Tamim Abbasi,Saba Magsi,Verified,Due,Clear,Paid,94800000.0
9229,Asad Wani,DEMO-KPT-9229,House No. BD-740,Street 15,FB Area,18,5,House,Asad Wani,Nadir Iqbal,Pending,Paid,Under Review,Due,83900000.0
4553,Rukhsana Ghumman,DEMO-KPT-4553,House No. DR-616,Street 18,FB Area,18,5,House,Rukhsana Ghumman,Sehrish Jamal,Litigated,Paid,Clear,Paid,84300000.0
12443,Hussam Rizvi,DEMO-KPT-12443,House No. DD-410,Street 18,FB Area,18,5,House,Hussam Rizvi,Masood Lodhi,Litigated,Paid,Clear,Paid,96800000.0
10961,Ihsan Naseem,DEMO-KPT-10961,House No. DR-321,Street 22,FB Area,18,5,House,Ihsan Naseem,Jabbar Bhurgri,Pending,Due,Clear,Paid,95900000.0
10896,Saad Kamboh,DEMO-KPT-10896,House No. DB-731,Street 23,FB Area,18,5,House,Saad Kamboh,Sadiq Mehmood,Litigated,Due,Issue Found,Due,98400000.0
14218,Areeba Hameed,DEMO-KPT-14218,House No. BCD-458,Street 27,FB Area,18,5,House,Areeba Hameed,Rayyan Shafiq,Pending,Paid,Issue Found,Paid,95400000.0
7740,Salma Kiani,DEMO-KPT-7740,House No. CD-418,Street 2,FB Area,19,5,House,Salma Kiani,Huma Ghani,Verified,Due,Under Review,Due,88600000.0
9259,Fauzia Warraich,DEMO-KPT-9259,House No. BC-775,Street 3,FB Area,19,5,House,Fauzia Warraich,Alina Usmani,Litigated,Due,Clear,Due,94400000.0
9289,Kanwar Ahmed,DEMO-KPT-9289,House No. CB-423,Street 4,FB Area,19,5,House,Kanwar Ahmed,Qamar Niazi,Verified,Due,Issue Found,Paid,81000000.0
15971,Sidrah Leghari,DEMO-KPT-15971,House No. RCB-605,Street 5,FB Area,19,5,House,Sidrah Leghari,Naureen Dar,Pending,Paid,Issue Found,Paid,80700000.0
12592,Fayyaz Qadri,DEMO-KPT-12592,House No. CR-541,Street 7,FB Area,19,5,House,Fayyaz Qadri,Jamil Zardari,Verified,Paid,Clear,Paid,82000000.0
3036,Aneeqa Sheikh,DEMO-KPT-3036,House No. D-658,Street 8,FB Area,19,5,House,Aneeqa Sheikh,Fatima Qadir,Pending,Paid,Under Review,Due,81100000.0
9336,Zubaid Rind,DEMO-KPT-9336,House No. RD-370,Street 8,FB Area,19,5,House,Zubaid Rind,Lubna Laghari,Pending,Paid,Under Review,Due,96400000.0
6168,Bareera Shafiq,DEMO-KPT-6168,House No. DC-730,Street 14,FB Area,19,5,House,Bareera Shafiq,Ghazala Mengal,Verified,Due,Issue Found,Paid,99700000.0
12561,Shahab Talpur,DEMO-KPT-12561,House No. BC-460,Street 16,FB Area,19,5,House,Shahab Talpur,Saira Bilgrami,Verified,Paid,Clear,Due,94700000.0
9232,Asim Sahito,DEMO-KPT-9232,House No. DB-604,Street 17,FB Area,19,5,House,Asim Sahito,Riaz Riaz,Litigated,Due,Issue Found,Due,86700000.0
6143,Rashida Tariq,DEMO-KPT-6143,House No. DR-347,Street 18,FB Area,19,5,House,Rashida Tariq,Muzammil Mian,Litigated,Paid,Clear,Paid,96600000.0
14258,Talal Afridi,DEMO-KPT-14258,House No. RDC-733,Street 19,FB Area,19,5,House,Talal Afridi,Mariam Khalid,Verified,Paid,Under Review,Due,85300000.0
15993,Rooman Dreshak,DEMO-KPT-15993,House No. DBC-366,Street 21,FB Area,19,5,House,Rooman Dreshak,Jamila Aslam,Verified,Due,Issue Found,Paid,99600000.0
4605,Areeba Kazmi,DEMO-KPT-4605,House No. DB-514,Street 26,FB Area,19,5,House,Areeba Kazmi,Samra Khosa,Pending,Paid,Issue Found,Paid,94600000.0
3029,Sheraz Riaz,DEMO-KPT-3029,House No. R-855,Street 27,FB Area,19,5,House,Sheraz Riaz,Aqib Ghumman,Pending,Due,Issue Found,Paid,90600000.0
15968,Amjad Bangash,DEMO-KPT-15968,House No. DBC-771,Street 27,FB Area,19,5,House,Amjad Bangash,Arisha Saif,Pending,Due,Under Review,Due,95800000.0
3045,Khawar Nasar,DEMO-KPT-3045,House No. R-527,Street 28,FB Area,19,5,House,Khawar Nasar,Shazia Chattha,Litigated,Due,Clear,Due,96300000.0
6195,Asra Mustafa,DEMO-KPT-6195,House No. DR-489,Street 28,FB Area,19,5,House,Asra Mustafa,Farhan Dogar,Litigated,Due,Clear,Due,80700000.0
15937,Qamar Jamal,DEMO-KPT-15937,House No. DCB-825,Street 29,FB Area,19,5,House,Qamar Jamal,Sajida Dreshak,Pending,Due,Clear,Paid,92700000.0
3103,Yaqoob Cheema,DEMO-KPT-3103,House No. C-719,Street 1,FB Area,20,5,House,Yaqoob Cheema,Samra Siddiqui,Verified,Paid,Issue Found,Due,96000000.0
6279,Shafaq Palijo,DEMO-KPT-6279,House No. BC-788,Street 1,FB Area,20,5,House,Shafaq Palijo,Nazia Anwar,Pending,Due,Issue Found,Paid,93900000.0
12690,Hania Unar,DEMO-KPT-12690,House No. DR-676,Street 2,FB Area,20,5,House,Hania Unar,Masood Yasin,Verified,Due,Under Review,Due,87400000.0
7828,Sonia Ansari,DEMO-KPT-7828,House No. CB-739,Street 3,FB Area,20,5,House,Sonia Ansari,Aziz Farooq,Pending,Paid,Under Review,Paid,96400000.0
11059,Wania Abbasi,DEMO-KPT-11059,House No. BC-572,Street 3,FB Area,20,5,House,Wania Abbasi,Rafia Cheena,Litigated,Due,Clear,Due,87700000.0
16039,Ahmed Gabol,DEMO-KPT-16039,House No. CRD-519,Street 4,FB Area,20,5,House,Ahmed Gabol,Shayan Sahito,Verified,Due,Issue Found,Paid,92300000.0
11048,Sara Mohammadzai,DEMO-KPT-11048,House No. DD-573,Street 7,FB Area,20,5,House,Sara Mohammadzai,Mateen Qazi,Litigated,Due,Issue Found,Due,86200000.0
4645,Tabish Zubairi,DEMO-KPT-4645,House No. CC-441,Street 8,FB Area,20,5,House,Tabish Zubairi,Ashraf Talpur,Verified,Paid,Under Review,Paid,97500000.0
6281,Abeera Saeed,DEMO-KPT-6281,House No. DB-378,Street 8,FB Area,20,5,House,Abeera Saeed,Farah Naseem,Pending,Due,Clear,Paid,90300000.0
14381,Tauseef Mangi,DEMO-KPT-14381,House No. RCB-481,Street 8,FB Area,20,5,House,Tauseef Mangi,Aashir Rehman,Pending,Due,Clear,Paid,87600000.0
3128,Bilal Naseem,DEMO-KPT-3128,House No. B-648,Street 9,FB Area,20,5,House,Bilal Naseem,Haseeb Haral,Litigated,Due,Issue Found,Paid,91600000.0
9375,Yusra Saif,DEMO-KPT-9375,House No. RD-809,Street 13,FB Area,20,5,House,Yusra Saif,Tayyeb Sadiq,Pending,Paid,Clear,Due,81800000.0
16110,Qurat Hinjra,DEMO-KPT-16110,House No. CDB-655,Street 13,FB Area,20,5,House,Qurat Hinjra,Asim Janjua,Litigated,Due,Clear,Paid,97600000.0
16043,Arsalan Wazir,DEMO-KPT-16043,House No. DBC-811,Street 18,FB Area,20,5,House,Arsalan Wazir,Shahida Qureshi,Litigated,Paid,Clear,Paid,81500000.0
11121,Zahid Pirzada,DEMO-KPT-11121,House No. DC-590,Street 19,FB Area,20,5,House,Zahid Pirzada,Zubaida Dar,Verified,Paid,Clear,Paid,84000000.0
14327,Nasir Durrani,DEMO-KPT-14327,House No. RDC-582,Street 19,FB Area,20,5,House,Nasir Durrani,Hoorain Raza,Pending,Due,Issue Found,Paid,91200000.0
4653,Maaz Mari,DEMO-KPT-4653,House No. CB-521,Street 20,FB Area,20,5,House,Maaz Mari,Nayab Khattak,Verified,Paid,Issue Found,Due,90600000.0
14337,Zunair Sandhu,DEMO-KPT-14337,House No. RBD-720,Street 20,FB Area,20,5,House,Zunair Sandhu,Rimsha Bajwa,Litigated,Paid,Under Review,Due,92300000.0
4633,Amna Baig,DEMO-KPT-4633,House No. BR-725,Street 22,FB Area,20,5,House,Amna Baig,Husna Mirani,Litigated,Paid,Issue Found,Due,91800000.0
4661,Naureen Unar,DEMO-KPT-4661,House No. DB-611,Street 22,FB Area,20,5,House,Naureen Unar,Neha Ali,Pending,Due,Clear,Paid,85200000.0
9370,Zubia Hashmi,DEMO-KPT-9370,House No. RD-778,Street 22,FB Area,20,5,House,Zubia Hashmi,Kamil Farooq,Pending,Paid,Issue Found,Due,88700000.0
11139,Wasim Palijo,DEMO-KPT-11139,House No. DR-384,Street 22,FB Area,20,5,House,Wasim Palijo,Irtaza Mahesar,Litigated,Paid,Clear,Paid,95500000.0
3104,Tahira Lakhani,DEMO-KPT-3104,House No. C-317,Street 23,FB Area,20,5,House,Tahira Lakhani,Misbah Rana,Litigated,Paid,Clear,Paid,83600000.0
16708,Inshal Butt,DEMO-KPT-16708,House No. BDR-668,Street 1,Gulistan-e-Johar,1,5,House,Inshal Butt,Unaiza Hameed,Pending,Paid,Clear,Paid,90100000.0
3058,Nayyar Soomro,DEMO-KPT-3058,House No. C-327,Street 2,Gulistan-e-Johar,1,5,House,Nayyar Soomro,Sania Nadeem,Pending,Due,Under Review,Paid,96000000.0
9709,Marwa Raza,DEMO-KPT-9709,House No. RD-730,Street 3,Gulistan-e-Johar,1,5,House,Marwa Raza,Jalal Javed,Litigated,Due,Clear,Due,87800000.0
3037,Yasir Nawaz,DEMO-KPT-3037,House No. B-357,Street 4,Gulistan-e-Johar,1,5,House,Yasir Nawaz,Mohib Ahmed,Pending,Paid,Clear,Due,98500000.0
14995,Azeem Bugti,DEMO-KPT-14995,House No. DCB-794,Street 8,Gulistan-e-Johar,1,5,House,Azeem Bugti,Waseem Malik,Verified,Paid,Under Review,Paid,97900000.0
16631,Maaz Bhat,DEMO-KPT-16631,House No. RBC-712,Street 8,Gulistan-e-Johar,1,5,House,Maaz Bhat,Uroosa Ijaz,Pending,Due,Clear,Paid,99300000.0
1521,Nighat Zubair,DEMO-KPT-1521,House No. R-495,Street 9,Gulistan-e-Johar,1,5,House,Nighat Zubair,Waqas Rabbani,Litigated,Paid,Under Review,Due,85900000.0
6381,Sadiq Jafri,DEMO-KPT-6381,House No. BR-475,Street 13,Gulistan-e-Johar,1,5,House,Sadiq Jafri,Nosheen Usmani,Pending,Due,Under Review,Paid,90900000.0
6417,Waqar Khalid,DEMO-KPT-6417,House No. DB-773,Street 14,Gulistan-e-Johar,1,5,House,Waqar Khalid,Kaleemullah Bhurgri,Litigated,Due,Clear,Due,96700000.0
9768,Ayeza Kiani,DEMO-KPT-9768,House No. CB-860,Street 14,Gulistan-e-Johar,1,5,House,Ayeza Kiani,Uzma Tanvir,Verified,Due,Issue Found,Paid,82300000.0
14967,Rubina Baig,DEMO-KPT-14967,House No. RDC-745,Street 14,Gulistan-e-Johar,1,5,House,Rubina Baig,Hira Yaqoob,Litigated,Due,Clear,Due,98000000.0
3063,Mateen Barakzai,DEMO-KPT-3063,House No. B-895,Street 16,Gulistan-e-Johar,1,5,House,Mateen Barakzai,Batool Jamali,Verified,Paid,Under Review,Due,82400000.0
9758,Tahseen Turk,DEMO-KPT-9758,House No. CR-650,Street 19,Gulistan-e-Johar,1,5,House,Tahseen Turk,Yasmeen Bhurgri,Verified,Paid,Under Review,Due,80000000.0
14941,Samina Warraich,DEMO-KPT-14941,House No. RBD-392,Street 19,Gulistan-e-Johar,1,5,House,Samina Warraich,Haleema Turk,Pending,Due,Issue Found,Paid,85400000.0
9693,Komal Dar,DEMO-KPT-9693,House No. DR-508,Street 21,Gulistan-e-Johar,1,5,House,Komal Dar,Riaz Khosa,Verified,Due,Issue Found,Paid,92200000.0
14946,Khawar Marwat,DEMO-KPT-14946,House No. DBR-341,Street 23,Gulistan-e-Johar,1,5,House,Khawar Marwat,Nosheen Bijarani,Litigated,Due,Issue Found,Due,81900000.0
4718,Qayyum Bashir,DEMO-KPT-4718,House No. RB-514,Street 27,Gulistan-e-Johar,1,5,House,Qayyum Bashir,Daniya Parvez,Pending,Due,Under Review,Due,83300000.0
11518,Fahad Baig,DEMO-KPT-11518,House No. DD-678,Street 27,Gulistan-e-Johar,1,5,House,Fahad Baig,Rabia Lak,Pending,Paid,Issue Found,Paid,95100000.0
13318,Hafiz Kharal,DEMO-KPT-13318,House No. BC-563,Street 27,Gulistan-e-Johar,1,5,House,Hafiz Kharal,Taha Khuhro,Pending,Paid,Issue Found,Paid,85700000.0
13291,Arbaz Khalid,DEMO-KPT-13291,House No. BC-636,Street 29,Gulistan-e-Johar,1,5,House,Arbaz Khalid,Maryam Farooq,Verified,Due,Issue Found,Paid,93200000.0
16605,Azeem Dawood,DEMO-KPT-16605,House No. BDC-641,Street 30,Gulistan-e-Johar,1,5,House,Azeem Dawood,Ashar Hoti,Verified,Due,Under Review,Paid,97400000.0
8150,Qurat Khalid,DEMO-KPT-8150,House No. CD-657,Street 1,Gulistan-e-Johar,2,5,House,Qurat Khalid,Liaquat Palijo,Pending,Paid,Issue Found,Due,91300000.0
16740,Kinza Bajwa,DEMO-KPT-16740,House No. CDR-831,Street 2,Gulistan-e-Johar,2,5,House,Kinza Bajwa,Zulfiqar Bhat,Verified,Due,Under Review,Due,80200000.0
9888,Maimoona Randhawa,DEMO-KPT-9888,House No. DC-303,Street 5,Gulistan-e-Johar,2,5,House,Maimoona Randhawa,Fareed Swati,Litigated,Due,Clear,Paid,80200000.0
16795,Zuha Chaudhry,DEMO-KPT-16795,House No. RDC-595,Street 8,Gulistan-e-Johar,2,5,House,Zuha Chaudhry,Shaista Tunio,Verified,Paid,Under Review,Paid,97800000.0
4857,Sumaira Kharal,DEMO-KPT-4857,House No. RD-515,Street 9,Gulistan-e-Johar,2,5,House,Sumaira Kharal,Anam Bilgrami,Litigated,Paid,Clear,Paid,88700000.0
1607,Mustafa Shakir,DEMO-KPT-1607,House No. B-537,Street 12,Gulistan-e-Johar,2,5,House,Mustafa Shakir,Parveen Mahsud,Pending,Due,Under Review,Paid,83000000.0
13404,Sharmeen Ghazali,DEMO-KPT-13404,House No. BB-637,Street 13,Gulistan-e-Johar,2,5,House,Sharmeen Ghazali,Javaria Korai,Litigated,Due,Issue Found,Paid,90800000.0
15038,Sidra Yazdani,DEMO-KPT-15038,House No. RBD-521,Street 13,Gulistan-e-Johar,2,5,House,Sidra Yazdani,Shaista Shah,Pending,Paid,Clear,Paid,97700000.0
1579,Munir Khalid,DEMO-KPT-1579,House No. D-710,Street 15,Gulistan-e-Johar,2,5,House,Munir Khalid,Haziq Gondal,Pending,Paid,Under Review,Due,83300000.0
6506,Wahab Malik,DEMO-KPT-6506,House No. BC-558,Street 19,Gulistan-e-Johar,2,5,House,Wahab Malik,Balaj Mahsud,Litigated,Paid,Issue Found,Due,92200000.0
11570,Afreen Hoti,DEMO-KPT-11570,House No. CB-769,Street 19,Gulistan-e-Johar,2,5,House,Afreen Hoti,Rubab Haral,Verified,Due,Issue Found,Paid,81800000.0
11627,Dania Khattak,DEMO-KPT-11627,House No. BR-538,Street 19,Gulistan-e-Johar,2,5,House,Dania Khattak,Zakariya Marwat,Pending,Due,Issue Found,Paid,85800000.0
15093,Neha Dayo,DEMO-KPT-15093,House No. BDC-480,Street 21,Gulistan-e-Johar,2,5,House,Neha Dayo,Bashir Abbasi,Verified,Due,Issue Found,Paid,89800000.0
6522,Sumayya Shah,DEMO-KPT-6522,House No. BC-494,Street 23,Gulistan-e-Johar,2,5,House,Sumayya Shah,Arsalan Khosa,Litigated,Due,Under Review,Due,82200000.0
11609,Sumayya Khuhro,DEMO-KPT-11609,House No. RB-859,Street 25,Gulistan-e-Johar,2,5,House,Sumayya Khuhro,Mahnaz Gilani,Verified,Due,Clear,Paid,98700000.0
6568,Saba Toor,DEMO-KPT-6568,House No. RD-580,Street 27,Gulistan-e-Johar,2,5,House,Saba Toor,Marium Shafi,Pending,Paid,Issue Found,Paid,82600000.0
13395,Tahira Rabbani,DEMO-KPT-13395,House No. CR-882,Street 28,Gulistan-e-Johar,2,5,House,Tahira Rabbani,Shakeel Kamal,Litigated,Due,Clear,Due,82600000.0
4882,Aleena Tareen,DEMO-KPT-4882,House No. RB-896,Street 3,Gulistan-e-Johar,3,5,House,Aleena Tareen,Unaiza Afridi,Litigated,Due,Clear,Due,88000000.0
13432,Habib Mangi,DEMO-KPT-13432,House No. CD-386,Street 3,Gulistan-e-Johar,3,5,House,Habib Mangi,Nawaz Wazir,Litigated,Due,Clear,Due,89400000.0
1639,Farah Dayo,DEMO-KPT-1639,House No. D-671,Street 4,Gulistan-e-Johar,3,5,House,Farah Dayo,Nayab Mansoor,Verified,Due,Issue Found,Paid,87600000.0
3155,Sobia Kazmi,DEMO-KPT-3155,House No. R-760,Street 4,Gulistan-e-Johar,3,5,House,Sobia Kazmi,Aqsa Daudzai,Verified,Paid,Issue Found,Paid,83500000.0
13505,Farheen Haral,DEMO-KPT-13505,House No. BCD-873,Street 4,Gulistan-e-Johar,3,5,House,Farheen Haral,Areeba Zia,Verified,Paid,Issue Found,Paid,89700000.0
3142,Aqib Khan,DEMO-KPT-3142,House No. C-755,Street 7,Gulistan-e-Johar,3,5,House,Aqib Khan,Hafsa Saif,Verified,Paid,Clear,Paid,99800000.0
4897,Nizam Junejo,DEMO-KPT-4897,House No. DD-453,Street 8,Gulistan-e-Johar,3,5,House,Nizam Junejo,Fida Peerzada,Litigated,Paid,Clear,Paid,99200000.0
13481,Ambreen Ghazali,DEMO-KPT-13481,House No. RDC-349,Street 8,Gulistan-e-Johar,3,5,House,Ambreen Ghazali,Zoya Virk,Pending,Due,Clear,Paid,83400000.0
11678,Zunaira Butt,DEMO-KPT-11678,House No. CD-824,Street 9,Gulistan-e-Johar,3,5,House,Zunaira Butt,Idrees Gill,Litigated,Due,Issue Found,Paid,96400000.0
6623,Ubaid Zubairi,DEMO-KPT-6623,House No. CB-815,Street 10,Gulistan-e-Johar,3,5,House,Ubaid Zubairi,Amber Noor,Litigated,Due,Under Review,Paid,97300000.0
15107,Riaz Jamali,DEMO-KPT-15107,House No. BCD-695,Street 12,Gulistan-e-Johar,3,5,House,Riaz Jamali,Farooq Buriro,Pending,Due,Under Review,Paid,83600000.0
4875,Aneela Wani,DEMO-KPT-4875,House No. DD-774,Street 13,Gulistan-e-Johar,3,5,House,Aneela Wani,Owais Parvez,Pending,Paid,Clear,Due,81700000.0
16838,Salahuddin Wani,DEMO-KPT-16838,House No. RCD-444,Street 13,Gulistan-e-Johar,3,5,House,Salahuddin Wani,Saba Bajwa,Pending,Paid,Clear,Paid,93500000.0
6615,Rubab Samo,DEMO-KPT-6615,House No. RB-804,Street 15,Gulistan-e-Johar,3,5,House,Rubab Samo,Ayan Daudzai,Verified,Due,Clear,Paid,94400000.0
15132,Saba Mughal,DEMO-KPT-15132,House No. BRC-848,Street 15,Gulistan-e-Johar,3,5,House,Saba Mughal,Sufyan Hameed,Verified,Due,Clear,Paid,80200000.0
1643,Neha Mustafa,DEMO-KPT-1643,House No. D-446,Street 18,Gulistan-e-Johar,3,5,House,Neha Mustafa,Qurat Rafique,Litigated,Paid,Clear,Paid,95600000.0
3203,Javeria Minhas,DEMO-KPT-3203,House No. D-337,Street 18,Gulistan-e-Johar,3,5,House,Javeria Minhas,Nizam Wazir,Litigated,Paid,Clear,Paid,96600000.0
4909,Benazir Kidwai,DEMO-KPT-4909,House No. RB-613,Street 18,Gulistan-e-Johar,3,5,House,Benazir Kidwai,Sumbal Saif,Verified,Paid,Under Review,Due,84200000.0
6593,Sadiq Riaz,DEMO-KPT-6593,House No. CD-380,Street 18,Gulistan-e-Johar,3,5,House,Sadiq Riaz,Haseeb Bashir,Litigated,Paid,Clear,Paid,91200000.0
11659,Saeeda Dar,DEMO-KPT-11659,House No. RC-506,Street 18,Gulistan-e-Johar,3,5,House,Saeeda Dar,Rehman Abbasi,Verified,Paid,Under Review,Due,88900000.0
6608,Warda Ghaffar,DEMO-KPT-6608,House No. DB-698,Street 19,Gulistan-e-Johar,3,5,House,Warda Ghaffar,Ashar Ali,Verified,Paid,Under Review,Due,98400000.0
9920,Aamir Wazir,DEMO-KPT-9920,House No. RR-710,Street 20,Gulistan-e-Johar,3,5,House,Aamir Wazir,Hadiqa Lughmani,Litigated,Paid,Issue Found,Due,85400000.0
16803,Zahra Mughal,DEMO-KPT-16803,House No. BRC-896,Street 20,Gulistan-e-Johar,3,5,House,Zahra Mughal,Shaheer Lari,Verified,Paid,Issue Found,Due,96000000.0
13449,Muneeb Toor,DEMO-KPT-13449,House No. BDC-592,Street 24,Gulistan-e-Johar,3,5,House,Muneeb Toor,Naeem Warraich,Pending,Paid,Issue Found,Paid,99100000.0
1647,Maryam Qazi,DEMO-KPT-1647,House No. R-309,Street 25,Gulistan-e-Johar,3,5,House,Maryam Qazi,Inshal Swati,Verified,Paid,Under Review,Paid,83800000.0
3172,Balaj Parvez,DEMO-KPT-3172,House No. B-495,Street 29,Gulistan-e-Johar,3,5,House,Balaj Parvez,Athar Abbasi,Litigated,Due,Issue Found,Due,90500000.0
6574,Zahida Zia,DEMO-KPT-6574,House No. RR-381,Street 29,Gulistan-e-Johar,3,5,House,Zahida Zia,Ayeza Khokhar,Verified,Due,Clear,Paid,95700000.0
3328,Waleed Ijaz,DEMO-KPT-3328,House No. R-806,Street 3,Gulistan-e-Johar,4,5,House,Waleed Ijaz,Aleeza Sardar,Pending,Paid,Under Review,Paid,97500000.0
6682,Owais Tarar,DEMO-KPT-6682,House No. DC-826,Street 3,Gulistan-e-Johar,4,5,House,Owais Tarar,Hafiz Mughal,Litigated,Due,Clear,Due,91300000.0
10078,Umaima Mohammadzai,DEMO-KPT-10078,House No. RD-568,Street 3,Gulistan-e-Johar,4,5,House,Umaima Mohammadzai,Afzal Zubairi,Pending,Paid,Under Review,Paid,85500000.0
6636,Tayyab Tareen,DEMO-KPT-6636,House No. DC-553,Street 8,Gulistan-e-Johar,4,5,House,Tayyab Tareen,Abubakar Mian,Pending,Paid,Under Review,Due,82200000.0
13549,Tayyaba Ali,DEMO-KPT-13549,House No. BCR-794,Street 8,Gulistan-e-Johar,4,5,House,Tayyaba Ali,Kabeer Palijo,Pending,Paid,Under Review,Paid,82500000.0
15247,Raees Shafi,DEMO-KPT-15247,House No. DCB-712,Street 8,Gulistan-e-Johar,4,5,House,Raees Shafi,Hussain Yaqoob,Litigated,Paid,Clear,Paid,83500000.0
1669,Amjad Warraich,DEMO-KPT-1669,House No. D-866,Street 12,Gulistan-e-Johar,4,5,House,Amjad Warraich,Umair Awan,Pending,Due,Issue Found,Paid,99200000.0
15169,Aun Hafeez,DEMO-KPT-15169,House No. CBR-873,Street 12,Gulistan-e-Johar,4,5,House,Aun Hafeez,Shanza Ahmed,Pending,Due,Issue Found,Paid,83100000.0
15204,Rafiq Awan,DEMO-KPT-15204,House No. DCR-801,Street 13,Gulistan-e-Johar,4,5,House,Rafiq Awan,Qaiser Saeed,Litigated,Due,Issue Found,Paid,95000000.0
4992,Tayyaba Mengal,DEMO-KPT-4992,House No. RD-892,Street 15,Gulistan-e-Johar,4,5,House,Tayyaba Mengal,Urwa Randhawa,Pending,Due,Issue Found,Paid,98600000.0
16879,Fayyaz Yousaf,DEMO-KPT-16879,House No. DRB-597,Street 15,Gulistan-e-Johar,4,5,House,Fayyaz Yousaf,Khizar Kamboh,Pending,Paid,Under Review,Due,89800000.0
9983,Naeem Zia,DEMO-KPT-9983,House No. CC-560,Street 18,Gulistan-e-Johar,4,5,House,Naeem Zia,Ghazanfar Ijaz,Litigated,Due,Issue Found,Paid,88900000.0
15259,Mahir Toor,DEMO-KPT-15259,House No. CRD-487,Street 18,Gulistan-e-Johar,4,5,House,Mahir Toor,Farwa Raza,Verified,Paid,Under Review,Due,90900000.0
1671,Arif Sipra,DEMO-KPT-1671,House No. B-641,Street 19,Gulistan-e-Johar,4,5,House,Arif Sipra,Nida Zubairi,Verified,Paid,Clear,Paid,88000000.0
6677,Eman Ghazali,DEMO-KPT-6677,House No. BB-351,Street 19,Gulistan-e-Johar,4,5,House,Eman Ghazali,Saleem Siddiqui,Pending,Due,Issue Found,Paid,83500000.0
13520,Batool Barakzai,DEMO-KPT-13520,House No. DRB-647,Street 20,Gulistan-e-Johar,4,5,House,Batool Barakzai,Danish Iqbal,Litigated,Paid,Issue Found,Due,86300000.0
16872,Nargis Bettani,DEMO-KPT-16872,House No. DRB-624,Street 23,Gulistan-e-Johar,4,5,House,Nargis Bettani,Asif Hinjra,Litigated,Due,Under Review,Due,87000000.0
15209,Burhan Tariq,DEMO-KPT-15209,House No. BRC-887,Street 25,Gulistan-e-Johar,4,5,House,Burhan Tariq,Bahadur Sial,Verified,Due,Clear,Paid,96500000.0
16857,Erum Memon,DEMO-KPT-16857,House No. BDC-693,Street 25,Gulistan-e-Johar,4,5,House,Erum Memon,Shehzad Mangi,Verified,Due,Under Review,Paid,82100000.0
13522,Aqib Swati,DEMO-KPT-13522,House No. BCR-672,Street 29,Gulistan-e-Johar,4,5,House,Aqib Swati,Zaid Zia,Litigated,Due,Issue Found,Due,86300000.0
15350,Wajid Tunio,DEMO-KPT-15350,House No. DBR-771,Street 1,Gulistan-e-Johar,5,5,House,Wajid Tunio,Esha Zaidi,Pending,Paid,Issue Found,Due,94100000.0
16909,Shaheen Magsi,DEMO-KPT-16909,House No. CDR-622,Street 3,Gulistan-e-Johar,5,5,House,Shaheen Magsi,Farah Bugti,Litigated,Due,Clear,Due,95300000.0
6755,Tabassum Riaz,DEMO-KPT-6755,House No. CB-380,Street 4,Gulistan-e-Johar,5,5,House,Tabassum Riaz,Aashir Hayat,Verified,Paid,Issue Found,Paid,95300000.0
16939,Javed Tariq,DEMO-KPT-16939,House No. CRB-689,Street 4,Gulistan-e-Johar,5,5,House,Javed Tariq,Abubakar Yasin,Verified,Due,Issue Found,Paid,98400000.0
10148,Khizar Ghani,DEMO-KPT-10148,House No. DC-823,Street 7,Gulistan-e-Johar,5,5,House,Khizar Ghani,Ahmed Tunio,Litigated,Due,Issue Found,Due,95500000.0
15366,Maqsood Rabbani,DEMO-KPT-15366,House No. BDR-754,Street 8,Gulistan-e-Johar,5,5,House,Maqsood Rabbani,Alizeh Mir,Pending,Due,Clear,Due,87200000.0
3407,Samina Jafri,DEMO-KPT-3407,House No. R-446,Street 12,Gulistan-e-Johar,5,5,House,Samina Jafri,Ramsha Yousaf,Pending,Due,Under Review,Paid,99900000.0
3405,Ashar Saif,DEMO-KPT-3405,House No. R-863,Street 13,Gulistan-e-Johar,5,5,House,Ashar Saif,Mazhar Ghaffar,Litigated,Due,Under Review,Paid,97600000.0
10155,Talal Cheema,DEMO-KPT-10155,House No. BR-548,Street 13,Gulistan-e-Johar,5,5,House,Talal Cheema,Irum Qureshi,Litigated,Due,Under Review,Paid,80600000.0
8463,Ammar Tahir,DEMO-KPT-8463,House No. DD-618,Street 16,Gulistan-e-Johar,5,5,House,Ammar Tahir,Shifa Ijaz,Verified,Paid,Under Review,Due,96800000.0
10117,Faiza Mirza,DEMO-KPT-10117,House No. BC-749,Street 16,Gulistan-e-Johar,5,5,House,Faiza Mirza,Mehak Bangash,Verified,Paid,Under Review,Paid,87700000.0
1759,Mirha Kamal,DEMO-KPT-1759,House No. R-799,Street 18,Gulistan-e-Johar,5,5,House,Mirha Kamal,Samiya Siddiqui,Verified,Paid,Under Review,Due,85200000.0
15353,Zartaj Baig,DEMO-KPT-15353,House No. CBD-397,Street 18,Gulistan-e-Johar,5,5,House,Zartaj Baig,Sultan Popalzai,Litigated,Paid,Clear,Paid,93200000.0
10106,Kashaf Mangi,DEMO-KPT-10106,House No. DD-685,Street 19,Gulistan-e-Johar,5,5,House,Kashaf Mangi,Sara Warsi,Litigated,Paid,Issue Found,Due,95500000.0
8487,Wajiha Palijo,DEMO-KPT-8487,House No. RD-409,Street 20,Gulistan-e-Johar,5,5,House,Wajiha Palijo,Bakht Joiya,Litigated,Paid,Under Review,Due,93000000.0
16956,Mehboob Minhas,DEMO-KPT-16956,House No. RDB-741,Street 22,Gulistan-e-Johar,5,5,House,Mehboob Minhas,Laraib Wani,Litigated,Paid,Issue Found,Due,84800000.0
13596,Hammad Tariq,DEMO-KPT-13596,House No. RBD-569,Street 23,Gulistan-e-Johar,5,5,House,Hammad Tariq,Rida Marri,Litigated,Due,Issue Found,Due,99100000.0
8465,Maimoona Khattak,DEMO-KPT-8465,House No. BD-326,Street 24,Gulistan-e-Johar,5,5,House,Maimoona Khattak,Saif Zaidi,Litigated,Due,Issue Found,Paid,90000000.0
6747,Mahnaz Talpur,DEMO-KPT-6747,House No. DD-496,Street 25,Gulistan-e-Johar,5,5,House,Mahnaz Talpur,Zunair Gill,Litigated,Paid,Clear,Paid,87500000.0
11907,Noman Soomro,DEMO-KPT-11907,House No. RR-532,Street 25,Gulistan-e-Johar,5,5,House,Noman Soomro,Mahira Mustafa,Verified,Due,Under Review,Paid,96500000.0
16947,Mehmood Farooq,DEMO-KPT-16947,House No. RCB-491,Street 25,Gulistan-e-Johar,5,5,House,Mehmood Farooq,Mehboob Waheed,Verified,Paid,Under Review,Paid,81300000.0
5055,Wajiha Nasar,DEMO-KPT-5055,House No. RB-338,Street 26,Gulistan-e-Johar,5,5,House,Wajiha Nasar,Shehryar Afridi,Pending,Paid,Issue Found,Paid,100000000.0
6720,Beenish Kalhoro,DEMO-KPT-6720,House No. CR-365,Street 26,Gulistan-e-Johar,5,5,House,Beenish Kalhoro,Saeed Laghari,Pending,Due,Under Review,Due,86100000.0
11941,Mahnaz Kalhoro,DEMO-KPT-11941,House No. DB-807,Street 29,Gulistan-e-Johar,5,5,House,Mahnaz Kalhoro,Haider Naqvi,Verified,Due,Issue Found,Paid,92600000.0
8608,Beenish Awan,DEMO-KPT-8608,House No. CC-638,Street 1,Gulistan-e-Johar,6,5,House,Beenish Awan,Abrar Mazari,Pending,Paid,Clear,Paid,89800000.0
11959,Neelam Barakzai,DEMO-KPT-11959,House No. DB-416,Street 3,Gulistan-e-Johar,6,5,House,Neelam Barakzai,Imtiaz Janjua,Litigated,Due,Clear,Due,82800000.0
13678,Anila Dar,DEMO-KPT-13678,House No. RCB-455,Street 3,Gulistan-e-Johar,6,5,House,Anila Dar,Parvez Bukhari,Pending,Paid,Under Review,Paid,86100000.0
12037,Nasrullah Jamali,DEMO-KPT-12037,House No. BD-696,Street 4,Gulistan-e-Johar,6,5,House,Nasrullah Jamali,Awais Kazmi,Pending,Paid,Clear,Due,92700000.0
1866,Dilshad Umer,DEMO-KPT-1866,House No. B-893,Street 8,Gulistan-e-Johar,6,5,House,Dilshad Umer,Yahya Qadri,Pending,Due,Clear,Due,96300000.0
8599,Sonia Mangi,DEMO-KPT-8599,House No. DD-787,Street 8,Gulistan-e-Johar,6,5,House,Sonia Mangi,Rakhshanda Janjua,Pending,Paid,Under Review,Paid,95200000.0
15445,Beenish Haral,DEMO-KPT-15445,House No. DBR-498,Street 8,Gulistan-e-Johar,6,5,House,Beenish Haral,Khadija Saif,Verified,Paid,Under Review,Paid,81800000.0
10223,Ambreen Unar,DEMO-KPT-10223,House No. BD-450,Street 10,Gulistan-e-Johar,6,5,House,Ambreen Unar,Rubab Dar,Litigated,Due,Under Review,Paid,93500000.0
16973,Ghulam Baloch,DEMO-KPT-16973,House No. DRC-792,Street 10,Gulistan-e-Johar,6,5,House,Ghulam Baloch,Tariq Shaikh,Litigated,Due,Under Review,Paid,80300000.0
15379,Zulfiqar Sial,DEMO-KPT-15379,House No. RBD-656,Street 14,Gulistan-e-Johar,6,5,House,Zulfiqar Sial,Sadia Cheena,Verified,Due,Issue Found,Paid,89200000.0
15417,Tayyeb Hameed,DEMO-KPT-15417,House No. RBD-395,Street 14,Gulistan-e-Johar,6,5,House,Tayyeb Hameed,Yumna Swati,Litigated,Due,Clear,Due,88100000.0
5179,Neha Lari,DEMO-KPT-5179,House No. BB-616,Street 15,Gulistan-e-Johar,6,5,House,Neha Lari,Zulekha Bangash,Pending,Paid,Under Review,Due,83300000.0
1855,Jazib Sheikh,DEMO-KPT-1855,House No. R-638,Street 16,Gulistan-e-Johar,6,5,House,Jazib Sheikh,Amara Virk,Pending,Paid,Under Review,Paid,89900000.0
1853,Sadaqat Marri,DEMO-KPT-1853,House No. D-508,Street 18,Gulistan-e-Johar,6,5,House,Sadaqat Marri,Zartaj Bilgrami,Litigated,Paid,Clear,Paid,94500000.0
3470,Kaleem Pirzada,DEMO-KPT-3470,House No. B-457,Street 19,Gulistan-e-Johar,6,5,House,Kaleem Pirzada,Mohsin Mansoor,Verified,Due,Issue Found,Paid,90700000.0
6841,Shanza Ranjha,DEMO-KPT-6841,House No. DB-775,Street 19,Gulistan-e-Johar,6,5,House,Shanza Ranjha,Nauman Farooqi,Pending,Due,Issue Found,Paid,89300000.0
10221,Farzana Ansari,DEMO-KPT-10221,House No. CB-513,Street 19,Gulistan-e-Johar,6,5,House,Farzana Ansari,Mehak Qadir,Verified,Paid,Clear,Paid,93900000.0
12058,Irum Tanvir,DEMO-KPT-12058,House No. DB-510,Street 2,Gulistan-e-Johar,7,5,House,Irum Tanvir,Mahira Dar,Pending,Due,Under Review,Paid,97400000.0
5239,Fauzia Bhittani,DEMO-KPT-5239,House No. CB-803,Street 4,Gulistan-e-Johar,7,5,House,Fauzia Bhittani,Raheela Zardari,Verified,Due,Issue Found,Paid,84400000.0
1945,Areeba Saeed,DEMO-KPT-1945,House No. B-497,Street 8,Gulistan-e-Johar,7,5,House,Areeba Saeed,Rabia Buriro,Verified,Paid,Under Review,Paid,99500000.0
3578,Azhar Kasi,DEMO-KPT-3578,House No. R-417,Street 9,Gulistan-e-Johar,7,5,House,Azhar Kasi,Rabia Rehman,Litigated,Due,Issue Found,Paid,92000000.0
6889,Suleman Usmani,DEMO-KPT-6889,House No. RC-670,Street 10,Gulistan-e-Johar,7,5,House,Suleman Usmani,Maira Tunio,Verified,Paid,Issue Found,Due,99700000.0
13757,Iqra Shah,DEMO-KPT-13757,House No. RCD-607,Street 12,Gulistan-e-Johar,7,5,House,Iqra Shah,Rameez Mustafa,Pending,Due,Under Review,Paid,81800000.0
13755,Laraib Zaidi,DEMO-KPT-13755,House No. CRD-658,Street 13,Gulistan-e-Johar,7,5,House,Laraib Zaidi,Sadaf Shaikh,Litigated,Due,Under Review,Paid,80400000.0
1917,Sibtain Jaffri,DEMO-KPT-1917,House No. B-507,Street 14,Gulistan-e-Johar,7,5,House,Sibtain Jaffri,Sadiq Janjua,Litigated,Due,Clear,Due,95000000.0
8629,Lubna Lughmani,DEMO-KPT-8629,House No. BC-719,Street 14,Gulistan-e-Johar,7,5,House,Lubna Lughmani,Nadir Kasi,Verified,Due,Issue Found,Paid,81700000.0
13782,Omer Hameed,DEMO-KPT-13782,House No. DCB-402,Street 15,Gulistan-e-Johar,7,5,House,Omer Hameed,Saira Malik,Verified,Due,Clear,Paid,80300000.0
5313,Irtaza Yousaf,DEMO-KPT-5313,House No. BC-633,Street 16,Gulistan-e-Johar,7,5,House,Irtaza Yousaf,Fauzia Shakeel,Verified,Paid,Under Review,Due,86700000.0
13793,Ihsan Farooq,DEMO-KPT-13793,House No. CBD-603,Street 18,Gulistan-e-Johar,7,5,House,Ihsan Farooq,Burhan Toor,Litigated,Paid,Clear,Paid,85500000.0
1891,Irum Majeed,DEMO-KPT-1891,House No. C-379,Street 19,Gulistan-e-Johar,7,5,House,Irum Majeed,Fawad Panezai,Pending,Due,Issue Found,Paid,81000000.0
12087,Rafiq Jamal,DEMO-KPT-12087,House No. BD-369,Street 20,Gulistan-e-Johar,7,5,House,Rafiq Jamal,Aamir Yousafzai,Litigated,Paid,Under Review,Due,81500000.0
10304,Warda Pasha,DEMO-KPT-10304,House No. CD-766,Street 23,Gulistan-e-Johar,7,5,House,Warda Pasha,Hassan Zafar,Litigated,Paid,Clear,Paid,90100000.0
10299,Arfa Ghauri,DEMO-KPT-10299,House No. DR-474,Street 24,Gulistan-e-Johar,7,5,House,Arfa Ghauri,Aqeel Mazari,Pending,Paid,Issue Found,Paid,92900000.0
3658,Mishal Unar,DEMO-KPT-3658,House No. R-770,Street 1,Gulistan-e-Johar,8,5,House,Mishal Unar,Nadir Bangash,Pending,Paid,Clear,Paid,87300000.0
12208,Sabahat Ranjha,DEMO-KPT-12208,House No. RB-598,Street 1,Gulistan-e-Johar,8,5,House,Sabahat Ranjha,Moeen Rana,Pending,Paid,Clear,Paid,96000000.0
15589,Fawad Ranjha,DEMO-KPT-15589,House No. DRB-582,Street 4,Gulistan-e-Johar,8,5,House,Fawad Ranjha,Inam Qazi,Verified,Due,Issue Found,Paid,98200000.0
5388,Nasreen Nasar,DEMO-KPT-5388,House No. BC-835,Street 5,Gulistan-e-Johar,8,5,House,Nasreen Nasar,Jibran Saleem,Litigated,Due,Clear,Paid,92800000.0
6971,Abeera Baig,DEMO-KPT-6971,House No. RB-662,Street 5,Gulistan-e-Johar,8,5,House,Abeera Baig,Usman Umer,Pending,Paid,Issue Found,Paid,99600000.0
10371,Bisma Tareen,DEMO-KPT-10371,House No. BB-379,Street 7,Gulistan-e-Johar,8,5,House,Bisma Tareen,Sonia Sadiq,Verified,Due,Under Review,Due,90600000.0
12216,Kamil Abbasi,DEMO-KPT-12216,House No. DC-731,Street 8,Gulistan-e-Johar,8,5,House,Kamil Abbasi,Safa Durrani,Pending,Due,Clear,Due,90800000.0
3657,Parvez Turk,DEMO-KPT-3657,House No. B-758,Street 12,Gulistan-e-Johar,8,5,House,Parvez Turk,Shama Rizvi,Verified,Due,Clear,Paid,97900000.0
15529,Maham Mari,DEMO-KPT-15529,House No. BCR-812,Street 15,Gulistan-e-Johar,8,5,House,Maham Mari,Waleed Yousafzai,Pending,Paid,Under Review,Due,90200000.0
3655,Ajmal Junejo,DEMO-KPT-3655,House No. B-817,Street 16,Gulistan-e-Johar,8,5,House,Ajmal Junejo,Sania Rind,Pending,Paid,Under Review,Paid,82100000.0
10311,Zulfiqar Bajwa,DEMO-KPT-10311,House No. DR-453,Street 16,Gulistan-e-Johar,8,5,House,Zulfiqar Bajwa,Babar Ansari,Verified,Paid,Clear,Due,96300000.0
10405,Sehar Tarar,DEMO-KPT-10405,House No. BD-370,Street 16,Gulistan-e-Johar,8,5,House,Sehar Tarar,Sibtain Wattoo,Pending,Paid,Under Review,Paid,93700000.0
15517,Asifa Saleem,DEMO-KPT-15517,House No. DBC-482,Street 16,Gulistan-e-Johar,8,5,House,Asifa Saleem,Maryum Mirani,Verified,Paid,Under Review,Paid,93700000.0
2006,Hasnain Umer,DEMO-KPT-2006,House No. D-316,Street 19,Gulistan-e-Johar,8,5,House,Hasnain Umer,Anila Jogezai,Litigated,Paid,Issue Found,Due,95700000.0
13820,Waheed Yazdani,DEMO-KPT-13820,House No. DCB-826,Street 19,Gulistan-e-Johar,8,5,House,Waheed Yazdani,Uroosa Bettani,Verified,Due,Issue Found,Paid,83900000.0
1996,Maryam Zafar,DEMO-KPT-1996,House No. D-752,Street 23,Gulistan-e-Johar,8,5,House,Maryam Zafar,Zia Rafique,Pending,Paid,Issue Found,Due,87100000.0
10398,Maryum Tanoli,DEMO-KPT-10398,House No. CD-406,Street 23,Gulistan-e-Johar,8,5,House,Maryum Tanoli,Ihtisham Raza,Verified,Due,Clear,Paid,82100000.0
13845,Samad Farooq,DEMO-KPT-13845,House No. BRC-328,Street 28,Gulistan-e-Johar,8,5,House,Samad Farooq,Hoorain Baig,Litigated,Due,Clear,Due,87900000.0
15574,Nafisa Chaudhry,DEMO-KPT-15574,House No. DCR-305,Street 29,Gulistan-e-Johar,8,5,House,Nafisa Chaudhry,Haleema Janjua,Verified,Due,Clear,Paid,82000000.0
5450,Rafia Joiya,DEMO-KPT-5450,House No. BR-888,Street 1,Gulistan-e-Johar,9,5,House,Rafia Joiya,Anwar Shakeel,Pending,Paid,Issue Found,Due,93000000.0
5423,Faiza Lodhi,DEMO-KPT-5423,House No. DB-365,Street 3,Gulistan-e-Johar,9,5,House,Faiza Lodhi,Kanwar Mangi,Litigated,Paid,Under Review,Paid,85200000.0
8809,Maira Nawaz,DEMO-KPT-8809,House No. RD-462,Street 3,Gulistan-e-Johar,9,5,House,Maira Nawaz,Zain Gill,Litigated,Due,Clear,Due,83900000.0
8839,Adil Bangash,DEMO-KPT-8839,House No. DB-551,Street 4,Gulistan-e-Johar,9,5,House,Adil Bangash,Minahil Janjua,Verified,Due,Issue Found,Paid,93700000.0
5466,Marium Mian,DEMO-KPT-5466,House No. RR-657,Street 8,Gulistan-e-Johar,9,5,House,Marium Mian,Saira Ilyas,Pending,Due,Clear,Due,88300000.0
3711,Rashid Lari,DEMO-KPT-3711,House No. R-419,Street 10,Gulistan-e-Johar,9,5,House,Rashid Lari,Anas Khokhar,Litigated,Due,Under Review,Due,90000000.0
3739,Aneesa Magsi,DEMO-KPT-3739,House No. R-788,Street 10,Gulistan-e-Johar,9,5,House,Aneesa Magsi,Gohar Junejo,Verified,Paid,Issue Found,Due,95000000.0
12261,Humayun Junejo,DEMO-KPT-12261,House No. RB-665,Street 10,Gulistan-e-Johar,9,5,House,Humayun Junejo,Kausar Kiani,Litigated,Due,Under Review,Due,96200000.0
7069,Kashaf Jamali,DEMO-KPT-7069,House No. CD-319,Street 12,Gulistan-e-Johar,9,5,House,Kashaf Jamali,Nadir Qureshi,Pending,Due,Issue Found,Paid,99500000.0
8807,Bakhtawar Zubair,DEMO-KPT-8807,House No. BR-504,Street 12,Gulistan-e-Johar,9,5,House,Bakhtawar Zubair,Zamzam Khuhro,Pending,Due,Under Review,Paid,96600000.0
2029,Sahar Shafi,DEMO-KPT-2029,House No. R-351,Street 15,Gulistan-e-Johar,9,5,House,Sahar Shafi,Adil Farooq,Pending,Paid,Under Review,Due,97400000.0
13992,Mazen Qureshi,DEMO-KPT-13992,House No. DBR-436,Street 15,Gulistan-e-Johar,9,5,House,Mazen Qureshi,Ishaq Shafiq,Pending,Due,Issue Found,Paid,96400000.0
5413,Afreen Ahmed,DEMO-KPT-5413,House No. RB-541,Street 17,Gulistan-e-Johar,9,5,House,Afreen Ahmed,Sahrish Hafeez,Verified,Due,Issue Found,Paid,81600000.0
3691,Hadiqa Mari,DEMO-KPT-3691,House No. R-595,Street 19,Gulistan-e-Johar,9,5,House,Hadiqa Mari,Nudrat Lakhani,Pending,Due,Issue Found,Paid,87900000.0
15621,Ali Zaidi,DEMO-KPT-15621,House No. BRD-613,Street 19,Gulistan-e-Johar,9,5,House,Ali Zaidi,Sanam Ranjha,Verified,Paid,Clear,Paid,97800000.0
3753,Nawaz Bijarani,DEMO-KPT-3753,House No. C-760,Street 20,Gulistan-e-Johar,9,5,House,Nawaz Bijarani,Feryal Ghauri,Verified,Paid,Issue Found,Due,91100000.0
10472,Ammar Ijaz,DEMO-KPT-10472,House No. DR-743,Street 20,Gulistan-e-Johar,9,5,House,Ammar Ijaz,Zia Rajput,Pending,Paid,Under Review,Due,98600000.0
12272,Maaz Swati,DEMO-KPT-12272,House No. BC-547,Street 20,Gulistan-e-Johar,9,5,House,Maaz Swati,Qayyum Iqbal,Pending,Paid,Under Review,Due,86100000.0
3696,Mahreen Rind,DEMO-KPT-3696,House No. D-504,Street 23,Gulistan-e-Johar,9,5,House,Mahreen Rind,Syeda Orakzai,Litigated,Due,Issue Found,Due,81400000.0
5448,Akif Kazmi,DEMO-KPT-5448,House No. DC-315,Street 23,Gulistan-e-Johar,9,5,House,Akif Kazmi,Ihsan Saif,Verified,Due,Clear,Paid,86200000.0
13904,Rimsha Chaudhry,DEMO-KPT-13904,House No. CDR-490,Street 23,Gulistan-e-Johar,9,5,House,Rimsha Chaudhry,Fida Bijarani,Litigated,Paid,Clear,Paid,82200000.0
2007,Zehra Mohammadzai,DEMO-KPT-2007,House No. B-772,Street 25,Gulistan-e-Johar,9,5,House,Zehra Mohammadzai,Aisha Chattha,Verified,Due,Under Review,Paid,91100000.0
8847,Manzoor Lashari,DEMO-KPT-8847,House No. CB-827,Street 25,Gulistan-e-Johar,9,5,House,Manzoor Lashari,Nabeeha Panezai,Verified,Paid,Under Review,Paid,82900000.0
15629,Inayat Magsi,DEMO-KPT-15629,House No. CRB-571,Street 27,Gulistan-e-Johar,9,5,House,Inayat Magsi,Alizeh Waheed,Pending,Due,Issue Found,Paid,91600000.0
7153,Majid Zubair,DEMO-KPT-7153,House No. BB-418,Street 1,Gulistan-e-Johar,10,5,House,Majid Zubair,Liaquat Junejo,Verified,Paid,Issue Found,Due,95600000.0
8908,Anum Zahid,DEMO-KPT-8908,House No. DR-360,Street 2,Gulistan-e-Johar,10,5,House,Anum Zahid,Iftikhar Kamal,Pending,Due,Under Review,Paid,95500000.0
7132,Alina Lak,DEMO-KPT-7132,House No. CC-586,Street 3,Gulistan-e-Johar,10,5,House,Alina Lak,Arham Janjua,Litigated,Due,Clear,Due,81400000.0
8932,Haris Naqvi,DEMO-KPT-8932,House No. DC-785,Street 3,Gulistan-e-Johar,10,5,House,Haris Naqvi,Siddique Khosa,Litigated,Due,Clear,Due,87900000.0
15728,Saleha Hoti,DEMO-KPT-15728,House No. RBD-495,Street 9,Gulistan-e-Johar,10,5,House,Saleha Hoti,Sadaf Mehmood,Litigated,Due,Issue Found,Paid,97000000.0
3788,Nargis Joiya,DEMO-KPT-3788,House No. D-616,Street 13,Gulistan-e-Johar,10,5,House,Nargis Joiya,Rehan Bhat,Pending,Paid,Clear,Paid,98900000.0
8904,Mansha Rizvi,DEMO-KPT-8904,House No. BC-456,Street 13,Gulistan-e-Johar,10,5,House,Mansha Rizvi,Zubair Dreshak,Litigated,Due,Issue Found,Paid,96800000.0
12405,Beenish Qureshi,DEMO-KPT-12405,House No. CC-657,Street 13,Gulistan-e-Johar,10,5,House,Beenish Qureshi,Noman Laghari,Litigated,Due,Under Review,Paid,98900000.0
12382,Rehman Hafeez,DEMO-KPT-12382,House No. RR-857,Street 17,Gulistan-e-Johar,10,5,House,Rehman Hafeez,Adil Lari,Litigated,Due,Issue Found,Due,84400000.0
2121,Dania Jafri,DEMO-KPT-2121,House No. C-746,Street 19,Gulistan-e-Johar,10,5,House,Dania Jafri,Imran Janjua,Verified,Paid,Clear,Paid,83000000.0
3806,Aryan Bhurgri,DEMO-KPT-3806,House No. R-821,Street 19,Gulistan-e-Johar,10,5,House,Aryan Bhurgri,Tamim Zardari,Litigated,Paid,Issue Found,Due,80300000.0
8889,Dawood Sipra,DEMO-KPT-8889,House No. DB-383,Street 22,Gulistan-e-Johar,10,5,House,Dawood Sipra,Kaneez Laghari,Litigated,Paid,Clear,Paid,98100000.0
8920,Sidra Khattak,DEMO-KPT-8920,House No. CD-541,Street 22,Gulistan-e-Johar,10,5,House,Sidra Khattak,Saher Orakzai,Pending,Paid,Issue Found,Due,83500000.0
7154,Samina Bugti,DEMO-KPT-7154,House No. DD-449,Street 23,Gulistan-e-Johar,10,5,House,Samina Bugti,Nuzhat Lari,Litigated,Paid,Clear,Paid,97900000.0
2097,Ayaz Joiya,DEMO-KPT-2097,House No. D-524,Street 25,Gulistan-e-Johar,10,5,House,Ayaz Joiya,Asma Joiya,Verified,Paid,Under Review,Paid,80200000.0
2129,Ghulam Rana,DEMO-KPT-2129,House No. D-880,Street 27,Gulistan-e-Johar,10,5,House,Ghulam Rana,Hoorain Mughal,Pending,Due,Issue Found,Paid,84100000.0
7179,Fozia Minhas,DEMO-KPT-7179,House No. CB-897,Street 1,Gulistan-e-Johar,11,5,House,Fozia Minhas,Sadaf Rajper,Pending,Due,Issue Found,Paid,92700000.0
7250,Rida Ranjha,DEMO-KPT-7250,House No. BC-626,Street 1,Gulistan-e-Johar,11,5,House,Rida Ranjha,Shees Zafar,Pending,Paid,Issue Found,Due,88800000.0
15773,Yawar Popalzai,DEMO-KPT-15773,House No. BCD-364,Street 3,Gulistan-e-Johar,11,5,House,Yawar Popalzai,Noshaba Khosa,Litigated,Paid,Under Review,Paid,93300000.0
15771,Hadiqa Jamal,DEMO-KPT-15771,House No. BCD-568,Street 7,Gulistan-e-Johar,11,5,House,Hadiqa Jamal,Dawood Shafiq,Verified,Due,Under Review,Due,93200000.0
12486,Nashra Haral,DEMO-KPT-12486,House No. CB-337,Street 8,Gulistan-e-Johar,11,5,House,Nashra Haral,Wajiha Umer,Pending,Paid,Under Review,Due,100000000.0
14089,Sidrah Lak,DEMO-KPT-14089,House No. RBD-393,Street 10,Gulistan-e-Johar,11,5,House,Sidrah Lak,Hussam Ghaffar,Verified,Paid,Issue Found,Due,98400000.0
7257,Hadiqa Sindhi,DEMO-KPT-7257,House No. BC-442,Street 12,Gulistan-e-Johar,11,5,House,Hadiqa Sindhi,Hafsa Baig,Verified,Due,Clear,Paid,86600000.0
15807,Bakhtiar Jogezai,DEMO-KPT-15807,House No. CBD-548,Street 12,Gulistan-e-Johar,11,5,House,Bakhtiar Jogezai,Rukhsana Kharal,Verified,Due,Clear,Paid,84200000.0
2154,Israr Rabbani,DEMO-KPT-2154,House No. D-507,Street 13,Gulistan-e-Johar,11,5,House,Israr Rabbani,Yusuf Yousafzai,Litigated,Due,Issue Found,Paid,89500000.0
2175,Sitara Mustafa,DEMO-KPT-2175,House No. D-782,Street 13,Gulistan-e-Johar,11,5,House,Sitara Mustafa,Iffat Dar,Pending,Paid,Clear,Due,83200000.0
8961,Nawal Zaman,DEMO-KPT-8961,House No. BD-482,Street 16,Gulistan-e-Johar,11,5,House,Nawal Zaman,Haleema Raza,Verified,Paid,Clear,Due,99100000.0
12471,Hashim Bilgrami,DEMO-KPT-12471,House No. DC-662,Street 19,Gulistan-e-Johar,11,5,House,Hashim Bilgrami,Sanam Shakeel,Verified,Paid,Clear,Paid,99900000.0
15841,Rayyan Swati,DEMO-KPT-15841,House No. BRC-434,Street 19,Gulistan-e-Johar,11,5,House,Rayyan Swati,Zaheer Sabri,Pending,Due,Issue Found,Paid,86800000.0
8954,Nazia Kamboh,DEMO-KPT-8954,House No. RB-453,Street 23,Gulistan-e-Johar,11,5,House,Nazia Kamboh,Fawad Nasar,Litigated,Paid,Clear,Paid,98700000.0
14146,Eman Gandapur,DEMO-KPT-14146,House No. BRC-752,Street 23,Gulistan-e-Johar,11,5,House,Eman Gandapur,Dilawar Yousafzai,Pending,Paid,Issue Found,Due,83000000.0
2199,Uzair Toor,DEMO-KPT-2199,House No. B-885,Street 24,Gulistan-e-Johar,11,5,House,Uzair Toor,Zeshan Qadir,Pending,Paid,Issue Found,Paid,99700000.0
7305,Husna Bajwa,DEMO-KPT-7305,House No. CB-526,Street 26,Gulistan-e-Johar,11,5,House,Husna Bajwa,Tauseef Raza,Pending,Paid,Issue Found,Paid,80700000.0
10679,Rubina Farooq,DEMO-KPT-10679,House No. DC-845,Street 27,Gulistan-e-Johar,11,5,House,Rubina Farooq,Dilshad Akhtar,Pending,Due,Issue Found,Paid,88500000.0
5674,Mateen Bilgrami,DEMO-KPT-5674,House No. BB-394,Street 29,Gulistan-e-Johar,11,5,House,Mateen Bilgrami,Zarmeen Swati,Verified,Due,Clear,Paid,90900000.0
12553,Usman Sahito,DEMO-KPT-12553,House No. DC-460,Street 1,Gulistan-e-Johar,12,5,House,Usman Sahito,Mazhar Lak,Verified,Paid,Issue Found,Due,86900000.0
10732,Zohra Tunio,DEMO-KPT-10732,House No. DB-523,Street 3,Gulistan-e-Johar,12,5,House,Zohra Tunio,Anila Haral,Litigated,Due,Clear,Due,93400000.0
2271,Ghazanfar Ahmed,DEMO-KPT-2271,House No. D-736,Street 7,Gulistan-e-Johar,12,5,House,Ghazanfar Ahmed,Adnan Saeed,Verified,Due,Under Review,Due,81600000.0
10792,Ayan Tunio,DEMO-KPT-10792,House No. BC-741,Street 7,Gulistan-e-Johar,12,5,House,Ayan Tunio,Asma Shakeel,Verified,Paid,Clear,Paid,86700000.0
2299,Naseer Junejo,DEMO-KPT-2299,House No. C-449,Street 8,Gulistan-e-Johar,12,5,House,Naseer Junejo,Manahil Bashir,Pending,Paid,Under Review,Paid,98200000.0
7311,Shahab Mir,DEMO-KPT-7311,House No. BB-565,Street 10,Gulistan-e-Johar,12,5,House,Shahab Mir,Taha Farooq,Litigated,Due,Under Review,Due,94700000.0
9111,Beenish Zaman,DEMO-KPT-9111,House No. RR-795,Street 10,Gulistan-e-Johar,12,5,House,Beenish Zaman,Firdous Mahsud,Litigated,Due,Under Review,Due,96000000.0
15889,Nizam Peerzada,DEMO-KPT-15889,House No. CRB-661,Street 10,Gulistan-e-Johar,12,5,House,Nizam Peerzada,Mina Toor,Verified,Paid,Issue Found,Due,81900000.0
3915,Laraib Gabol,DEMO-KPT-3915,House No. BC-624,Street 15,Gulistan-e-Johar,12,5,House,Laraib Gabol,Mahrukh Sheikh,Verified,Due,Clear,Paid,92700000.0
5715,Salahuddin Barakzai,DEMO-KPT-5715,House No. BB-551,Street 15,Gulistan-e-Johar,12,5,House,Salahuddin Barakzai,Haziq Wazir,Verified,Due,Clear,Paid,91600000.0
10759,Zunaira Soomro,DEMO-KPT-10759,House No. DD-694,Street 18,Gulistan-e-Johar,12,5,House,Zunaira Soomro,Sultan Bhittani,Verified,Paid,Under Review,Due,93000000.0
3908,Zubaida Panezai,DEMO-KPT-3908,House No. DR-691,Street 19,Gulistan-e-Johar,12,5,House,Zubaida Panezai,Shifa Tarar,Verified,Paid,Under Review,Due,89200000.0
3920,Nashra Mansoor,DEMO-KPT-3920,House No. BB-853,Street 19,Gulistan-e-Johar,12,5,House,Nashra Mansoor,Shan Buriro,Verified,Due,Issue Found,Paid,81400000.0
5721,Maaz Laghari,DEMO-KPT-5721,House No. BC-885,Street 19,Gulistan-e-Johar,12,5,House,Maaz Laghari,Nosheen Khalid,Verified,Paid,Clear,Paid,92700000.0
7322,Qaiser Zaman,DEMO-KPT-7322,House No. CB-685,Street 20,Gulistan-e-Johar,12,5,House,Qaiser Zaman,Alamgir Memon,Pending,Paid,Under Review,Due,94500000.0
7337,Rubina Sadiq,DEMO-KPT-7337,House No. RR-761,Street 21,Gulistan-e-Johar,12,5,House,Rubina Sadiq,Amna Chaudhry,Litigated,Due,Clear,Paid,84200000.0
12520,Shahid Kiani,DEMO-KPT-12520,House No. CR-658,Street 22,Gulistan-e-Johar,12,5,House,Shahid Kiani,Zaid Marri,Pending,Paid,Issue Found,Due,89400000.0
2247,Sarah Qadir,DEMO-KPT-2247,House No. R-571,Street 25,Gulistan-e-Johar,12,5,House,Sarah Qadir,Haider Shinwari,Litigated,Paid,Clear,Paid,84000000.0
14191,Moeen Chattha,DEMO-KPT-14191,House No. RCD-869,Street 29,Gulistan-e-Johar,12,5,House,Moeen Chattha,Shabbir Awan,Verified,Due,Issue Found,Paid,86500000.0
14224,Arfa Wani,DEMO-KPT-14224,House No. DRC-554,Street 29,Gulistan-e-Johar,12,5,House,Arfa Wani,Nuzhat Randhawa,Verified,Due,Clear,Paid,99700000.0
4003,Haider Bhatti,DEMO-KPT-4003,House No. RC-550,Street 1,Gulistan-e-Johar,13,5,House,Haider Bhatti,Kashaf Akhtar,Verified,Paid,Issue Found,Due,82600000.0
14255,Sultan Nadeem,DEMO-KPT-14255,House No. BRD-308,Street 1,Gulistan-e-Johar,13,5,House,Sultan Nadeem,Nudrat Malik,Litigated,Due,Under Review,Paid,94600000.0
10824,Mubeen Rind,DEMO-KPT-10824,House No. DR-829,Street 6,Gulistan-e-Johar,13,5,House,Mubeen Rind,Nasir Butt,Pending,Paid,Under Review,Paid,97200000.0
2316,Basit Cheema,DEMO-KPT-2316,House No. C-515,Street 8,Gulistan-e-Johar,13,5,House,Basit Cheema,Adil Imran,Pending,Due,Clear,Due,98500000.0
12666,Tahir Sial,DEMO-KPT-12666,House No. CR-726,Street 8,Gulistan-e-Johar,13,5,House,Tahir Sial,Tanveer Mahsud,Pending,Due,Clear,Due,82900000.0
4028,Aftab Daudzai,DEMO-KPT-4028,House No. BD-481,Street 9,Gulistan-e-Johar,13,5,House,Aftab Daudzai,Taimoor Shah,Litigated,Due,Issue Found,Paid,85800000.0
12646,Sanam Junejo,DEMO-KPT-12646,House No. RB-550,Street 12,Gulistan-e-Johar,13,5,House,Sanam Junejo,Najma Rind,Litigated,Due,Under Review,Due,98900000.0
14269,Asim Gilani,DEMO-KPT-14269,House No. DCB-750,Street 12,Gulistan-e-Johar,13,5,House,Asim Gilani,Esha Jamali,Pending,Due,Issue Found,Paid,93000000.0
2331,Esha Tareen,DEMO-KPT-2331,House No. C-562,Street 13,Gulistan-e-Johar,13,5,House,Esha Tareen,Urooj Farooq,Pending,Due,Under Review,Paid,80000000.0
7455,Kanwal Shafiq,DEMO-KPT-7455,House No. CR-587,Street 13,Gulistan-e-Johar,13,5,House,Kanwal Shafiq,Sumaira Dahri,Litigated,Due,Under Review,Paid,81100000.0
9117,Talal Talpur,DEMO-KPT-9117,House No. DR-862,Street 14,Gulistan-e-Johar,13,5,House,Talal Talpur,Farheen Bhittani,Litigated,Due,Clear,Due,80300000.0
7429,Yameen Yaqoob,DEMO-KPT-7429,House No. RD-535,Street 15,Gulistan-e-Johar,13,5,House,Yameen Yaqoob,Aiman Panezai,Pending,Paid,Under Review,Due,86200000.0
12691,Neelam Umer,DEMO-KPT-12691,House No. CD-330,Street 19,Gulistan-e-Johar,13,5,House,Neelam Umer,Nageen Hoti,Pending,Due,Issue Found,Paid,81100000.0
14270,Sabir Mangi,DEMO-KPT-14270,House No. RBD-346,Street 19,Gulistan-e-Johar,13,5,House,Sabir Mangi,Fabiha Kamal,Verified,Due,Issue Found,Paid,92000000.0
3987,Qaiser Mehmood,DEMO-KPT-3987,House No. CC-689,Street 20,Gulistan-e-Johar,13,5,House,Qaiser Mehmood,Balaj Farooq,Litigated,Paid,Under Review,Due,89300000.0
9153,Yameen Zubairi,DEMO-KPT-9153,House No. DD-847,Street 20,Gulistan-e-Johar,13,5,House,Yameen Zubairi,Kashaf Yousaf,Verified,Paid,Issue Found,Due,89800000.0
9133,Beenish Mohmand,DEMO-KPT-9133,House No. BC-641,Street 22,Gulistan-e-Johar,13,5,House,Beenish Mohmand,Mishal Hinjra,Litigated,Paid,Issue Found,Due,83800000.0
2346,Hammad Zahid,DEMO-KPT-2346,House No. R-441,Street 23,Gulistan-e-Johar,13,5,House,Hammad Zahid,Sahrish Rafique,Litigated,Due,Issue Found,Due,84500000.0
5804,Murtaza Wani,DEMO-KPT-5804,House No. DR-716,Street 23,Gulistan-e-Johar,13,5,House,Murtaza Wani,Daniya Rajput,Litigated,Paid,Clear,Paid,80900000.0
7396,Faiza Sipra,DEMO-KPT-7396,House No. RC-776,Street 23,Gulistan-e-Johar,13,5,House,Faiza Sipra,Aisha Umer,Pending,Paid,Issue Found,Due,94100000.0
15972,Nageen Mirani,DEMO-KPT-15972,House No. CBD-774,Street 23,Gulistan-e-Johar,13,5,House,Nageen Mirani,Bashir Buriro,Litigated,Due,Under Review,Due,98200000.0
3999,Mehak Farooq,DEMO-KPT-3999,House No. DR-874,Street 24,Gulistan-e-Johar,13,5,House,Mehak Farooq,Zahida Raza,Pending,Paid,Issue Found,Paid,98900000.0
14379,Shoaib Yousafzai,DEMO-KPT-14379,House No. RBC-758,Street 1,Gulistan-e-Johar,14,5,House,Shoaib Yousafzai,Mahrukh Bhatti,Pending,Due,Issue Found,Paid,96700000.0
4055,Mansoor Usmani,DEMO-KPT-4055,House No. CR-429,Street 4,Gulistan-e-Johar,14,5,House,Mansoor Usmani,Arfa Shakeel,Verified,Paid,Issue Found,Paid,90700000.0
5855,Bilquis Orakzai,DEMO-KPT-5855,House No. BC-356,Street 4,Gulistan-e-Johar,14,5,House,Bilquis Orakzai,Urwa Butt,Verified,Paid,Issue Found,Paid,85700000.0
14424,Moeen Riaz,DEMO-KPT-14424,House No. RBC-419,Street 6,Gulistan-e-Johar,14,5,House,Moeen Riaz,Riaz Mian,Pending,Paid,Under Review,Paid,88200000.0
14378,Ikhlaq Kamal,DEMO-KPT-14378,House No. DCB-638,Street 9,Gulistan-e-Johar,14,5,House,Ikhlaq Kamal,Burhan Bijarani,Litigated,Due,Issue Found,Paid,86300000.0
2361,Kanwal Yazdani,DEMO-KPT-2361,House No. D-612,Street 10,Gulistan-e-Johar,14,5,House,Kanwal Yazdani,Mubeen Marri,Litigated,Due,Under Review,Due,90600000.0
5896,Shehzad Bhutto,DEMO-KPT-5896,House No. BD-446,Street 12,Gulistan-e-Johar,14,5,House,Shehzad Bhutto,Huma Daudzai,Litigated,Due,Under Review,Due,98400000.0
16068,Raees Gandapur,DEMO-KPT-16068,House No. DRB-420,Street 14,Gulistan-e-Johar,14,5,House,Raees Gandapur,Hania Toor,Verified,Due,Issue Found,Paid,88100000.0
4092,Kaneez Mohammadzai,DEMO-KPT-4092,House No. BR-793,Street 15,Gulistan-e-Johar,14,5,House,Kaneez Mohammadzai,Kanwal Joiya,Pending,Due,Issue Found,Paid,86900000.0
7515,Fiza Virk,DEMO-KPT-7515,House No. CR-613,Street 15,Gulistan-e-Johar,14,5,House,Fiza Virk,Wajid Saeed,Verified,Due,Clear,Paid,81900000.0
15982,Farheen Yazdani,DEMO-KPT-15982,House No. CBD-319,Street 17,Gulistan-e-Johar,14,5,House,Farheen Yazdani,Samiya Awan,Litigated,Due,Issue Found,Due,94600000.0
7493,Hadiqa Tareen,DEMO-KPT-7493,House No. BB-312,Street 18,Gulistan-e-Johar,14,5,House,Hadiqa Tareen,Arham Lak,Litigated,Paid,Clear,Paid,89500000.0
7520,Dua Jogezai,DEMO-KPT-7520,House No. RR-374,Street 19,Gulistan-e-Johar,14,5,House,Dua Jogezai,Taimur Achakzai,Verified,Due,Issue Found,Paid,83000000.0
10922,Salahuddin Butt,DEMO-KPT-10922,House No. DC-639,Street 20,Gulistan-e-Johar,14,5,House,Salahuddin Butt,Sahrish Ilyas,Pending,Paid,Under Review,Due,92800000.0
14420,Nafisa Waheed,DEMO-KPT-14420,House No. CDR-368,Street 20,Gulistan-e-Johar,14,5,House,Nafisa Waheed,Marwa Mirani,Litigated,Paid,Issue Found,Due,97200000.0
9243,Hasnain Latif,DEMO-KPT-9243,House No. DC-784,Street 21,Gulistan-e-Johar,14,5,House,Hasnain Latif,Humayun Tariq,Verified,Due,Issue Found,Paid,81300000.0
2411,Zakariya Jaffri,DEMO-KPT-2411,House No. B-548,Street 22,Gulistan-e-Johar,14,5,House,Zakariya Jaffri,Raees Kamal,Pending,Due,Clear,Paid,84500000.0
10933,Inaya Peerzada,DEMO-KPT-10933,House No. DR-404,Street 22,Gulistan-e-Johar,14,5,House,Inaya Peerzada,Huma Tiwana,Litigated,Paid,Issue Found,Due,85700000.0
7497,Zarar Gill,DEMO-KPT-7497,House No. BC-872,Street 25,Gulistan-e-Johar,14,5,House,Zarar Gill,Haziq Zubairi,Verified,Paid,Under Review,Paid,93200000.0
16018,Farid Mehmood,DEMO-KPT-16018,House No. BCD-583,Street 27,Gulistan-e-Johar,14,5,House,Farid Mehmood,Hanif Ghani,Pending,Paid,Issue Found,Paid,81100000.0
14422,Talal Malik,DEMO-KPT-14422,House No. DBC-397,Street 29,Gulistan-e-Johar,14,5,House,Talal Malik,Bilquis Baloch,Litigated,Due,Issue Found,Due,90200000.0
4064,Bakht Tareen,DEMO-KPT-4064,House No. BB-855,Street 30,Gulistan-e-Johar,14,5,House,Bakht Tareen,Rahila Rashid,Pending,Paid,Clear,Paid,81700000.0
12778,Hussain Sandhu,DEMO-KPT-12778,House No. RD-410,Street 3,Gulistan-e-Johar,15,5,House,Hussain Sandhu,Isha Mirza,Pending,Paid,Under Review,Paid,91900000.0
12821,Dua Ranjha,DEMO-KPT-12821,House No. BD-525,Street 5,Gulistan-e-Johar,15,5,House,Dua Ranjha,Javaria Laghari,Pending,Paid,Issue Found,Paid,87200000.0
7642,Parveen Abbasi,DEMO-KPT-7642,House No. BD-548,Street 7,Gulistan-e-Johar,15,5,House,Parveen Abbasi,Zayan Dahri,Verified,Paid,Clear,Paid,99800000.0
10945,Basit Peerzada,DEMO-KPT-10945,House No. CD-414,Street 8,Gulistan-e-Johar,15,5,House,Basit Peerzada,Zoya Tahir,Verified,Paid,Under Review,Paid,87900000.0
5961,Nageen Chattha,DEMO-KPT-5961,House No. DC-376,Street 10,Gulistan-e-Johar,15,5,House,Nageen Chattha,Nauman Qazi,Litigated,Due,Under Review,Due,88300000.0
5989,Javeria Ilyas,DEMO-KPT-5989,House No. CB-535,Street 10,Gulistan-e-Johar,15,5,House,Javeria Ilyas,Rehmat Kidwai,Verified,Paid,Issue Found,Due,82200000.0
9315,Hussain Yousafzai,DEMO-KPT-9315,House No. RD-636,Street 15,Gulistan-e-Johar,15,5,House,Hussain Yousafzai,Qaiser Achakzai,Verified,Due,Clear,Paid,94100000.0
7611,Gohar Ghazali,DEMO-KPT-7611,House No. BC-887,Street 16,Gulistan-e-Johar,15,5,House,Gohar Ghazali,Salma Toor,Verified,Paid,Clear,Due,91600000.0
16113,Ramsha Saif,DEMO-KPT-16113,House No. BRC-743,Street 16,Gulistan-e-Johar,15,5,House,Ramsha Saif,Sheeba Ijaz,Verified,Paid,Under Review,Due,80200000.0
7670,Sidrah Wazir,DEMO-KPT-7670,House No. BR-830,Street 20,Gulistan-e-Johar,15,5,House,Sidrah Wazir,Zafar Butt,Litigated,Paid,Issue Found,Due,89400000.0
5987,Maqsood Rafique,DEMO-KPT-5987,House No. BC-651,Street 21,Gulistan-e-Johar,15,5,House,Maqsood Rafique,Urooj Abro,Litigated,Due,Clear,Paid,85100000.0
2446,Maham Qadir,DEMO-KPT-2446,House No. R-659,Street 23,Gulistan-e-Johar,15,5,House,Maham Qadir,Ishaq Rajper,Pending,Paid,Issue Found,Due,87400000.0
4146,Sonia Farooqi,DEMO-KPT-4146,House No. RC-577,Street 23,Gulistan-e-Johar,15,5,House,Sonia Farooqi,Ayla Ahmed,Litigated,Due,Issue Found,Due,94400000.0
11022,Mariam Bukhari,DEMO-KPT-11022,House No. BR-590,Street 23,Gulistan-e-Johar,15,5,House,Mariam Bukhari,Naseer Baloch,Litigated,Due,Under Review,Due,100000000.0
14496,Mishal Janjua,DEMO-KPT-14496,House No. RCB-496,Street 23,Gulistan-e-Johar,15,5,House,Mishal Janjua,Shoaib Lakhani,Litigated,Due,Issue Found,Due,87700000.0
12818,Sameen Shakir,DEMO-KPT-12818,House No. RB-520,Street 27,Gulistan-e-Johar,15,5,House,Sameen Shakir,Mahreen Ali,Pending,Due,Under Review,Due,98900000.0
16095,Waheed Imran,DEMO-KPT-16095,House No. RCD-416,Street 28,Gulistan-e-Johar,15,5,House,Waheed Imran,Alishba Gabol,Litigated,Due,Clear,Due,95900000.0
16179,Sharmeen Saif,DEMO-KPT-16179,House No. RBC-548,Street 1,Gulistan-e-Johar,16,5,House,Sharmeen Saif,Amara Lari,Pending,Due,Issue Found,Paid,86200000.0
9382,Zameer Akhtar,DEMO-KPT-9382,House No. RC-785,Street 3,Gulistan-e-Johar,16,5,House,Zameer Akhtar,Sumbal Iqbal,Litigated,Due,Clear,Due,91800000.0
11089,Shamim Lashari,DEMO-KPT-11089,House No. BD-532,Street 4,Gulistan-e-Johar,16,5,House,Shamim Lashari,Sharmeen Peerzada,Verified,Due,Issue Found,Paid,89400000.0
6071,Majid Naseem,DEMO-KPT-6071,House No. BR-350,Street 5,Gulistan-e-Johar,16,5,House,Majid Naseem,Zaheer Dar,Pending,Paid,Issue Found,Paid,95100000.0
14511,Shaheen Sadiq,DEMO-KPT-14511,House No. DRC-533,Street 10,Gulistan-e-Johar,16,5,House,Shaheen Sadiq,Qadir Bangash,Litigated,Due,Under Review,Due,92600000.0
2568,Nabila Jaffri,DEMO-KPT-2568,House No. R-329,Street 14,Gulistan-e-Johar,16,5,House,Nabila Jaffri,Wajid Peerzada,Verified,Due,Issue Found,Paid,99700000.0
11115,Daniya Soomro,DEMO-KPT-11115,House No. BR-388,Street 15,Gulistan-e-Johar,16,5,House,Daniya Soomro,Mirha Jadoon,Verified,Due,Clear,Paid,99800000.0
6067,Parveen Khan,DEMO-KPT-6067,House No. BB-483,Street 16,Gulistan-e-Johar,16,5,House,Parveen Khan,Warda Imran,Verified,Paid,Under Review,Paid,85000000.0
9409,Fabiha Bhutto,DEMO-KPT-9409,House No. DR-465,Street 18,Gulistan-e-Johar,16,5,House,Fabiha Bhutto,Athar Kayani,Verified,Paid,Under Review,Due,98700000.0
4256,Ilyas Jamal,DEMO-KPT-4256,House No. CC-833,Street 19,Gulistan-e-Johar,16,5,House,Ilyas Jamal,Aleeza Janjua,Litigated,Paid,Issue Found,Due,93900000.0
12843,Sanam Shah,DEMO-KPT-12843,House No. BB-654,Street 21,Gulistan-e-Johar,16,5,House,Sanam Shah,Shahbaz Gondal,Verified,Due,Issue Found,Paid,99400000.0
7698,Noshaba Jadoon,DEMO-KPT-7698,House No. CD-415,Street 23,Gulistan-e-Johar,16,5,House,Noshaba Jadoon,Zubaid Naqvi,Verified,Due,Clear,Paid,86200000.0
2615,Sheraz Rehman,DEMO-KPT-2615,House No. R-549,Street 24,Gulistan-e-Johar,16,5,House,Sheraz Rehman,Lina Laghari,Litigated,Due,Issue Found,Paid,83800000.0
9365,Mahreen Peerzada,DEMO-KPT-9365,House No. BR-804,Street 24,Gulistan-e-Johar,16,5,House,Mahreen Peerzada,Sobia Zaman,Litigated,Due,Issue Found,Paid,80100000.0
9359,Farwa Bhurgri,DEMO-KPT-9359,House No. CC-471,Street 25,Gulistan-e-Johar,16,5,House,Farwa Bhurgri,Anas Dayo,Verified,Due,Clear,Paid,90400000.0
16197,Sadaf Bhurgri,DEMO-KPT-16197,House No. RBD-662,Street 25,Gulistan-e-Johar,16,5,House,Sadaf Bhurgri,Kashif Malik,Litigated,Paid,Clear,Paid,80600000.0
2595,Hadiqa Hameed,DEMO-KPT-2595,House No. R-685,Street 28,Gulistan-e-Johar,16,5,House,Hadiqa Hameed,Sohail Kamal,Litigated,Due,Clear,Due,85900000.0
4291,Nargis Zubairi,DEMO-KPT-4291,House No. BD-607,Street 29,Gulistan-e-Johar,16,5,House,Nargis Zubairi,Sidrah Wani,Verified,Due,Issue Found,Paid,93800000.0
2632,Beenish Rafique,DEMO-KPT-2632,House No. C-818,Street 3,Gulistan-e-Johar,17,5,House,Beenish Rafique,Afreen Lone,Litigated,Due,Clear,Due,88800000.0
6139,Amara Akhtar,DEMO-KPT-6139,House No. DB-473,Street 4,Gulistan-e-Johar,17,5,House,Amara Akhtar,Sajjad Joiya,Verified,Due,Issue Found,Paid,96200000.0
11137,Nizam Bhittani,DEMO-KPT-11137,House No. RB-320,Street 4,Gulistan-e-Johar,17,5,House,Nizam Bhittani,Aisha Palijo,Pending,Paid,Clear,Due,97700000.0
6098,Ashraf Dahri,DEMO-KPT-6098,House No. RC-718,Street 7,Gulistan-e-Johar,17,5,House,Ashraf Dahri,Nuzhat Kayani,Litigated,Due,Issue Found,Due,80200000.0
12936,Jamil Jafri,DEMO-KPT-12936,House No. CR-306,Street 8,Gulistan-e-Johar,17,5,House,Jamil Jafri,Imran Pasha,Pending,Paid,Under Review,Due,88500000.0
12960,Vaqar Mohmand,DEMO-KPT-12960,House No. BB-300,Street 13,Gulistan-e-Johar,17,5,House,Vaqar Mohmand,Raza Sindhi,Litigated,Due,Clear,Paid,80000000.0
14588,Nigar Jadoon,DEMO-KPT-14588,House No. BCD-652,Street 13,Gulistan-e-Johar,17,5,House,Nigar Jadoon,Zoya Qadri,Pending,Paid,Clear,Paid,99400000.0
12915,Shagufta Durrani,DEMO-KPT-12915,House No. RD-305,Street 15,Gulistan-e-Johar,17,5,House,Shagufta Durrani,Wasim Zaman,Verified,Due,Clear,Paid,96800000.0
2661,Ibrahim Chattha,DEMO-KPT-2661,House No. D-528,Street 16,Gulistan-e-Johar,17,5,House,Ibrahim Chattha,Zahra Farooqi,Verified,Paid,Clear,Due,89600000.0
7741,Huma Mangi,DEMO-KPT-7741,House No. RB-602,Street 19,Gulistan-e-Johar,17,5,House,Huma Mangi,Sahil Malik,Pending,Due,Issue Found,Paid,98800000.0
2637,Nadir Mir,DEMO-KPT-2637,House No. B-724,Street 20,Gulistan-e-Johar,17,5,House,Nadir Mir,Hidayat Naseem,Litigated,Paid,Under Review,Due,98600000.0
7803,Munir Khan,DEMO-KPT-7803,House No. RD-461,Street 20,Gulistan-e-Johar,17,5,House,Munir Khan,Afzal Tunio,Verified,Paid,Issue Found,Due,87800000.0
16353,Tahir Durrani,DEMO-KPT-16353,House No. DCB-483,Street 20,Gulistan-e-Johar,17,5,House,Tahir Durrani,Sundas Virk,Verified,Paid,Issue Found,Due,82600000.0
6093,Sheraz Turk,DEMO-KPT-6093,House No. BC-734,Street 21,Gulistan-e-Johar,17,5,House,Sheraz Turk,Basit Daudzai,Verified,Due,Issue Found,Paid,85200000.0
14561,Kaleem Khan,DEMO-KPT-14561,House No. CRB-649,Street 22,Gulistan-e-Johar,17,5,House,Kaleem Khan,Manahil Jamal,Pending,Due,Clear,Paid,93500000.0
9447,Hussain Kamboh,DEMO-KPT-9447,House No. DC-709,Street 25,Gulistan-e-Johar,17,5,House,Hussain Kamboh,Aleeza Rajper,Litigated,Paid,Clear,Paid,86000000.0
12959,Asim Nadeem,DEMO-KPT-12959,House No. RC-724,Street 25,Gulistan-e-Johar,17,5,House,Asim Nadeem,Arooj Hameed,Verified,Due,Clear,Paid,90700000.0
11145,Rustam Shaikh,DEMO-KPT-11145,House No. BR-484,Street 28,Gulistan-e-Johar,17,5,House,Rustam Shaikh,Sundas Sipra,Litigated,Due,Clear,Due,92500000.0
4453,Asif Umer,DEMO-KPT-4453,House No. DR-602,Street 1,Gulistan-e-Johar,18,5,House,Asif Umer,Jahangir Lughmani,Verified,Paid,Issue Found,Due,81500000.0
11229,Zafar Khattak,DEMO-KPT-11229,House No. BR-732,Street 1,Gulistan-e-Johar,18,5,House,Zafar Khattak,Sabahat Sadiq,Pending,Due,Issue Found,Paid,83600000.0
9540,Alizeh Bhat,DEMO-KPT-9540,House No. DR-714,Street 2,Gulistan-e-Johar,18,5,House,Alizeh Bhat,Javeria Mirza,Verified,Due,Under Review,Due,98200000.0
11231,Lamia Mirza,DEMO-KPT-11231,House No. DD-664,Street 8,Gulistan-e-Johar,18,5,House,Lamia Mirza,Tayyab Tahir,Pending,Due,Clear,Paid,87100000.0
6207,Mahad Rabbani,DEMO-KPT-6207,House No. BB-411,Street 9,Gulistan-e-Johar,18,5,House,Mahad Rabbani,Sidrah Shah,Litigated,Paid,Clear,Paid,82300000.0
7821,Mashal Baig,DEMO-KPT-7821,House No. DB-385,Street 9,Gulistan-e-Johar,18,5,House,Mashal Baig,Gohar Cheena,Litigated,Paid,Under Review,Due,81100000.0
9496,Fida Yasin,DEMO-KPT-9496,House No. RB-368,Street 12,Gulistan-e-Johar,18,5,House,Fida Yasin,Mubeen Jogezai,Litigated,Due,Under Review,Due,85900000.0
2781,Lamia Buriro,DEMO-KPT-2781,House No. D-832,Street 13,Gulistan-e-Johar,18,5,House,Lamia Buriro,Sarah Gilani,Pending,Due,Under Review,Paid,93300000.0
4425,Kashaf Mehmood,DEMO-KPT-4425,House No. CC-311,Street 13,Gulistan-e-Johar,18,5,House,Kashaf Mehmood,Tabish Warsi,Pending,Paid,Clear,Due,90500000.0
7838,Ayan Dayo,DEMO-KPT-7838,House No. BD-820,Street 13,Gulistan-e-Johar,18,5,House,Ayan Dayo,Shahab Kiani,Pending,Paid,Clear,Paid,97900000.0
7867,Nouman Rehman,DEMO-KPT-7867,House No. CC-502,Street 16,Gulistan-e-Johar,18,5,House,Nouman Rehman,Uzma Popalzai,Verified,Paid,Under Review,Paid,89500000.0
13011,Fiza Javed,DEMO-KPT-13011,House No. RB-856,Street 16,Gulistan-e-Johar,18,5,House,Fiza Javed,Zohra Shah,Verified,Paid,Clear,Due,91700000.0
14632,Bahadur Bhutto,DEMO-KPT-14632,House No. CDR-611,Street 17,Gulistan-e-Johar,18,5,House,Bahadur Bhutto,Najma Rana,Litigated,Due,Issue Found,Due,99100000.0
13009,Nabeel Peerzada,DEMO-KPT-13009,House No. DD-311,Street 18,Gulistan-e-Johar,18,5,House,Nabeel Peerzada,Raza Akhtar,Verified,Paid,Under Review,Due,82100000.0
6158,Sameer Hayat,DEMO-KPT-6158,House No. CC-329,Street 19,Gulistan-e-Johar,18,5,House,Sameer Hayat,Ghazanfar Latif,Verified,Paid,Under Review,Due,94800000.0
9541,Laiba Sadiq,DEMO-KPT-9541,House No. DD-302,Street 19,Gulistan-e-Johar,18,5,House,Laiba Sadiq,Sadiq Abbasi,Pending,Due,Issue Found,Paid,82400000.0
7893,Mehboob Toor,DEMO-KPT-7893,House No. RC-515,Street 21,Gulistan-e-Johar,18,5,House,Mehboob Toor,Iftikhar Warsi,Verified,Due,Issue Found,Paid,92900000.0
7872,Nadia Mirza,DEMO-KPT-7872,House No. CC-671,Street 23,Gulistan-e-Johar,18,5,House,Nadia Mirza,Zohra Peerzada,Litigated,Due,Under Review,Due,83400000.0
6215,Hashir Noor,DEMO-KPT-6215,House No. RC-761,Street 24,Gulistan-e-Johar,18,5,House,Hashir Noor,Azhar Warsi,Litigated,Due,Issue Found,Paid,96300000.0
4409,Sahrish Rizvi,DEMO-KPT-4409,House No. RR-818,Street 25,Gulistan-e-Johar,18,5,House,Sahrish Rizvi,Adeel Akhtar,Verified,Due,Clear,Paid,90000000.0
14697,Arif Barakzai,DEMO-KPT-14697,House No. DRC-355,Street 25,Gulistan-e-Johar,18,5,House,Arif Barakzai,Moiz Bhittani,Verified,Paid,Under Review,Paid,81900000.0
2805,Jawad Riaz,DEMO-KPT-2805,House No. B-489,Street 26,Gulistan-e-Johar,18,5,House,Jawad Riaz,Hoorain Gondal,Pending,Paid,Issue Found,Paid,95100000.0
16418,Ahmed Kiani,DEMO-KPT-16418,House No. CRD-615,Street 27,Gulistan-e-Johar,18,5,House,Ahmed Kiani,Waheed Korai,Pending,Due,Under Review,Due,94500000.0
14641,Sarfraz Janjua,DEMO-KPT-14641,House No. CBD-417,Street 29,Gulistan-e-Johar,18,5,House,Sarfraz Janjua,Mubashir Lak,Verified,Due,Issue Found,Paid,81500000.0
16505,Alam Virk,DEMO-KPT-16505,House No. RDC-301,Street 1,Gulistan-e-Johar,19,5,House,Alam Virk,Mahnaz Soomro,Litigated,Due,Under Review,Paid,91100000.0
11271,Jahangir Yaqoob,DEMO-KPT-11271,House No. DR-896,Street 7,Gulistan-e-Johar,19,5,House,Jahangir Yaqoob,Mehboob Laghari,Verified,Due,Under Review,Due,96900000.0
13116,Hasnain Khuhro,DEMO-KPT-13116,House No. DD-387,Street 8,Gulistan-e-Johar,19,5,House,Hasnain Khuhro,Danish Tanoli,Pending,Due,Clear,Due,83300000.0
9589,Vaqar Sadiq,DEMO-KPT-9589,House No. BD-776,Street 10,Gulistan-e-Johar,19,5,House,Vaqar Sadiq,Shafiq Virk,Verified,Paid,Issue Found,Due,86000000.0
4546,Nailah Panezai,DEMO-KPT-4546,House No. CR-396,Street 12,Gulistan-e-Johar,19,5,House,Nailah Panezai,Rehana Zafar,Litigated,Due,Under Review,Due,87400000.0
7907,Kinza Rizvi,DEMO-KPT-7907,House No. BB-409,Street 12,Gulistan-e-Johar,19,5,House,Kinza Rizvi,Hassan Bhurgri,Pending,Due,Under Review,Paid,86600000.0
16457,Sameer Swati,DEMO-KPT-16457,House No. RCD-801,Street 12,Gulistan-e-Johar,19,5,House,Sameer Swati,Wasim Iqbal,Pending,Due,Under Review,Paid,88000000.0
2888,Shehzad Zahid,DEMO-KPT-2888,House No. R-490,Street 13,Gulistan-e-Johar,19,5,House,Shehzad Zahid,Urwa Tareen,Pending,Paid,Clear,Paid,90000000.0
9578,Iqbal Hussain,DEMO-KPT-9578,House No. BC-577,Street 13,Gulistan-e-Johar,19,5,House,Iqbal Hussain,Aleena Umer,Litigated,Due,Issue Found,Due,97900000.0
7968,Ubaid Dogar,DEMO-KPT-7968,House No. RC-516,Street 14,Gulistan-e-Johar,19,5,House,Ubaid Dogar,Hadiqa Majeed,Verified,Due,Issue Found,Paid,98800000.0
2853,Omer Afridi,DEMO-KPT-2853,House No. R-343,Street 20,Gulistan-e-Johar,19,5,House,Omer Afridi,Fariha Orakzai,Verified,Paid,Issue Found,Due,88300000.0
11372,Parvez Shakeel,DEMO-KPT-11372,House No. BC-428,Street 20,Gulistan-e-Johar,19,5,House,Parvez Shakeel,Najma Khokhar,Pending,Paid,Under Review,Due,88100000.0
9611,Nargis Leghari,DEMO-KPT-9611,House No. BR-738,Street 22,Gulistan-e-Johar,19,5,House,Nargis Leghari,Samra Dreshak,Pending,Due,Clear,Paid,91500000.0
13183,Zubia Javed,DEMO-KPT-13183,House No. CD-602,Street 22,Gulistan-e-Johar,19,5,House,Zubia Javed,Shahida Khuhro,Litigated,Paid,Issue Found,Due,86900000.0
14759,Mahnoor Kayani,DEMO-KPT-14759,House No. RBD-593,Street 25,Gulistan-e-Johar,19,5,House,Mahnoor Kayani,Wania Sadiq,Verified,Due,Clear,Paid,85900000.0
9555,Maryam Joiya,DEMO-KPT-9555,House No. RR-650,Street 26,Gulistan-e-Johar,19,5,House,Maryam Joiya,Sameen Rana,Pending,Paid,Issue Found,Paid,81900000.0
11355,Alina Rehman,DEMO-KPT-11355,House No. DC-835,Street 26,Gulistan-e-Johar,19,5,House,Alina Rehman,Safa Bijarani,Pending,Paid,Issue Found,Paid,85100000.0
8079,Sabrina Hayat,DEMO-KPT-8079,House No. RR-651,Street 1,Gulistan-e-Johar,20,5,House,Sabrina Hayat,Sameer Mohmand,Pending,Due,Issue Found,Paid,83400000.0
14908,Zakir Shafi,DEMO-KPT-14908,House No. RDC-634,Street 1,Gulistan-e-Johar,20,5,House,Zakir Shafi,Aqeel Laghari,Pending,Paid,Clear,Paid,99900000.0
4590,Ikhlaq Peerzada,DEMO-KPT-4590,House No. CC-764,Street 2,Gulistan-e-Johar,20,5,House,Ikhlaq Peerzada,Fahad Buriro,Verified,Due,Under Review,Due,99700000.0
8008,Neelam Hinjra,DEMO-KPT-8008,House No. DR-457,Street 2,Gulistan-e-Johar,20,5,House,Neelam Hinjra,Zainab Chandio,Pending,Due,Under Review,Paid,94900000.0
14916,Hoor Dayo,DEMO-KPT-14916,House No. BDR-374,Street 8,Gulistan-e-Johar,20,5,House,Hoor Dayo,Nashra Kiani,Pending,Due,Clear,Due,82700000.0
11389,Rubina Lak,DEMO-KPT-11389,House No. RC-527,Street 10,Gulistan-e-Johar,20,5,House,Rubina Lak,Nawaz Lodhi,Verified,Paid,Issue Found,Due,83900000.0
2917,Asim Warraich,DEMO-KPT-2917,House No. D-807,Street 16,Gulistan-e-Johar,20,5,House,Asim Warraich,Aryan Gakhar,Verified,Paid,Under Review,Paid,82700000.0
4555,Nosheen Ghauri,DEMO-KPT-4555,House No. RD-616,Street 16,Gulistan-e-Johar,20,5,House,Nosheen Ghauri,Hashim Popalzai,Pending,Paid,Under Review,Paid,84200000.0
13256,Sheeba Yaqoob,DEMO-KPT-13256,House No. BR-461,Street 19,Gulistan-e-Johar,20,5,House,Sheeba Yaqoob,Sehar Mian,Litigated,Paid,Issue Found,Due,91500000.0
16577,Ikhlaq Shakir,DEMO-KPT-16577,House No. CRB-865,Street 19,Gulistan-e-Johar,20,5,House,Ikhlaq Shakir,Zarar Latif,Pending,Due,Issue Found,Paid,91900000.0
11493,Zubia Hussain,DEMO-KPT-11493,House No. DB-372,Street 21,Gulistan-e-Johar,20,5,House,Zubia Hussain,Afshan Hayat,Verified,Due,Issue Found,Paid,88000000.0
8054,Sahil Ansari,DEMO-KPT-8054,House No. DD-848,Street 23,Gulistan-e-Johar,20,5,House,Sahil Ansari,Anwar Tareen,Litigated,Paid,Clear,Paid,90400000.0
11446,Hadi Sultan,DEMO-KPT-11446,House No. BB-805,Street 23,Gulistan-e-Johar,20,5,House,Hadi Sultan,Akram Sardar,Pending,Paid,Issue Found,Due,83000000.0
14898,Shabana Tahir,DEMO-KPT-14898,House No. CBR-817,Street 23,Gulistan-e-Johar,20,5,House,Shabana Tahir,Ghazanfar Chattha,Verified,Due,Clear,Paid,93700000.0
6322,Fatima Iqbal,DEMO-KPT-6322,House No. BD-657,Street 29,Gulistan-e-Johar,20,5,House,Fatima Iqbal,Sami Khan,Litigated,Due,Issue Found,Due,89100000.0
9637,Sanam Kasi,DEMO-KPT-9637,House No. CR-836,Street 29,Gulistan-e-Johar,20,5,House,Sanam Kasi,Naureen Qadri,Pending,Due,Clear,Paid,99700000.0
13237,Mateen Hashmi,DEMO-KPT-13237,House No. RB-625,Street 29,Gulistan-e-Johar,20,5,House,Mateen Hashmi,Anum Farooq,Pending,Due,Clear,Paid,85300000.0
5040,Parvez Mir,DEMO-KPT-5040,House No. DC-851,Street 2,Gulshan-e-Iqbal,1,5,House,Parvez Mir,Naeem Naseem,Verified,Due,Under Review,Due,98900000.0
1011,Mariam Khan,DEMO-KPT-1011,House No. A-317,Street 10,Gulshan-e-Iqbal,1,5,House,Mariam Khan,Ahsan Mirza,Litigated,Due,Under Review,Due,82900000.0
8423,Ammar Talpur,DEMO-KPT-8423,House No. BR-796,Street 10,Gulshan-e-Iqbal,1,5,House,Ammar Talpur,Sheeba Iqbal,Litigated,Due,Under Review,Paid,82400000.0
15861,Amna Zaidi,DEMO-KPT-15861,House No. DBC-537,Street 10,Gulshan-e-Iqbal,1,5,House,Amna Zaidi,Batool Hussain,Litigated,Due,Under Review,Due,99400000.0
11957,Aqib Rajput,DEMO-KPT-11957,House No. CB-392,Street 12,Gulshan-e-Iqbal,1,5,House,Aqib Rajput,Aqib Rind,Pending,Due,Under Review,Paid,81100000.0
15792,Palwasha Farooqi,DEMO-KPT-15792,House No. CBR-487,Street 15,Gulshan-e-Iqbal,1,5,House,Palwasha Farooqi,Fauzia Zafar,Pending,Due,Issue Found,Paid,80200000.0
1503,Aleena Bhutto,DEMO-KPT-1503,House No. C-558,Street 20,Gulshan-e-Iqbal,1,5,House,Aleena Bhutto,Waheed Virk,Verified,Paid,Issue Found,Due,83500000.0
5103,Rafiq Sipra,DEMO-KPT-5103,House No. CD-655,Street 20,Gulshan-e-Iqbal,1,5,House,Rafiq Sipra,Habib Bhurgri,Verified,Paid,Issue Found,Due,96900000.0
12170,Mina Sohu,DEMO-KPT-12170,House No. RR-605,Street 20,Gulshan-e-Iqbal,1,5,House,Mina Sohu,Rustam Jamal,Litigated,Paid,Issue Found,Due,96500000.0
1487,Momina Umer,DEMO-KPT-1487,House No. B-581,Street 21,Gulshan-e-Iqbal,1,5,House,Momina Umer,Dania Abro,Litigated,Due,Clear,Paid,84300000.0
12198,Nargis Sardar,DEMO-KPT-12198,House No. RR-774,Street 23,Gulshan-e-Iqbal,1,5,House,Nargis Sardar,Salman Khosa,Verified,Due,Clear,Paid,88400000.0
1598,Laila Waheed,DEMO-KPT-1598,House No. B-634,Street 7,Gulshan-e-Iqbal,2,5,House,Laila Waheed,Uzair Shaikh,Litigated,Due,Issue Found,Due,89100000.0
15967,Urwa Qazi,DEMO-KPT-15967,House No. CRB-810,Street 16,Gulshan-e-Iqbal,2,5,House,Urwa Qazi,Saba Nasar,Verified,Paid,Under Review,Paid,91200000.0
8563,Arisha Hussain,DEMO-KPT-8563,House No. DR-492,Street 17,Gulshan-e-Iqbal,2,5,House,Arisha Hussain,Sameer Khan,Verified,Due,Issue Found,Paid,95900000.0
8570,Jabbar Siddiqui,DEMO-KPT-8570,House No. CC-534,Street 20,Gulshan-e-Iqbal,2,5,House,Jabbar Siddiqui,Samad Rehman,Litigated,Paid,Issue Found,Due,86800000.0
1037,Usman Qureshi,DEMO-KPT-1037,House No. A-690,Street 21,Gulshan-e-Iqbal,2,5,House,Usman Qureshi,Bilal Farooq,Litigated,Due,Clear,Paid,98700000.0
1107,Adnan Naeem,DEMO-KPT-1107,House No. A-813,Street 25,Gulshan-e-Iqbal,2,5,House,Adnan Naeem,Usman Shah,Verified,Due,Under Review,Paid,82300000.0
1568,Zahra Jafri,DEMO-KPT-1568,House No. B-869,Street 27,Gulshan-e-Iqbal,2,5,House,Zahra Jafri,Tahir Jamal,Pending,Due,Under Review,Due,89500000.0
1679,Urooj Ghumman,DEMO-KPT-1679,House No. B-571,Street 27,Gulshan-e-Iqbal,2,5,House,Urooj Ghumman,Nasreen Haral,Pending,Due,Issue Found,Paid,88700000.0
5168,Shahab Khattak,DEMO-KPT-5168,House No. BD-654,Street 27,Gulshan-e-Iqbal,2,5,House,Shahab Khattak,Yusuf Saleem,Pending,Due,Under Review,Due,84600000.0
5295,Yumna Rizvi,DEMO-KPT-5295,House No. CD-324,Street 28,Gulshan-e-Iqbal,2,5,House,Yumna Rizvi,Nihal Hayat,Litigated,Due,Clear,Due,82900000.0
5421,Adil Mari,DEMO-KPT-5421,House No. RR-469,Street 7,Gulshan-e-Iqbal,3,5,House,Adil Mari,Jazib Laghari,Verified,Due,Under Review,Due,90200000.0
16086,Junaid Kamboh,DEMO-KPT-16086,House No. DCR-554,Street 8,Gulshan-e-Iqbal,3,5,House,Junaid Kamboh,Rida Minhas,Pending,Paid,Under Review,Due,90200000.0
1872,Sami Sandhu,DEMO-KPT-1872,House No. C-313,Street 12,Gulshan-e-Iqbal,3,5,House,Sami Sandhu,Lina Rashid,Pending,Paid,Under Review,Due,91600000.0
12469,Sara Virk,DEMO-KPT-12469,House No. BC-602,Street 12,Gulshan-e-Iqbal,3,5,House,Sara Virk,Sameen Kayani,Pending,Due,Issue Found,Paid,86900000.0
1842,Sumaira Qureshi,DEMO-KPT-1842,House No. D-850,Street 15,Gulshan-e-Iqbal,3,5,House,Sumaira Qureshi,Uzair Qadir,Pending,Due,Issue Found,Paid,89800000.0
8756,Younas Jamali,DEMO-KPT-8756,House No. CR-456,Street 19,Gulshan-e-Iqbal,3,5,House,Younas Jamali,Marwa Mari,Litigated,Paid,Issue Found,Due,97600000.0
8870,Iqbal Leghari,DEMO-KPT-8870,House No. CD-745,Street 19,Gulshan-e-Iqbal,3,5,House,Iqbal Leghari,Sabahat Bilgrami,Verified,Due,Issue Found,Paid,92200000.0
16071,Aneesa Dogar,DEMO-KPT-16071,House No. DCR-652,Street 19,Gulshan-e-Iqbal,3,5,House,Aneesa Dogar,Rimsha Gandapur,Verified,Paid,Clear,Paid,90700000.0
1143,Shoaib Khan,DEMO-KPT-1143,House No. A-328,Street 21,Gulshan-e-Iqbal,3,5,House,Shoaib Khan,Komal Qureshi,Verified,Due,Issue Found,Paid,96600000.0
8856,Hanzala Tareen,DEMO-KPT-8856,House No. DR-524,Street 22,Gulshan-e-Iqbal,3,5,House,Hanzala Tareen,Luqmaan Imran,Litigated,Paid,Issue Found,Due,84200000.0
12489,Zarar Zubair,DEMO-KPT-12489,House No. DB-432,Street 22,Gulshan-e-Iqbal,3,5,House,Zarar Zubair,Sidra Mian,Litigated,Paid,Clear,Paid,82800000.0
8772,Minhaj Shafiq,DEMO-KPT-8772,House No. BC-327,Street 23,Gulshan-e-Iqbal,3,5,House,Minhaj Shafiq,Nashra Sultan,Litigated,Due,Under Review,Due,83300000.0
1749,Mansoor Iqbal,DEMO-KPT-1749,House No. B-711,Street 24,Gulshan-e-Iqbal,3,5,House,Mansoor Iqbal,Zartaj Bugti,Pending,Paid,Issue Found,Paid,97800000.0
1205,Adnan Aslam,DEMO-KPT-1205,House No. A-616,Street 1,Gulshan-e-Iqbal,4,5,House,Adnan Aslam,Waleed Farooq,Litigated,Due,Under Review,Paid,98500000.0
12650,Mustafa Khan,DEMO-KPT-12650,House No. RR-363,Street 1,Gulshan-e-Iqbal,4,5,House,Mustafa Khan,Rahila Barakzai,Pending,Paid,Issue Found,Due,81500000.0
5490,Mahira Cheema,DEMO-KPT-5490,House No. RB-505,Street 2,Gulshan-e-Iqbal,4,5,House,Mahira Cheema,Manahil Panezai,Verified,Due,Under Review,Due,84000000.0
1189,Iqra Ali,DEMO-KPT-1189,House No. A-440,Street 4,Gulshan-e-Iqbal,4,5,House,Iqra Ali,Zara Naeem,Verified,Due,Issue Found,Paid,82600000.0
5424,Mubashir Chandio,DEMO-KPT-5424,House No. CR-476,Street 6,Gulshan-e-Iqbal,4,5,House,Mubashir Chandio,Maira Peerzada,Pending,Paid,Under Review,Paid,90600000.0
16224,Ahad Usmani,DEMO-KPT-16224,House No. RDC-685,Street 6,Gulshan-e-Iqbal,4,5,House,Ahad Usmani,Minahil Wattoo,Pending,Paid,Under Review,Paid,95100000.0
5511,Taimoor Butt,DEMO-KPT-5511,House No. BC-746,Street 10,Gulshan-e-Iqbal,4,5,House,Taimoor Butt,Nageen Warraich,Litigated,Due,Under Review,Due,92300000.0
1157,Laiba Ali,DEMO-KPT-1157,House No. A-85,Street 12,Gulshan-e-Iqbal,4,5,House,Laiba Ali,Ayesha Iqbal,Pending,Due,Under Review,Paid,94500000.0
1155,Nimra Noor,DEMO-KPT-1155,House No. A-63,Street 13,Gulshan-e-Iqbal,4,5,House,Nimra Noor,Sana Noor,Litigated,Due,Under Review,Paid,97300000.0
2082,Inayat Rizvi,DEMO-KPT-2082,House No. D-463,Street 15,Gulshan-e-Iqbal,4,5,House,Inayat Rizvi,Kinza Zubair,Verified,Due,Clear,Paid,91200000.0
5455,Safa Ranjha,DEMO-KPT-5455,House No. DD-362,Street 16,Gulshan-e-Iqbal,4,5,House,Safa Ranjha,Laiba Junejo,Pending,Paid,Under Review,Paid,84600000.0
12655,Masood Latif,DEMO-KPT-12655,House No. RB-581,Street 16,Gulshan-e-Iqbal,4,5,House,Masood Latif,Aashir Swati,Pending,Paid,Under Review,Paid,95600000.0
16213,Qaiser Mughal,DEMO-KPT-16213,House No. DBC-323,Street 17,Gulshan-e-Iqbal,4,5,House,Qaiser Mughal,Talha Mahsud,Verified,Due,Issue Found,Paid,89700000.0
12696,Aslam Sahito,DEMO-KPT-12696,House No. DD-741,Street 23,Gulshan-e-Iqbal,4,5,House,Aslam Sahito,Ghazanfar Sadiq,Litigated,Due,Issue Found,Due,99900000.0
16296,Parveen Ghazali,DEMO-KPT-16296,House No. DCR-877,Street 23,Gulshan-e-Iqbal,4,5,House,Parveen Ghazali,Waleed Bhat,Litigated,Due,Issue Found,Due,89100000.0
1174,Komal Tariq,DEMO-KPT-1174,House No. A-635,Street 29,Gulshan-e-Iqbal,4,5,House,Komal Tariq,Zara Raza,Verified,Due,Clear,Paid,95600000.0
5705,Tayyab Kayani,DEMO-KPT-5705,House No. DB-761,Street 1,Gulshan-e-Iqbal,5,5,House,Tayyab Kayani,Farrukh Tunio,Litigated,Due,Under Review,Paid,80700000.0
9058,Sheeba Mahsud,DEMO-KPT-9058,House No. RC-327,Street 1,Gulshan-e-Iqbal,5,5,House,Sheeba Mahsud,Qurat Baig,Pending,Paid,Clear,Paid,97500000.0
2238,Urooj Afridi,DEMO-KPT-2238,House No. C-488,Street 5,Gulshan-e-Iqbal,5,5,House,Urooj Afridi,Tauseef Bijarani,Litigated,Due,Clear,Paid,98600000.0
5621,Aneeqa Ali,DEMO-KPT-5621,House No. RB-660,Street 5,Gulshan-e-Iqbal,5,5,House,Aneeqa Ali,Saleha Mehmood,Pending,Paid,Issue Found,Paid,83300000.0
9066,Vaqar Leghari,DEMO-KPT-9066,House No. CB-419,Street 8,Gulshan-e-Iqbal,5,5,House,Vaqar Leghari,Azeem Raza,Pending,Due,Clear,Due,92300000.0
5606,Atiya Usmani,DEMO-KPT-5606,House No. DC-326,Street 19,Gulshan-e-Iqbal,5,5,House,Atiya Usmani,Fayyaz Javed,Litigated,Paid,Issue Found,Due,92400000.0
12822,Rauf Mahesar,DEMO-KPT-12822,House No. BR-606,Street 23,Gulshan-e-Iqbal,5,5,House,Rauf Mahesar,Mukhtar Kamboh,Litigated,Due,Under Review,Due,82800000.0
2264,Ibrahim Janjua,DEMO-KPT-2264,House No. R-409,Street 30,Gulshan-e-Iqbal,5,5,House,Ibrahim Janjua,Batool Mohmand,Pending,Paid,Clear,Paid,90500000.0
5758,Hafsa Swati,DEMO-KPT-5758,House No. CD-387,Street 2,Gulshan-e-Iqbal,6,5,House,Hafsa Swati,Moeen Sahito,Pending,Due,Under Review,Paid,91200000.0
12937,Shifa Rajput,DEMO-KPT-12937,House No. BC-329,Street 4,Gulshan-e-Iqbal,6,5,House,Shifa Rajput,Rehmat Saif,Pending,Paid,Clear,Due,81100000.0
5838,Ayaz Kharal,DEMO-KPT-5838,House No. RR-701,Street 5,Gulshan-e-Iqbal,6,5,House,Ayaz Kharal,Asif Shafi,Litigated,Due,Clear,Paid,81600000.0
5874,Huma Mustafa,DEMO-KPT-5874,House No. RD-774,Street 6,Gulshan-e-Iqbal,6,5,House,Huma Mustafa,Khansa Mahsud,Pending,Paid,Under Review,Paid,86600000.0
16597,Khansa Chaudhry,DEMO-KPT-16597,House No. CRB-484,Street 8,Gulshan-e-Iqbal,6,5,House,Khansa Chaudhry,Mehwish Sohu,Litigated,Paid,Clear,Paid,96700000.0
5828,Sania Rajput,DEMO-KPT-5828,House No. CD-615,Street 9,Gulshan-e-Iqbal,6,5,House,Sania Rajput,Ajmal Buriro,Litigated,Due,Issue Found,Paid,88000000.0
16557,Hidayat Latif,DEMO-KPT-16557,House No. CBD-465,Street 9,Gulshan-e-Iqbal,6,5,House,Hidayat Latif,Liaquat Talpur,Litigated,Paid,Clear,Paid,80300000.0
16519,Numan Leghari,DEMO-KPT-16519,House No. BRC-311,Street 12,Gulshan-e-Iqbal,6,5,House,Numan Leghari,Rizwan Zahid,Pending,Due,Issue Found,Paid,98000000.0
16455,Bilawal Bangash,DEMO-KPT-16455,House No. CBD-469,Street 13,Gulshan-e-Iqbal,6,5,House,Bilawal Bangash,Inshal Bhutto,Litigated,Due,Under Review,Paid,97300000.0
1309,Fatima Ahmed,DEMO-KPT-1309,House No. A-710,Street 18,Gulshan-e-Iqbal,6,5,House,Fatima Ahmed,Fahad Butt,Verified,Paid,Under Review,Due,93400000.0
2387,Amjad Mazari,DEMO-KPT-2387,House No. C-321,Street 21,Gulshan-e-Iqbal,6,5,House,Amjad Mazari,Taha Saleem,Litigated,Due,Clear,Paid,99600000.0
9297,Jamshed Alvi,DEMO-KPT-9297,House No. RC-461,Street 25,Gulshan-e-Iqbal,6,5,House,Jamshed Alvi,Sahil Tareen,Verified,Paid,Under Review,Paid,99000000.0
12897,Aleeza Sindhi,DEMO-KPT-12897,House No. BC-379,Street 25,Gulshan-e-Iqbal,6,5,House,Aleeza Sindhi,Ghazala Saif,Verified,Paid,Under Review,Paid,94700000.0
12929,Zain Umer,DEMO-KPT-12929,House No. BB-897,Street 27,Gulshan-e-Iqbal,6,5,House,Zain Umer,Mirha Qadir,Pending,Due,Issue Found,Paid,98500000.0
2491,Rehana Sohu,DEMO-KPT-2491,House No. C-576,Street 29,Gulshan-e-Iqbal,6,5,House,Rehana Sohu,Abbas Rajput,Verified,Due,Issue Found,Paid,94400000.0
9508,Sumayya Warraich,DEMO-KPT-9508,House No. DD-314,Street 1,Gulshan-e-Iqbal,7,5,House,Sumayya Warraich,Shahroz Mir,Pending,Paid,Clear,Paid,85700000.0
2723,Yawar Bhutto,DEMO-KPT-2723,House No. D-896,Street 3,Gulshan-e-Iqbal,7,5,House,Yawar Bhutto,Sohail Usmani,Litigated,Paid,Under Review,Paid,97100000.0
2749,Khawar Baig,DEMO-KPT-2749,House No. B-317,Street 8,Gulshan-e-Iqbal,7,5,House,Khawar Baig,Inaya Jadoon,Pending,Paid,Under Review,Paid,88600000.0
13099,Shafaq Peerzada,DEMO-KPT-13099,House No. DD-511,Street 8,Gulshan-e-Iqbal,7,5,House,Shafaq Peerzada,Iqbal Gandapur,Pending,Paid,Under Review,Paid,93200000.0
13189,Sehar Turk,DEMO-KPT-13189,House No. CR-437,Street 10,Gulshan-e-Iqbal,7,5,House,Sehar Turk,Ifrah Minhas,Verified,Paid,Issue Found,Due,93300000.0
13096,Athar Kalhoro,DEMO-KPT-13096,House No. DR-415,Street 12,Gulshan-e-Iqbal,7,5,House,Athar Kalhoro,Yasmeen Palijo,Litigated,Due,Under Review,Due,97600000.0
5967,Ayla Joiya,DEMO-KPT-5967,House No. BB-554,Street 14,Gulshan-e-Iqbal,7,5,House,Ayla Joiya,Humayun Soomro,Litigated,Due,Clear,Due,97900000.0
2565,Nashra Turk,DEMO-KPT-2565,House No. C-705,Street 15,Gulshan-e-Iqbal,7,5,House,Nashra Turk,Daniyal Panhwar,Verified,Due,Clear,Paid,95800000.0
1405,Imran Mirza,DEMO-KPT-1405,House No. A-918,Street 16,Gulshan-e-Iqbal,7,5,House,Imran Mirza,Zain Siddiqui,Pending,Paid,Under Review,Paid,82400000.0
1363,Talha Hussain,DEMO-KPT-1363,House No. A-433,Street 17,Gulshan-e-Iqbal,7,5,House,Talha Hussain,Alina Javed,Verified,Due,Issue Found,Paid,91000000.0
9572,Mateen Bhutto,DEMO-KPT-9572,House No. RR-448,Street 20,Gulshan-e-Iqbal,7,5,House,Mateen Bhutto,Sadia Dogar,Pending,Paid,Under Review,Due,96900000.0
3005,Yasmeen Orakzai,DEMO-KPT-3005,House No. R-475,Street 1,Gulshan-e-Iqbal,8,5,House,Yasmeen Orakzai,Zia Farooq,Litigated,Due,Under Review,Paid,98600000.0
13386,Arham Virk,DEMO-KPT-13386,House No. RC-369,Street 8,Gulshan-e-Iqbal,8,5,House,Arham Virk,Abubakar Zubair,Pending,Paid,Under Review,Due,86300000.0
6079,Balaj Dogar,DEMO-KPT-6079,House No. RR-870,Street 15,Gulshan-e-Iqbal,8,5,House,Balaj Dogar,Sabrina Bugti,Pending,Paid,Under Review,Due,92300000.0
13461,Adil Unar,DEMO-KPT-13461,House No. CRB-369,Street 16,Gulshan-e-Iqbal,8,5,House,Adil Unar,Kanwal Junejo,Verified,Paid,Clear,Due,88800000.0
9743,Atif Rajput,DEMO-KPT-9743,House No. BB-705,Street 18,Gulshan-e-Iqbal,8,5,House,Atif Rajput,Munib Lakhani,Litigated,Paid,Clear,Paid,96900000.0
1441,Fatima Malik,DEMO-KPT-1441,House No. A-515,Street 19,Gulshan-e-Iqbal,8,5,House,Fatima Malik,Zain Ali,Pending,Due,Issue Found,Paid,97300000.0
16893,Zartaj Sandhu,DEMO-KPT-16893,House No. CBD-898,Street 21,Gulshan-e-Iqbal,8,5,House,Zartaj Sandhu,Saeed Gill,Verified,Due,Issue Found,Paid,96400000.0
16755,Nabeeha Imran,DEMO-KPT-16755,House No. BCR-793,Street 26,Gulshan-e-Iqbal,8,5,House,Nabeeha Imran,Anum Janjua,Pending,Paid,Issue Found,Paid,89800000.0
2918,Aqeel Kasi,DEMO-KPT-2918,House No. C-680,Street 27,Gulshan-e-Iqbal,8,5,House,Aqeel Kasi,Asra Raza,Pending,Due,Under Review,Due,83800000.0
6118,Ajmal Laghari,DEMO-KPT-6118,House No. DB-793,Street 27,Gulshan-e-Iqbal,8,5,House,Ajmal Laghari,Yahya Zardari,Pending,Paid,Issue Found,Paid,94200000.0
16955,Ashfaq Panhwar,DEMO-KPT-16955,House No. BDR-539,Street 1,Gulshan-e-Iqbal,9,5,House,Ashfaq Panhwar,Jamshed Tanoli,Litigated,Due,Under Review,Paid,95600000.0
9905,Zubair Rajper,DEMO-KPT-9905,House No. RR-765,Street 4,Gulshan-e-Iqbal,9,5,House,Zubair Rajper,Hanzala Iqbal,Verified,Paid,Issue Found,Paid,81300000.0
3097,Qasim Noor,DEMO-KPT-3097,House No. D-849,Street 8,Gulshan-e-Iqbal,9,5,House,Qasim Noor,Rahila Orakzai,Litigated,Paid,Clear,Paid,80200000.0
6186,Rashida Mian,DEMO-KPT-6186,House No. RB-758,Street 8,Gulshan-e-Iqbal,9,5,House,Rashida Mian,Daniya Khalid,Pending,Paid,Under Review,Due,96400000.0
9786,Sobia Jamal,DEMO-KPT-9786,House No. CB-848,Street 8,Gulshan-e-Iqbal,9,5,House,Sobia Jamal,Kausar Bhurgri,Pending,Paid,Under Review,Due,84000000.0
9878,Farwa Gondal,DEMO-KPT-9878,House No. CD-792,Street 9,Gulshan-e-Iqbal,9,5,House,Farwa Gondal,Maira Hafeez,Litigated,Due,Issue Found,Paid,92900000.0
16905,Aziz Shaikh,DEMO-KPT-16905,House No. CRD-598,Street 13,Gulshan-e-Iqbal,9,5,House,Aziz Shaikh,Sahar Orakzai,Litigated,Due,Under Review,Paid,92000000.0
13591,Umaima Shinwari,DEMO-KPT-13591,House No. RCB-528,Street 19,Gulshan-e-Iqbal,9,5,House,Umaima Shinwari,Sheeba Bhutto,Pending,Due,Issue Found,Paid,92600000.0
6156,Marwa Zubair,DEMO-KPT-6156,House No. BC-419,Street 22,Gulshan-e-Iqbal,9,5,House,Marwa Zubair,Dawood Korai,Litigated,Paid,Issue Found,Due,84200000.0
16989,Hussnain Malik,DEMO-KPT-16989,House No. DCB-805,Street 22,Gulshan-e-Iqbal,9,5,House,Hussnain Malik,Areeba Akhtar,Litigated,Paid,Clear,Paid,81900000.0
6254,Jibran Hussain,DEMO-KPT-6254,House No. CC-499,Street 23,Gulshan-e-Iqbal,9,5,House,Jibran Hussain,Arisha Farooqi,Litigated,Paid,Clear,Paid,99200000.0
13903,Qurat Mughal,DEMO-KPT-13903,House No. DCR-876,Street 1,Gulshan-e-Iqbal,10,5,House,Qurat Mughal,Zubair Tunio,Verified,Paid,Issue Found,Due,92500000.0
9990,Fatima Dayo,DEMO-KPT-9990,House No. RC-655,Street 2,Gulshan-e-Iqbal,10,5,House,Fatima Dayo,Jalal Hameed,Verified,Due,Under Review,Due,88200000.0
13999,Mudassar Gill,DEMO-KPT-13999,House No. CBR-632,Street 8,Gulshan-e-Iqbal,10,5,House,Mudassar Gill,Sahrish Magsi,Pending,Paid,Under Review,Paid,86100000.0
9981,Fabiha Sultan,DEMO-KPT-9981,House No. CC-808,Street 13,Gulshan-e-Iqbal,10,5,House,Fabiha Sultan,Saira Leghari,Pending,Due,Under Review,Paid,88400000.0
3170,Raheela Butt,DEMO-KPT-3170,House No. D-873,Street 20,Gulshan-e-Iqbal,10,5,House,Raheela Butt,Tauseef Lari,Litigated,Paid,Issue Found,Due,87100000.0
6396,Alizeh Randhawa,DEMO-KPT-6396,House No. DC-573,Street 23,Gulshan-e-Iqbal,10,5,House,Alizeh Randhawa,Khushbu Rehman,Litigated,Due,Issue Found,Due,81200000.0
9948,Basit Ilyas,DEMO-KPT-9948,House No. RR-462,Street 23,Gulshan-e-Iqbal,10,5,House,Basit Ilyas,Saira Shakir,Verified,Due,Clear,Paid,92900000.0
13964,Benazir Lodhi,DEMO-KPT-13964,House No. RDC-543,Street 30,Gulshan-e-Iqbal,10,5,House,Benazir Lodhi,Samad Panhwar,Pending,Paid,Clear,Paid,85700000.0
10159,Ahtisham Ali,DEMO-KPT-10159,House No. RB-492,Street 3,Gulshan-e-Iqbal,11,5,House,Ahtisham Ali,Aneesa Hashmi,Litigated,Due,Clear,Due,94000000.0
3468,Mustafa Pirzada,DEMO-KPT-3468,House No. D-441,Street 14,Gulshan-e-Iqbal,11,5,House,Mustafa Pirzada,Humayun Kharal,Verified,Due,Issue Found,Paid,96400000.0
6709,Emaad Yousaf,DEMO-KPT-6709,House No. RR-724,Street 18,Gulshan-e-Iqbal,11,5,House,Emaad Yousaf,Amal Mangi,Verified,Paid,Under Review,Due,89600000.0
3372,Shahzad Gondal,DEMO-KPT-3372,House No. B-368,Street 23,Gulshan-e-Iqbal,11,5,House,Shahzad Gondal,Saira Shakeel,Litigated,Due,Under Review,Due,90300000.0
14046,Aneeqa Ghumman,DEMO-KPT-14046,House No. RBC-300,Street 23,Gulshan-e-Iqbal,11,5,House,Aneeqa Ghumman,Obaid Mahar,Litigated,Due,Issue Found,Due,86000000.0
6507,Naeem Shinwari,DEMO-KPT-6507,House No. DD-731,Street 25,Gulshan-e-Iqbal,11,5,House,Naeem Shinwari,Junaid Saif,Verified,Due,Under Review,Paid,82000000.0
6597,Zaheer Naqvi,DEMO-KPT-6597,House No. RB-406,Street 25,Gulshan-e-Iqbal,11,5,House,Zaheer Naqvi,Mishal Tahir,Verified,Paid,Under Review,Paid,91700000.0
3391,Umair Bugti,DEMO-KPT-3391,House No. R-428,Street 29,Gulshan-e-Iqbal,11,5,House,Umair Bugti,Tanveer Unar,Verified,Due,Issue Found,Paid,91300000.0
3605,Khizar Barakzai,DEMO-KPT-3605,House No. R-585,Street 4,Gulshan-e-Iqbal,12,5,House,Khizar Barakzai,Kaleem Khosa,Verified,Paid,Issue Found,Paid,94600000.0
10355,Daniyal Dawood,DEMO-KPT-10355,House No. RR-672,Street 4,Gulshan-e-Iqbal,12,5,House,Daniyal Dawood,Akif Hashmi,Verified,Paid,Issue Found,Paid,91400000.0
14239,Azeem Tahir,DEMO-KPT-14239,House No. BCD-847,Street 4,Gulshan-e-Iqbal,12,5,House,Azeem Tahir,Burhan Janjua,Verified,Due,Issue Found,Paid,82200000.0
6774,Alam Naqvi,DEMO-KPT-6774,House No. BD-811,Street 6,Gulshan-e-Iqbal,12,5,House,Alam Naqvi,Sajjad Nadeem,Pending,Paid,Under Review,Paid,92700000.0
10374,Laiba Gandapur,DEMO-KPT-10374,House No. RR-461,Street 6,Gulshan-e-Iqbal,12,5,House,Laiba Gandapur,Burhan Virk,Pending,Paid,Under Review,Paid,91400000.0
6799,Nageen Rehman,DEMO-KPT-6799,House No. BR-438,Street 8,Gulshan-e-Iqbal,12,5,House,Nageen Rehman,Ayan Jafri,Pending,Paid,Under Review,Paid,88000000.0
3561,Bisma Parvez,DEMO-KPT-3561,House No. B-576,Street 16,Gulshan-e-Iqbal,12,5,House,Bisma Parvez,Laila Shinwari,Verified,Paid,Clear,Due,83000000.0
3620,Mansoor Warsi,DEMO-KPT-3620,House No. D-367,Street 20,Gulshan-e-Iqbal,12,5,House,Mansoor Warsi,Kamal Jafri,Litigated,Paid,Issue Found,Due,92700000.0
14466,Zartaj Dahri,DEMO-KPT-14466,House No. BCD-772,Street 8,Gulshan-e-Iqbal,13,5,House,Zartaj Dahri,Zoya Niazi,Pending,Due,Clear,Due,99000000.0
3728,Esha Kakar,DEMO-KPT-3728,House No. B-334,Street 13,Gulshan-e-Iqbal,13,5,House,Esha Kakar,Tahseen Hinjra,Litigated,Due,Issue Found,Due,96700000.0
7005,Mehak Tunio,DEMO-KPT-7005,House No. DB-304,Street 13,Gulshan-e-Iqbal,13,5,House,Mehak Tunio,Rizwaan Shakir,Litigated,Due,Under Review,Paid,80400000.0
10467,Faisal Talpur,DEMO-KPT-10467,House No. DD-860,Street 14,Gulshan-e-Iqbal,13,5,House,Faisal Talpur,Kamal Hussain,Litigated,Due,Clear,Due,82600000.0
7065,Aashir Zia,DEMO-KPT-7065,House No. RC-425,Street 15,Gulshan-e-Iqbal,13,5,House,Aashir Zia,Areeba Joiya,Verified,Due,Clear,Paid,90300000.0
7070,Maimoona Ghauri,DEMO-KPT-7070,House No. CC-351,Street 19,Gulshan-e-Iqbal,13,5,House,Maimoona Ghauri,Aslam Riaz,Verified,Due,Issue Found,Paid,90500000.0
7056,Nauman Sheikh,DEMO-KPT-7056,House No. RB-490,Street 22,Gulshan-e-Iqbal,13,5,House,Nauman Sheikh,Ayan Mohammadzai,Litigated,Paid,Issue Found,Due,80900000.0
14659,Mushtaq Gandapur,DEMO-KPT-14659,House No. BDC-648,Street 3,Gulshan-e-Iqbal,14,5,House,Mushtaq Gandapur,Aiman Ghauri,Litigated,Due,Clear,Due,94200000.0
7188,Yasir Ahmed,DEMO-KPT-7188,House No. BB-415,Street 5,Gulshan-e-Iqbal,14,5,House,Yasir Ahmed,Taimoor Jadoon,Litigated,Due,Clear,Paid,94000000.0
7192,Mahrukh Pirzada,DEMO-KPT-7192,House No. DB-725,Street 7,Gulshan-e-Iqbal,14,5,House,Mahrukh Pirzada,Mehreen Marri,Verified,Paid,Clear,Paid,80000000.0
14708,Nabila Hinjra,DEMO-KPT-14708,House No. CRB-446,Street 19,Gulshan-e-Iqbal,14,5,House,Nabila Hinjra,Bahadur Shah,Verified,Paid,Under Review,Due,82300000.0
3929,Maimoona Minhas,DEMO-KPT-3929,House No. RD-460,Street 27,Gulshan-e-Iqbal,14,5,House,Maimoona Minhas,Sadaqat Bilgrami,Pending,Due,Issue Found,Paid,95400000.0
14587,Fareeha Abro,DEMO-KPT-14587,House No. RCB-895,Street 29,Gulshan-e-Iqbal,14,5,House,Fareeha Abro,Munib Gandapur,Pending,Due,Clear,Paid,95800000.0
7258,Rakhshanda Qadri,DEMO-KPT-7258,House No. DB-598,Street 1,Gulshan-e-Iqbal,15,5,House,Rakhshanda Qadri,Zohra Lughmani,Pending,Paid,Clear,Paid,96300000.0
3936,Nafisa Hinjra,DEMO-KPT-3936,House No. RB-640,Street 8,Gulshan-e-Iqbal,15,5,House,Nafisa Hinjra,Sikandar Dayo,Pending,Paid,Under Review,Due,87700000.0
7281,Warda Tarar,DEMO-KPT-7281,House No. RC-860,Street 13,Gulshan-e-Iqbal,15,5,House,Warda Tarar,Fariha Jogezai,Pending,Due,Under Review,Paid,93000000.0
10988,Fatima Kalhoro,DEMO-KPT-10988,House No. BD-384,Street 13,Gulshan-e-Iqbal,15,5,House,Fatima Kalhoro,Kamran Jaffri,Pending,Paid,Clear,Paid,94300000.0
11017,Sumbal Nasar,DEMO-KPT-11017,House No. CR-897,Street 16,Gulshan-e-Iqbal,15,5,House,Sumbal Nasar,Husna Sandhu,Verified,Paid,Under Review,Paid,85200000.0
3977,Zaynab Mahar,DEMO-KPT-3977,House No. RR-872,Street 19,Gulshan-e-Iqbal,15,5,House,Zaynab Mahar,Amara Bettani,Pending,Due,Issue Found,Paid,96700000.0
14870,Amna Sheikh,DEMO-KPT-14870,House No. BCD-460,Street 20,Gulshan-e-Iqbal,15,5,House,Amna Sheikh,Arsalan Sahito,Litigated,Paid,Issue Found,Due,97100000.0
4005,Bilquis Magsi,DEMO-KPT-4005,House No. BB-870,Street 30,Gulshan-e-Iqbal,15,5,House,Bilquis Magsi,Laiba Rehman,Verified,Due,Under Review,Paid,91600000.0
7459,Azka Kalhoro,DEMO-KPT-7459,House No. RB-497,Street 3,Gulshan-e-Iqbal,16,5,House,Azka Kalhoro,Farrukh Parvez,Litigated,Due,Clear,Due,88700000.0
11136,Nawaz Tariq,DEMO-KPT-11136,House No. RR-586,Street 8,Gulshan-e-Iqbal,16,5,House,Nawaz Tariq,Mirha Mughal,Pending,Paid,Under Review,Due,89300000.0
11175,Aneesa Rajper,DEMO-KPT-11175,House No. RC-381,Street 13,Gulshan-e-Iqbal,16,5,House,Aneesa Rajper,Fareeha Ghaffar,Pending,Paid,Clear,Due,81300000.0
14929,Khushbu Siddiqui,DEMO-KPT-14929,House No. RDB-653,Street 14,Gulshan-e-Iqbal,16,5,House,Khushbu Siddiqui,Khawar Wani,Verified,Due,Issue Found,Paid,85700000.0
11209,Abbas Sultan,DEMO-KPT-11209,House No. RR-627,Street 18,Gulshan-e-Iqbal,16,5,House,Abbas Sultan,Tahmina Kalhoro,Verified,Paid,Under Review,Due,91600000.0
7570,Mahira Rabbani,DEMO-KPT-7570,House No. RD-626,Street 22,Gulshan-e-Iqbal,16,5,House,Mahira Rabbani,Mirha Shafi,Pending,Paid,Issue Found,Due,88400000.0
11264,Shama Saeed,DEMO-KPT-11264,House No. BB-365,Street 30,Gulshan-e-Iqbal,16,5,House,Shama Saeed,Farzana Jamali,Pending,Paid,Clear,Paid,94300000.0
15155,Akbar Kidwai,DEMO-KPT-15155,House No. BRD-602,Street 1,Gulshan-e-Iqbal,17,5,House,Akbar Kidwai,Amara Samo,Litigated,Due,Under Review,Paid,99600000.0
7655,Saima Bangash,DEMO-KPT-7655,House No. BB-307,Street 4,Gulshan-e-Iqbal,17,5,House,Saima Bangash,Rakhshanda Noor,Verified,Paid,Issue Found,Paid,95800000.0
4492,Shahbaz Naseem,DEMO-KPT-4492,House No. BB-543,Street 7,Gulshan-e-Iqbal,17,5,House,Shahbaz Naseem,Sania Niazi,Verified,Paid,Clear,Paid,95300000.0
4386,Wajiha Mahar,DEMO-KPT-4386,House No. DR-744,Street 8,Gulshan-e-Iqbal,17,5,House,Wajiha Mahar,Sheraz Hafeez,Pending,Paid,Under Review,Due,92100000.0
7628,Ayla Rabbani,DEMO-KPT-7628,House No. RD-711,Street 9,Gulshan-e-Iqbal,17,5,House,Ayla Rabbani,Bilal Zubairi,Litigated,Due,Issue Found,Paid,98300000.0
4513,Sania Korai,DEMO-KPT-4513,House No. BB-712,Street 17,Gulshan-e-Iqbal,17,5,House,Sania Korai,Zain Usmani,Verified,Due,Issue Found,Paid,96800000.0
4522,Mehak Tanoli,DEMO-KPT-4522,House No. DR-855,Street 29,Gulshan-e-Iqbal,17,5,House,Mehak Tanoli,Rehan Abbasi,Litigated,Due,Issue Found,Due,89300000.0
15381,Ubaid Majeed,DEMO-KPT-15381,House No. RCB-723,Street 13,Gulshan-e-Iqbal,18,5,House,Ubaid Majeed,Sabih Bettani,Pending,Due,Under Review,Paid,98300000.0
15383,Jahangir Sultan,DEMO-KPT-15383,House No. BCR-412,Street 18,Gulshan-e-Iqbal,18,5,House,Jahangir Sultan,Fauzia Hoti,Litigated,Due,Issue Found,Paid,91500000.0
4591,Zafar Zubair,DEMO-KPT-4591,House No. RR-694,Street 19,Gulshan-e-Iqbal,18,5,House,Zafar Zubair,Saif Daudzai,Pending,Due,Issue Found,Paid,82900000.0
7958,Riaz Ghumman,DEMO-KPT-7958,House No. RR-355,Street 19,Gulshan-e-Iqbal,18,5,House,Riaz Ghumman,Sheeba Zardari,Verified,Paid,Under Review,Due,82400000.0
11472,Beenish Tahir,DEMO-KPT-11472,House No. CR-412,Street 23,Gulshan-e-Iqbal,18,5,House,Beenish Tahir,Farheen Umer,Litigated,Due,Under Review,Due,99400000.0
11649,Laila Anwar,DEMO-KPT-11649,House No. DR-726,Street 24,Gulshan-e-Iqbal,18,5,House,Laila Anwar,Wania Yasin,Pending,Paid,Issue Found,Paid,96800000.0
15297,Najma Zahid,DEMO-KPT-15297,House No. RBD-634,Street 25,Gulshan-e-Iqbal,18,5,House,Najma Zahid,Feryal Mughal,Litigated,Paid,Clear,Paid,85600000.0
7755,Nashra Ghazali,DEMO-KPT-7755,House No. CD-332,Street 26,Gulshan-e-Iqbal,18,5,House,Nashra Ghazali,Irfan Khuhro,Pending,Paid,Issue Found,Paid,80000000.0
4721,Unaiza Tunio,DEMO-KPT-4721,House No. BR-638,Street 5,Gulshan-e-Iqbal,19,5,House,Unaiza Tunio,Naila Umer,Pending,Paid,Issue Found,Paid,88700000.0
4748,Sarah Tanoli,DEMO-KPT-4748,House No. CD-413,Street 7,Gulshan-e-Iqbal,19,5,House,Sarah Tanoli,Ramsha Rafique,Litigated,Due,Issue Found,Due,89000000.0
8092,Aun Bhittani,DEMO-KPT-8092,House No. RR-721,Street 7,Gulshan-e-Iqbal,19,5,House,Aun Bhittani,Zubair Turk,Verified,Paid,Clear,Paid,96200000.0
8007,Nasrullah Cheema,DEMO-KPT-8007,House No. RC-330,Street 9,Gulshan-e-Iqbal,19,5,House,Nasrullah Cheema,Nadeem Parvez,Litigated,Paid,Clear,Paid,87400000.0
11779,Idrees Rizvi,DEMO-KPT-11779,House No. DR-601,Street 14,Gulshan-e-Iqbal,19,5,House,Idrees Rizvi,Mansoor Niazi,Verified,Due,Issue Found,Paid,94000000.0
4706,Nawal Hinjra,DEMO-KPT-4706,House No. RC-796,Street 19,Gulshan-e-Iqbal,19,5,House,Nawal Hinjra,Sajida Lashari,Litigated,Paid,Issue Found,Due,93300000.0
15639,Sahar Sial,DEMO-KPT-15639,House No. DBC-517,Street 22,Gulshan-e-Iqbal,19,5,House,Sahar Sial,Shoaib Lone,Litigated,Paid,Clear,Paid,89500000.0
11748,Mukhtar Bhatti,DEMO-KPT-11748,House No. BB-797,Street 23,Gulshan-e-Iqbal,19,5,House,Mukhtar Bhatti,Marwa Saif,Verified,Due,Clear,Paid,97900000.0
8049,Ashraf Rabbani,DEMO-KPT-8049,House No. DR-320,Street 24,Gulshan-e-Iqbal,19,5,House,Ashraf Rabbani,Adnan Khuhro,Pending,Paid,Issue Found,Paid,82700000.0
11655,Akram Bhurgri,DEMO-KPT-11655,House No. RD-606,Street 30,Gulshan-e-Iqbal,19,5,House,Akram Bhurgri,Abdullah Bettani,Verified,Due,Under Review,Paid,81100000.0
15658,Habib Afridi,DEMO-KPT-15658,House No. RCB-852,Street 2,Gulshan-e-Iqbal,20,5,House,Habib Afridi,Uzma Bhurgri,Pending,Due,Under Review,Paid,84200000.0
8123,Bilal Ghumman,DEMO-KPT-8123,House No. CR-505,Street 3,Gulshan-e-Iqbal,20,5,House,Bilal Ghumman,Urooj Ghaffar,Litigated,Paid,Under Review,Paid,92600000.0
4789,Israr Kalhoro,DEMO-KPT-4789,House No. BD-685,Street 4,Gulshan-e-Iqbal,20,5,House,Israr Kalhoro,Aiman Kamboh,Verified,Due,Issue Found,Paid,83500000.0
8239,Mubashra Bangash,DEMO-KPT-8239,House No. CD-395,Street 10,Gulshan-e-Iqbal,20,5,House,Mubashra Bangash,Zarmeen Chattha,Verified,Paid,Issue Found,Due,98300000.0
8146,Nayyar Daudzai,DEMO-KPT-8146,House No. BR-400,Street 12,Gulshan-e-Iqbal,20,5,House,Nayyar Daudzai,Alishba Orakzai,Litigated,Due,Under Review,Due,99000000.0
8217,Raees Popalzai,DEMO-KPT-8217,House No. CB-773,Street 14,Gulshan-e-Iqbal,20,5,House,Raees Popalzai,Khurram Zaman,Litigated,Due,Clear,Due,98400000.0
8183,Nawaz Mengal,DEMO-KPT-8183,House No. DD-306,Street 18,Gulshan-e-Iqbal,20,5,House,Nawaz Mengal,Atiya Mian,Litigated,Due,Issue Found,Paid,90400000.0
11922,Khalid Lodhi,DEMO-KPT-11922,House No. CB-585,Street 23,Gulshan-e-Iqbal,20,5,House,Khalid Lodhi,Kausar Wazir,Litigated,Due,Under Review,Due,82700000.0
15699,Fareeha Hafeez,DEMO-KPT-15699,House No. CRB-425,Street 24,Gulshan-e-Iqbal,20,5,House,Fareeha Hafeez,Kafeel Dogar,Pending,Paid,Issue Found,Paid,86500000.0
4797,Sobia Mari,DEMO-KPT-4797,House No. RC-872,Street 25,Gulshan-e-Iqbal,20,5,House,Sobia Mari,Shahida Turk,Verified,Paid,Under Review,Paid,95600000.0
15659,Zakariya Randhawa,DEMO-KPT-15659,House No. BCR-425,Street 25,Gulshan-e-Iqbal,20,5,House,Zakariya Randhawa,Sobia Saeed,Verified,Due,Clear,Paid,85000000.0
8114,Amber Mehmood,DEMO-KPT-8114,House No. RR-604,Street 30,Gulshan-e-Iqbal,20,5,House,Amber Mehmood,Rakhshanda Tahir,Pending,Paid,Clear,Paid,84800000.0
15764,Laila Joiya,DEMO-KPT-15764,House No. DCB-781,Street 30,Gulshan-e-Iqbal,20,5,House,Laila Joiya,Minahil Yousaf,Pending,Paid,Clear,Paid,83000000.0
13453,Babar Baloch,DEMO-KPT-13453,House No. CBR-313,Street 1,PECHS,1,5,House,Babar Baloch,Zubaid Zia,Verified,Paid,Issue Found,Due,99800000.0
7558,Inshal Lughmani,DEMO-KPT-7558,House No. BR-829,Street 2,PECHS,1,5,House,Inshal Lughmani,Zahra Imran,Pending,Due,Under Review,Paid,84400000.0
13478,Sarah Tariq,DEMO-KPT-13478,House No. DRC-316,Street 9,PECHS,1,5,House,Sarah Tariq,Asra Zahid,Litigated,Due,Issue Found,Paid,96300000.0
1017,Fatima Noor,DEMO-KPT-1017,House No. A-392,Street 14,PECHS,1,5,House,Fatima Noor,Ahsan Iqbal,Litigated,Due,Clear,Due,92600000.0
10567,Kinza Farooqi,DEMO-KPT-10567,House No. CC-462,Street 16,PECHS,1,5,House,Kinza Farooqi,Haroon Chaudhry,Verified,Paid,Under Review,Paid,91200000.0
4437,Nashra Magsi,DEMO-KPT-4437,House No. CC-881,Street 20,PECHS,1,5,House,Nashra Magsi,Rida Ali,Litigated,Paid,Under Review,Due,80200000.0
1033,Hassan Malik,DEMO-KPT-1033,House No. A-565,Street 22,PECHS,1,5,House,Hassan Malik,Talha Aslam,Litigated,Paid,Issue Found,Due,85100000.0
16422,Mahira Mahsud,DEMO-KPT-16422,House No. RCB-409,Street 23,PECHS,1,5,House,Mahira Mahsud,Anam Awan,Litigated,Due,Under Review,Due,96800000.0
10557,Sumbal Zaidi,DEMO-KPT-10557,House No. DC-595,Street 25,PECHS,1,5,House,Sumbal Zaidi,Khurram Swati,Verified,Due,Under Review,Paid,93200000.0
10618,Khushbu Ali,DEMO-KPT-10618,House No. BC-804,Street 27,PECHS,1,5,House,Khushbu Ali,Shanza Mahsud,Pending,Paid,Issue Found,Paid,87300000.0
1537,Saqib Dreshak,DEMO-KPT-1537,House No. D-534,Street 29,PECHS,1,5,House,Saqib Dreshak,Lamia Hayat,Pending,Due,Clear,Paid,84900000.0
4550,Shanza Bettani,DEMO-KPT-4550,House No. DC-576,Street 1,PECHS,2,5,House,Shanza Bettani,Uzma Baloch,Pending,Paid,Issue Found,Due,80800000.0
1045,Adnan Mirza,DEMO-KPT-1045,House No. A-616,Street 8,PECHS,2,5,House,Adnan Mirza,Komal Hussain,Verified,Paid,Under Review,Paid,100000000.0
4566,Kaleemullah Hameed,DEMO-KPT-4566,House No. DD-592,Street 8,PECHS,2,5,House,Kaleemullah Hameed,Ayan Mari,Pending,Due,Clear,Due,95300000.0
7631,Zakir Bajwa,DEMO-KPT-7631,House No. RC-849,Street 8,PECHS,2,5,House,Zakir Bajwa,Ifrah Memon,Pending,Due,Clear,Paid,93000000.0
1071,Hassan Farooq,DEMO-KPT-1071,House No. A-434,Street 9,PECHS,2,5,House,Hassan Farooq,Ahsan Javed,Litigated,Paid,Under Review,Due,93200000.0
1039,Kashif Sheikh,DEMO-KPT-1039,House No. A-280,Street 10,PECHS,2,5,House,Kashif Sheikh,Hamza Hussain,Verified,Paid,Issue Found,Due,97800000.0
4688,Nauman Zubairi,DEMO-KPT-4688,House No. RR-838,Street 13,PECHS,2,5,House,Nauman Zubairi,Neelam Kalhoro,Pending,Paid,Clear,Paid,85900000.0
16575,Neha Ansari,DEMO-KPT-16575,House No. CDR-727,Street 13,PECHS,2,5,House,Neha Ansari,Alamgir Tahir,Pending,Paid,Clear,Due,95700000.0
13617,Yousaf Junejo,DEMO-KPT-13617,House No. CBR-796,Street 14,PECHS,2,5,House,Yousaf Junejo,Komal Tareen,Litigated,Due,Clear,Due,84300000.0
16515,Nazia Rafique,DEMO-KPT-16515,House No. RCB-643,Street 15,PECHS,2,5,House,Nazia Rafique,Salahuddin Achakzai,Verified,Due,Clear,Paid,97200000.0
13706,Anwar Tunio,DEMO-KPT-13706,House No. RDB-716,Street 19,PECHS,2,5,House,Anwar Tunio,Shehzad Jogezai,Litigated,Paid,Issue Found,Due,80900000.0
16508,Adeel Buriro,DEMO-KPT-16508,House No. BDR-381,Street 19,PECHS,2,5,House,Adeel Buriro,Vaqar Ghauri,Verified,Paid,Under Review,Due,89200000.0
1593,Fozia Bangash,DEMO-KPT-1593,House No. D-893,Street 21,PECHS,2,5,House,Fozia Bangash,Sultan Mengal,Verified,Due,Issue Found,Paid,86100000.0
10715,Zartaj Janjua,DEMO-KPT-10715,House No. CD-494,Street 24,PECHS,2,5,House,Zartaj Janjua,Hidayat Pirzada,Litigated,Due,Issue Found,Paid,96700000.0
16620,Moeen Memon,DEMO-KPT-16620,House No. BDR-390,Street 26,PECHS,2,5,House,Moeen Memon,Zulfiqar Nawaz,Pending,Due,Under Review,Due,80000000.0
4823,Waseem Bukhari,DEMO-KPT-4823,House No. RD-337,Street 10,PECHS,3,5,House,Waseem Bukhari,Kashaf Barakzai,Litigated,Due,Under Review,Paid,84000000.0
4757,Sonia Chattha,DEMO-KPT-4757,House No. BC-516,Street 12,PECHS,3,5,House,Sonia Chattha,Abubakar Pirzada,Pending,Due,Under Review,Paid,82200000.0
16705,Siddique Bijarani,DEMO-KPT-16705,House No. RCD-766,Street 16,PECHS,3,5,House,Siddique Bijarani,Mohib Randhawa,Pending,Paid,Under Review,Paid,87000000.0
1106,Salman Iqbal,DEMO-KPT-1106,House No. A-277,Street 19,PECHS,3,5,House,Salman Iqbal,Fatima Sheikh,Litigated,Paid,Issue Found,Due,99900000.0
4820,Asifa Gilani,DEMO-KPT-4820,House No. BR-761,Street 19,PECHS,3,5,House,Asifa Gilani,Sarfraz Gandapur,Verified,Due,Issue Found,Paid,90200000.0
4870,Hamid Afridi,DEMO-KPT-4870,House No. DD-784,Street 22,PECHS,3,5,House,Hamid Afridi,Yasir Sultan,Pending,Paid,Issue Found,Due,89000000.0
1096,Waleed Haider,DEMO-KPT-1096,House No. A-911,Street 23,PECHS,3,5,House,Waleed Haider,Sara Tariq,Pending,Paid,Issue Found,Due,97100000.0
10848,Beenish Hussain,DEMO-KPT-10848,House No. BC-467,Street 23,PECHS,3,5,House,Beenish Hussain,Saima Orakzai,Verified,Due,Clear,Paid,90100000.0
10797,Basit Ghazali,DEMO-KPT-10797,House No. CB-415,Street 25,PECHS,3,5,House,Basit Ghazali,Haseeb Aslam,Litigated,Paid,Clear,Paid,90300000.0
13741,Saqib Warsi,DEMO-KPT-13741,House No. RCB-835,Street 29,PECHS,3,5,House,Saqib Warsi,Noor Mangi,Verified,Due,Issue Found,Paid,95000000.0
13774,Nihal Shah,DEMO-KPT-13774,House No. CDB-810,Street 29,PECHS,3,5,House,Nihal Shah,Bakht Iqbal,Verified,Due,Clear,Paid,85100000.0
1814,Talha Sipra,DEMO-KPT-1814,House No. D-858,Street 30,PECHS,3,5,House,Talha Sipra,Mehak Waheed,Pending,Paid,Clear,Paid,93200000.0
13929,Inaya Baig,DEMO-KPT-13929,House No. BDR-798,Street 1,PECHS,4,5,House,Inaya Baig,Muneeba Iqbal,Pending,Due,Issue Found,Paid,80300000.0
13858,Zuha Rajput,DEMO-KPT-13858,House No. RBD-715,Street 2,PECHS,4,5,House,Zuha Rajput,Rustam Panezai,Pending,Due,Under Review,Paid,98800000.0
8124,Saif Dahri,DEMO-KPT-8124,House No. DB-453,Street 6,PECHS,4,5,House,Saif Dahri,Alishba Ali,Pending,Paid,Under Review,Paid,98000000.0
13942,Shama Awan,DEMO-KPT-13942,House No. RCD-764,Street 7,PECHS,4,5,House,Shama Awan,Sobia Saleem,Verified,Paid,Clear,Paid,81700000.0
8047,Afreen Wani,DEMO-KPT-8047,House No. CC-348,Street 8,PECHS,4,5,House,Afreen Wani,Sadaf Afridi,Litigated,Paid,Clear,Paid,82300000.0
1971,Farah Korai,DEMO-KPT-1971,House No. D-397,Street 9,PECHS,4,5,House,Farah Korai,Nayyar Hameed,Litigated,Paid,Under Review,Due,94000000.0
10971,Mukarram Lakhani,DEMO-KPT-10971,House No. RB-348,Street 9,PECHS,4,5,House,Mukarram Lakhani,Sohail Lodhi,Litigated,Paid,Under Review,Due,87200000.0
1117,Salman Qureshi,DEMO-KPT-1117,House No. A-166,Street 16,PECHS,4,5,House,Salman Qureshi,Owais Ahmed,Verified,Paid,Under Review,Paid,98500000.0
2017,Shahmeer Butt,DEMO-KPT-2017,House No. R-593,Street 16,PECHS,4,5,House,Shahmeer Butt,Aiman Popalzai,Verified,Paid,Under Review,Paid,94300000.0
4970,Haris Jamal,DEMO-KPT-4970,House No. CC-306,Street 20,PECHS,4,5,House,Haris Jamal,Qayyum Farooqi,Litigated,Paid,Issue Found,Due,94900000.0
1937,Shahbaz Tareen,DEMO-KPT-1937,House No. B-501,Street 21,PECHS,4,5,House,Shahbaz Tareen,Nafisa Mohmand,Litigated,Due,Clear,Paid,88900000.0
5087,Raheel Achakzai,DEMO-KPT-5087,House No. CR-343,Street 21,PECHS,4,5,House,Raheel Achakzai,Mahira Ahmed,Litigated,Due,Clear,Paid,88800000.0
2022,Sajida Marwat,DEMO-KPT-2022,House No. D-867,Street 23,PECHS,4,5,House,Sajida Marwat,Nargis Kharal,Litigated,Due,Under Review,Due,87000000.0
16868,Yasir Kakar,DEMO-KPT-16868,House No. DRC-541,Street 27,PECHS,4,5,House,Yasir Kakar,Fauzia Qadir,Pending,Due,Under Review,Due,85700000.0
1141,Ayesha Noor,DEMO-KPT-1141,House No. A-650,Street 29,PECHS,4,5,House,Ayesha Noor,Adnan Ahmed,Verified,Due,Issue Found,Paid,95500000.0
8122,Rakhshanda Virk,DEMO-KPT-8122,House No. DR-823,Street 29,PECHS,4,5,House,Rakhshanda Virk,Noor Anwar,Litigated,Due,Issue Found,Due,84900000.0
4905,Mahrukh Shah,DEMO-KPT-4905,House No. DB-585,Street 30,PECHS,4,5,House,Mahrukh Shah,Ayla Saif,Verified,Due,Under Review,Paid,91600000.0
2182,Nadir Joiya,DEMO-KPT-2182,House No. D-419,Street 3,PECHS,5,5,House,Nadir Joiya,Nimra Gabol,Litigated,Due,Clear,Due,90300000.0
11119,Pervaiz Sial,DEMO-KPT-11119,House No. CC-425,Street 12,PECHS,5,5,House,Pervaiz Sial,Yaqoob Hashmi,Pending,Due,Issue Found,Paid,94700000.0
5310,Shehzad Jafri,DEMO-KPT-5310,House No. BC-809,Street 13,PECHS,5,5,House,Shehzad Jafri,Zaib Dayo,Litigated,Due,Clear,Paid,80100000.0
8288,Raees Shinwari,DEMO-KPT-8288,House No. BD-818,Street 13,PECHS,5,5,House,Raees Shinwari,Yousaf Tunio,Pending,Paid,Clear,Paid,86600000.0
5268,Bushra Jamal,DEMO-KPT-5268,House No. BC-534,Street 14,PECHS,5,5,House,Bushra Jamal,Marwa Randhawa,Verified,Due,Issue Found,Paid,84400000.0
1182,Danish Khan,DEMO-KPT-1182,House No. A-698,Street 15,PECHS,5,5,House,Danish Khan,Ahsan Khan,Verified,Due,Clear,Paid,90400000.0
2093,Shaheen Kakar,DEMO-KPT-2093,House No. R-539,Street 18,PECHS,5,5,House,Shaheen Kakar,Aashir Kiani,Litigated,Paid,Clear,Paid,92900000.0
11093,Zaheer Tariq,DEMO-KPT-11093,House No. RD-757,Street 18,PECHS,5,5,House,Zaheer Tariq,Samina Sabri,Litigated,Paid,Clear,Paid,82700000.0
14033,Nabila Laghari,DEMO-KPT-14033,House No. BCD-627,Street 18,PECHS,5,5,House,Nabila Laghari,Emaan Joiya,Litigated,Due,Issue Found,Paid,94300000.0
2120,Furqan Lone,DEMO-KPT-2120,House No. D-535,Street 19,PECHS,5,5,House,Furqan Lone,Tehmina Javed,Verified,Due,Issue Found,Paid,81800000.0
11120,Fasih Gill,DEMO-KPT-11120,House No. CD-542,Street 19,PECHS,5,5,House,Fasih Gill,Rubina Khan,Verified,Due,Issue Found,Paid,92800000.0
16970,Laiba Tareen,DEMO-KPT-16970,House No. CRB-616,Street 19,PECHS,5,5,House,Laiba Tareen,Tahmina Awan,Verified,Due,Issue Found,Paid,87500000.0
14072,Rehana Lone,DEMO-KPT-14072,House No. DCB-320,Street 20,PECHS,5,5,House,Rehana Lone,Fabiha Sabri,Pending,Paid,Under Review,Due,88700000.0
10996,Zawar Kalhoro,DEMO-KPT-10996,House No. BD-781,Street 23,PECHS,5,5,House,Zawar Kalhoro,Fiza Mir,Pending,Paid,Issue Found,Due,82900000.0
1197,Ali Naeem,DEMO-KPT-1197,House No. A-363,Street 25,PECHS,5,5,House,Ali Naeem,Ayesha Haider,Verified,Paid,Under Review,Paid,93100000.0
5309,Zohra Mahar,DEMO-KPT-5309,House No. BR-328,Street 25,PECHS,5,5,House,Zohra Mahar,Amber Ghauri,Verified,Due,Clear,Paid,86500000.0
10987,Noor Shaikh,DEMO-KPT-10987,House No. RB-538,Street 29,PECHS,5,5,House,Noor Shaikh,Hafeez Sohu,Pending,Due,Clear,Paid,93700000.0
11300,Osama Palijo,DEMO-KPT-11300,House No. DC-352,Street 1,PECHS,6,5,House,Osama Palijo,Dawood Rana,Pending,Paid,Issue Found,Due,94700000.0
1223,Waleed Naeem,DEMO-KPT-1223,House No. A-557,Street 10,PECHS,6,5,House,Waleed Naeem,Ahsan Shah,Litigated,Due,Under Review,Paid,86400000.0
5457,Shahzadi Kayani,DEMO-KPT-5457,House No. RC-331,Street 12,PECHS,6,5,House,Shahzadi Kayani,Kaneez Sultan,Verified,Due,Clear,Paid,97700000.0
1206,Arsalan Tariq,DEMO-KPT-1206,House No. A-405,Street 22,PECHS,6,5,House,Arsalan Tariq,Hira Noor,Litigated,Paid,Issue Found,Due,91300000.0
8322,Nadeem Bijarani,DEMO-KPT-8322,House No. DD-619,Street 23,PECHS,6,5,House,Nadeem Bijarani,Lubna Mazari,Litigated,Due,Under Review,Due,89600000.0
11298,Haziq Shah,DEMO-KPT-11298,House No. BC-585,Street 23,PECHS,6,5,House,Haziq Shah,Irum Shakir,Verified,Due,Clear,Paid,94400000.0
2220,Rohail Zaman,DEMO-KPT-2220,House No. C-541,Street 26,PECHS,6,5,House,Rohail Zaman,Neha Bhat,Pending,Due,Under Review,Due,92300000.0
14168,Faiza Lakhani,DEMO-KPT-14168,House No. CBR-838,Street 27,PECHS,6,5,House,Faiza Lakhani,Hussain Imran,Pending,Due,Under Review,Due,99700000.0
2205,Inshal Jaffri,DEMO-KPT-2205,House No. C-588,Street 30,PECHS,6,5,House,Inshal Jaffri,Junaid Khattak,Verified,Due,Under Review,Paid,86200000.0
5355,Nafisa Gondal,DEMO-KPT-5355,House No. RB-606,Street 30,PECHS,6,5,House,Nafisa Gondal,Tayyaba Magsi,Verified,Due,Under Review,Paid,99300000.0
2308,Fareeha Dawood,DEMO-KPT-2308,House No. D-844,Street 1,PECHS,7,5,House,Fareeha Dawood,Afzal Butt,Pending,Paid,Clear,Paid,88600000.0
1282,Laiba Mirza,DEMO-KPT-1282,House No. A-609,Street 3,PECHS,7,5,House,Laiba Mirza,Muhammad Tariq,Litigated,Due,Clear,Due,99800000.0
11428,Maham Swati,DEMO-KPT-11428,House No. BB-806,Street 3,PECHS,7,5,House,Maham Swati,Maqsood Rashid,Pending,Paid,Under Review,Paid,91700000.0
14332,Shifa Yasin,DEMO-KPT-14332,House No. CDB-894,Street 3,PECHS,7,5,House,Shifa Yasin,Inayat Awan,Litigated,Due,Clear,Due,97400000.0
8497,Taimur Farooq,DEMO-KPT-8497,House No. DD-815,Street 8,PECHS,7,5,House,Taimur Farooq,Ramsha Korai,Litigated,Paid,Clear,Paid,91700000.0
11395,Saba Kazmi,DEMO-KPT-11395,House No. RD-339,Street 8,PECHS,7,5,House,Saba Kazmi,Muhammad Bashir,Verified,Paid,Under Review,Paid,95000000.0
1257,Imran Qureshi,DEMO-KPT-1257,House No. A-652,Street 9,PECHS,7,5,House,Imran Qureshi,Salman Hussain,Litigated,Paid,Clear,Paid,80700000.0
14307,Hina Shah,DEMO-KPT-14307,House No. DRC-579,Street 9,PECHS,7,5,House,Hina Shah,Sarmad Zaidi,Litigated,Paid,Clear,Paid,92300000.0
5539,Sehar Ghani,DEMO-KPT-5539,House No. CD-416,Street 10,PECHS,7,5,House,Sehar Ghani,Atiya Turk,Verified,Paid,Issue Found,Due,82900000.0
2296,Muneeb Shinwari,DEMO-KPT-2296,House No. D-646,Street 12,PECHS,7,5,House,Muneeb Shinwari,Salma Sheikh,Litigated,Due,Under Review,Due,86600000.0
8419,Fabiha Gondal,DEMO-KPT-8419,House No. BD-723,Street 12,PECHS,7,5,House,Fabiha Gondal,Siddique Majeed,Pending,Due,Issue Found,Paid,81700000.0
1275,Shoaib Iqbal,DEMO-KPT-1275,House No. A-90,Street 13,PECHS,7,5,House,Shoaib Iqbal,Fatima Tariq,Pending,Paid,Clear,Due,89700000.0
14304,Adeel Kakar,DEMO-KPT-14304,House No. DRC-735,Street 13,PECHS,7,5,House,Adeel Kakar,Mukarram Chaudhry,Litigated,Due,Issue Found,Paid,96200000.0
14310,Naeem Usmani,DEMO-KPT-14310,House No. DBC-778,Street 13,PECHS,7,5,House,Naeem Usmani,Laraib Daudzai,Litigated,Due,Clear,Paid,85600000.0
1277,Muhammad Shah,DEMO-KPT-1277,House No. A-713,Street 19,PECHS,7,5,House,Muhammad Shah,Anaya Hussain,Pending,Due,Issue Found,Paid,97300000.0
1259,Nimra Haider,DEMO-KPT-1259,House No. A-566,Street 25,PECHS,7,5,House,Nimra Haider,Nimra Shah,Verified,Due,Clear,Paid,97900000.0
11457,Erum Yasin,DEMO-KPT-11457,House No. BR-602,Street 25,PECHS,7,5,House,Erum Yasin,Azka Tahir,Verified,Due,Under Review,Paid,85800000.0
11524,Malaika Alvi,DEMO-KPT-11524,House No. DB-895,Street 29,PECHS,7,5,House,Malaika Alvi,Ayan Buriro,Verified,Due,Clear,Paid,88000000.0
1303,Mariam Haider,DEMO-KPT-1303,House No. A-986,Street 1,PECHS,8,5,House,Mariam Haider,Danish Ali,Verified,Paid,Issue Found,Due,90500000.0
2421,Nafisa Yazdani,DEMO-KPT-2421,House No. C-599,Street 9,PECHS,8,5,House,Nafisa Yazdani,Zoya Panhwar,Litigated,Paid,Under Review,Due,89000000.0
5655,Naseer Jamal,DEMO-KPT-5655,House No. BR-351,Street 13,PECHS,8,5,House,Naseer Jamal,Munir Wattoo,Litigated,Due,Under Review,Paid,93200000.0
5760,Zeshan Noor,DEMO-KPT-5760,House No. RR-303,Street 13,PECHS,8,5,House,Zeshan Noor,Sheeba Baig,Litigated,Due,Clear,Paid,93700000.0
5718,Idrees Yaqoob,DEMO-KPT-5718,House No. DC-333,Street 14,PECHS,8,5,House,Idrees Yaqoob,Tahmina Raza,Verified,Due,Issue Found,Paid,80200000.0
2532,Rustam Ijaz,DEMO-KPT-2532,House No. D-346,Street 15,PECHS,8,5,House,Rustam Ijaz,Salma Tarar,Verified,Due,Clear,Paid,97900000.0
14629,Zunair Ghumman,DEMO-KPT-14629,House No. BRD-623,Street 15,PECHS,8,5,House,Zunair Ghumman,Zafar Popalzai,Pending,Paid,Under Review,Due,86700000.0
2468,Hussam Bhat,DEMO-KPT-2468,House No. D-644,Street 27,PECHS,8,5,House,Hussam Bhat,Abdullah Ijaz,Pending,Due,Under Review,Due,86300000.0
5829,Sadaf Memon,DEMO-KPT-5829,House No. CC-616,Street 1,PECHS,9,5,House,Sadaf Memon,Afshan Chandio,Pending,Due,Issue Found,Paid,87300000.0
11679,Inshal Sabri,DEMO-KPT-11679,House No. RC-653,Street 1,PECHS,9,5,House,Inshal Sabri,Bushra Bhat,Pending,Due,Issue Found,Paid,82300000.0
14648,Amjad Sultan,DEMO-KPT-14648,House No. BRD-498,Street 7,PECHS,9,5,House,Amjad Sultan,Aryan Panhwar,Litigated,Due,Issue Found,Due,90200000.0
11839,Mahnoor Wani,DEMO-KPT-11839,House No. BB-814,Street 10,PECHS,9,5,House,Mahnoor Wani,Owais Gondal,Verified,Paid,Issue Found,Due,97200000.0
11837,Nageen Laghari,DEMO-KPT-11837,House No. RD-581,Street 21,PECHS,9,5,House,Nageen Laghari,Hina Soomro,Litigated,Due,Clear,Paid,99100000.0
5765,Mahira Hafeez,DEMO-KPT-5765,House No. CR-716,Street 24,PECHS,9,5,House,Mahira Hafeez,Wasim Hussain,Litigated,Due,Issue Found,Paid,88700000.0
8768,Jabbar Jamali,DEMO-KPT-8768,House No. BD-493,Street 27,PECHS,9,5,House,Jabbar Jamali,Anmol Bajwa,Pending,Due,Under Review,Due,81900000.0
14745,Obaid Awan,DEMO-KPT-14745,House No. CDR-362,Street 28,PECHS,9,5,House,Obaid Awan,Sabika Bhurgri,Litigated,Due,Clear,Due,94100000.0
11722,Qurat Achakzai,DEMO-KPT-11722,House No. CR-747,Street 29,PECHS,9,5,House,Qurat Achakzai,Zuha Kamboh,Litigated,Due,Issue Found,Due,84500000.0
1364,Ali Raza,DEMO-KPT-1364,House No. A-692,Street 30,PECHS,9,5,House,Ali Raza,Saad Butt,Pending,Paid,Clear,Paid,92100000.0
1400,Ahsan Javed,DEMO-KPT-1400,House No. A-624,Street 1,PECHS,10,5,House,Ahsan Javed,Ahmed Javed,Pending,Paid,Issue Found,Due,88000000.0
1408,Saad Naeem,DEMO-KPT-1408,House No. A-426,Street 1,PECHS,10,5,House,Saad Naeem,Kashif Aslam,Pending,Paid,Clear,Paid,89000000.0
14829,Shama Lari,DEMO-KPT-14829,House No. BDC-749,Street 1,PECHS,10,5,House,Shama Lari,Rafiq Nasar,Pending,Due,Issue Found,Paid,85500000.0
14871,Shaheen Popalzai,DEMO-KPT-14871,House No. DBR-630,Street 7,PECHS,10,5,House,Shaheen Popalzai,Haleema Parvez,Verified,Due,Under Review,Due,94600000.0
1399,Imran Haider,DEMO-KPT-1399,House No. A-52,Street 8,PECHS,10,5,House,Imran Haider,Sana Butt,Pending,Paid,Under Review,Paid,86800000.0
5916,Dawood Shah,DEMO-KPT-5916,House No. BB-466,Street 8,PECHS,10,5,House,Dawood Shah,Abdullah Lak,Pending,Due,Clear,Due,84600000.0
14896,Zaid Jadoon,DEMO-KPT-14896,House No. RCB-701,Street 12,PECHS,10,5,House,Zaid Jadoon,Waheed Khattak,Litigated,Due,Under Review,Due,99100000.0
8832,Hania Noor,DEMO-KPT-8832,House No. RB-366,Street 15,PECHS,10,5,House,Hania Noor,Anam Rehman,Verified,Due,Clear,Paid,97400000.0
11906,Qurat Lughmani,DEMO-KPT-11906,House No. CD-888,Street 19,PECHS,10,5,House,Qurat Lughmani,Azhar Khokhar,Litigated,Paid,Issue Found,Due,84800000.0
2822,Zartaj Zafar,DEMO-KPT-2822,House No. B-490,Street 20,PECHS,10,5,House,Zartaj Zafar,Maqsood Rajper,Pending,Paid,Under Review,Due,92700000.0
6187,Haider Mengal,DEMO-KPT-6187,House No. CB-786,Street 4,PECHS,11,5,House,Haider Mengal,Javed Mirza,Pending,Paid,Clear,Due,98800000.0
9139,Rehman Virk,DEMO-KPT-9139,House No. BC-591,Street 10,PECHS,11,5,House,Rehman Virk,Tariq Jamal,Verified,Paid,Issue Found,Due,85100000.0
2955,Farwa Chattha,DEMO-KPT-2955,House No. C-338,Street 13,PECHS,11,5,House,Farwa Chattha,Kanwar Orakzai,Litigated,Due,Under Review,Paid,86000000.0
3075,Muzammil Hayat,DEMO-KPT-3075,House No. B-383,Street 13,PECHS,11,5,House,Muzammil Hayat,Abbas Sheikh,Pending,Paid,Clear,Due,98800000.0
14905,Hussain Zaidi,DEMO-KPT-14905,House No. BRD-751,Street 16,PECHS,11,5,House,Hussain Zaidi,Haleema Daudzai,Pending,Paid,Under Review,Paid,86100000.0
12020,Ajmal Tareen,DEMO-KPT-12020,House No. BR-397,Street 19,PECHS,11,5,House,Ajmal Tareen,Ayaz Umer,Verified,Due,Issue Found,Paid,86700000.0
15056,Nida Javed,DEMO-KPT-15056,House No. CDR-422,Street 19,PECHS,11,5,House,Nida Javed,Tahira Mahsud,Litigated,Paid,Issue Found,Due,85200000.0
3006,Jazib Rizvi,DEMO-KPT-3006,House No. C-749,Street 22,PECHS,11,5,House,Jazib Rizvi,Javeria Popalzai,Litigated,Paid,Issue Found,Due,85800000.0
15011,Nasreen Tiwana,DEMO-KPT-15011,House No. BCD-737,Street 22,PECHS,11,5,House,Nasreen Tiwana,Inaya Hameed,Pending,Due,Clear,Paid,85100000.0
12240,Sehar Hoti,DEMO-KPT-12240,House No. BC-802,Street 2,PECHS,12,5,House,Sehar Hoti,Afzal Laghari,Verified,Due,Under Review,Due,86300000.0
15208,Noreen Kiani,DEMO-KPT-15208,House No. RCD-406,Street 2,PECHS,12,5,House,Noreen Kiani,Nighat Junejo,Pending,Due,Under Review,Paid,95800000.0
15187,Mehak Shah,DEMO-KPT-15187,House No. CRD-716,Street 4,PECHS,12,5,House,Mehak Shah,Nihal Bangash,Pending,Paid,Clear,Due,89100000.0
6288,Mustafa Malik,DEMO-KPT-6288,House No. DB-608,Street 5,PECHS,12,5,House,Mustafa Malik,Murtaza Mahar,Litigated,Due,Clear,Paid,83900000.0
6324,Ejaz Sardar,DEMO-KPT-6324,House No. RR-734,Street 6,PECHS,12,5,House,Ejaz Sardar,Saima Rind,Pending,Paid,Under Review,Paid,99900000.0
3171,Anwar Bugti,DEMO-KPT-3171,House No. D-864,Street 7,PECHS,12,5,House,Anwar Bugti,Palwasha Mehmood,Verified,Due,Under Review,Due,82700000.0
3163,Uzair Naseem,DEMO-KPT-3163,House No. C-367,Street 17,PECHS,12,5,House,Uzair Naseem,Masood Unar,Verified,Due,Issue Found,Paid,83000000.0
6227,Fabiha Junejo,DEMO-KPT-6227,House No. DR-842,Street 19,PECHS,12,5,House,Fabiha Junejo,Anmol Sahito,Pending,Due,Issue Found,Paid,82000000.0
12287,Zubaid Haral,DEMO-KPT-12287,House No. BC-338,Street 21,PECHS,12,5,House,Zubaid Haral,Nageen Mangi,Litigated,Due,Clear,Paid,97300000.0
9207,Alamgir Ansari,DEMO-KPT-9207,House No. BB-793,Street 25,PECHS,12,5,House,Alamgir Ansari,Mukarram Mazari,Verified,Due,Under Review,Paid,96900000.0
6255,Taimur Pasha,DEMO-KPT-6255,House No. RD-316,Street 30,PECHS,12,5,House,Taimur Pasha,Wasim Dogar,Verified,Due,Under Review,Paid,92600000.0
9429,Kaneez Bilgrami,DEMO-KPT-9429,House No. DB-851,Street 1,PECHS,13,5,House,Kaneez Bilgrami,Sumbal Panezai,Pending,Due,Issue Found,Paid,95700000.0
3240,Faiza Leghari,DEMO-KPT-3240,House No. D-759,Street 2,PECHS,13,5,House,Faiza Leghari,Inam Yousafzai,Verified,Due,Under Review,Due,80100000.0
6411,Naureen Haral,DEMO-KPT-6411,House No. CD-848,Street 10,PECHS,13,5,House,Naureen Haral,Alishba Ijaz,Litigated,Due,Under Review,Due,99500000.0
3196,Abubakar Rehman,DEMO-KPT-3196,House No. C-381,Street 12,PECHS,13,5,House,Abubakar Rehman,Kashaf Dar,Litigated,Due,Under Review,Due,93800000.0
3207,Ikhlaq Iqbal,DEMO-KPT-3207,House No. R-424,Street 12,PECHS,13,5,House,Ikhlaq Iqbal,Maryam Saeed,Verified,Due,Clear,Paid,81000000.0
12379,Sidrah Waheed,DEMO-KPT-12379,House No. BB-322,Street 15,PECHS,13,5,House,Sidrah Waheed,Iqbal Ansari,Pending,Paid,Under Review,Due,92300000.0
12432,Basit Turk,DEMO-KPT-12432,House No. BD-787,Street 15,PECHS,13,5,House,Basit Turk,Zartaj Orakzai,Verified,Due,Clear,Paid,89500000.0
6383,Rahila Toor,DEMO-KPT-6383,House No. BD-612,Street 18,PECHS,13,5,House,Rahila Toor,Hanif Wazir,Litigated,Due,Issue Found,Paid,95800000.0
9377,Yaqoob Ali,DEMO-KPT-9377,House No. BB-641,Street 19,PECHS,13,5,House,Yaqoob Ali,Umar Kalhoro,Pending,Due,Issue Found,Paid,88000000.0
3272,Mukarram Dreshak,DEMO-KPT-3272,House No. C-706,Street 20,PECHS,13,5,House,Mukarram Dreshak,Najma Zubair,Pending,Paid,Under Review,Due,92600000.0
15433,Jabbar Tanoli,DEMO-KPT-15433,House No. RBC-557,Street 22,PECHS,13,5,House,Jabbar Tanoli,Shumaila Unar,Litigated,Paid,Issue Found,Due,94700000.0
15461,Bakht Bijarani,DEMO-KPT-15461,House No. BCD-540,Street 22,PECHS,13,5,House,Bakht Bijarani,Zuha Marwat,Pending,Due,Clear,Paid,87000000.0
12346,Zuha Saleem,DEMO-KPT-12346,House No. CR-667,Street 23,PECHS,13,5,House,Zuha Saleem,Nighat Raza,Pending,Paid,Issue Found,Due,92500000.0
9420,Shafaq Gandapur,DEMO-KPT-9420,House No. RD-825,Street 26,PECHS,13,5,House,Shafaq Gandapur,Azeem Wani,Pending,Due,Under Review,Due,84600000.0
9405,Aqeel Waheed,DEMO-KPT-9405,House No. RR-554,Street 30,PECHS,13,5,House,Aqeel Waheed,Subhan Naseem,Verified,Due,Under Review,Paid,99500000.0
12579,Zara Hashmi,DEMO-KPT-12579,House No. RR-538,Street 1,PECHS,14,5,House,Zara Hashmi,Hania Zardari,Pending,Due,Issue Found,Paid,93000000.0
12605,Jazib Gandapur,DEMO-KPT-12605,House No. DR-766,Street 4,PECHS,14,5,House,Jazib Gandapur,Marwa Hashmi,Verified,Paid,Issue Found,Paid,87100000.0
12507,Fiza Qureshi,DEMO-KPT-12507,House No. DB-743,Street 9,PECHS,14,5,House,Fiza Qureshi,Samina Cheema,Litigated,Paid,Clear,Paid,90100000.0
3338,Neelam Mirza,DEMO-KPT-3338,House No. C-710,Street 13,PECHS,14,5,House,Neelam Mirza,Subhan Imran,Pending,Paid,Clear,Paid,85600000.0
6529,Abdullah Junejo,DEMO-KPT-6529,House No. BB-324,Street 15,PECHS,14,5,House,Abdullah Junejo,Ayan Ali,Pending,Paid,Under Review,Due,99200000.0
12513,Laraib Samo,DEMO-KPT-12513,House No. RD-328,Street 16,PECHS,14,5,House,Laraib Samo,Kainat Jogezai,Verified,Paid,Under Review,Due,94700000.0
6620,Azeem Lari,DEMO-KPT-6620,House No. DD-469,Street 19,PECHS,14,5,House,Azeem Lari,Hamza Turk,Verified,Due,Issue Found,Paid,83200000.0
6453,Dania Bilgrami,DEMO-KPT-6453,House No. BD-529,Street 20,PECHS,14,5,House,Dania Bilgrami,Dawood Qazi,Verified,Paid,Issue Found,Due,81300000.0
9603,Madiha Javed,DEMO-KPT-9603,House No. CD-682,Street 20,PECHS,14,5,House,Madiha Javed,Nosheen Mustafa,Verified,Paid,Issue Found,Due,93400000.0
6461,Nafisa Rajput,DEMO-KPT-6461,House No. RC-783,Street 22,PECHS,14,5,House,Nafisa Rajput,Mansha Bijarani,Pending,Due,Clear,Paid,90800000.0
15606,Sagheer Janjua,DEMO-KPT-15606,House No. RDB-625,Street 22,PECHS,14,5,House,Sagheer Janjua,Isha Sultan,Litigated,Paid,Issue Found,Due,92200000.0
9657,Zamzam Hanif,DEMO-KPT-9657,House No. DB-795,Street 25,PECHS,14,5,House,Zamzam Hanif,Raza Mir,Verified,Due,Under Review,Paid,93800000.0
12614,Yumna Hinjra,DEMO-KPT-12614,House No. CR-548,Street 30,PECHS,14,5,House,Yumna Hinjra,Moeen Qadir,Pending,Paid,Clear,Paid,80800000.0
3553,Zaheer Panhwar,DEMO-KPT-3553,House No. D-338,Street 1,PECHS,15,5,House,Zaheer Panhwar,Husna Achakzai,Verified,Paid,Issue Found,Due,92800000.0
6637,Tariq Dar,DEMO-KPT-6637,House No. RC-406,Street 4,PECHS,15,5,House,Tariq Dar,Shafaq Cheena,Pending,Paid,Clear,Due,88800000.0
15731,Laiba Gill,DEMO-KPT-15731,House No. CBD-493,Street 8,PECHS,15,5,House,Laiba Gill,Rubina Kamboh,Pending,Due,Clear,Paid,90000000.0
3469,Arham Ghani,DEMO-KPT-3469,House No. R-580,Street 12,PECHS,15,5,House,Arham Ghani,Shumaila Farooqi,Pending,Due,Issue Found,Paid,97500000.0
15654,Emaan Bangash,DEMO-KPT-15654,House No. DRB-548,Street 13,PECHS,15,5,House,Emaan Bangash,Nasreen Tunio,Litigated,Due,Issue Found,Paid,99800000.0
15660,Zara Baig,DEMO-KPT-15660,House No. BDC-456,Street 13,PECHS,15,5,House,Zara Baig,Suleman Afridi,Litigated,Due,Clear,Paid,84400000.0
9732,Rizwan Tiwana,DEMO-KPT-9732,House No. RB-756,Street 15,PECHS,15,5,House,Rizwan Tiwana,Saeed Bettani,Verified,Due,Clear,Paid,91700000.0
9682,Neelam Kidwai,DEMO-KPT-9682,House No. RR-845,Street 17,PECHS,15,5,House,Neelam Kidwai,Nawaz Farooqi,Litigated,Due,Issue Found,Due,83000000.0
6670,Manzoor Qadri,DEMO-KPT-6670,House No. CC-392,Street 22,PECHS,15,5,House,Manzoor Qadri,Uzma Peerzada,Pending,Paid,Issue Found,Due,97800000.0
6704,Raees Zaidi,DEMO-KPT-6704,House No. DB-898,Street 23,PECHS,15,5,House,Raees Zaidi,Noshaba Qazi,Litigated,Paid,Clear,Paid,93200000.0
12648,Sumaira Tanvir,DEMO-KPT-12648,House No. CB-629,Street 23,PECHS,15,5,House,Sumaira Tanvir,Rukhsana Hashmi,Verified,Due,Clear,Paid,91700000.0
6699,Bushra Saleem,DEMO-KPT-6699,House No. BC-598,Street 24,PECHS,15,5,House,Bushra Saleem,Azeem Tareen,Pending,Paid,Issue Found,Paid,88000000.0
3597,Saeed Lodhi,DEMO-KPT-3597,House No. D-328,Street 25,PECHS,15,5,House,Saeed Lodhi,Hussam Ijaz,Litigated,Paid,Clear,Paid,97600000.0
9809,Maimoona Mohammadzai,DEMO-KPT-9809,House No. RC-473,Street 25,PECHS,15,5,House,Maimoona Mohammadzai,Rida Shakir,Verified,Due,Clear,Paid,80200000.0
6840,Zain Yazdani,DEMO-KPT-6840,House No. DR-603,Street 2,PECHS,16,5,House,Zain Yazdani,Fayyaz Hameed,Verified,Due,Under Review,Due,80300000.0
15738,Rashida Khattak,DEMO-KPT-15738,House No. BDR-626,Street 5,PECHS,16,5,House,Rashida Khattak,Safa Iqbal,Litigated,Due,Clear,Paid,97200000.0
9924,Wasim Peerzada,DEMO-KPT-9924,House No. CC-853,Street 6,PECHS,16,5,House,Wasim Peerzada,Saba Jafri,Pending,Paid,Under Review,Paid,85300000.0
12771,Amara Minhas,DEMO-KPT-12771,House No. BB-398,Street 9,PECHS,16,5,House,Amara Minhas,Shafaq Javed,Litigated,Paid,Under Review,Due,89700000.0
3646,Asim Gill,DEMO-KPT-3646,House No. C-869,Street 12,PECHS,16,5,House,Asim Gill,Rizwaan Khosa,Litigated,Due,Under Review,Due,94800000.0
12788,Atiya Yousaf,DEMO-KPT-12788,House No. DD-665,Street 13,PECHS,16,5,House,Atiya Yousaf,Hoor Farooq,Pending,Paid,Clear,Paid,82500000.0
12855,Mahrukh Janjua,DEMO-KPT-12855,House No. BR-551,Street 13,PECHS,16,5,House,Mahrukh Janjua,Basit Gill,Litigated,Due,Under Review,Paid,88300000.0
15831,Jawad Zaman,DEMO-KPT-15831,House No. RDB-362,Street 13,PECHS,16,5,House,Jawad Zaman,Tabassum Bilgrami,Pending,Due,Under Review,Paid,89200000.0
15878,Wali Pasha,DEMO-KPT-15878,House No. BDR-428,Street 13,PECHS,16,5,House,Wali Pasha,Munir Shafiq,Litigated,Due,Issue Found,Due,95600000.0
3717,Rohail Zaidi,DEMO-KPT-3717,House No. B-781,Street 14,PECHS,16,5,House,Rohail Zaidi,Liaquat Janjua,Litigated,Due,Clear,Due,86600000.0
9979,Kausar Cheema,DEMO-KPT-9979,House No. DR-339,Street 14,PECHS,16,5,House,Kausar Cheema,Furqan Gandapur,Verified,Due,Issue Found,Paid,84700000.0
12918,Maqsood Lari,DEMO-KPT-12918,House No. DR-428,Street 14,PECHS,16,5,House,Maqsood Lari,Nayab Mahsud,Verified,Due,Issue Found,Paid,94000000.0
6805,Sumaira Wattoo,DEMO-KPT-6805,House No. RC-344,Street 16,PECHS,16,5,House,Sumaira Wattoo,Aisha Tiwana,Pending,Paid,Under Review,Paid,86700000.0
9955,Sundas Ahmed,DEMO-KPT-9955,House No. CB-352,Street 16,PECHS,16,5,House,Sundas Ahmed,Sadaf Shafiq,Pending,Paid,Under Review,Paid,86000000.0
12963,Faiza Mustafa,DEMO-KPT-12963,House No. CR-828,Street 16,PECHS,16,5,House,Faiza Mustafa,Hoorain Hafeez,Verified,Paid,Under Review,Due,86800000.0
6833,Mustafa Zubairi,DEMO-KPT-6833,House No. BD-583,Street 18,PECHS,16,5,House,Mustafa Zubairi,Muzammil Rafique,Litigated,Due,Issue Found,Paid,92000000.0
6764,Iqbal Zubair,DEMO-KPT-6764,House No. BB-590,Street 30,PECHS,16,5,House,Iqbal Zubair,Farrukh Lari,Pending,Paid,Clear,Paid,95600000.0
13038,Ayeza Swati,DEMO-KPT-13038,House No. BD-669,Street 5,PECHS,17,5,House,Ayeza Swati,Amara Noor,Litigated,Due,Clear,Paid,88700000.0
13031,Salman Anwar,DEMO-KPT-13031,House No. BB-874,Street 8,PECHS,17,5,House,Salman Anwar,Shees Ahmed,Pending,Due,Clear,Paid,89300000.0
3857,Saher Lak,DEMO-KPT-3857,House No. RD-332,Street 12,PECHS,17,5,House,Saher Lak,Nabeel Shaikh,Pending,Due,Under Review,Paid,84700000.0
10028,Shaheer Abbasi,DEMO-KPT-10028,House No. RC-778,Street 13,PECHS,17,5,House,Shaheer Abbasi,Imad Dreshak,Litigated,Due,Issue Found,Due,92700000.0
12977,Sabrina Mahsud,DEMO-KPT-12977,House No. BR-437,Street 19,PECHS,17,5,House,Sabrina Mahsud,Areeba Gabol,Pending,Due,Issue Found,Paid,90800000.0
15903,Rahila Abbasi,DEMO-KPT-15903,House No. CDR-420,Street 20,PECHS,17,5,House,Rahila Abbasi,Mahrukh Yaqoob,Verified,Paid,Issue Found,Due,85300000.0
9996,Rizwan Niazi,DEMO-KPT-9996,House No. CB-699,Street 23,PECHS,17,5,House,Rizwan Niazi,Uzair Buriro,Litigated,Due,Issue Found,Due,90700000.0
4140,Sultan Baig,DEMO-KPT-4140,House No. BD-472,Street 2,PECHS,18,5,House,Sultan Baig,Abid Bhurgri,Verified,Due,Under Review,Due,97900000.0
7108,Saad Unar,DEMO-KPT-7108,House No. RB-667,Street 2,PECHS,18,5,House,Saad Unar,Kamran Rabbani,Pending,Due,Under Review,Paid,99200000.0
10189,Aqeel Bhat,DEMO-KPT-10189,House No. RB-352,Street 4,PECHS,18,5,House,Aqeel Bhat,Habib Ranjha,Verified,Due,Issue Found,Paid,89500000.0
16087,Rustam Sabri,DEMO-KPT-16087,House No. DCB-755,Street 4,PECHS,18,5,House,Rustam Sabri,Manahil Mohammadzai,Pending,Paid,Clear,Due,89300000.0
4042,Osama Sipra,DEMO-KPT-4042,House No. CC-848,Street 7,PECHS,18,5,House,Osama Sipra,Javaria Bhurgri,Verified,Paid,Clear,Paid,90200000.0
3957,Anam Saif,DEMO-KPT-3957,House No. RR-629,Street 9,PECHS,18,5,House,Anam Saif,Zeeshan Hayat,Litigated,Paid,Clear,Paid,87100000.0
16073,Shayan Riaz,DEMO-KPT-16073,House No. BDR-320,Street 10,PECHS,18,5,House,Shayan Riaz,Marwa Mengal,Litigated,Due,Under Review,Paid,91500000.0
16069,Azeem Niazi,DEMO-KPT-16069,House No. RDB-352,Street 12,PECHS,18,5,House,Azeem Niazi,Aneeqa Sahito,Pending,Due,Issue Found,Paid,84600000.0
13131,Palwasha Soomro,DEMO-KPT-13131,House No. BR-574,Street 13,PECHS,18,5,House,Palwasha Soomro,Neelam Ghauri,Pending,Due,Under Review,Paid,94600000.0
10132,Alizeh Mahesar,DEMO-KPT-10132,House No. BR-520,Street 17,PECHS,18,5,House,Alizeh Mahesar,Arisha Khokhar,Litigated,Due,Issue Found,Due,83300000.0
13103,Zohair Afridi,DEMO-KPT-13103,House No. BR-660,Street 18,PECHS,18,5,House,Zohair Afridi,Mahrukh Mahesar,Litigated,Paid,Clear,Paid,94700000.0
4070,Naseer Bukhari,DEMO-KPT-4070,House No. DD-831,Street 20,PECHS,18,5,House,Naseer Bukhari,Saeeda Ali,Litigated,Paid,Issue Found,Due,97500000.0
10122,Ehsan Lashari,DEMO-KPT-10122,House No. DD-666,Street 23,PECHS,18,5,House,Ehsan Lashari,Zaib Mohammadzai,Litigated,Due,Under Review,Due,85800000.0
16109,Tahseen Gakhar,DEMO-KPT-16109,House No. CBD-305,Street 25,PECHS,18,5,House,Tahseen Gakhar,Mahjabeen Rana,Verified,Due,Clear,Paid,82500000.0
7178,Hidayat Pasha,DEMO-KPT-7178,House No. CB-618,Street 9,PECHS,19,5,House,Hidayat Pasha,Bakhtiar Ghauri,Litigated,Due,Issue Found,Paid,98400000.0
4238,Rustam Zaman,DEMO-KPT-4238,House No. CR-449,Street 13,PECHS,19,5,House,Rustam Zaman,Shamim Mustafa,Pending,Paid,Clear,Paid,86900000.0
13238,Mazhar Niazi,DEMO-KPT-13238,House No. BR-337,Street 13,PECHS,19,5,House,Mazhar Niazi,Ishaq Sultan,Pending,Paid,Clear,Paid,86000000.0
4167,Kaif Zia,DEMO-KPT-4167,House No. CC-526,Street 14,PECHS,19,5,House,Kaif Zia,Bilal Mohammadzai,Litigated,Due,Clear,Due,94200000.0
10220,Kamil Bangash,DEMO-KPT-10220,House No. CR-337,Street 19,PECHS,19,5,House,Kamil Bangash,Nargis Nadeem,Verified,Due,Issue Found,Paid,91000000.0
16248,Munir Junejo,DEMO-KPT-16248,House No. CDB-567,Street 23,PECHS,19,5,House,Munir Junejo,Umaima Gandapur,Verified,Due,Clear,Paid,89700000.0
10229,Ifrah Warraich,DEMO-KPT-10229,House No. RB-719,Street 27,PECHS,19,5,House,Ifrah Warraich,Bakhtiar Sardar,Pending,Due,Issue Found,Paid,85000000.0
4237,Ejaz Iqbal,DEMO-KPT-4237,House No. DC-414,Street 29,PECHS,19,5,House,Ejaz Iqbal,Tabish Sial,Pending,Due,Clear,Paid,83700000.0
13355,Nailah Nawaz,DEMO-KPT-13355,House No. RR-841,Street 1,PECHS,20,5,House,Nailah Nawaz,Nailah Hashmi,Litigated,Due,Under Review,Paid,98900000.0
4339,Zameer Lashari,DEMO-KPT-4339,House No. BD-527,Street 4,PECHS,20,5,House,Zameer Lashari,Maqsood Dayo,Verified,Due,Issue Found,Paid,83800000.0
7371,Zakir Sohu,DEMO-KPT-7371,House No. CC-548,Street 9,PECHS,20,5,House,Zakir Sohu,Fiza Hoti,Litigated,Paid,Under Review,Due,92100000.0
4332,Marwa Gill,DEMO-KPT-4332,House No. CB-764,Street 15,PECHS,20,5,House,Marwa Gill,Rehman Yousaf,Verified,Due,Clear,Paid,80200000.0
13365,Saba Cheena,DEMO-KPT-13365,House No. BD-670,Street 15,PECHS,20,5,House,Saba Cheena,Masood Hanif,Verified,Due,Clear,Paid,84500000.0
4356,Adnan Buriro,DEMO-KPT-4356,House No. BB-689,Street 22,PECHS,20,5,House,Adnan Buriro,Lubna Orakzai,Litigated,Paid,Issue Found,Due,90700000.0
4420,Nimra Chattha,DEMO-KPT-4420,House No. BB-482,Street 22,PECHS,20,5,House,Nimra Chattha,Zahra Chaudhry,Pending,Paid,Issue Found,Due,92700000.0
16333,Nashra Lakhani,DEMO-KPT-16333,House No. RBD-460,Street 22,PECHS,20,5,House,Nashra Lakhani,Bakhtiar Yaqoob,Litigated,Paid,Issue Found,Due,83400000.0
16361,Sheraz Peerzada,DEMO-KPT-16361,House No. DCB-548,Street 22,PECHS,20,5,House,Sheraz Peerzada,Nageen Rizvi,Pending,Due,Clear,Paid,96100000.0
10320,Waheed Zubair,DEMO-KPT-10320,House No. BR-365,Street 26,PECHS,20,5,House,Waheed Zubair,Waqas Raza,Pending,Due,Under Review,Due,93200000.0
4379,Moiz Mangi,DEMO-KPT-4379,House No. BR-344,Street 27,PECHS,20,5,House,Moiz Mangi,Zubair Umer,Pending,Due,Issue Found,Paid,93600000.0
15279,Shahab Zaidi,DEMO-KPT-15279,House No. RDB-655,Street 1,Malir,1,5,House,Shahab Zaidi,Zaynab Zardari,Pending,Due,Issue Found,Paid,88500000.0
4523,Alizeh Nawaz,DEMO-KPT-4523,House No. DR-385,Street 3,Malir,1,5,House,Alizeh Nawaz,Usman Mahesar,Litigated,Paid,Under Review,Paid,91800000.0
10571,Marwa Jadoon,DEMO-KPT-10571,House No. DC-621,Street 5,Malir,1,5,House,Marwa Jadoon,Isha Mohmand,Pending,Paid,Issue Found,Paid,100000000.0
15292,Iffat Cheena,DEMO-KPT-15292,House No. CBR-555,Street 7,Malir,1,5,House,Iffat Cheena,Ilyas Chaudhry,Verified,Paid,Clear,Paid,90500000.0
15321,Raheel Dayo,DEMO-KPT-15321,House No. BRC-620,Street 7,Malir,1,5,House,Raheel Dayo,Saima Mirza,Verified,Due,Under Review,Due,99000000.0
13836,Nadia Pirzada,DEMO-KPT-13836,House No. DRC-677,Street 8,Malir,1,5,House,Nadia Pirzada,Abrar Panhwar,Pending,Paid,Under Review,Due,81400000.0
15349,Fauzia Butt,DEMO-KPT-15349,House No. RDC-628,Street 8,Malir,1,5,House,Fauzia Butt,Bilquis Ahmed,Pending,Paid,Under Review,Paid,93300000.0
15278,Ahsan Shafi,DEMO-KPT-15278,House No. CDR-613,Street 9,Malir,1,5,House,Ahsan Shafi,Nida Yazdani,Litigated,Due,Issue Found,Paid,87600000.0
1461,Farid Joiya,DEMO-KPT-1461,House No. C-681,Street 10,Malir,1,5,House,Farid Joiya,Rehan Baloch,Litigated,Due,Under Review,Due,94400000.0
13823,Zeshan Virk,DEMO-KPT-13823,House No. DCB-525,Street 10,Malir,1,5,House,Zeshan Virk,Hanzala Rind,Litigated,Due,Under Review,Paid,98500000.0
16969,Bushra Bhatti,DEMO-KPT-16969,House No. RCD-621,Street 12,Malir,1,5,House,Bushra Bhatti,Mahnoor Rehman,Pending,Due,Issue Found,Paid,97300000.0
1538,Maryum Abro,DEMO-KPT-1538,House No. R-893,Street 13,Malir,1,5,House,Maryum Abro,Yasir Qureshi,Pending,Paid,Clear,Paid,88000000.0
9079,Bilal Aslam,DEMO-KPT-9079,House No. CB-859,Street 14,Malir,1,5,House,Bilal Aslam,Fazal Ali,Verified,Due,Issue Found,Paid,94200000.0
10668,Bashir Rind,DEMO-KPT-10668,House No. CC-757,Street 14,Malir,1,5,House,Bashir Rind,Zulekha Junejo,Verified,Due,Issue Found,Paid,93700000.0
13818,Sania Memon,DEMO-KPT-13818,House No. DBR-487,Street 14,Malir,1,5,House,Sania Memon,Daniya Javed,Verified,Due,Issue Found,Paid,80400000.0
4542,Sarah Jamali,DEMO-KPT-4542,House No. RR-340,Street 15,Malir,1,5,House,Sarah Jamali,Kamal Kayani,Pending,Due,Issue Found,Paid,85300000.0
10579,Nabila Bukhari,DEMO-KPT-10579,House No. BD-349,Street 15,Malir,1,5,House,Nabila Bukhari,Faisal Mehmood,Pending,Paid,Under Review,Due,94700000.0
9053,Nosheen Khuhro,DEMO-KPT-9053,House No. RC-510,Street 18,Malir,1,5,House,Nosheen Khuhro,Muzammil Pirzada,Litigated,Paid,Clear,Paid,97500000.0
12233,Sharmeen Kharal,DEMO-KPT-12233,House No. RR-599,Street 18,Malir,1,5,House,Sharmeen Kharal,Mushtaq Shah,Litigated,Due,Issue Found,Paid,88400000.0
7508,Mehwish Kasi,DEMO-KPT-7508,House No. RR-343,Street 19,Malir,1,5,House,Mehwish Kasi,Sameen Rehman,Verified,Paid,Under Review,Due,89000000.0
13821,Shafiq Tunio,DEMO-KPT-13821,House No. BRD-459,Street 19,Malir,1,5,House,Shafiq Tunio,Tehmina Zafar,Verified,Paid,Clear,Paid,81600000.0
10656,Qayyum Tareen,DEMO-KPT-10656,House No. CB-484,Street 22,Malir,1,5,House,Qayyum Tareen,Minhaj Haral,Litigated,Paid,Issue Found,Due,83800000.0
13806,Shumaila Chandio,DEMO-KPT-13806,House No. RCD-800,Street 22,Malir,1,5,House,Shumaila Chandio,Rimsha Akhtar,Litigated,Paid,Issue Found,Due,87100000.0
4548,Zia Afridi,DEMO-KPT-4548,House No. DR-775,Street 23,Malir,1,5,House,Zia Afridi,Shifa Yaqoob,Verified,Due,Clear,Paid,80700000.0
6046,Shamim Cheema,DEMO-KPT-6046,House No. CB-413,Street 23,Malir,1,5,House,Shamim Cheema,Nabeeha Jamal,Pending,Paid,Issue Found,Due,88600000.0
2997,Shan Tarar,DEMO-KPT-2997,House No. R-712,Street 25,Malir,1,5,House,Shan Tarar,Iffat Tahir,Verified,Paid,Under Review,Paid,89600000.0
10647,Kaneez Memon,DEMO-KPT-10647,House No. RB-810,Street 25,Malir,1,5,House,Kaneez Memon,Nabeel Khosa,Verified,Paid,Under Review,Paid,96000000.0
13859,Qasim Swati,DEMO-KPT-13859,House No. BRC-407,Street 25,Malir,1,5,House,Qasim Swati,Nihal Mari,Verified,Due,Clear,Paid,93600000.0
2974,Kashaf Ghumman,DEMO-KPT-2974,House No. R-645,Street 29,Malir,1,5,House,Kashaf Ghumman,Shahmeer Sahito,Verified,Due,Clear,Paid,84200000.0
6037,Bilal Lodhi,DEMO-KPT-6037,House No. BR-773,Street 29,Malir,1,5,House,Bilal Lodhi,Aamir Bugti,Pending,Due,Clear,Paid,94600000.0
15390,Nasir Gakhar,DEMO-KPT-15390,House No. BRC-618,Street 2,Malir,2,5,House,Nasir Gakhar,Inayat Shafiq,Verified,Due,Under Review,Due,95500000.0
6109,Gohar Yaqoob,DEMO-KPT-6109,House No. DB-870,Street 3,Malir,2,5,House,Gohar Yaqoob,Anum Mohammadzai,Litigated,Due,Clear,Due,89900000.0
10686,Komal Panezai,DEMO-KPT-10686,House No. RC-786,Street 8,Malir,2,5,House,Komal Panezai,Mubashir Shafiq,Pending,Paid,Under Review,Due,84700000.0
13928,Iram Sohu,DEMO-KPT-13928,House No. BCD-600,Street 9,Malir,2,5,House,Iram Sohu,Sajida Kiani,Litigated,Due,Issue Found,Paid,95200000.0
10673,Zulfiqar Lakhani,DEMO-KPT-10673,House No. BC-654,Street 10,Malir,2,5,House,Zulfiqar Lakhani,Rahila Tanvir,Litigated,Due,Under Review,Paid,82900000.0
7575,Ijaz Shinwari,DEMO-KPT-7575,House No. BR-721,Street 13,Malir,2,5,House,Ijaz Shinwari,Nafisa Talpur,Pending,Paid,Clear,Due,100000000.0
12338,Zehra Usmani,DEMO-KPT-12338,House No. BC-304,Street 13,Malir,2,5,House,Zehra Usmani,Zamzam Sabri,Pending,Paid,Clear,Paid,99200000.0
4617,Lamia Bhutto,DEMO-KPT-4617,House No. CD-451,Street 14,Malir,2,5,House,Lamia Bhutto,Shahab Mahar,Litigated,Due,Clear,Due,87800000.0
7518,Naila Butt,DEMO-KPT-7518,House No. CC-683,Street 14,Malir,2,5,House,Naila Butt,Anmol Unar,Verified,Due,Issue Found,Paid,98000000.0
1632,Zarmeen Tunio,DEMO-KPT-1632,House No. D-756,Street 15,Malir,2,5,House,Zarmeen Tunio,Hadiqa Khalid,Verified,Due,Clear,Paid,88000000.0
6132,Khalid Baloch,DEMO-KPT-6132,House No. DD-867,Street 15,Malir,2,5,House,Khalid Baloch,Osama Mirani,Verified,Due,Clear,Paid,98100000.0
13909,Musa Hayat,DEMO-KPT-13909,House No. RBD-660,Street 18,Malir,2,5,House,Musa Hayat,Sobia Parvez,Verified,Paid,Under Review,Due,80800000.0
7521,Laiba Dar,DEMO-KPT-7521,House No. RB-698,Street 19,Malir,2,5,House,Laiba Dar,Nayyar Durrani,Verified,Paid,Clear,Paid,86900000.0
7577,Sabahat Noor,DEMO-KPT-7577,House No. RB-401,Street 19,Malir,2,5,House,Sabahat Noor,Abrar Mughal,Pending,Due,Issue Found,Paid,90500000.0
13887,Minahil Noor,DEMO-KPT-13887,House No. DRC-891,Street 20,Malir,2,5,House,Minahil Noor,Muzammil Malik,Litigated,Paid,Under Review,Due,82200000.0
9161,Ambreen Iqbal,DEMO-KPT-9161,House No. CR-763,Street 22,Malir,2,5,House,Ambreen Iqbal,Noman Talpur,Pending,Due,Clear,Paid,92700000.0
1572,Tooba Palijo,DEMO-KPT-1572,House No. C-516,Street 23,Malir,2,5,House,Tooba Palijo,Ubaid Noor,Litigated,Due,Under Review,Due,86000000.0
3065,Arif Sohu,DEMO-KPT-3065,House No. B-506,Street 24,Malir,2,5,House,Arif Sohu,Safa Sandhu,Litigated,Due,Issue Found,Paid,89500000.0
13865,Fida Bhatti,DEMO-KPT-13865,House No. CDB-602,Street 24,Malir,2,5,House,Fida Bhatti,Rustam Mustafa,Litigated,Due,Issue Found,Paid,91500000.0
13899,Murtaza Ansari,DEMO-KPT-13899,House No. RDB-570,Street 24,Malir,2,5,House,Murtaza Ansari,Asra Hoti,Pending,Paid,Issue Found,Paid,87700000.0
1557,Alizeh Tarar,DEMO-KPT-1557,House No. R-636,Street 25,Malir,2,5,House,Alizeh Tarar,Dilshad Daudzai,Verified,Due,Under Review,Paid,85500000.0
6147,Asifa Mirani,DEMO-KPT-6147,House No. DC-486,Street 25,Malir,2,5,House,Asifa Mirani,Jamshed Lughmani,Verified,Paid,Under Review,Paid,93400000.0
9105,Anwar Gandapur,DEMO-KPT-9105,House No. RC-335,Street 26,Malir,2,5,House,Anwar Gandapur,Muzammil Dahri,Pending,Paid,Issue Found,Paid,87700000.0
7545,Nasrullah Zaman,DEMO-KPT-7545,House No. RC-722,Street 28,Malir,2,5,House,Nasrullah Zaman,Mateen Laghari,Litigated,Due,Clear,Due,84400000.0
9221,Imran Cheema,DEMO-KPT-9221,House No. DB-581,Street 5,Malir,3,5,House,Imran Cheema,Zara Sabri,Pending,Paid,Issue Found,Paid,82800000.0
13938,Tehmina Rafique,DEMO-KPT-13938,House No. DBR-726,Street 5,Malir,3,5,House,Tehmina Rafique,Yousaf Lughmani,Litigated,Due,Clear,Paid,89500000.0
9248,Sadia Malik,DEMO-KPT-9248,House No. CD-601,Street 7,Malir,3,5,House,Sadia Malik,Faiza Hanif,Litigated,Due,Issue Found,Due,100000000.0
10781,Hafeez Toor,DEMO-KPT-10781,House No. RC-318,Street 8,Malir,3,5,House,Hafeez Toor,Mukhtar Rind,Pending,Due,Clear,Paid,80900000.0
13931,Nabila Bugti,DEMO-KPT-13931,House No. CBD-890,Street 8,Malir,3,5,House,Nabila Bugti,Mahmood Saleem,Pending,Due,Clear,Paid,99900000.0
10778,Habib Tiwana,DEMO-KPT-10778,House No. BD-488,Street 9,Malir,3,5,House,Habib Tiwana,Mahjabeen Noor,Litigated,Due,Issue Found,Paid,85100000.0
15439,Nauman Toor,DEMO-KPT-15439,House No. CBD-667,Street 10,Malir,3,5,House,Nauman Toor,Shahzadi Joiya,Verified,Paid,Issue Found,Due,82300000.0
7707,Salma Niazi,DEMO-KPT-7707,House No. CR-829,Street 12,Malir,3,5,House,Salma Niazi,Kaneez Cheema,Verified,Due,Clear,Paid,91300000.0
12407,Wasim Aslam,DEMO-KPT-12407,House No. DD-525,Street 12,Malir,3,5,House,Wasim Aslam,Afreen Siddiqui,Pending,Due,Under Review,Paid,92900000.0
12465,Mirha Bangash,DEMO-KPT-12465,House No. CC-437,Street 15,Malir,3,5,House,Mirha Bangash,Dilshad Qadir,Verified,Due,Clear,Paid,80600000.0
3111,Nawal Saeed,DEMO-KPT-3111,House No. C-453,Street 16,Malir,3,5,House,Nawal Saeed,Irum Anwar,Verified,Paid,Clear,Due,92300000.0
7705,Umair Samo,DEMO-KPT-7705,House No. DR-541,Street 16,Malir,3,5,House,Umair Samo,Abbas Yasin,Pending,Paid,Under Review,Paid,92800000.0
7703,Noor Abro,DEMO-KPT-7703,House No. BR-723,Street 18,Malir,3,5,House,Noor Abro,Sadaf Wazir,Litigated,Paid,Clear,Paid,83900000.0
6170,Naureen Sandhu,DEMO-KPT-6170,House No. RC-377,Street 19,Malir,3,5,House,Naureen Sandhu,Zia Hashmi,Verified,Due,Issue Found,Paid,84800000.0
6171,Maaz Riaz,DEMO-KPT-6171,House No. CB-789,Street 19,Malir,3,5,House,Maaz Riaz,Tauseef Gabol,Verified,Paid,Clear,Paid,88700000.0
3087,Humaira Bajwa,DEMO-KPT-3087,House No. C-737,Street 20,Malir,3,5,House,Humaira Bajwa,Sara Buriro,Litigated,Paid,Under Review,Due,92300000.0
4637,Faiza Akhtar,DEMO-KPT-4637,House No. RB-407,Street 21,Malir,3,5,House,Faiza Akhtar,Junaid Hameed,Litigated,Due,Clear,Paid,98700000.0
7647,Imtiaz Majeed,DEMO-KPT-7647,House No. CD-856,Street 25,Malir,3,5,House,Imtiaz Majeed,Iftikhar Chaudhry,Litigated,Paid,Clear,Paid,93400000.0
15507,Iqra Bilgrami,DEMO-KPT-15507,House No. BCR-805,Street 25,Malir,3,5,House,Iqra Bilgrami,Hassan Abro,Verified,Due,Under Review,Paid,87900000.0
3120,Ali Lakhani,DEMO-KPT-3120,House No. C-349,Street 26,Malir,3,5,House,Ali Lakhani,Arham Hinjra,Pending,Due,Under Review,Due,99800000.0
12495,Zahra Bilgrami,DEMO-KPT-12495,House No. BD-476,Street 28,Malir,3,5,House,Zahra Bilgrami,Uzma Qazi,Litigated,Due,Clear,Due,88300000.0
7672,Afshan Lari,DEMO-KPT-7672,House No. RD-529,Street 29,Malir,3,5,House,Afshan Lari,Kaneez Niazi,Litigated,Due,Issue Found,Due,83600000.0
9187,Khizar Sindhi,DEMO-KPT-9187,House No. BB-783,Street 29,Malir,3,5,House,Khizar Sindhi,Manzoor Dahri,Pending,Due,Clear,Paid,99600000.0
12391,Bushra Nadeem,DEMO-KPT-12391,House No. DC-889,Street 29,Malir,3,5,House,Bushra Nadeem,Rubab Ali,Verified,Due,Issue Found,Paid,82500000.0
6208,Hania Khattak,DEMO-KPT-6208,House No. DR-325,Street 2,Malir,4,5,House,Hania Khattak,Shahid Wazir,Pending,Due,Under Review,Paid,93200000.0
4678,Momina Sial,DEMO-KPT-4678,House No. BD-580,Street 3,Malir,4,5,House,Momina Sial,Lina Korai,Pending,Paid,Under Review,Paid,97300000.0
4759,Syeda Kayani,DEMO-KPT-4759,House No. DB-897,Street 3,Malir,4,5,House,Syeda Kayani,Ahad Baloch,Litigated,Due,Clear,Due,83300000.0
12532,Tamkeen Mari,DEMO-KPT-12532,House No. BD-538,Street 3,Malir,4,5,House,Tamkeen Mari,Kamal Sheikh,Litigated,Due,Clear,Due,85200000.0
3174,Khalid Niazi,DEMO-KPT-3174,House No. D-551,Street 6,Malir,4,5,House,Khalid Niazi,Mahjabeen Zafar,Pending,Paid,Under Review,Paid,98500000.0
3216,Nighat Qadir,DEMO-KPT-3216,House No. D-681,Street 8,Malir,4,5,House,Nighat Qadir,Moiz Cheena,Pending,Due,Clear,Due,80900000.0
7716,Mubeen Panezai,DEMO-KPT-7716,House No. DD-492,Street 8,Malir,4,5,House,Mubeen Panezai,Nabila Kamal,Pending,Due,Clear,Due,91700000.0
14061,Laila Ahmed,DEMO-KPT-14061,House No. CBD-763,Street 10,Malir,4,5,House,Laila Ahmed,Mirza Popalzai,Litigated,Due,Under Review,Due,89900000.0
3222,Najma Tahir,DEMO-KPT-3222,House No. C-580,Street 12,Malir,4,5,House,Najma Tahir,Hafsa Lone,Pending,Paid,Under Review,Due,98200000.0
7722,Burhan Mansoor,DEMO-KPT-7722,House No. CB-303,Street 12,Malir,4,5,House,Burhan Mansoor,Eman Marri,Pending,Paid,Under Review,Due,93300000.0
10857,Sultan Talpur,DEMO-KPT-10857,House No. CC-850,Street 12,Malir,4,5,House,Sultan Talpur,Zahra Warsi,Verified,Due,Clear,Paid,82900000.0
15619,Arham Rana,DEMO-KPT-15619,House No. DCR-500,Street 12,Malir,4,5,House,Arham Rana,Umar Sial,Pending,Due,Issue Found,Paid,80100000.0
1704,Zunaira Warraich,DEMO-KPT-1704,House No. D-790,Street 13,Malir,4,5,House,Zunaira Warraich,Ahtisham Hinjra,Litigated,Due,Issue Found,Paid,87900000.0
1710,Maira Raza,DEMO-KPT-1710,House No. R-401,Street 13,Malir,4,5,House,Maira Raza,Shaista Swati,Litigated,Due,Clear,Paid,81100000.0
6210,Rafiq Kamal,DEMO-KPT-6210,House No. RC-726,Street 13,Malir,4,5,House,Rafiq Kamal,Farzana Mangi,Litigated,Due,Clear,Paid,97500000.0
6225,Liaquat Lak,DEMO-KPT-6225,House No. DC-482,Street 13,Malir,4,5,House,Liaquat Lak,Aisha Warsi,Pending,Paid,Clear,Due,95200000.0
15555,Mirha Jogezai,DEMO-KPT-15555,House No. RDB-520,Street 13,Malir,4,5,House,Mirha Jogezai,Atiya Shafi,Litigated,Due,Under Review,Paid,82200000.0
10842,Rehmat Jaffri,DEMO-KPT-10842,House No. DB-522,Street 15,Malir,4,5,House,Rehmat Jaffri,Asad Chandio,Pending,Due,Issue Found,Paid,88500000.0
6213,Alam Jogezai,DEMO-KPT-6213,House No. RC-715,Street 16,Malir,4,5,House,Alam Jogezai,Samina Ghumman,Verified,Paid,Under Review,Due,91900000.0
14005,Ruqayya Tariq,DEMO-KPT-14005,House No. DBC-703,Street 16,Malir,4,5,House,Ruqayya Tariq,Sonia Ali,Pending,Paid,Under Review,Paid,81100000.0
12559,Salma Durrani,DEMO-KPT-12559,House No. RR-304,Street 18,Malir,4,5,House,Salma Durrani,Fasih Zardari,Verified,Paid,Under Review,Due,82600000.0
9308,Tariq Hussain,DEMO-KPT-9308,House No. DC-520,Street 19,Malir,4,5,House,Tariq Hussain,Zaynab Shinwari,Verified,Paid,Under Review,Due,93300000.0
12527,Wasim Raza,DEMO-KPT-12527,House No. RD-449,Street 19,Malir,4,5,House,Wasim Raza,Imran Afridi,Pending,Due,Issue Found,Paid,99600000.0
14041,Talat Lakhani,DEMO-KPT-14041,House No. RBD-842,Street 19,Malir,4,5,House,Talat Lakhani,Zakariya Ghaffar,Pending,Due,Issue Found,Paid,96800000.0
15620,Rubab Bettani,DEMO-KPT-15620,House No. CDB-554,Street 19,Malir,4,5,House,Rubab Bettani,Rehman Orakzai,Verified,Due,Issue Found,Paid,99000000.0
4743,Afreen Lakhani,DEMO-KPT-4743,House No. BB-408,Street 21,Malir,4,5,House,Afreen Lakhani,Rakhshanda Shah,Verified,Due,Issue Found,Paid,87900000.0
13998,Dawood Zubair,DEMO-KPT-13998,House No. CBR-450,Street 23,Malir,4,5,House,Dawood Zubair,Uzma Cheema,Verified,Due,Clear,Paid,80500000.0
12509,Mehmood Lone,DEMO-KPT-12509,House No. DC-535,Street 25,Malir,4,5,House,Mehmood Lone,Zarmeen Jamali,Verified,Due,Clear,Paid,94700000.0
9268,Abbas Ali,DEMO-KPT-9268,House No. BB-723,Street 27,Malir,4,5,House,Abbas Ali,Mahir Samo,Pending,Paid,Issue Found,Paid,99400000.0
15568,Muneeba Magsi,DEMO-KPT-15568,House No. BDC-854,Street 27,Malir,4,5,House,Muneeba Magsi,Arbaz Junejo,Pending,Paid,Issue Found,Paid,87900000.0
1695,Ambreen Jafri,DEMO-KPT-1695,House No. B-532,Street 28,Malir,4,5,House,Ambreen Jafri,Benazir Bashir,Litigated,Due,Clear,Due,96300000.0
4741,Asim Randhawa,DEMO-KPT-4741,House No. BR-440,Street 29,Malir,4,5,House,Asim Randhawa,Rimsha Ghauri,Verified,Due,Issue Found,Paid,85300000.0
6253,Mubashra Sabri,DEMO-KPT-6253,House No. RB-821,Street 1,Malir,5,5,House,Mubashra Sabri,Owais Joiya,Verified,Paid,Issue Found,Due,88200000.0
9337,Zaynab Panhwar,DEMO-KPT-9337,House No. CC-454,Street 4,Malir,5,5,House,Zaynab Panhwar,Waheed Shakir,Pending,Paid,Clear,Due,85100000.0
12588,Rameez Siddiqui,DEMO-KPT-12588,House No. BR-689,Street 5,Malir,5,5,House,Rameez Siddiqui,Sohaib Mehmood,Litigated,Due,Clear,Paid,84900000.0
1821,Sara Qadri,DEMO-KPT-1821,House No. B-646,Street 7,Malir,5,5,House,Sara Qadri,Tahreem Memon,Verified,Due,Under Review,Due,87300000.0
12581,Haroon Naqvi,DEMO-KPT-12581,House No. BC-354,Street 8,Malir,5,5,House,Haroon Naqvi,Hanzala Toor,Pending,Due,Clear,Paid,87000000.0
15636,Palwasha Wazir,DEMO-KPT-15636,House No. CBD-423,Street 8,Malir,5,5,House,Palwasha Wazir,Naila Joiya,Pending,Paid,Under Review,Due,93600000.0
12578,Zubaida Bangash,DEMO-KPT-12578,House No. CC-449,Street 9,Malir,5,5,House,Zubaida Bangash,Shabbir Lodhi,Litigated,Due,Issue Found,Paid,88100000.0
9323,Adeel Dogar,DEMO-KPT-9323,House No. DR-723,Street 10,Malir,5,5,House,Adeel Dogar,Tabish Tariq,Litigated,Due,Under Review,Paid,99700000.0
7778,Idrees Alvi,DEMO-KPT-7778,House No. BD-574,Street 13,Malir,5,5,House,Idrees Alvi,Saeeda Rashid,Litigated,Due,Issue Found,Due,91200000.0
3229,Khushbu Khalid,DEMO-KPT-3229,House No. C-458,Street 14,Malir,5,5,House,Khushbu Khalid,Tabish Panezai,Verified,Due,Issue Found,Paid,97100000.0
4793,Sajid Farooqi,DEMO-KPT-4793,House No. BR-798,Street 18,Malir,5,5,House,Sajid Farooqi,Arslan Baig,Litigated,Paid,Clear,Paid,83000000.0
14103,Erum Naseem,DEMO-KPT-14103,House No. BCR-588,Street 20,Malir,5,5,House,Erum Naseem,Fareeha Sipra,Verified,Paid,Issue Found,Due,86900000.0
3287,Wajid Yousafzai,DEMO-KPT-3287,House No. B-568,Street 21,Malir,5,5,House,Wajid Yousafzai,Sumaira Kayani,Litigated,Due,Clear,Paid,83800000.0
7787,Afshan Abro,DEMO-KPT-7787,House No. DC-319,Street 21,Malir,5,5,House,Afshan Abro,Shamoon Rashid,Litigated,Due,Clear,Paid,84000000.0
6249,Samina Lakhani,DEMO-KPT-6249,House No. RR-583,Street 24,Malir,5,5,House,Samina Lakhani,Jalal Kamal,Pending,Paid,Issue Found,Paid,87000000.0
3255,Zunair Zaman,DEMO-KPT-3255,House No. C-594,Street 26,Malir,5,5,House,Zunair Zaman,Farwa Bilgrami,Pending,Paid,Issue Found,Paid,82900000.0
15720,Safa Tiwana,DEMO-KPT-15720,House No. DBR-774,Street 26,Malir,5,5,House,Safa Tiwana,Adeel Mohammadzai,Pending,Due,Under Review,Due,80300000.0
4768,Maqsood Qureshi,DEMO-KPT-4768,House No. CB-559,Street 27,Malir,5,5,House,Maqsood Qureshi,Ahtisham Mahesar,Pending,Paid,Issue Found,Paid,95900000.0
6350,Asma Wattoo,DEMO-KPT-6350,House No. CB-308,Street 1,Malir,6,5,House,Asma Wattoo,Shakeel Hinjra,Pending,Paid,Issue Found,Due,94300000.0
6323,Munib Cheena,DEMO-KPT-6323,House No. RC-501,Street 3,Malir,6,5,House,Munib Cheena,Abdullah Barakzai,Litigated,Paid,Under Review,Paid,93100000.0
12624,Bilquis Sheikh,DEMO-KPT-12624,House No. CB-644,Street 6,Malir,6,5,House,Bilquis Sheikh,Taimur Yousafzai,Pending,Paid,Under Review,Paid,82600000.0
12621,Zubaida Aslam,DEMO-KPT-12621,House No. BB-796,Street 7,Malir,6,5,House,Zubaida Aslam,Sharjeel Tanoli,Verified,Due,Under Review,Due,85200000.0
4836,Maryam Sadiq,DEMO-KPT-4836,House No. BC-629,Street 8,Malir,6,5,House,Maryam Sadiq,Lubna Jaffri,Pending,Paid,Under Review,Due,93800000.0
3321,Nadia Marwat,DEMO-KPT-3321,House No. B-406,Street 9,Malir,6,5,House,Nadia Marwat,Fahad Mohammadzai,Litigated,Paid,Under Review,Due,88900000.0
6372,Aqsa Hashmi,DEMO-KPT-6372,House No. DD-616,Street 12,Malir,6,5,House,Aqsa Hashmi,Hammad Yousaf,Pending,Paid,Under Review,Due,94000000.0
11057,Saif Hanif,DEMO-KPT-11057,House No. CD-444,Street 12,Malir,6,5,House,Saif Hanif,Mehboob Mansoor,Pending,Due,Under Review,Paid,88100000.0
12681,Osama Dawood,DEMO-KPT-12681,House No. BC-632,Street 13,Malir,6,5,House,Osama Dawood,Lamia Zubair,Pending,Due,Under Review,Paid,86900000.0
12679,Rabia Tariq,DEMO-KPT-12679,House No. CB-429,Street 14,Malir,6,5,House,Rabia Tariq,Samra Sultan,Verified,Due,Issue Found,Paid,83600000.0
6355,Ayaz Akhtar,DEMO-KPT-6355,House No. RR-826,Street 16,Malir,6,5,House,Ayaz Akhtar,Ayeza Lak,Pending,Paid,Under Review,Paid,98000000.0
15763,Nafisa Magsi,DEMO-KPT-15763,House No. BDC-409,Street 17,Malir,6,5,House,Nafisa Magsi,Shaista Cheema,Verified,Due,Issue Found,Paid,87200000.0
1883,Aisha Rajput,DEMO-KPT-1883,House No. B-831,Street 18,Malir,6,5,House,Aisha Rajput,Zakir Mahsud,Litigated,Due,Issue Found,Paid,94600000.0
14243,Vaqar Tarar,DEMO-KPT-14243,House No. DRC-885,Street 18,Malir,6,5,House,Vaqar Tarar,Zarmeen Anwar,Litigated,Paid,Clear,Paid,86200000.0
3356,Nighat Imran,DEMO-KPT-3356,House No. C-613,Street 19,Malir,6,5,House,Nighat Imran,Iqra Latif,Litigated,Paid,Issue Found,Due,84300000.0
11006,Nadia Gill,DEMO-KPT-11006,House No. CC-861,Street 19,Malir,6,5,House,Nadia Gill,Alam Gondal,Litigated,Paid,Issue Found,Due,81800000.0
4839,Afreen Sultan,DEMO-KPT-4839,House No. CC-758,Street 22,Malir,6,5,House,Afreen Sultan,Zulekha Sial,Litigated,Paid,Clear,Paid,87900000.0
7846,Jahangir Qadir,DEMO-KPT-7846,House No. BD-714,Street 23,Malir,6,5,House,Jahangir Qadir,Zuha Chandio,Pending,Paid,Issue Found,Due,95600000.0
4865,Lubna Lakhani,DEMO-KPT-4865,House No. DR-592,Street 24,Malir,6,5,House,Lubna Lakhani,Beenish Buriro,Litigated,Due,Issue Found,Paid,88600000.0
9399,Mohib Rajput,DEMO-KPT-9399,House No. CC-841,Street 24,Malir,6,5,House,Mohib Rajput,Habib Nawaz,Pending,Paid,Issue Found,Paid,93800000.0
4845,Sharjeel Marri,DEMO-KPT-4845,House No. BD-850,Street 28,Malir,6,5,House,Sharjeel Marri,Fayyaz Bhutto,Litigated,Due,Clear,Due,91300000.0
15808,Ayla Latif,DEMO-KPT-15808,House No. BCD-504,Street 1,Malir,7,5,House,Ayla Latif,Saima Kalhoro,Pending,Paid,Clear,Paid,81200000.0
7909,Dua Tahir,DEMO-KPT-7909,House No. DD-801,Street 3,Malir,7,5,House,Dua Tahir,Zaid Pirzada,Litigated,Due,Clear,Due,83300000.0
7898,Naseer Bhatti,DEMO-KPT-7898,House No. DC-808,Street 7,Malir,7,5,House,Naseer Bhatti,Sami Khattak,Litigated,Due,Issue Found,Due,80700000.0
9471,Iqra Chaudhry,DEMO-KPT-9471,House No. BB-348,Street 7,Malir,7,5,House,Iqra Chaudhry,Saeeda Mustafa,Verified,Due,Under Review,Due,92000000.0
1939,Wajiha Peerzada,DEMO-KPT-1939,House No. R-505,Street 10,Malir,7,5,House,Wajiha Peerzada,Mahnoor Kasi,Verified,Paid,Issue Found,Due,97200000.0
12728,Nasir Kamal,DEMO-KPT-12728,House No. DR-454,Street 13,Malir,7,5,House,Nasir Kamal,Athar Waheed,Litigated,Due,Issue Found,Due,81200000.0
15867,Arslan Jafri,DEMO-KPT-15867,House No. RBC-893,Street 14,Malir,7,5,House,Arslan Jafri,Talha Ghumman,Litigated,Due,Clear,Due,82700000.0
11082,Misbah Cheema,DEMO-KPT-11082,House No. DB-631,Street 15,Malir,7,5,House,Misbah Cheema,Farooq Kalhoro,Verified,Due,Clear,Paid,89800000.0
14313,Zara Qureshi,DEMO-KPT-14313,House No. DBC-857,Street 16,Malir,7,5,House,Zara Qureshi,Komal Khalid,Verified,Paid,Under Review,Due,81300000.0
15805,Fasih Junejo,DEMO-KPT-15805,House No. CRD-569,Street 16,Malir,7,5,House,Fasih Junejo,Rakhshanda Nasar,Pending,Paid,Under Review,Paid,82200000.0
7943,Kaleem Baloch,DEMO-KPT-7943,House No. DC-602,Street 18,Malir,7,5,House,Kaleem Baloch,Laraib Mian,Litigated,Paid,Clear,Paid,90900000.0
12683,Ayaz Raza,DEMO-KPT-12683,House No. RD-838,Street 18,Malir,7,5,House,Ayaz Raza,Asra Gabol,Litigated,Due,Issue Found,Paid,90000000.0
9470,Hamid Marri,DEMO-KPT-9470,House No. DB-307,Street 20,Malir,7,5,House,Hamid Marri,Maimoona Cheena,Litigated,Paid,Issue Found,Due,84500000.0
12737,Imad Kamal,DEMO-KPT-12737,House No. BB-410,Street 21,Malir,7,5,House,Imad Kamal,Lamia Parvez,Litigated,Due,Clear,Paid,98000000.0
1961,Zakir Barakzai,DEMO-KPT-1961,House No. B-319,Street 22,Malir,7,5,House,Zakir Barakzai,Sohaib Zafar,Pending,Due,Clear,Paid,95200000.0
14289,Shabbir Latif,DEMO-KPT-14289,House No. CBR-353,Street 22,Malir,7,5,House,Shabbir Latif,Ahad Abro,Litigated,Paid,Clear,Paid,95100000.0
3357,Ismail Chaudhry,DEMO-KPT-3357,House No. R-576,Street 25,Malir,7,5,House,Ismail Chaudhry,Khushbu Mansoor,Verified,Due,Under Review,Paid,96100000.0
4920,Tahseen Dawood,DEMO-KPT-4920,House No. BC-375,Street 26,Malir,7,5,House,Tahseen Dawood,Ayub Dreshak,Pending,Due,Under Review,Due,97600000.0
6405,Eman Warsi,DEMO-KPT-6405,House No. CC-467,Street 26,Malir,7,5,House,Eman Warsi,Hina Riaz,Pending,Paid,Issue Found,Paid,97900000.0
3368,Imran Butt,DEMO-KPT-3368,House No. B-360,Street 27,Malir,7,5,House,Imran Butt,Sufyan Tanvir,Pending,Due,Under Review,Due,91400000.0
11068,Sana Ijaz,DEMO-KPT-11068,House No. RR-654,Street 27,Malir,7,5,House,Sana Ijaz,Majid Awan,Pending,Paid,Issue Found,Paid,95700000.0
3424,Arif Mansoor,DEMO-KPT-3424,House No. R-356,Street 29,Malir,7,5,House,Arif Mansoor,Zohaib Chattha,Verified,Due,Clear,Paid,89100000.0
7924,Khansa Saeed,DEMO-KPT-7924,House No. RD-512,Street 29,Malir,7,5,House,Khansa Saeed,Daniya Jaffri,Verified,Due,Clear,Paid,87900000.0
9472,Inam Chandio,DEMO-KPT-9472,House No. CB-397,Street 29,Malir,7,5,House,Inam Chandio,Qasim Baig,Litigated,Due,Issue Found,Due,88500000.0
11074,Zameer Shaikh,DEMO-KPT-11074,House No. DB-554,Street 29,Malir,7,5,House,Zameer Shaikh,Bakhtawar Ghani,Verified,Due,Clear,Paid,85000000.0
11203,Yusra Bhittani,DEMO-KPT-11203,House No. BC-667,Street 1,Malir,8,5,House,Yusra Bhittani,Nashra Waheed,Verified,Paid,Issue Found,Due,98200000.0
3487,Waqas Dawood,DEMO-KPT-3487,House No. C-398,Street 4,Malir,8,5,House,Waqas Dawood,Wajiha Randhawa,Pending,Paid,Clear,Due,99400000.0
5016,Shayan Hashmi,DEMO-KPT-5016,House No. BC-740,Street 8,Malir,8,5,House,Shayan Hashmi,Jamila Sabri,Pending,Due,Clear,Due,97100000.0
11157,Azka Ijaz,DEMO-KPT-11157,House No. CD-590,Street 9,Malir,8,5,House,Azka Ijaz,Riaz Dahri,Litigated,Paid,Clear,Paid,93600000.0
5007,Shafiq Khalid,DEMO-KPT-5007,House No. CC-301,Street 12,Malir,8,5,House,Shafiq Khalid,Tahmina Ijaz,Verified,Due,Clear,Paid,82000000.0
9522,Mahir Aslam,DEMO-KPT-9522,House No. DB-762,Street 12,Malir,8,5,House,Mahir Aslam,Hussain Rind,Pending,Paid,Under Review,Due,99300000.0
3510,Minahil Hoti,DEMO-KPT-3510,House No. C-682,Street 13,Malir,8,5,House,Minahil Hoti,Rashida Turk,Litigated,Due,Clear,Paid,99500000.0
3525,Sarmad Mohmand,DEMO-KPT-3525,House No. B-335,Street 13,Malir,8,5,House,Sarmad Mohmand,Noman Gabol,Pending,Paid,Clear,Due,91900000.0
15938,Fida Zafar,DEMO-KPT-15938,House No. RDB-740,Street 13,Malir,8,5,House,Fida Zafar,Zohra Mohmand,Pending,Paid,Clear,Paid,94500000.0
11211,Aqib Tariq,DEMO-KPT-11211,House No. RB-744,Street 16,Malir,8,5,House,Aqib Tariq,Shafaq Sindhi,Verified,Paid,Clear,Due,83300000.0
14361,Anila Ali,DEMO-KPT-14361,House No. RDB-390,Street 16,Malir,8,5,House,Anila Ali,Hashir Rehman,Verified,Paid,Clear,Due,82300000.0
5003,Neelam Laghari,DEMO-KPT-5003,House No. BB-521,Street 18,Malir,8,5,House,Neelam Laghari,Hanif Dahri,Litigated,Paid,Clear,Paid,97800000.0
3456,Unaiza Dayo,DEMO-KPT-3456,House No. B-657,Street 22,Malir,8,5,House,Unaiza Dayo,Zaynab Bhurgri,Litigated,Paid,Issue Found,Due,91900000.0
7956,Asif Khosa,DEMO-KPT-7956,House No. BB-762,Street 22,Malir,8,5,House,Asif Khosa,Saira Khokhar,Litigated,Paid,Issue Found,Due,82400000.0
8020,Rakhshanda Marri,DEMO-KPT-8020,House No. CD-696,Street 22,Malir,8,5,House,Rakhshanda Marri,Zohair Hussain,Pending,Paid,Issue Found,Due,91600000.0
12761,Wania Sheikh,DEMO-KPT-12761,House No. RR-725,Street 22,Malir,8,5,House,Wania Sheikh,Hammad Jamali,Pending,Due,Clear,Paid,87900000.0
14354,Adeel Kalhoro,DEMO-KPT-14354,House No. CBD-895,Street 23,Malir,8,5,House,Adeel Kalhoro,Waseem Sohu,Litigated,Paid,Clear,Paid,97500000.0
3515,Yasmeen Mahar,DEMO-KPT-3515,House No. B-667,Street 24,Malir,8,5,House,Yasmeen Mahar,Saeeda Butt,Litigated,Due,Issue Found,Paid,96400000.0
12807,Sadaf Naseem,DEMO-KPT-12807,House No. BR-496,Street 25,Malir,8,5,House,Sadaf Naseem,Tehmina Siddiqui,Verified,Due,Under Review,Paid,98100000.0
14370,Fasih Gandapur,DEMO-KPT-14370,House No. CRB-623,Street 26,Malir,8,5,House,Fasih Gandapur,Mahad Gabol,Pending,Due,Under Review,Due,99600000.0
2074,Farhan Virk,DEMO-KPT-2074,House No. D-341,Street 29,Malir,8,5,House,Farhan Virk,Zaheer Malik,Verified,Due,Clear,Paid,91900000.0
4972,Sidrah Farooqi,DEMO-KPT-4972,House No. BC-560,Street 29,Malir,8,5,House,Sidrah Farooqi,Sabika Samo,Litigated,Due,Issue Found,Due,92000000.0
12787,Ayla Tareen,DEMO-KPT-12787,House No. RB-770,Street 29,Malir,8,5,House,Ayla Tareen,Israr Bukhari,Pending,Due,Clear,Paid,85900000.0
14450,Alina Mughal,DEMO-KPT-14450,House No. RCB-337,Street 1,Malir,9,5,House,Alina Mughal,Shahida Shaikh,Pending,Paid,Issue Found,Due,85700000.0
6559,Farheen Farooq,DEMO-KPT-6559,House No. DR-826,Street 3,Malir,9,5,House,Farheen Farooq,Abid Zahid,Litigated,Due,Clear,Due,83600000.0
12859,Bakhtawar Sabri,DEMO-KPT-12859,House No. RB-738,Street 3,Malir,9,5,House,Bakhtawar Sabri,Hidayat Mirza,Litigated,Due,Clear,Due,95700000.0
11255,Atif Ghauri,DEMO-KPT-11255,House No. CD-675,Street 4,Malir,9,5,House,Atif Ghauri,Vaqar Sipra,Verified,Paid,Issue Found,Paid,86600000.0
9621,Kaneez Mirza,DEMO-KPT-9621,House No. BC-861,Street 9,Malir,9,5,House,Kaneez Mirza,Pervaiz Lak,Litigated,Paid,Under Review,Due,89300000.0
2119,Zakariya Rafique,DEMO-KPT-2119,House No. C-878,Street 12,Malir,9,5,House,Zakariya Rafique,Saleha Yousaf,Pending,Due,Issue Found,Paid,90000000.0
16065,Safa Lughmani,DEMO-KPT-16065,House No. RDC-355,Street 15,Malir,9,5,House,Safa Lughmani,Afshan Khosa,Verified,Due,Clear,Paid,84600000.0
11305,Dawood Barakzai,DEMO-KPT-11305,House No. BC-330,Street 16,Malir,9,5,House,Dawood Barakzai,Shahid Sultan,Pending,Paid,Under Review,Paid,97900000.0
14455,Ahsan Samo,DEMO-KPT-14455,House No. RCD-396,Street 16,Malir,9,5,House,Ahsan Samo,Aun Wazir,Pending,Paid,Under Review,Paid,97000000.0
8113,Luqman Zafar,DEMO-KPT-8113,House No. CD-672,Street 17,Malir,9,5,House,Luqman Zafar,Fariha Yousaf,Verified,Due,Issue Found,Paid,88400000.0
2108,Aqeel Khokhar,DEMO-KPT-2108,House No. R-597,Street 19,Malir,9,5,House,Aqeel Khokhar,Faisal Dogar,Verified,Paid,Under Review,Due,88300000.0
5041,Mazen Janjua,DEMO-KPT-5041,House No. CR-486,Street 19,Malir,9,5,House,Mazen Janjua,Yousaf Mazari,Pending,Due,Issue Found,Paid,91600000.0
9587,Nashra Bugti,DEMO-KPT-9587,House No. CR-445,Street 21,Malir,9,5,House,Nashra Bugti,Sohaib Warraich,Litigated,Due,Clear,Paid,92400000.0
8097,Nazia Janjua,DEMO-KPT-8097,House No. BC-806,Street 25,Malir,9,5,House,Nazia Janjua,Farheen Imran,Litigated,Paid,Clear,Paid,80700000.0
12841,Warda Zia,DEMO-KPT-12841,House No. CD-823,Street 29,Malir,9,5,House,Warda Zia,Shaista Zardari,Verified,Due,Issue Found,Paid,81600000.0
8055,Nabila Yasin,DEMO-KPT-8055,House No. CR-863,Street 30,Malir,9,5,House,Nabila Yasin,Alishba Rabbani,Verified,Due,Under Review,Paid,92100000.0
8158,Shama Shakir,DEMO-KPT-8158,House No. DD-690,Street 1,Malir,10,5,House,Shama Shakir,Nafisa Mirza,Pending,Paid,Clear,Paid,82800000.0
16153,Muhammad Dawood,DEMO-KPT-16153,House No. CBD-885,Street 1,Malir,10,5,House,Muhammad Dawood,Shafaq Qadir,Verified,Paid,Issue Found,Due,88900000.0
11340,Farzana Zardari,DEMO-KPT-11340,House No. DR-780,Street 2,Malir,10,5,House,Farzana Zardari,Atiya Virk,Verified,Due,Under Review,Due,92200000.0
14490,Tabassum Chandio,DEMO-KPT-14490,House No. DBC-745,Street 2,Malir,10,5,House,Tabassum Chandio,Husna Zaidi,Verified,Due,Under Review,Due,91800000.0
5128,Neelam Awan,DEMO-KPT-5128,House No. RD-402,Street 3,Malir,10,5,House,Neelam Awan,Sabeen Mahar,Pending,Paid,Under Review,Paid,84300000.0
12982,Jawad Jamali,DEMO-KPT-12982,House No. DB-656,Street 3,Malir,10,5,House,Jawad Jamali,Anwar Majeed,Litigated,Due,Clear,Due,87200000.0
9671,Zarmeen Tahir,DEMO-KPT-9671,House No. DC-545,Street 5,Malir,10,5,House,Zarmeen Tahir,Noshaba Niazi,Pending,Paid,Issue Found,Paid,99600000.0
2197,Arbaz Sindhi,DEMO-KPT-2197,House No. D-436,Street 8,Malir,10,5,House,Arbaz Sindhi,Rafay Toor,Litigated,Paid,Clear,Paid,88900000.0
6697,Talal Cheena,DEMO-KPT-6697,House No. DR-506,Street 8,Malir,10,5,House,Talal Cheena,Ifrah Bangash,Litigated,Paid,Clear,Paid,95400000.0
6657,Qayyum Ilyas,DEMO-KPT-6657,House No. RB-534,Street 9,Malir,10,5,House,Qayyum Ilyas,Shabana Panhwar,Litigated,Paid,Clear,Paid,94700000.0
12957,Ayeza Bijarani,DEMO-KPT-12957,House No. BB-663,Street 9,Malir,10,5,House,Ayeza Bijarani,Farwa Leghari,Litigated,Paid,Clear,Paid,83200000.0
6654,Kamil Ilyas,DEMO-KPT-6654,House No. DC-761,Street 13,Malir,10,5,House,Kamil Ilyas,Nargis Zaidi,Litigated,Due,Issue Found,Paid,93000000.0
9667,Mahwish Shafi,DEMO-KPT-9667,House No. BB-679,Street 16,Malir,10,5,House,Mahwish Shafi,Maaz Rafique,Verified,Paid,Under Review,Paid,82600000.0
11333,Zaib Abbasi,DEMO-KPT-11333,House No. BB-779,Street 18,Malir,10,5,House,Zaib Abbasi,Mashal Dahri,Litigated,Due,Issue Found,Paid,90300000.0
2170,Shahzad Yasin,DEMO-KPT-2170,House No. C-582,Street 22,Malir,10,5,House,Shahzad Yasin,Batool Popalzai,Pending,Paid,Issue Found,Due,98200000.0
6639,Sabika Lashari,DEMO-KPT-6639,House No. RD-801,Street 22,Malir,10,5,House,Sabika Lashari,Nimra Rana,Litigated,Paid,Clear,Paid,82700000.0
2204,Alishba Ilyas,DEMO-KPT-2204,House No. R-489,Street 23,Malir,10,5,House,Alishba Ilyas,Raheel Kazmi,Litigated,Paid,Clear,Paid,88300000.0
5172,Fiza Kayani,DEMO-KPT-5172,House No. DR-307,Street 23,Malir,10,5,House,Fiza Kayani,Nihal Tanvir,Litigated,Due,Under Review,Due,94200000.0
9646,Mansha Naqvi,DEMO-KPT-9646,House No. BB-721,Street 23,Malir,10,5,House,Mansha Naqvi,Zoya Marri,Pending,Paid,Issue Found,Due,96600000.0
2165,Saeed Hafeez,DEMO-KPT-2165,House No. C-504,Street 24,Malir,10,5,House,Saeed Hafeez,Shafaq Farooqi,Litigated,Due,Issue Found,Paid,81800000.0
6665,Tahir Imran,DEMO-KPT-6665,House No. RR-706,Street 24,Malir,10,5,House,Tahir Imran,Naveed Usmani,Litigated,Due,Issue Found,Paid,87700000.0
12965,Mahir Noor,DEMO-KPT-12965,House No. RR-458,Street 24,Malir,10,5,House,Mahir Noor,Tahira Hameed,Litigated,Due,Issue Found,Paid,93600000.0
16115,Mansha Rehman,DEMO-KPT-16115,House No. RBD-341,Street 24,Malir,10,5,House,Mansha Rehman,Taimoor Bhat,Litigated,Due,Issue Found,Paid,91800000.0
6659,Zarmeen Khalid,DEMO-KPT-6659,House No. DB-393,Street 25,Malir,10,5,House,Zarmeen Khalid,Nabeeha Korai,Verified,Due,Clear,Paid,90200000.0
14505,Zubaid Abbasi,DEMO-KPT-14505,House No. CBD-778,Street 26,Malir,10,5,House,Zubaid Abbasi,Neelam Gilani,Pending,Paid,Issue Found,Paid,95100000.0
6629,Waleed Chandio,DEMO-KPT-6629,House No. DB-667,Street 27,Malir,10,5,House,Waleed Chandio,Raees Rehman,Pending,Due,Issue Found,Paid,90500000.0
12945,Sonia Lakhani,DEMO-KPT-12945,House No. BD-639,Street 28,Malir,10,5,House,Sonia Lakhani,Mashal Kakar,Litigated,Due,Clear,Due,86100000.0
9739,Mahira Wazir,DEMO-KPT-9739,House No. RR-825,Street 4,Malir,11,5,House,Mahira Wazir,Lubna Kasi,Verified,Due,Issue Found,Paid,95800000.0
16205,Manahil Memon,DEMO-KPT-16205,House No. DCB-301,Street 4,Malir,11,5,House,Manahil Memon,Irum Virk,Verified,Paid,Issue Found,Paid,86200000.0
13042,Hoorain Sheikh,DEMO-KPT-13042,House No. DR-460,Street 7,Malir,11,5,House,Hoorain Sheikh,Moiz Tanvir,Verified,Paid,Clear,Paid,94000000.0
3771,Haider Ijaz,DEMO-KPT-3771,House No. B-709,Street 9,Malir,11,5,House,Haider Ijaz,Rafia Tiwana,Litigated,Paid,Under Review,Due,84000000.0
11421,Nabeeha Mansoor,DEMO-KPT-11421,House No. RR-719,Street 9,Malir,11,5,House,Nabeeha Mansoor,Tanzeela Rehman,Litigated,Paid,Under Review,Due,92300000.0
13028,Mahreen Naseem,DEMO-KPT-13028,House No. CB-668,Street 9,Malir,11,5,House,Mahreen Naseem,Tamkeen Magsi,Litigated,Due,Issue Found,Paid,89800000.0
8211,Zainab Dar,DEMO-KPT-8211,House No. CD-642,Street 10,Malir,11,5,House,Zainab Dar,Talal Bettani,Litigated,Due,Under Review,Due,81600000.0
9707,Taha Kamboh,DEMO-KPT-9707,House No. DC-760,Street 12,Malir,11,5,House,Taha Kamboh,Sidrah Haral,Pending,Due,Under Review,Paid,88700000.0
6763,Huma Rashid,DEMO-KPT-6763,House No. CR-512,Street 17,Malir,11,5,House,Huma Rashid,Alam Yaqoob,Verified,Due,Issue Found,Paid,85300000.0
5256,Talha Leghari,DEMO-KPT-5256,House No. RR-637,Street 22,Malir,11,5,House,Talha Leghari,Aqib Ansari,Litigated,Paid,Issue Found,Due,97700000.0
5289,Hammad Sial,DEMO-KPT-5289,House No. CB-461,Street 22,Malir,11,5,House,Hammad Sial,Anmol Warsi,Litigated,Paid,Clear,Paid,95100000.0
5320,Ahsan Jamali,DEMO-KPT-5320,House No. BC-386,Street 22,Malir,11,5,House,Ahsan Jamali,Hania Waheed,Pending,Paid,Issue Found,Due,91000000.0
13004,Zohaib Joiya,DEMO-KPT-13004,House No. CC-458,Street 23,Malir,11,5,House,Zohaib Joiya,Irum Cheena,Litigated,Paid,Clear,Paid,100000000.0
8205,Zoya Talpur,DEMO-KPT-8205,House No. CC-735,Street 26,Malir,11,5,House,Zoya Talpur,Sameen Popalzai,Pending,Paid,Issue Found,Paid,91100000.0
13020,Gohar Mir,DEMO-KPT-13020,House No. BB-323,Street 26,Malir,11,5,House,Gohar Mir,Beenish Khattak,Pending,Due,Under Review,Due,94500000.0
11491,Atiya Bukhari,DEMO-KPT-11491,House No. BB-430,Street 29,Malir,11,5,House,Atiya Bukhari,Wania Shakir,Verified,Due,Issue Found,Paid,88700000.0
13072,Hadiqa Orakzai,DEMO-KPT-13072,House No. CR-419,Street 29,Malir,11,5,House,Hadiqa Orakzai,Parvez Gabol,Litigated,Due,Issue Found,Due,93900000.0
5353,Neelam Ansari,DEMO-KPT-5353,House No. RR-441,Street 1,Malir,12,5,House,Neelam Ansari,Shahab Khokhar,Verified,Paid,Issue Found,Due,97700000.0
13108,Sahil Mustafa,DEMO-KPT-13108,House No. BC-321,Street 1,Malir,12,5,House,Sahil Mustafa,Umaima Kidwai,Pending,Paid,Clear,Paid,86000000.0
3778,Zarmeen Ilyas,DEMO-KPT-3778,House No. R-881,Street 3,Malir,12,5,House,Zarmeen Ilyas,Eman Bajwa,Pending,Paid,Under Review,Paid,84400000.0
5332,Ashfaq Khan,DEMO-KPT-5332,House No. RB-442,Street 3,Malir,12,5,House,Ashfaq Khan,Sharmeen Jaffri,Litigated,Due,Clear,Due,96900000.0
13073,Abubakar Warsi,DEMO-KPT-13073,House No. CR-324,Street 3,Malir,12,5,House,Abubakar Warsi,Shaheen Bhutto,Litigated,Paid,Under Review,Paid,97100000.0
2274,Saqib Khokhar,DEMO-KPT-2274,House No. B-605,Street 6,Malir,12,5,House,Saqib Khokhar,Maryam Mahsud,Pending,Paid,Under Review,Paid,81900000.0
16272,Mehreen Dreshak,DEMO-KPT-16272,House No. DCR-576,Street 12,Malir,12,5,House,Mehreen Dreshak,Safa Kasi,Pending,Paid,Under Review,Due,98900000.0
9804,Sahrish Qureshi,DEMO-KPT-9804,House No. RC-681,Street 13,Malir,12,5,House,Sahrish Qureshi,Jamil Shakir,Litigated,Due,Issue Found,Paid,98200000.0
9810,Nadir Sardar,DEMO-KPT-9810,House No. DR-322,Street 13,Malir,12,5,House,Nadir Sardar,Uroosa Haral,Litigated,Due,Clear,Paid,94600000.0
3829,Mansoor Zahid,DEMO-KPT-3829,House No. C-808,Street 15,Malir,12,5,House,Mansoor Zahid,Jawad Janjua,Pending,Paid,Under Review,Due,92400000.0
14617,Unaiza Mahar,DEMO-KPT-14617,House No. BDR-649,Street 16,Malir,12,5,House,Unaiza Mahar,Munib Shah,Verified,Paid,Under Review,Paid,82900000.0
6803,Anwar Mazari,DEMO-KPT-6803,House No. RR-785,Street 18,Malir,12,5,House,Anwar Mazari,Shehzad Kharal,Litigated,Paid,Clear,Paid,95100000.0
16253,Bashir Minhas,DEMO-KPT-16253,House No. DRB-375,Street 18,Malir,12,5,House,Bashir Minhas,Esha Farooq,Litigated,Paid,Clear,Paid,95200000.0
2341,Zubair Baig,DEMO-KPT-2341,House No. C-578,Street 19,Malir,12,5,House,Zubair Baig,Shehryar Turk,Pending,Due,Issue Found,Paid,91800000.0
9770,Nudrat Palijo,DEMO-KPT-9770,House No. CD-367,Street 19,Malir,12,5,House,Nudrat Palijo,Hidayat Akhtar,Verified,Due,Issue Found,Paid,88300000.0
8343,Mazhar Marwat,DEMO-KPT-8343,House No. RB-709,Street 21,Malir,12,5,House,Mazhar Marwat,Sidra Gilani,Verified,Due,Issue Found,Paid,94200000.0
11556,Muneeb Ghaffar,DEMO-KPT-11556,House No. CB-529,Street 22,Malir,12,5,House,Muneeb Ghaffar,Aqeel Bashir,Litigated,Paid,Issue Found,Due,82400000.0
2298,Hania Latif,DEMO-KPT-2298,House No. C-800,Street 23,Malir,12,5,House,Hania Latif,Afzal Kamboh,Verified,Due,Clear,Paid,91300000.0
6798,Kaleemullah Yousaf,DEMO-KPT-6798,House No. BR-896,Street 23,Malir,12,5,House,Kaleemullah Yousaf,Zayan Yousaf,Verified,Due,Clear,Paid,84500000.0
9854,Naureen Afridi,DEMO-KPT-9854,House No. CC-675,Street 23,Malir,12,5,House,Naureen Afridi,Numan Zaman,Litigated,Paid,Clear,Paid,87800000.0
13098,Irfan Zubairi,DEMO-KPT-13098,House No. BB-681,Street 23,Malir,12,5,House,Irfan Zubairi,Zaib Bijarani,Verified,Due,Clear,Paid,90300000.0
14622,Mansoor Ghani,DEMO-KPT-14622,House No. BRD-852,Street 23,Malir,12,5,House,Mansoor Ghani,Beenish Kayani,Litigated,Due,Under Review,Due,81700000.0
9849,Awais Lone,DEMO-KPT-9849,House No. RD-638,Street 24,Malir,12,5,House,Awais Lone,Mukhtar Turk,Pending,Paid,Issue Found,Paid,95300000.0
16305,Rimsha Sindhi,DEMO-KPT-16305,House No. RCD-354,Street 26,Malir,12,5,House,Rimsha Sindhi,Hashir Shah,Pending,Paid,Issue Found,Paid,82700000.0
5458,Numan Hinjra,DEMO-KPT-5458,House No. CD-372,Street 1,Malir,13,5,House,Numan Hinjra,Nuzhat Hayat,Pending,Paid,Clear,Paid,97500000.0
14758,Nargis Khattak,DEMO-KPT-14758,House No. CRB-858,Street 2,Malir,13,5,House,Nargis Khattak,Fida Khokhar,Pending,Due,Under Review,Paid,95200000.0
11587,Jawad Lughmani,DEMO-KPT-11587,House No. BR-439,Street 4,Malir,13,5,House,Jawad Lughmani,Bakhtawar Jafri,Pending,Paid,Clear,Due,99700000.0
11688,Sidra Jamal,DEMO-KPT-11688,House No. RC-737,Street 5,Malir,13,5,House,Sidra Jamal,Rabia Mangi,Litigated,Due,Clear,Paid,89700000.0
5449,Jamila Bashir,DEMO-KPT-5449,House No. RR-860,Street 8,Malir,13,5,House,Jamila Bashir,Huma Mohammadzai,Pending,Paid,Under Review,Paid,88300000.0
13161,Fazal Rafique,DEMO-KPT-13161,House No. RR-680,Street 10,Malir,13,5,House,Fazal Rafique,Ikhlaq Baloch,Litigated,Due,Under Review,Due,92600000.0
11569,Ibrahim Hanif,DEMO-KPT-11569,House No. BB-769,Street 12,Malir,13,5,House,Ibrahim Hanif,Sadia Bettani,Pending,Due,Issue Found,Paid,96500000.0
2378,Salahuddin Anwar,DEMO-KPT-2378,House No. D-568,Street 13,Malir,13,5,House,Salahuddin Anwar,Zubia Leghari,Litigated,Due,Issue Found,Due,96900000.0
14760,Sehrish Saif,DEMO-KPT-14760,House No. RDC-457,Street 13,Malir,13,5,House,Sehrish Saif,Nihal Popalzai,Litigated,Due,Clear,Paid,81500000.0
16317,Fabiha Ahmed,DEMO-KPT-16317,House No. DRB-625,Street 14,Malir,13,5,House,Fabiha Ahmed,Uzma Hameed,Litigated,Due,Clear,Due,82300000.0
9942,Zubaid Junejo,DEMO-KPT-9942,House No. BR-598,Street 15,Malir,13,5,House,Zubaid Junejo,Muzammil Sipra,Pending,Due,Issue Found,Paid,85500000.0
14763,Afshan Jadoon,DEMO-KPT-14763,House No. BDR-660,Street 16,Malir,13,5,House,Afshan Jadoon,Imad Sahito,Verified,Paid,Under Review,Due,83500000.0
8408,Imran Virk,DEMO-KPT-8408,House No. RC-760,Street 19,Malir,13,5,House,Imran Virk,Mukhtar Yousaf,Verified,Paid,Under Review,Due,94800000.0
14720,Nasrullah Shafi,DEMO-KPT-14720,House No. RBC-858,Street 19,Malir,13,5,House,Nasrullah Shafi,Imad Shakeel,Verified,Due,Issue Found,Paid,99300000.0
16337,Arooj Ansari,DEMO-KPT-16337,House No. BRD-745,Street 21,Malir,13,5,House,Arooj Ansari,Tabish Sohu,Litigated,Due,Clear,Paid,96200000.0
2383,Rehman Toor,DEMO-KPT-2383,House No. D-695,Street 22,Malir,13,5,House,Rehman Toor,Sabir Waheed,Litigated,Paid,Issue Found,Due,80000000.0
8439,Owais Sahito,DEMO-KPT-8439,House No. DD-659,Street 22,Malir,13,5,House,Owais Sahito,Aleeza Hashmi,Litigated,Paid,Clear,Paid,99300000.0
5422,Muneeba Waheed,DEMO-KPT-5422,House No. CB-813,Street 29,Malir,13,5,House,Muneeba Waheed,Ismail Sabri,Litigated,Due,Issue Found,Due,83700000.0
9855,Zulekha Soomro,DEMO-KPT-9855,House No. BB-619,Street 30,Malir,13,5,House,Zulekha Soomro,Ishaq Lakhani,Verified,Due,Under Review,Paid,96900000.0
14803,Rakhshanda Qazi,DEMO-KPT-14803,House No. RBD-586,Street 1,Malir,14,5,House,Rakhshanda Qazi,Shakeel Khalid,Verified,Paid,Issue Found,Due,83800000.0
7009,Mahira Soomro,DEMO-KPT-7009,House No. RD-807,Street 3,Malir,14,5,House,Mahira Soomro,Masood Naseem,Litigated,Due,Clear,Due,91500000.0
3937,Sumayya Bhurgri,DEMO-KPT-3937,House No. CR-706,Street 4,Malir,14,5,House,Sumayya Bhurgri,Mubashra Mir,Pending,Paid,Clear,Due,93600000.0
11705,Zaheer Zia,DEMO-KPT-11705,House No. RR-836,Street 4,Malir,14,5,House,Zaheer Zia,Ambreen Barakzai,Verified,Paid,Issue Found,Paid,87400000.0
13271,Burhan Lughmani,DEMO-KPT-13271,House No. CD-660,Street 5,Malir,14,5,House,Burhan Lughmani,Bakhtawar Tunio,Pending,Paid,Issue Found,Paid,89900000.0
8531,Shabana Sohu,DEMO-KPT-8531,House No. CB-509,Street 8,Malir,14,5,House,Shabana Sohu,Ashraf Nasar,Pending,Due,Clear,Paid,95700000.0
13221,Ali Malik,DEMO-KPT-13221,House No. DC-754,Street 9,Malir,14,5,House,Ali Malik,Palwasha Tanoli,Litigated,Paid,Under Review,Due,94700000.0
10011,Haider Sultan,DEMO-KPT-10011,House No. RR-733,Street 10,Malir,14,5,House,Haider Sultan,Noaman Afridi,Litigated,Due,Under Review,Due,91400000.0
3960,Aneeqa Ansari,DEMO-KPT-3960,House No. BR-838,Street 13,Malir,14,5,House,Aneeqa Ansari,Nouman Lughmani,Litigated,Due,Clear,Paid,85000000.0
5528,Afreen Rana,DEMO-KPT-5528,House No. CD-433,Street 13,Malir,14,5,House,Afreen Rana,Burhan Zaidi,Litigated,Due,Issue Found,Due,85200000.0
11713,Younas Khalid,DEMO-KPT-11713,House No. DR-310,Street 17,Malir,14,5,House,Younas Khalid,Farwa Shaikh,Verified,Due,Issue Found,Paid,97400000.0
9953,Aashir Magsi,DEMO-KPT-9953,House No. RD-481,Street 18,Malir,14,5,House,Aashir Magsi,Jalal Anwar,Litigated,Paid,Clear,Paid,88100000.0
3970,Mohsin Tiwana,DEMO-KPT-3970,House No. DD-782,Street 22,Malir,14,5,House,Mohsin Tiwana,Qamar Peerzada,Pending,Paid,Issue Found,Due,87600000.0
5496,Shakeel Gondal,DEMO-KPT-5496,House No. DR-651,Street 23,Malir,14,5,House,Shakeel Gondal,Nadia Sabri,Litigated,Due,Issue Found,Due,94500000.0
14765,Saba Orakzai,DEMO-KPT-14765,House No. BDR-398,Street 24,Malir,14,5,House,Saba Orakzai,Bakhtiar Saif,Litigated,Due,Issue Found,Paid,97300000.0
8459,Fabiha Iqbal,DEMO-KPT-8459,House No. BC-747,Street 25,Malir,14,5,House,Fabiha Iqbal,Bareera Lari,Verified,Due,Clear,Paid,87700000.0
11697,Tanveer Mari,DEMO-KPT-11697,House No. RR-495,Street 25,Malir,14,5,House,Tanveer Mari,Noreen Daudzai,Litigated,Paid,Clear,Paid,91100000.0
16407,Burhan Sardar,DEMO-KPT-16407,House No. BRC-478,Street 25,Malir,14,5,House,Burhan Sardar,Nawal Bhutto,Verified,Due,Under Review,Paid,98300000.0
8520,Mukarram Kazmi,DEMO-KPT-8520,House No. BR-833,Street 26,Malir,14,5,House,Mukarram Kazmi,Hoorain Yousaf,Pending,Due,Under Review,Due,88800000.0
2524,Wahab Mansoor,DEMO-KPT-2524,House No. B-619,Street 29,Malir,14,5,House,Wahab Mansoor,Nuzhat Marwat,Verified,Due,Clear,Paid,82200000.0
13408,Yasmeen Qureshi,DEMO-KPT-13408,House No. BB-326,Street 2,Malir,15,5,House,Yasmeen Qureshi,Asra Lak,Pending,Due,Under Review,Paid,94900000.0
7039,Ahmed Abro,DEMO-KPT-7039,House No. BB-716,Street 4,Malir,15,5,House,Ahmed Abro,Zubaida Riaz,Verified,Due,Issue Found,Paid,80200000.0
14855,Sabrina Mir,DEMO-KPT-14855,House No. BDR-768,Street 4,Malir,15,5,House,Sabrina Mir,Ambreen Mazari,Verified,Paid,Issue Found,Paid,95600000.0
10121,Zia Leghari,DEMO-KPT-10121,House No. RD-812,Street 5,Malir,15,5,House,Zia Leghari,Samra Mari,Pending,Paid,Issue Found,Paid,93000000.0
8571,Hamid Yazdani,DEMO-KPT-8571,House No. DC-752,Street 7,Malir,15,5,House,Hamid Yazdani,Rahila Leghari,Verified,Due,Under Review,Due,90300000.0
14899,Farrukh Samo,DEMO-KPT-14899,House No. BRD-702,Street 8,Malir,15,5,House,Farrukh Samo,Samad Haral,Pending,Paid,Under Review,Paid,83200000.0
2573,Amir Junejo,DEMO-KPT-2573,House No. R-674,Street 10,Malir,15,5,House,Amir Junejo,Ilyas Zubairi,Litigated,Due,Under Review,Paid,87500000.0
8592,Faizan Panhwar,DEMO-KPT-8592,House No. RR-528,Street 15,Malir,15,5,House,Faizan Panhwar,Shagufta Lashari,Pending,Due,Issue Found,Paid,81500000.0
16493,Nawaz Abro,DEMO-KPT-16493,House No. DCR-524,Street 18,Malir,15,5,House,Nawaz Abro,Mehwish Yaqoob,Litigated,Paid,Clear,Paid,89400000.0
2558,Iqra Ghumman,DEMO-KPT-2558,House No. D-881,Street 19,Malir,15,5,House,Iqra Ghumman,Ijaz Mansoor,Verified,Paid,Under Review,Due,94000000.0
7058,Shayan Qadir,DEMO-KPT-7058,House No. CB-586,Street 19,Malir,15,5,House,Shayan Qadir,Nouman Khalid,Verified,Paid,Under Review,Due,81300000.0
5537,Sumbal Kiani,DEMO-KPT-5537,House No. BB-584,Street 21,Malir,15,5,House,Sumbal Kiani,Kainat Kiani,Litigated,Due,Clear,Paid,80000000.0
7089,Muhammad Rafique,DEMO-KPT-7089,House No. CC-327,Street 22,Malir,15,5,House,Muhammad Rafique,Najma Akhtar,Litigated,Paid,Clear,Paid,98000000.0
11796,Ghulam Cheena,DEMO-KPT-11796,House No. RD-669,Street 23,Malir,15,5,House,Ghulam Cheena,Nudrat Ali,Litigated,Due,Issue Found,Due,94300000.0
2547,Muneeba Anwar,DEMO-KPT-2547,House No. C-485,Street 25,Malir,15,5,House,Muneeba Anwar,Rashida Malik,Verified,Paid,Under Review,Paid,89100000.0
14847,Fariha Barakzai,DEMO-KPT-14847,House No. DRB-588,Street 25,Malir,15,5,House,Fariha Barakzai,Bareera Zaman,Litigated,Paid,Clear,Paid,82800000.0
11805,Qurat Usmani,DEMO-KPT-11805,House No. BC-500,Street 26,Malir,15,5,House,Qurat Usmani,Tamkeen Janjua,Pending,Paid,Issue Found,Paid,87200000.0
4072,Salman Ijaz,DEMO-KPT-4072,House No. CB-506,Street 29,Malir,15,5,House,Salman Ijaz,Faiza Kazmi,Litigated,Due,Issue Found,Due,80700000.0
8572,Rimsha Saeed,DEMO-KPT-8572,House No. DR-776,Street 29,Malir,15,5,House,Rimsha Saeed,Zaheer Siddiqui,Litigated,Due,Issue Found,Due,86000000.0
14872,Mahad Baig,DEMO-KPT-14872,House No. CRD-748,Street 29,Malir,15,5,House,Mahad Baig,Zahra Leghari,Litigated,Due,Issue Found,Due,91000000.0
16474,Umaima Bettani,DEMO-KPT-16474,House No. DBC-418,Street 29,Malir,15,5,House,Umaima Bettani,Sumaira Dogar,Verified,Due,Clear,Paid,97900000.0
4108,Sameer Khokhar,DEMO-KPT-4108,House No. DR-734,Street 1,Malir,16,5,House,Sameer Khokhar,Urwa Latif,Pending,Paid,Clear,Paid,95100000.0
5578,Hafiz Rehman,DEMO-KPT-5578,House No. BR-646,Street 3,Malir,16,5,House,Hafiz Rehman,Kaleemullah Bajwa,Pending,Paid,Under Review,Paid,90000000.0
4099,Mahwish Kayani,DEMO-KPT-4099,House No. DR-609,Street 8,Malir,16,5,House,Mahwish Kayani,Hashir Nasar,Pending,Paid,Under Review,Paid,96000000.0
16536,Nida Minhas,DEMO-KPT-16536,House No. CRD-752,Street 8,Malir,16,5,House,Nida Minhas,Mahwish Mengal,Pending,Paid,Under Review,Due,88100000.0
8661,Tanzeela Rafique,DEMO-KPT-8661,House No. RC-437,Street 10,Malir,16,5,House,Tanzeela Rafique,Shahida Durrani,Litigated,Due,Under Review,Due,98200000.0
8596,Saqib Zardari,DEMO-KPT-8596,House No. CD-382,Street 12,Malir,16,5,House,Saqib Zardari,Minahil Jadoon,Litigated,Due,Under Review,Due,89700000.0
14922,Mehreen Abro,DEMO-KPT-14922,House No. BCD-840,Street 12,Malir,16,5,House,Mehreen Abro,Inayat Zaidi,Pending,Paid,Under Review,Due,90300000.0
7110,Noman Niazi,DEMO-KPT-7110,House No. DB-579,Street 13,Malir,16,5,House,Noman Niazi,Shumaila Zafar,Litigated,Due,Clear,Paid,89700000.0
7125,Mukarram Lak,DEMO-KPT-7125,House No. CD-434,Street 13,Malir,16,5,House,Mukarram Lak,Yahya Ghazali,Pending,Paid,Clear,Due,91100000.0
14978,Luqman Mahsud,DEMO-KPT-14978,House No. DCB-395,Street 13,Malir,16,5,House,Luqman Mahsud,Shahzad Aslam,Litigated,Due,Issue Found,Due,93900000.0
16518,Zuha Bashir,DEMO-KPT-16518,House No. BRD-853,Street 14,Malir,16,5,House,Zuha Bashir,Junaid Ali,Verified,Due,Issue Found,Paid,85400000.0
10182,Abeera Peerzada,DEMO-KPT-10182,House No. RR-668,Street 15,Malir,16,5,House,Abeera Peerzada,Aqsa Khattak,Verified,Due,Clear,Paid,96900000.0
16521,Mushtaq Bhat,DEMO-KPT-16521,House No. DRC-343,Street 19,Malir,16,5,House,Mushtaq Bhat,Aamir Chaudhry,Verified,Paid,Clear,Paid,84400000.0
2654,Rafay Raza,DEMO-KPT-2654,House No. B-878,Street 23,Malir,16,5,House,Rafay Raza,Sobia Leghari,Litigated,Paid,Clear,Paid,92100000.0
16559,Irum Hanif,DEMO-KPT-16559,House No. DBC-443,Street 25,Malir,16,5,House,Irum Hanif,Zubair Mian,Verified,Due,Clear,Paid,83500000.0
10141,Bakhtiar Qureshi,DEMO-KPT-10141,House No. DC-699,Street 29,Malir,16,5,House,Bakhtiar Qureshi,Zeeshan Sial,Verified,Due,Issue Found,Paid,84800000.0
10174,Tanzeela Rajput,DEMO-KPT-10174,House No. BR-518,Street 29,Malir,16,5,House,Tanzeela Rajput,Ayesha Zaman,Verified,Due,Clear,Paid,94200000.0
16603,Ayan Mustafa,DEMO-KPT-16603,House No. CRB-843,Street 1,Malir,17,5,House,Ayan Mustafa,Bakht Mazari,Verified,Paid,Issue Found,Due,89800000.0
13523,Mubashra Rizvi,DEMO-KPT-13523,House No. RCD-381,Street 3,Malir,17,5,House,Mubashra Rizvi,Sadaf Junejo,Litigated,Paid,Under Review,Paid,89200000.0
2705,Amal Malik,DEMO-KPT-2705,House No. D-829,Street 4,Malir,17,5,House,Amal Malik,Nadia Magsi,Verified,Paid,Issue Found,Paid,90600000.0
5737,Shayan Lodhi,DEMO-KPT-5737,House No. BR-739,Street 4,Malir,17,5,House,Shayan Lodhi,Qayyum Hayat,Pending,Paid,Clear,Due,83900000.0
13521,Zia Bettani,DEMO-KPT-13521,House No. CBD-831,Street 7,Malir,17,5,House,Zia Bettani,Nuzhat Soomro,Verified,Due,Under Review,Due,87300000.0
5736,Arbaz Usmani,DEMO-KPT-5736,House No. BR-746,Street 8,Malir,17,5,House,Arbaz Usmani,Nasreen Malik,Pending,Paid,Under Review,Due,97100000.0
4161,Yasmeen Daudzai,DEMO-KPT-4161,House No. BD-756,Street 10,Malir,17,5,House,Yasmeen Daudzai,Rehana Nadeem,Litigated,Due,Under Review,Due,83200000.0
14989,Sahil Zafar,DEMO-KPT-14989,House No. DRB-449,Street 10,Malir,17,5,House,Sahil Zafar,Kinza Ghumman,Verified,Paid,Issue Found,Due,83400000.0
13546,Sahrish Yasin,DEMO-KPT-13546,House No. DRB-639,Street 12,Malir,17,5,House,Sahrish Yasin,Mahnaz Bilgrami,Litigated,Due,Under Review,Due,80200000.0
7159,Anmol Yazdani,DEMO-KPT-7159,House No. BD-449,Street 18,Malir,17,5,House,Anmol Yazdani,Tabassum Durrani,Verified,Paid,Under Review,Due,81800000.0
10193,Mashal Zafar,DEMO-KPT-10193,House No. RD-666,Street 18,Malir,17,5,House,Mashal Zafar,Hafsa Lakhani,Litigated,Paid,Clear,Paid,96500000.0
16609,Sehar Kasi,DEMO-KPT-16609,House No. CRB-449,Street 18,Malir,17,5,House,Sehar Kasi,Tanveer Bashir,Verified,Paid,Under Review,Due,80400000.0
5720,Sameer Sipra,DEMO-KPT-5720,House No. DB-566,Street 19,Malir,17,5,House,Sameer Sipra,Hina Ghumman,Verified,Due,Issue Found,Paid,83600000.0
4203,Fauzia Randhawa,DEMO-KPT-4203,House No. CC-397,Street 20,Malir,17,5,House,Fauzia Randhawa,Aleeza Rabbani,Verified,Paid,Issue Found,Due,98400000.0
8672,Syeda Hafeez,DEMO-KPT-8672,House No. DR-898,Street 20,Malir,17,5,House,Syeda Hafeez,Zamzam Kasi,Pending,Paid,Under Review,Due,92400000.0
16670,Kafeel Unar,DEMO-KPT-16670,House No. BRC-547,Street 20,Malir,17,5,House,Kafeel Unar,Haleema Barakzai,Litigated,Paid,Issue Found,Due,96800000.0
11943,Jazib Naqvi,DEMO-KPT-11943,House No. RR-337,Street 21,Malir,17,5,House,Jazib Naqvi,Khurram Wani,Verified,Due,Issue Found,Paid,91100000.0
5739,Rashid Orakzai,DEMO-KPT-5739,House No. DR-426,Street 22,Malir,17,5,House,Rashid Orakzai,Saleha Waheed,Litigated,Paid,Clear,Paid,83400000.0
2670,Hadiqa Waheed,DEMO-KPT-2670,House No. R-540,Street 26,Malir,17,5,House,Hadiqa Waheed,Wania Farooqi,Pending,Due,Under Review,Due,82100000.0
7170,Rashid Saif,DEMO-KPT-7170,House No. BB-604,Street 26,Malir,17,5,House,Rashid Saif,Waheed Janjua,Pending,Due,Under Review,Due,83500000.0
5668,Mahreen Sabri,DEMO-KPT-5668,House No. RD-827,Street 27,Malir,17,5,House,Mahreen Sabri,Iqra Bajwa,Pending,Paid,Issue Found,Paid,96400000.0
10245,Shan Popalzai,DEMO-KPT-10245,House No. DB-498,Street 28,Malir,17,5,House,Shan Popalzai,Mina Cheema,Litigated,Due,Clear,Due,90600000.0
2722,Imad Bukhari,DEMO-KPT-2722,House No. R-827,Street 29,Malir,17,5,House,Imad Bukhari,Aslam Tunio,Litigated,Due,Issue Found,Due,91600000.0
16664,Farheen Mangi,DEMO-KPT-16664,House No. RCB-438,Street 30,Malir,17,5,House,Farheen Mangi,Sahrish Hinjra,Pending,Paid,Clear,Paid,97800000.0
10303,Anas Khattak,DEMO-KPT-10303,House No. DR-739,Street 1,Malir,18,5,House,Anas Khattak,Rehman Rabbani,Verified,Paid,Issue Found,Due,95400000.0
13558,Fareeha Ahmed,DEMO-KPT-13558,House No. RDC-497,Street 1,Malir,18,5,House,Fareeha Ahmed,Ubaid Bangash,Pending,Paid,Clear,Paid,90800000.0
7223,Dua Tanoli,DEMO-KPT-7223,House No. DC-879,Street 3,Malir,18,5,House,Dua Tanoli,Zakir Afridi,Litigated,Paid,Under Review,Paid,95900000.0
15028,Yahya Hayat,DEMO-KPT-15028,House No. BDR-861,Street 3,Malir,18,5,House,Yahya Hayat,Adeel Gakhar,Pending,Paid,Under Review,Paid,84600000.0
11989,Maira Mirza,DEMO-KPT-11989,House No. DD-876,Street 4,Malir,18,5,House,Maira Mirza,Farzana Ahmed,Verified,Due,Issue Found,Paid,91600000.0
15071,Farah Rafique,DEMO-KPT-15071,House No. RCB-665,Street 5,Malir,18,5,House,Farah Rafique,Lubna Bhittani,Pending,Paid,Issue Found,Paid,93000000.0
7224,Tahseen Dayo,DEMO-KPT-7224,House No. CD-558,Street 6,Malir,18,5,House,Tahseen Dayo,Nizam Bhurgri,Pending,Paid,Under Review,Paid,90800000.0
10342,Mansha Yousafzai,DEMO-KPT-10342,House No. BC-700,Street 7,Malir,18,5,House,Mansha Yousafzai,Rukhsana Mughal,Verified,Paid,Clear,Paid,94100000.0
5797,Hoorain Mahesar,DEMO-KPT-5797,House No. BR-332,Street 8,Malir,18,5,House,Hoorain Mahesar,Zoya Yasin,Litigated,Paid,Clear,Paid,91500000.0
7266,Najma Panezai,DEMO-KPT-7266,House No. RC-765,Street 8,Malir,18,5,House,Najma Panezai,Iqra Minhas,Pending,Due,Clear,Due,89800000.0
16699,Kamil Kiani,DEMO-KPT-16699,House No. BDC-794,Street 8,Malir,18,5,House,Kamil Kiani,Faizan Lak,Pending,Paid,Under Review,Paid,89000000.0
13611,Hashim Mari,DEMO-KPT-13611,House No. DCR-407,Street 10,Malir,18,5,House,Hashim Mari,Dilshad Warraich,Litigated,Due,Under Review,Due,85700000.0
8805,Ahtisham Talpur,DEMO-KPT-8805,House No. DC-809,Street 13,Malir,18,5,House,Ahtisham Talpur,Ayub Khosa,Litigated,Due,Under Review,Paid,84700000.0
2779,Ghazala Sipra,DEMO-KPT-2779,House No. B-459,Street 14,Malir,18,5,House,Ghazala Sipra,Dua Parvez,Verified,Due,Issue Found,Paid,90800000.0
13579,Asra Naqvi,DEMO-KPT-13579,House No. RCD-758,Street 14,Malir,18,5,House,Asra Naqvi,Emaad Abro,Verified,Due,Issue Found,Paid,95400000.0
8779,Afshan Malik,DEMO-KPT-8779,House No. CB-845,Street 15,Malir,18,5,House,Afshan Malik,Feryal Panezai,Pending,Paid,Under Review,Due,80100000.0
2755,Ijaz Mengal,DEMO-KPT-2755,House No. R-801,Street 16,Malir,18,5,House,Ijaz Mengal,Sarmad Mirani,Pending,Paid,Under Review,Paid,94700000.0
2783,Isha Yazdani,DEMO-KPT-2783,House No. R-315,Street 18,Malir,18,5,House,Isha Yazdani,Riaz Farooqi,Litigated,Due,Issue Found,Paid,92700000.0
2796,Masood Qazi,DEMO-KPT-2796,House No. R-895,Street 23,Malir,18,5,House,Masood Qazi,Samra Kharal,Litigated,Due,Issue Found,Due,98700000.0
12045,Hina Mughal,DEMO-KPT-12045,House No. DR-378,Street 28,Malir,18,5,House,Hina Mughal,Jibran Akhtar,Litigated,Due,Clear,Due,86000000.0
11974,Hafiz Nadeem,DEMO-KPT-11974,House No. CD-580,Street 29,Malir,18,5,House,Hafiz Nadeem,Naureen Javed,Verified,Due,Clear,Paid,98200000.0
15037,Hafeez Mughal,DEMO-KPT-15037,House No. BCD-703,Street 29,Malir,18,5,House,Hafeez Mughal,Shama Kayani,Pending,Due,Clear,Paid,92800000.0
7214,Inam Awan,DEMO-KPT-7214,House No. BR-767,Street 30,Malir,18,5,House,Inam Awan,Shaheer Ghazali,Pending,Paid,Clear,Paid,86800000.0
12103,Asifa Jamali,DEMO-KPT-12103,House No. CC-838,Street 1,Malir,19,5,House,Asifa Jamali,Nashra Rabbani,Verified,Paid,Issue Found,Due,90500000.0
15139,Saima Aslam,DEMO-KPT-15139,House No. RBC-483,Street 4,Malir,19,5,House,Saima Aslam,Feryal Lari,Verified,Due,Issue Found,Paid,93900000.0
10399,Sania Marri,DEMO-KPT-10399,House No. CC-741,Street 8,Malir,19,5,House,Sania Marri,Mahira Mehmood,Pending,Paid,Under Review,Paid,94700000.0
10495,Tahir Shinwari,DEMO-KPT-10495,House No. RD-688,Street 8,Malir,19,5,House,Tahir Shinwari,Muneeb Shafi,Verified,Paid,Under Review,Paid,89300000.0
2811,Aqsa Gondal,DEMO-KPT-2811,House No. C-619,Street 10,Malir,19,5,House,Aqsa Gondal,Alizeh Buriro,Litigated,Due,Under Review,Due,80800000.0
10478,Shahida Pasha,DEMO-KPT-10478,House No. BC-681,Street 13,Malir,19,5,House,Shahida Pasha,Talha Gandapur,Litigated,Due,Issue Found,Due,80900000.0
13628,Arslan Bilgrami,DEMO-KPT-13628,House No. BDC-519,Street 13,Malir,19,5,House,Arslan Bilgrami,Awais Sabri,Litigated,Due,Issue Found,Due,94500000.0
8868,Sabika Qureshi,DEMO-KPT-8868,House No. CR-488,Street 14,Malir,19,5,House,Sabika Qureshi,Qudrat Toor,Verified,Due,Issue Found,Paid,92300000.0
5905,Waqas Butt,DEMO-KPT-5905,House No. RB-335,Street 16,Malir,19,5,House,Waqas Butt,Momina Rizvi,Pending,Paid,Under Review,Paid,98000000.0
10403,Sabahat Mughal,DEMO-KPT-10403,House No. RC-346,Street 18,Malir,19,5,House,Sabahat Mughal,Idrees Qureshi,Litigated,Paid,Clear,Paid,89400000.0
10503,Wania Javed,DEMO-KPT-10503,House No. BB-519,Street 20,Malir,19,5,House,Wania Javed,Uroosa Dayo,Verified,Paid,Issue Found,Due,82800000.0
13637,Anmol Chattha,DEMO-KPT-13637,House No. BDC-432,Street 21,Malir,19,5,House,Anmol Chattha,Unaiza Pirzada,Litigated,Due,Clear,Paid,94800000.0
5898,Shaista Yousaf,DEMO-KPT-5898,House No. CB-555,Street 23,Malir,19,5,House,Shaista Yousaf,Yawar Gandapur,Verified,Due,Clear,Paid,92300000.0
5946,Salma Khan,DEMO-KPT-5946,House No. DR-839,Street 23,Malir,19,5,House,Salma Khan,Shumaila Nasar,Litigated,Due,Issue Found,Due,97600000.0
16846,Muzammil Turk,DEMO-KPT-16846,House No. DRC-303,Street 23,Malir,19,5,House,Muzammil Turk,Kinza Kharal,Pending,Paid,Issue Found,Due,82000000.0
8909,Nadia Bhittani,DEMO-KPT-8909,House No. CD-854,Street 25,Malir,19,5,House,Nadia Bhittani,Tehmina Kharal,Verified,Due,Clear,Paid,83600000.0
10455,Tahreem Gondal,DEMO-KPT-10455,House No. RR-636,Street 26,Malir,19,5,House,Tahreem Gondal,Hanif Lakhani,Pending,Paid,Issue Found,Paid,98600000.0
15118,Zaib Bashir,DEMO-KPT-15118,House No. RBC-654,Street 27,Malir,19,5,House,Zaib Bashir,Haseeb Raza,Pending,Paid,Issue Found,Paid,98700000.0
4395,Rohail Lak,DEMO-KPT-4395,House No. RR-562,Street 28,Malir,19,5,House,Rohail Lak,Abdullah Aslam,Litigated,Due,Clear,Due,93400000.0
13687,Maira Saif,DEMO-KPT-13687,House No. BDR-729,Street 29,Malir,19,5,House,Maira Saif,Sahil Riaz,Pending,Due,Clear,Paid,99200000.0
8979,Tahmina Magsi,DEMO-KPT-8979,House No. BB-493,Street 1,Malir,20,5,House,Tahmina Magsi,Athar Rehman,Pending,Due,Issue Found,Paid,99900000.0
2878,Mehmood Dogar,DEMO-KPT-2878,House No. B-642,Street 3,Malir,20,5,House,Mehmood Dogar,Nawaz Gabol,Pending,Paid,Under Review,Paid,87100000.0
4447,Nauman Mohammadzai,DEMO-KPT-4447,House No. DD-769,Street 8,Malir,20,5,House,Nauman Mohammadzai,Kashaf Qureshi,Litigated,Paid,Clear,Paid,91900000.0
5995,Muneeba Ghumman,DEMO-KPT-5995,House No. RR-464,Street 8,Malir,20,5,House,Muneeba Ghumman,Fahad Zaman,Verified,Paid,Under Review,Paid,93200000.0
8978,Tanveer Shakir,DEMO-KPT-8978,House No. BB-728,Street 9,Malir,20,5,House,Tanveer Shakir,Akram Dahri,Litigated,Due,Issue Found,Paid,82000000.0
10521,Marwa Riaz,DEMO-KPT-10521,House No. DD-548,Street 9,Malir,20,5,House,Marwa Riaz,Arfa Kamboh,Litigated,Paid,Under Review,Due,93300000.0
15173,Aamir Mazari,DEMO-KPT-15173,House No. BRD-481,Street 10,Malir,20,5,House,Aamir Mazari,Hussam Jogezai,Litigated,Due,Under Review,Paid,95600000.0
12196,Shaista Ghani,DEMO-KPT-12196,House No. CB-532,Street 12,Malir,20,5,House,Shaista Ghani,Najma Dar,Litigated,Due,Under Review,Due,82200000.0
12207,Zakariya Zia,DEMO-KPT-12207,House No. DC-387,Street 12,Malir,20,5,House,Zakariya Zia,Areeba Mari,Verified,Due,Clear,Paid,86200000.0
4410,Humaira Shakeel,DEMO-KPT-4410,House No. BR-883,Street 13,Malir,20,5,House,Humaira Shakeel,Saima Bugti,Litigated,Due,Clear,Paid,92000000.0
5983,Iram Orakzai,DEMO-KPT-5983,House No. RC-474,Street 22,Malir,20,5,House,Iram Orakzai,Farheen Zubair,Litigated,Paid,Issue Found,Due,96100000.0
15220,Shazia Magsi,DEMO-KPT-15220,House No. CBR-453,Street 22,Malir,20,5,House,Shazia Magsi,Fakhar Saeed,Pending,Paid,Issue Found,Due,98900000.0
4449,Akram Samo,DEMO-KPT-4449,House No. CB-887,Street 24,Malir,20,5,House,Akram Samo,Naila Hashmi,Pending,Paid,Issue Found,Paid,96900000.0
7407,Malaika Minhas,DEMO-KPT-7407,House No. DB-530,Street 25,Malir,20,5,House,Malaika Minhas,Rehana Hussain,Verified,Due,Under Review,Paid,97100000.0
8997,Zunair Tanoli,DEMO-KPT-8997,House No. RD-589,Street 25,Malir,20,5,House,Zunair Tanoli,Nafisa Ghauri,Litigated,Paid,Clear,Paid,81900000.0
4470,Sania Khosa,DEMO-KPT-4470,House No. DB-360,Street 26,Malir,20,5,House,Sania Khosa,Aleena Hashmi,Pending,Due,Under Review,Due,97500000.0
14900,Owais Dar,DEMO-KPT-14900,House No. BDC-345,Street 1,Model Town,1,5,House,Owais Dar,Afzal Rehman,Pending,Paid,Issue Found,Due,94800000.0
8389,Eman Gill,DEMO-KPT-8389,House No. DC-439,Street 4,Model Town,1,5,House,Eman Gill,Arham Rabbani,Verified,Due,Issue Found,Paid,81400000.0
11471,Mudassar Lakhani,DEMO-KPT-11471,House No. DC-890,Street 5,Model Town,1,5,House,Mudassar Lakhani,Marium Hameed,Pending,Paid,Issue Found,Paid,83700000.0
1028,Maham Mirza,DEMO-KPT-1028,House No. A-998,Street 13,Model Town,1,5,House,Maham Mirza,Maham Farooq,Litigated,Due,Issue Found,Due,88100000.0
1467,Nasreen Bajwa,DEMO-KPT-1467,House No. C-894,Street 14,Model Town,1,5,House,Nasreen Bajwa,Shahid Mustafa,Litigated,Due,Clear,Due,91800000.0
11532,Zaib Mian,DEMO-KPT-11532,House No. BD-617,Street 15,Model Town,1,5,House,Zaib Mian,Kaif Yazdani,Verified,Due,Clear,Paid,97700000.0
11565,Sobia Shafi,DEMO-KPT-11565,House No. RD-405,Street 15,Model Town,1,5,House,Sobia Shafi,Afreen Rajper,Verified,Due,Clear,Paid,83400000.0
5182,Sonia Hinjra,DEMO-KPT-5182,House No. CD-763,Street 17,Model Town,1,5,House,Sonia Hinjra,Sehrish Kayani,Litigated,Due,Issue Found,Due,89100000.0
11543,Zulfiqar Minhas,DEMO-KPT-11543,House No. BD-737,Street 18,Model Town,1,5,House,Zulfiqar Minhas,Iqra Palijo,Litigated,Paid,Clear,Paid,84100000.0
1053,Usman Mirza,DEMO-KPT-1053,House No. A-630,Street 20,Model Town,1,5,House,Usman Mirza,Waleed Qureshi,Verified,Paid,Issue Found,Due,81300000.0
5111,Asifa Khokhar,DEMO-KPT-5111,House No. BR-514,Street 22,Model Town,1,5,House,Asifa Khokhar,Munib Hussain,Pending,Due,Clear,Paid,86900000.0
8341,Jamila Tareen,DEMO-KPT-8341,House No. DD-533,Street 29,Model Town,1,5,House,Jamila Tareen,Sagheer Pasha,Verified,Due,Issue Found,Paid,89200000.0
14864,Kashif Rajput,DEMO-KPT-14864,House No. RDC-878,Street 30,Model Town,1,5,House,Kashif Rajput,Farheen Bhutto,Pending,Paid,Clear,Paid,90700000.0
11608,Isha Rabbani,DEMO-KPT-11608,House No. BR-877,Street 2,Model Town,2,5,House,Isha Rabbani,Maimoona Ghani,Pending,Due,Under Review,Paid,96200000.0
1609,Ghulam Dahri,DEMO-KPT-1609,House No. R-608,Street 3,Model Town,2,5,House,Ghulam Dahri,Farooq Jamal,Litigated,Due,Clear,Due,89100000.0
15109,Ayesha Janjua,DEMO-KPT-15109,House No. DCB-770,Street 3,Model Town,2,5,House,Ayesha Janjua,Wajiha Mengal,Litigated,Due,Clear,Due,81200000.0
8542,Sarmad Swati,DEMO-KPT-8542,House No. DC-721,Street 7,Model Town,2,5,House,Sarmad Swati,Arooj Popalzai,Verified,Paid,Clear,Paid,87400000.0
11692,Ijaz Mahesar,DEMO-KPT-11692,House No. BB-676,Street 7,Model Town,2,5,House,Ijaz Mahesar,Farzana Panezai,Verified,Paid,Clear,Paid,87400000.0
11757,Abid Panezai,DEMO-KPT-11757,House No. CB-362,Street 12,Model Town,2,5,House,Abid Panezai,Khizar Orakzai,Verified,Due,Clear,Paid,93500000.0
1088,Ayesha Siddiqui,DEMO-KPT-1088,House No. A-277,Street 13,Model Town,2,5,House,Ayesha Siddiqui,Saad Raza,Pending,Paid,Clear,Paid,96300000.0
15168,Haziq Rabbani,DEMO-KPT-15168,House No. RBC-508,Street 14,Model Town,2,5,House,Haziq Rabbani,Bushra Ahmed,Verified,Due,Issue Found,Paid,81900000.0
15079,Mansha Korai,DEMO-KPT-15079,House No. CRB-714,Street 15,Model Town,2,5,House,Mansha Korai,Mushtaq Butt,Pending,Paid,Under Review,Due,93100000.0
5361,Bilal Kamal,DEMO-KPT-5361,House No. RB-701,Street 16,Model Town,2,5,House,Bilal Kamal,Kamran Jafri,Verified,Paid,Clear,Due,84900000.0
15143,Zahra Javed,DEMO-KPT-15143,House No. RBD-592,Street 18,Model Town,2,5,House,Zahra Javed,Rubab Lughmani,Litigated,Paid,Clear,Paid,99600000.0
1670,Akif Mangi,DEMO-KPT-1670,House No. D-335,Street 19,Model Town,2,5,House,Akif Mangi,Bushra Shah,Verified,Due,Issue Found,Paid,96000000.0
1656,Aneela Raza,DEMO-KPT-1656,House No. B-649,Street 22,Model Town,2,5,House,Aneela Raza,Noman Tareen,Litigated,Paid,Issue Found,Due,84600000.0
1689,Owais Rana,DEMO-KPT-1689,House No. C-816,Street 22,Model Town,2,5,House,Owais Rana,Mudassar Kazmi,Litigated,Paid,Clear,Paid,99500000.0
11589,Arslan Butt,DEMO-KPT-11589,House No. CR-709,Street 22,Model Town,2,5,House,Arslan Butt,Arham Bukhari,Litigated,Paid,Clear,Paid,82400000.0
14983,Noor Khokhar,DEMO-KPT-14983,House No. DCR-493,Street 22,Model Town,2,5,House,Noor Khokhar,Sahar Shakir,Litigated,Paid,Issue Found,Due,95300000.0
1709,Khizar Wani,DEMO-KPT-1709,House No. R-575,Street 25,Model Town,2,5,House,Khizar Wani,Minahil Rizvi,Verified,Due,Clear,Paid,99200000.0
1118,Anaya Butt,DEMO-KPT-1118,House No. A-713,Street 27,Model Town,2,5,House,Anaya Butt,Maham Malik,Pending,Due,Under Review,Due,84200000.0
1624,Rahila Saleem,DEMO-KPT-1624,House No. R-525,Street 29,Model Town,2,5,House,Rahila Saleem,Lina Janjua,Verified,Due,Clear,Paid,93900000.0
1779,Zara Unar,DEMO-KPT-1779,House No. D-461,Street 1,Model Town,3,5,House,Zara Unar,Sara Dawood,Pending,Due,Issue Found,Paid,88200000.0
15288,Sumbal Alvi,DEMO-KPT-15288,House No. BRC-456,Street 5,Model Town,3,5,House,Sumbal Alvi,Bilawal Chattha,Litigated,Due,Clear,Paid,88000000.0
1824,Balaj Mohmand,DEMO-KPT-1824,House No. B-425,Street 6,Model Town,3,5,House,Balaj Mohmand,Mohib Rafique,Pending,Paid,Under Review,Paid,97500000.0
15186,Hafiz Tunio,DEMO-KPT-15186,House No. RBC-405,Street 8,Model Town,3,5,House,Hafiz Tunio,Waqas Sultan,Pending,Paid,Under Review,Due,87700000.0
5378,Arisha Javed,DEMO-KPT-5378,House No. RD-783,Street 9,Model Town,3,5,House,Arisha Javed,Saeed Baloch,Litigated,Due,Issue Found,Paid,86900000.0
8667,Sabika Rashid,DEMO-KPT-8667,House No. RB-353,Street 14,Model Town,3,5,House,Sabika Rashid,Amber Bijarani,Litigated,Due,Clear,Due,97500000.0
1761,Faizan Riaz,DEMO-KPT-1761,House No. R-568,Street 16,Model Town,3,5,House,Faizan Riaz,Shafiq Saeed,Verified,Paid,Clear,Due,97800000.0
1193,Ahsan Naeem,DEMO-KPT-1193,House No. A-496,Street 18,Model Town,3,5,House,Ahsan Naeem,Fahad Haider,Litigated,Paid,Clear,Paid,97600000.0
8703,Faizan Chaudhry,DEMO-KPT-8703,House No. CR-855,Street 20,Model Town,3,5,House,Faizan Chaudhry,Saeed Waheed,Verified,Paid,Issue Found,Due,89200000.0
1168,Saad Khan,DEMO-KPT-1168,House No. A-231,Street 27,Model Town,3,5,House,Saad Khan,Imran Iqbal,Pending,Paid,Issue Found,Paid,82400000.0
8798,Sumbal Hussain,DEMO-KPT-8798,House No. CR-357,Street 7,Model Town,4,5,House,Sumbal Hussain,Gohar Rajput,Litigated,Due,Issue Found,Due,93600000.0
5571,Aslam Kakar,DEMO-KPT-5571,House No. CR-677,Street 9,Model Town,4,5,House,Aslam Kakar,Zahra Korai,Litigated,Paid,Under Review,Due,94800000.0
2057,Mubashir Panezai,DEMO-KPT-2057,House No. R-664,Street 12,Model Town,4,5,House,Mubashir Panezai,Nigar Rizvi,Pending,Due,Under Review,Paid,89000000.0
5481,Naila Sheikh,DEMO-KPT-5481,House No. DB-621,Street 13,Model Town,4,5,House,Naila Sheikh,Rabia Khan,Pending,Due,Under Review,Paid,83600000.0
1218,Zara Iqbal,DEMO-KPT-1218,House No. A-812,Street 14,Model Town,4,5,House,Zara Iqbal,Sadia Haider,Verified,Due,Issue Found,Paid,80300000.0
12205,Benazir Tareen,DEMO-KPT-12205,House No. DB-452,Street 16,Model Town,4,5,House,Benazir Tareen,Sahil Sardar,Pending,Paid,Under Review,Paid,83500000.0
12203,Afzal Gilani,DEMO-KPT-12203,House No. DR-807,Street 18,Model Town,4,5,House,Afzal Gilani,Shahzadi Jaffri,Litigated,Paid,Clear,Paid,93200000.0
8793,Samina Lari,DEMO-KPT-8793,House No. RC-881,Street 21,Model Town,4,5,House,Samina Lari,Maham Peerzada,Verified,Due,Issue Found,Paid,87200000.0
15437,Ibrahim Mirani,DEMO-KPT-15437,House No. BDR-856,Street 21,Model Town,4,5,House,Ibrahim Mirani,Adnan Kidwai,Litigated,Due,Clear,Paid,89500000.0
12104,Huma Shafiq,DEMO-KPT-12104,House No. RC-358,Street 23,Model Town,4,5,House,Huma Shafiq,Khawar Sindhi,Litigated,Paid,Clear,Paid,99900000.0
15396,Fatima Dreshak,DEMO-KPT-15396,House No. CRB-466,Street 23,Model Town,4,5,House,Fatima Dreshak,Maaz Sial,Litigated,Due,Issue Found,Due,92400000.0
12099,Mahreen Talpur,DEMO-KPT-12099,House No. CR-670,Street 24,Model Town,4,5,House,Mahreen Talpur,Sahil Shafi,Pending,Paid,Issue Found,Paid,90500000.0
8757,Shahzad Bugti,DEMO-KPT-8757,House No. CD-480,Street 25,Model Town,4,5,House,Shahzad Bugti,Tanzeela Kakar,Verified,Due,Under Review,Paid,88700000.0
1245,Hira Ahmed,DEMO-KPT-1245,House No. A-96,Street 28,Model Town,4,5,House,Hira Ahmed,Adnan Javed,Litigated,Due,Clear,Due,84100000.0
1258,Waleed Javed,DEMO-KPT-1258,House No. A-716,Street 2,Model Town,5,5,House,Waleed Javed,Imran Tariq,Pending,Due,Under Review,Paid,82600000.0
5659,Farrukh Mirani,DEMO-KPT-5659,House No. DD-897,Street 3,Model Town,5,5,House,Farrukh Mirani,Rubab Kiani,Litigated,Due,Clear,Due,85500000.0
12328,Hira Majeed,DEMO-KPT-12328,House No. BD-442,Street 3,Model Town,5,5,House,Hira Majeed,Daniyal Niazi,Pending,Paid,Under Review,Paid,83900000.0
15559,Fawad Jadoon,DEMO-KPT-15559,House No. CRD-683,Street 3,Model Town,5,5,House,Fawad Jadoon,Sahrish Palijo,Litigated,Due,Clear,Due,92800000.0
12295,Azka Talpur,DEMO-KPT-12295,House No. BC-724,Street 8,Model Town,5,5,House,Azka Talpur,Iqbal Kidwai,Verified,Paid,Under Review,Paid,85600000.0
1260,Iqra Butt,DEMO-KPT-1260,House No. A-597,Street 13,Model Town,5,5,House,Iqra Butt,Arsalan Javed,Litigated,Due,Clear,Paid,84800000.0
15488,Sania Baig,DEMO-KPT-15488,House No. CDR-656,Street 13,Model Town,5,5,House,Sania Baig,Laila Latif,Pending,Paid,Clear,Paid,94300000.0
5617,Feryal Usmani,DEMO-KPT-5617,House No. BC-387,Street 16,Model Town,5,5,House,Feryal Usmani,Kaif Umer,Verified,Paid,Under Review,Paid,95700000.0
8843,Ubaid Mirza,DEMO-KPT-8843,House No. DR-733,Street 18,Model Town,5,5,House,Ubaid Mirza,Ifrah Ghani,Litigated,Paid,Clear,Paid,97600000.0
2177,Nargis Palijo,DEMO-KPT-2177,House No. R-626,Street 19,Model Town,5,5,House,Nargis Palijo,Sidra Lari,Pending,Due,Issue Found,Paid,93400000.0
8858,Saima Jamali,DEMO-KPT-8858,House No. CR-607,Street 19,Model Town,5,5,House,Saima Jamali,Salahuddin Mirza,Verified,Paid,Under Review,Due,93600000.0
5643,Yousaf Leghari,DEMO-KPT-5643,House No. BC-676,Street 21,Model Town,5,5,House,Yousaf Leghari,Inshal Sheikh,Verified,Due,Issue Found,Paid,98200000.0
15522,Mehboob Mirani,DEMO-KPT-15522,House No. BCD-463,Street 23,Model Town,5,5,House,Mehboob Mirani,Daniyal Bashir,Litigated,Due,Under Review,Due,94100000.0
1265,Maham Raza,DEMO-KPT-1265,House No. A-392,Street 24,Model Town,5,5,House,Maham Raza,Hassan Noor,Litigated,Due,Issue Found,Paid,97900000.0
8879,Faizan Tareen,DEMO-KPT-8879,House No. RR-494,Street 27,Model Town,5,5,House,Faizan Tareen,Mariam Kharal,Pending,Due,Issue Found,Paid,99300000.0
15518,Zawar Dahri,DEMO-KPT-15518,House No. CDB-769,Street 27,Model Town,5,5,House,Zawar Dahri,Anwar Bangash,Pending,Due,Under Review,Due,82900000.0
8824,Mehmood Zahid,DEMO-KPT-8824,House No. BR-522,Street 29,Model Town,5,5,House,Mehmood Zahid,Lamia Laghari,Verified,Due,Clear,Paid,90600000.0
12337,Shees Naqvi,DEMO-KPT-12337,House No. DD-883,Street 29,Model Town,5,5,House,Shees Naqvi,Amir Mian,Pending,Due,Clear,Paid,91700000.0
15703,Zohra Nasar,DEMO-KPT-15703,House No. BCD-611,Street 1,Model Town,6,5,House,Zohra Nasar,Rimsha Mansoor,Verified,Paid,Issue Found,Due,81900000.0
12508,Hamid Qadri,DEMO-KPT-12508,House No. CD-307,Street 2,Model Town,6,5,House,Hamid Qadri,Sabika Qazi,Pending,Due,Under Review,Paid,82900000.0
5689,Kashif Leghari,DEMO-KPT-5689,House No. BC-438,Street 4,Model Town,6,5,House,Kashif Leghari,Laraib Anwar,Verified,Due,Issue Found,Paid,83300000.0
15742,Sarfraz Jadoon,DEMO-KPT-15742,House No. DCB-799,Street 7,Model Town,6,5,House,Sarfraz Jadoon,Fozia Peerzada,Verified,Paid,Clear,Paid,80400000.0
9049,Affan Anwar,DEMO-KPT-9049,House No. RR-679,Street 8,Model Town,6,5,House,Affan Anwar,Jabbar Mahesar,Pending,Paid,Under Review,Paid,92200000.0
5757,Qamar Daudzai,DEMO-KPT-5757,House No. CC-597,Street 9,Model Town,6,5,House,Qamar Daudzai,Daniyal Kharal,Litigated,Paid,Clear,Paid,88900000.0
2307,Azeem Ghumman,DEMO-KPT-2307,House No. B-665,Street 12,Model Town,6,5,House,Azeem Ghumman,Yasir Mahesar,Verified,Due,Clear,Paid,87900000.0
2303,Madiha Khosa,DEMO-KPT-2303,House No. D-700,Street 18,Model Town,6,5,House,Madiha Khosa,Feryal Bilgrami,Litigated,Paid,Clear,Paid,97600000.0
15677,Parveen Panezai,DEMO-KPT-15677,House No. RCB-811,Street 19,Model Town,6,5,House,Parveen Panezai,Husna Noor,Pending,Due,Issue Found,Paid,89200000.0
8937,Sumbal Khattak,DEMO-KPT-8937,House No. RD-610,Street 20,Model Town,6,5,House,Sumbal Khattak,Aqsa Mirani,Litigated,Paid,Under Review,Due,83500000.0
9137,Saba Kayani,DEMO-KPT-9137,House No. CB-743,Street 21,Model Town,6,5,House,Saba Kayani,Sheeba Ghauri,Litigated,Due,Clear,Paid,91300000.0
5706,Ghulam Mohmand,DEMO-KPT-5706,House No. DB-346,Street 22,Model Town,6,5,House,Ghulam Mohmand,Saleem Gakhar,Litigated,Paid,Issue Found,Due,95200000.0
15670,Nuzhat Dahri,DEMO-KPT-15670,House No. CRD-883,Street 22,Model Town,6,5,House,Nuzhat Dahri,Shees Pirzada,Pending,Paid,Issue Found,Due,93300000.0
9048,Sajid Sandhu,DEMO-KPT-9048,House No. RR-373,Street 23,Model Town,6,5,House,Sajid Sandhu,Rayyan Durrani,Verified,Due,Clear,Paid,99500000.0
15747,Rubina Ghani,DEMO-KPT-15747,House No. RDB-339,Street 25,Model Town,6,5,House,Rubina Ghani,Iftikhar Pasha,Litigated,Paid,Clear,Paid,88700000.0
15645,Nigar Khokhar,DEMO-KPT-15645,House No. CBR-588,Street 28,Model Town,6,5,House,Nigar Khokhar,Khawar Bhurgri,Litigated,Due,Clear,Due,84400000.0
1305,Hussain Aslam,DEMO-KPT-1305,House No. A-891,Street 30,Model Town,6,5,House,Hussain Aslam,Ahmed Raza,Verified,Due,Under Review,Paid,98100000.0
2679,Bilawal Bhittani,DEMO-KPT-2679,House No. C-608,Street 1,Model Town,7,5,House,Bilawal Bhittani,Javaria Zardari,Pending,Due,Issue Found,Paid,87700000.0
9305,Warda Qadri,DEMO-KPT-9305,House No. DR-792,Street 1,Model Town,7,5,House,Warda Qadri,Nihal Buriro,Litigated,Due,Under Review,Paid,80700000.0
5842,Sabeen Saleem,DEMO-KPT-5842,House No. CD-452,Street 7,Model Town,7,5,House,Sabeen Saleem,Tahira Buriro,Verified,Paid,Clear,Paid,99000000.0
2505,Nasreen Lari,DEMO-KPT-2505,House No. C-514,Street 13,Model Town,7,5,House,Nasreen Lari,Kaleemullah Memon,Litigated,Due,Under Review,Paid,83000000.0
5775,Nouman Mahar,DEMO-KPT-5775,House No. RB-471,Street 13,Model Town,7,5,House,Nouman Mahar,Mina Iqbal,Pending,Paid,Clear,Due,85600000.0
15829,Nasir Ghazali,DEMO-KPT-15829,House No. RCB-548,Street 14,Model Town,7,5,House,Nasir Ghazali,Nargis Jadoon,Verified,Due,Issue Found,Paid,83200000.0
5811,Iffat Naqvi,DEMO-KPT-5811,House No. RR-564,Street 16,Model Town,7,5,House,Iffat Naqvi,Tasneem Chaudhry,Verified,Paid,Clear,Due,97700000.0
9206,Warda Hameed,DEMO-KPT-9206,House No. RC-373,Street 19,Model Town,7,5,House,Warda Hameed,Rahila Wattoo,Litigated,Paid,Issue Found,Due,83600000.0
1370,Bilal Tariq,DEMO-KPT-1370,House No. A-386,Street 20,Model Town,7,5,House,Bilal Tariq,Alina Malik,Litigated,Paid,Issue Found,Due,97600000.0
12537,Maryum Siddiqui,DEMO-KPT-12537,House No. CR-644,Street 20,Model Town,7,5,House,Maryum Siddiqui,Yawar Tarar,Litigated,Paid,Under Review,Due,85800000.0
15946,Ashfaq Samo,DEMO-KPT-15946,House No. DCB-491,Street 23,Model Town,7,5,House,Ashfaq Samo,Eman Dar,Pending,Paid,Issue Found,Due,87800000.0
2688,Mukhtar Bukhari,DEMO-KPT-2688,House No. R-508,Street 5,Model Town,8,5,House,Mukhtar Bukhari,Saad Baig,Litigated,Due,Clear,Paid,83200000.0
9474,Sultan Dahri,DEMO-KPT-9474,House No. CD-500,Street 6,Model Town,8,5,House,Sultan Dahri,Abbas Tariq,Pending,Paid,Under Review,Paid,85300000.0
9431,Aziz Lughmani,DEMO-KPT-9431,House No. CD-637,Street 8,Model Town,8,5,House,Aziz Lughmani,Rukhsana Mahesar,Pending,Due,Clear,Paid,83300000.0
6173,Taimoor Mirza,DEMO-KPT-6173,House No. RD-729,Street 10,Model Town,8,5,House,Taimoor Mirza,Raza Bhutto,Litigated,Due,Under Review,Paid,82000000.0
2746,Shahzad Mangi,DEMO-KPT-2746,House No. B-775,Street 12,Model Town,8,5,House,Shahzad Mangi,Sahrish Javed,Litigated,Due,Under Review,Due,90800000.0
6107,Benazir Gill,DEMO-KPT-6107,House No. BD-830,Street 12,Model Town,8,5,House,Benazir Gill,Kanwal Shah,Pending,Due,Under Review,Paid,97600000.0
1403,Danish Raza,DEMO-KPT-1403,House No. A-535,Street 18,Model Town,8,5,House,Danish Raza,Alina Aslam,Litigated,Paid,Clear,Paid,99500000.0
12753,Zaynab Wani,DEMO-KPT-12753,House No. DR-517,Street 20,Model Town,8,5,House,Zaynab Wani,Palwasha Alvi,Verified,Paid,Issue Found,Due,100000000.0
15991,Anam Akhtar,DEMO-KPT-15991,House No. DRC-877,Street 29,Model Town,8,5,House,Anam Akhtar,Kaleemullah Farooqi,Verified,Due,Issue Found,Paid,82800000.0
9464,Mahwish Janjua,DEMO-KPT-9464,House No. CD-733,Street 30,Model Town,8,5,House,Mahwish Janjua,Kaneez Samo,Pending,Paid,Clear,Paid,81900000.0
9500,Ruqayya Lone,DEMO-KPT-9500,House No. CC-794,Street 1,Model Town,9,5,House,Ruqayya Lone,Aryan Tanvir,Pending,Paid,Issue Found,Due,80400000.0
12848,Abdullah Unar,DEMO-KPT-12848,House No. RC-897,Street 7,Model Town,9,5,House,Abdullah Unar,Bashir Zardari,Litigated,Due,Issue Found,Due,99800000.0
9531,Rehmat Shah,DEMO-KPT-9531,House No. DB-366,Street 13,Model Town,9,5,House,Rehmat Shah,Mahreen Imran,Pending,Due,Under Review,Paid,92300000.0
9567,Momina Latif,DEMO-KPT-9567,House No. DR-467,Street 14,Model Town,9,5,House,Momina Latif,Laiba Yaqoob,Litigated,Due,Clear,Due,99300000.0
2906,Dania Baig,DEMO-KPT-2906,House No. B-796,Street 19,Model Town,9,5,House,Dania Baig,Shazia Shinwari,Litigated,Paid,Issue Found,Due,91000000.0
12970,Danish Lashari,DEMO-KPT-12970,House No. DR-623,Street 22,Model Town,9,5,House,Danish Lashari,Farah Nawaz,Pending,Paid,Issue Found,Due,81000000.0
16154,Iffat Abbasi,DEMO-KPT-16154,House No. BRC-343,Street 23,Model Town,9,5,House,Iffat Abbasi,Akif Zaman,Litigated,Paid,Clear,Paid,85000000.0
16170,Shahzad Janjua,DEMO-KPT-16170,House No. RDC-611,Street 26,Model Town,9,5,House,Shahzad Janjua,Shahab Kalhoro,Pending,Due,Under Review,Due,82700000.0
2968,Arooj Marwat,DEMO-KPT-2968,House No. B-845,Street 27,Model Town,9,5,House,Arooj Marwat,Tabish Nadeem,Pending,Paid,Issue Found,Paid,80800000.0
13005,Subhan Zubair,DEMO-KPT-13005,House No. DD-556,Street 30,Model Town,9,5,House,Subhan Zubair,Bakht Zubair,Verified,Due,Under Review,Paid,96800000.0
9853,Ayan Toor,DEMO-KPT-9853,House No. RB-776,Street 1,Model Town,10,5,House,Ayan Toor,Zuha Cheena,Verified,Paid,Issue Found,Due,93100000.0
9879,Asma Khuhro,DEMO-KPT-9879,House No. CR-752,Street 1,Model Town,10,5,House,Asma Khuhro,Hanzala Peerzada,Pending,Due,Issue Found,Paid,95100000.0
3082,Rimsha Jamali,DEMO-KPT-3082,House No. D-379,Street 3,Model Town,10,5,House,Rimsha Jamali,Maryam Lashari,Litigated,Due,Clear,Due,81500000.0
13074,Akbar Tarar,DEMO-KPT-13074,House No. DR-552,Street 6,Model Town,10,5,House,Akbar Tarar,Danish Wattoo,Pending,Paid,Under Review,Paid,92000000.0
6488,Salahuddin Ghauri,DEMO-KPT-6488,House No. RD-468,Street 13,Model Town,10,5,House,Salahuddin Ghauri,Mukarram Qadri,Pending,Paid,Clear,Paid,83000000.0
3018,Sohaib Tunio,DEMO-KPT-3018,House No. B-401,Street 14,Model Town,10,5,House,Sohaib Tunio,Asra Zaman,Verified,Due,Issue Found,Paid,86400000.0
3008,Lamia Qureshi,DEMO-KPT-3008,House No. C-766,Street 19,Model Town,10,5,House,Lamia Qureshi,Tabish Khan,Verified,Paid,Under Review,Due,81100000.0
3283,Hafsa Khuhro,DEMO-KPT-3283,House No. D-584,Street 22,Model Town,10,5,House,Hafsa Khuhro,Nizam Mustafa,Litigated,Paid,Issue Found,Due,81600000.0
9724,Sohaib Ghauri,DEMO-KPT-9724,House No. BB-547,Street 29,Model Town,10,5,House,Sohaib Ghauri,Hashim Qureshi,Verified,Due,Clear,Paid,87700000.0
6703,Awais Bettani,DEMO-KPT-6703,House No. CR-627,Street 1,Model Town,11,5,House,Awais Bettani,Aneesa Shakir,Verified,Paid,Issue Found,Due,97000000.0
9923,Nigar Sardar,DEMO-KPT-9923,House No. RD-565,Street 3,Model Town,11,5,House,Nigar Sardar,Safa Memon,Litigated,Paid,Under Review,Paid,80200000.0
9921,Fareeha Kharal,DEMO-KPT-9921,House No. RR-881,Street 7,Model Town,11,5,House,Fareeha Kharal,Saleem Rehman,Verified,Due,Under Review,Due,99300000.0
3581,Marium Zubairi,DEMO-KPT-3581,House No. C-698,Street 8,Model Town,11,5,House,Marium Zubairi,Sumbal Lak,Pending,Due,Clear,Paid,82400000.0
13332,Gohar Hoti,DEMO-KPT-13332,House No. RD-325,Street 15,Model Town,11,5,House,Gohar Hoti,Javaria Rajput,Verified,Due,Clear,Paid,100000000.0
6621,Muneeba Buriro,DEMO-KPT-6621,House No. BC-751,Street 19,Model Town,11,5,House,Muneeba Buriro,Hussnain Khuhro,Verified,Paid,Clear,Paid,83100000.0
16406,Bilawal Zaidi,DEMO-KPT-16406,House No. DCB-331,Street 19,Model Town,11,5,House,Bilawal Zaidi,Uroosa Hussain,Litigated,Paid,Issue Found,Due,95400000.0
10022,Hanzala Khuhro,DEMO-KPT-10022,House No. DR-341,Street 20,Model Town,11,5,House,Hanzala Khuhro,Aryan Farooqi,Pending,Paid,Under Review,Due,85200000.0
10053,Aun Kamboh,DEMO-KPT-10053,House No. RC-401,Street 20,Model Town,11,5,House,Aun Kamboh,Ghulam Yaqoob,Verified,Paid,Issue Found,Due,95000000.0
3447,Arslan Lari,DEMO-KPT-3447,House No. B-371,Street 25,Model Town,11,5,House,Arslan Lari,Muhammad Dogar,Verified,Paid,Under Review,Paid,85100000.0
16468,Afzal Chattha,DEMO-KPT-16468,House No. CDB-689,Street 27,Model Town,11,5,House,Afzal Chattha,Zulekha Wattoo,Pending,Paid,Issue Found,Paid,84700000.0
16529,Huma Palijo,DEMO-KPT-16529,House No. DRB-668,Street 27,Model Town,11,5,House,Huma Palijo,Zameer Cheema,Pending,Due,Issue Found,Paid,97100000.0
6729,Amara Saleem,DEMO-KPT-6729,House No. RB-587,Street 1,Model Town,12,5,House,Amara Saleem,Nashra Bettani,Pending,Due,Issue Found,Paid,88900000.0
10237,Kashaf Turk,DEMO-KPT-10237,House No. CB-741,Street 4,Model Town,12,5,House,Kashaf Turk,Shumaila Gandapur,Pending,Paid,Clear,Due,80700000.0
6895,Haleema Waheed,DEMO-KPT-6895,House No. CB-759,Street 8,Model Town,12,5,House,Haleema Waheed,Omer Samo,Verified,Paid,Under Review,Paid,82300000.0
13407,Zunair Riaz,DEMO-KPT-13407,House No. BD-549,Street 9,Model Town,12,5,House,Zunair Riaz,Mubeen Sultan,Litigated,Paid,Clear,Paid,83700000.0
6796,Sadaf Zia,DEMO-KPT-6796,House No. DC-335,Street 12,Model Town,12,5,House,Sadaf Zia,Qasim Abro,Litigated,Due,Under Review,Due,99100000.0
13368,Javaria Alvi,DEMO-KPT-13368,House No. DD-717,Street 14,Model Town,12,5,House,Javaria Alvi,Qurat Majeed,Verified,Due,Issue Found,Paid,87100000.0
16767,Usman Bangash,DEMO-KPT-16767,House No. BDR-306,Street 14,Model Town,12,5,House,Usman Bangash,Kanwal Yaqoob,Litigated,Due,Clear,Due,94800000.0
16733,Sumbal Sultan,DEMO-KPT-16733,House No. BRC-675,Street 18,Model Town,12,5,House,Sumbal Sultan,Sumayya Panezai,Litigated,Due,Issue Found,Paid,88900000.0
10208,Najma Jogezai,DEMO-KPT-10208,House No. CD-357,Street 19,Model Town,12,5,House,Najma Jogezai,Mudassar Swati,Verified,Paid,Under Review,Due,89000000.0
13371,Ghulam Tahir,DEMO-KPT-13371,House No. DR-513,Street 19,Model Town,12,5,House,Ghulam Tahir,Qudrat Rizvi,Verified,Paid,Clear,Paid,84100000.0
6872,Zain Hinjra,DEMO-KPT-6872,House No. DR-424,Street 20,Model Town,12,5,House,Zain Hinjra,Zakariya Soomro,Pending,Paid,Under Review,Due,92800000.0
3733,Nabila Sadiq,DEMO-KPT-3733,House No. D-740,Street 22,Model Town,12,5,House,Nabila Sadiq,Kabir Ranjha,Litigated,Paid,Issue Found,Due,99900000.0
13356,Haleema Lari,DEMO-KPT-13356,House No. RR-852,Street 22,Model Town,12,5,House,Haleema Lari,Sarfraz Dogar,Litigated,Paid,Issue Found,Due,98600000.0
13415,Inayat Gabol,DEMO-KPT-13415,House No. DC-531,Street 24,Model Town,12,5,House,Inayat Gabol,Sharmeen Tarar,Litigated,Due,Issue Found,Paid,95600000.0
10259,Atif Panhwar,DEMO-KPT-10259,House No. DD-366,Street 25,Model Town,12,5,House,Atif Panhwar,Owais Malik,Verified,Due,Clear,Paid,86100000.0
10168,Nawal Khokhar,DEMO-KPT-10168,House No. DC-543,Street 27,Model Town,12,5,House,Nawal Khokhar,Sajjad Memon,Pending,Paid,Issue Found,Paid,92900000.0
13379,Mushtaq Joiya,DEMO-KPT-13379,House No. RC-856,Street 27,Model Town,12,5,House,Mushtaq Joiya,Wania Bugti,Pending,Due,Issue Found,Paid,94500000.0
10087,Muhammad Dreshak,DEMO-KPT-10087,House No. DC-763,Street 29,Model Town,12,5,House,Muhammad Dreshak,Sajjad Farooq,Pending,Due,Clear,Paid,81700000.0
13479,Hanzala Kamboh,DEMO-KPT-13479,House No. BDR-333,Street 1,Model Town,13,5,House,Hanzala Kamboh,Zoya Sahito,Pending,Due,Issue Found,Paid,82500000.0
10440,Farooq Shakeel,DEMO-KPT-10440,House No. CC-613,Street 2,Model Town,13,5,House,Farooq Shakeel,Sobia Janjua,Verified,Due,Under Review,Due,94800000.0
3982,Amir Shakir,DEMO-KPT-3982,House No. CD-320,Street 3,Model Town,13,5,House,Amir Shakir,Khalid Kazmi,Litigated,Due,Clear,Due,99500000.0
13425,Ambreen Mehmood,DEMO-KPT-13425,House No. DB-364,Street 13,Model Town,13,5,House,Ambreen Mehmood,Umar Ijaz,Pending,Paid,Clear,Due,80300000.0
16882,Ahsan Haral,DEMO-KPT-16882,House No. RCD-385,Street 17,Model Town,13,5,House,Ahsan Haral,Rayyan Alvi,Litigated,Due,Issue Found,Due,93500000.0
3939,Junaid Popalzai,DEMO-KPT-3939,House No. BB-836,Street 22,Model Town,13,5,House,Junaid Popalzai,Mirha Siddiqui,Litigated,Paid,Clear,Paid,85500000.0
10446,Rida Barakzai,DEMO-KPT-10446,House No. DB-713,Street 23,Model Town,13,5,House,Rida Barakzai,Ghulam Rehman,Litigated,Due,Issue Found,Due,98300000.0
3841,Majid Khosa,DEMO-KPT-3841,House No. D-476,Street 29,Model Town,13,5,House,Majid Khosa,Pervaiz Akhtar,Verified,Due,Issue Found,Paid,84900000.0
10305,Majid Kiani,DEMO-KPT-10305,House No. RR-885,Street 30,Model Town,13,5,House,Majid Kiani,Shagufta Khuhro,Verified,Due,Under Review,Paid,87200000.0
13590,Ali Chaudhry,DEMO-KPT-13590,House No. CBR-703,Street 2,Model Town,14,5,House,Ali Chaudhry,Zamzam Sohu,Verified,Due,Under Review,Due,84300000.0
13524,Dua Minhas,DEMO-KPT-13524,House No. BCR-467,Street 6,Model Town,14,5,House,Dua Minhas,Ayla Mangi,Pending,Paid,Under Review,Paid,99300000.0
4096,Sabeen Daudzai,DEMO-KPT-4096,House No. BC-372,Street 12,Model Town,14,5,House,Sabeen Daudzai,Zulfiqar Abbasi,Litigated,Due,Under Review,Due,93700000.0
13583,Mariam Shaikh,DEMO-KPT-13583,House No. DBR-424,Street 18,Model Town,14,5,House,Mariam Shaikh,Fozia Randhawa,Litigated,Due,Issue Found,Paid,80100000.0
10609,Aqsa Yaqoob,DEMO-KPT-10609,House No. CB-661,Street 3,Model Town,15,5,House,Aqsa Yaqoob,Maryum Sardar,Litigated,Due,Clear,Due,98500000.0
13721,Sabeen Hameed,DEMO-KPT-13721,House No. CDB-809,Street 5,Model Town,15,5,House,Sabeen Hameed,Dilawar Lashari,Pending,Paid,Issue Found,Paid,82500000.0
4298,Aftab Bashir,DEMO-KPT-4298,House No. CD-882,Street 7,Model Town,15,5,House,Aftab Bashir,Farooq Warraich,Litigated,Due,Issue Found,Due,85400000.0
10598,Fawad Chaudhry,DEMO-KPT-10598,House No. DB-889,Street 7,Model Town,15,5,House,Fawad Chaudhry,Ghazanfar Qadir,Litigated,Due,Issue Found,Due,92900000.0
13671,Aun Khosa,DEMO-KPT-13671,House No. CDB-664,Street 9,Model Town,15,5,House,Aun Khosa,Khadija Warsi,Litigated,Paid,Under Review,Due,98100000.0
7388,Ikhlaq Hanif,DEMO-KPT-7388,House No. RR-642,Street 13,Model Town,15,5,House,Ikhlaq Hanif,Mahira Barakzai,Pending,Paid,Clear,Paid,92100000.0
7279,Aneesa Lari,DEMO-KPT-7279,House No. BR-823,Street 14,Model Town,15,5,House,Aneesa Lari,Shafay Toor,Verified,Due,Issue Found,Paid,89300000.0
10665,Nuzhat Korai,DEMO-KPT-10665,House No. DB-421,Street 15,Model Town,15,5,House,Nuzhat Korai,Neha Usmani,Verified,Due,Clear,Paid,97800000.0
13732,Warda Shah,DEMO-KPT-13732,House No. CRD-857,Street 17,Model Town,15,5,House,Warda Shah,Amjad Qureshi,Litigated,Due,Issue Found,Due,95000000.0
4133,Anwar Tiwana,DEMO-KPT-4133,House No. BC-544,Street 18,Model Town,15,5,House,Anwar Tiwana,Irtaza Siddiqui,Litigated,Due,Issue Found,Paid,84700000.0
7361,Hussam Ahmed,DEMO-KPT-7361,House No. RD-585,Street 22,Model Town,15,5,House,Hussam Ahmed,Ajmal Haral,Pending,Due,Clear,Paid,91200000.0
7441,Areeba Sohu,DEMO-KPT-7441,House No. DR-421,Street 29,Model Town,15,5,House,Areeba Sohu,Naeem Mazari,Verified,Due,Issue Found,Paid,97200000.0
7629,Hammad Parvez,DEMO-KPT-7629,House No. BC-468,Street 1,Model Town,16,5,House,Hammad Parvez,Zahra Ahmed,Pending,Due,Issue Found,Paid,82700000.0
10805,Rehan Dahri,DEMO-KPT-10805,House No. BB-618,Street 4,Model Town,16,5,House,Rehan Dahri,Arooj Riaz,Verified,Paid,Issue Found,Paid,84600000.0
7523,Abubakar Kalhoro,DEMO-KPT-7523,House No. BC-621,Street 10,Model Town,16,5,House,Abubakar Kalhoro,Tamim Gilani,Litigated,Due,Under Review,Paid,89000000.0
4307,Mazen Saleem,DEMO-KPT-4307,House No. CD-485,Street 12,Model Town,16,5,House,Mazen Saleem,Nizam Anwar,Pending,Due,Under Review,Paid,89700000.0
10846,Laraib Dogar,DEMO-KPT-10846,House No. BC-703,Street 12,Model Town,16,5,House,Laraib Dogar,Feryal Awan,Litigated,Due,Under Review,Due,90800000.0
7663,Shehryar Zaman,DEMO-KPT-7663,House No. RB-586,Street 17,Model Town,16,5,House,Shehryar Zaman,Rooman Sindhi,Verified,Due,Issue Found,Paid,85400000.0
10727,Iram Sipra,DEMO-KPT-10727,House No. RC-569,Street 19,Model Town,16,5,House,Iram Sipra,Huma Toor,Pending,Due,Issue Found,Paid,93100000.0
13808,Kainat Khokhar,DEMO-KPT-13808,House No. CRB-607,Street 19,Model Town,16,5,House,Kainat Khokhar,Husna Tahir,Verified,Paid,Under Review,Due,85800000.0
4415,Shanza Rehman,DEMO-KPT-4415,House No. CR-559,Street 24,Model Town,16,5,House,Shanza Rehman,Ismail Zaidi,Litigated,Due,Issue Found,Paid,90400000.0
13973,Shabana Rafique,DEMO-KPT-13973,House No. RDC-785,Street 3,Model Town,17,5,House,Shabana Rafique,Shahbaz Rafique,Litigated,Paid,Under Review,Paid,82800000.0
4524,Javeria Soomro,DEMO-KPT-4524,House No. RB-396,Street 6,Model Town,17,5,House,Javeria Soomro,Neelam Hayat,Pending,Paid,Under Review,Paid,99400000.0
7789,Aiman Parvez,DEMO-KPT-7789,House No. BC-334,Street 10,Model Town,17,5,House,Aiman Parvez,Fasih Warraich,Verified,Paid,Issue Found,Due,88000000.0
4572,Saima Sandhu,DEMO-KPT-4572,House No. BR-568,Street 12,Model Town,17,5,House,Saima Sandhu,Rauf Yousaf,Pending,Paid,Under Review,Due,83100000.0
7731,Neelam Mughal,DEMO-KPT-7731,House No. RB-384,Street 13,Model Town,17,5,House,Neelam Mughal,Abrar Khattak,Pending,Due,Under Review,Paid,91900000.0
10928,Afshan Yousafzai,DEMO-KPT-10928,House No. RB-461,Street 13,Model Town,17,5,House,Afshan Yousafzai,Bilquis Nawaz,Litigated,Due,Issue Found,Due,82800000.0
4579,Ifrah Mahsud,DEMO-KPT-4579,House No. DB-358,Street 14,Model Town,17,5,House,Ifrah Mahsud,Ihsan Jamali,Verified,Due,Issue Found,Paid,93300000.0
10917,Aziz Ranjha,DEMO-KPT-10917,House No. BC-714,Street 14,Model Town,17,5,House,Aziz Ranjha,Sarmad Samo,Litigated,Due,Clear,Due,83400000.0
14003,Haseeb Kakar,DEMO-KPT-14003,House No. DCR-851,Street 18,Model Town,17,5,House,Haseeb Kakar,Amber Nawaz,Litigated,Paid,Clear,Paid,92600000.0
13972,Eman Zaidi,DEMO-KPT-13972,House No. DRC-597,Street 29,Model Town,17,5,House,Eman Zaidi,Khadija Lone,Litigated,Due,Issue Found,Due,99500000.0
4514,Uzma Rashid,DEMO-KPT-4514,House No. CD-684,Street 30,Model Town,17,5,House,Uzma Rashid,Noor Alvi,Pending,Paid,Clear,Paid,89200000.0
7973,Noshaba Randhawa,DEMO-KPT-7973,House No. DB-352,Street 10,Model Town,18,5,House,Noshaba Randhawa,Nouman Kamboh,Litigated,Due,Under Review,Paid,98000000.0
4583,Waheed Jamal,DEMO-KPT-4583,House No. BC-761,Street 18,Model Town,18,5,House,Waheed Jamal,Amber Tunio,Litigated,Due,Issue Found,Paid,87300000.0
7971,Nazia Siddiqui,DEMO-KPT-7971,House No. BR-857,Street 19,Model Town,18,5,House,Nazia Siddiqui,Sajida Bugti,Verified,Paid,Clear,Paid,94200000.0
11106,Sanam Ghumman,DEMO-KPT-11106,House No. RC-659,Street 22,Model Town,18,5,House,Sanam Ghumman,Hoorain Nasar,Litigated,Paid,Issue Found,Due,98400000.0
14256,Nighat Lodhi,DEMO-KPT-14256,House No. RDB-844,Street 22,Model Town,18,5,House,Nighat Lodhi,Dilawar Sindhi,Litigated,Paid,Issue Found,Due,81000000.0
14172,Irum Mahar,DEMO-KPT-14172,House No. RDC-509,Street 23,Model Town,18,5,House,Irum Mahar,Anila Tahir,Litigated,Due,Under Review,Due,82100000.0
14279,Sibtain Tareen,DEMO-KPT-14279,House No. BDR-732,Street 27,Model Town,18,5,House,Sibtain Tareen,Nasir Dreshak,Pending,Due,Issue Found,Paid,88300000.0
8190,Jannat Siddiqui,DEMO-KPT-8190,House No. BC-795,Street 2,Model Town,19,5,House,Jannat Siddiqui,Inaya Bashir,Verified,Due,Under Review,Due,92600000.0
14578,Sharmeen Kasi,DEMO-KPT-14578,House No. DRB-499,Street 3,Model Town,19,5,House,Sharmeen Kasi,Manahil Cheema,Pending,Paid,Under Review,Paid,82900000.0
8121,Abid Kazmi,DEMO-KPT-8121,House No. BD-847,Street 7,Model Town,19,5,House,Abid Kazmi,Anwar Sipra,Verified,Due,Under Review,Due,89800000.0
11329,Salman Hayat,DEMO-KPT-11329,House No. BC-363,Street 14,Model Town,19,5,House,Salman Hayat,Abid Korai,Verified,Due,Issue Found,Paid,87200000.0
4732,Kamran Mari,DEMO-KPT-4732,House No. CC-374,Street 17,Model Town,19,5,House,Kamran Mari,Anmol Raza,Litigated,Due,Issue Found,Due,91600000.0
8059,Noman Shafiq,DEMO-KPT-8059,House No. RB-364,Street 18,Model Town,19,5,House,Noman Shafiq,Uzair Hayat,Verified,Paid,Under Review,Due,95300000.0
14553,Arslan Soomro,DEMO-KPT-14553,House No. BDR-853,Street 20,Model Town,19,5,House,Arslan Soomro,Mubashir Bhurgri,Verified,Paid,Issue Found,Due,98800000.0
4707,Nadir Sohu,DEMO-KPT-4707,House No. DR-631,Street 25,Model Town,19,5,House,Nadir Sohu,Zahra Swati,Verified,Due,Under Review,Paid,87900000.0
8070,Sadiq Gill,DEMO-KPT-8070,House No. RC-382,Street 26,Model Town,19,5,House,Sadiq Gill,Talat Joiya,Pending,Due,Under Review,Due,97500000.0
11220,Husna Mahar,DEMO-KPT-11220,House No. RD-726,Street 26,Model Town,19,5,House,Husna Mahar,Sehar Orakzai,Pending,Due,Under Review,Due,91300000.0
4774,Bisma Bugti,DEMO-KPT-4774,House No. DR-673,Street 29,Model Town,19,5,House,Bisma Bugti,Muzammil Yasin,Verified,Due,Clear,Paid,85700000.0
8278,Raees Jamal,DEMO-KPT-8278,House No. DR-718,Street 3,Model Town,20,5,House,Raees Jamal,Neha Khan,Pending,Paid,Under Review,Paid,94100000.0
14754,Yaqoob Shinwari,DEMO-KPT-14754,House No. BRD-653,Street 13,Model Town,20,5,House,Yaqoob Shinwari,Saleha Shakeel,Litigated,Due,Issue Found,Paid,90400000.0
11367,Sarmad Mengal,DEMO-KPT-11367,House No. BD-665,Street 14,Model Town,20,5,House,Sarmad Mengal,Amal Chaudhry,Litigated,Due,Clear,Due,87400000.0
11341,Bakhtawar Hashmi,DEMO-KPT-11341,House No. BD-791,Street 19,Model Town,20,5,House,Bakhtawar Hashmi,Ghulam Ghazali,Pending,Due,Issue Found,Paid,90900000.0
11456,Furqan Ghumman,DEMO-KPT-11456,House No. DD-852,Street 19,Model Town,20,5,House,Furqan Ghumman,Rafiq Saleem,Litigated,Paid,Issue Found,Due,84800000.0
11403,Ijaz Aslam,DEMO-KPT-11403,House No. BB-801,Street 20,Model Town,20,5,House,Ijaz Aslam,Nayyar Malik,Verified,Paid,Issue Found,Due,81700000.0
11387,Alamgir Waheed,DEMO-KPT-11387,House No. RR-835,Street 21,Model Town,20,5,House,Alamgir Waheed,Warda Ilyas,Litigated,Due,Clear,Paid,92100000.0
11383,Israr Abbasi,DEMO-KPT-11383,House No. BC-576,Street 22,Model Town,20,5,House,Israr Abbasi,Ejaz Ijaz,Litigated,Paid,Issue Found,Due,97300000.0
4947,Iftikhar Achakzai,DEMO-KPT-4947,House No. RB-869,Street 25,Model Town,20,5,House,Iftikhar Achakzai,Ilyas Panezai,Litigated,Paid,Clear,Paid,89400000.0
8318,Kamal Joiya,DEMO-KPT-8318,House No. BD-638,Street 27,Model Town,20,5,House,Kamal Joiya,Rubina Gandapur,Pending,Due,Under Review,Due,84500000.0
3129,Farhan Rafique,DEMO-KPT-3129,House No. C-406,Street 1,North Karachi,1,5,House,Farhan Rafique,Shan Mahsud,Pending,Due,Issue Found,Paid,89200000.0
8405,Bilawal Tarar,DEMO-KPT-8405,House No. RB-878,Street 1,North Karachi,1,5,House,Bilawal Tarar,Aisha Bangash,Litigated,Due,Under Review,Paid,96100000.0
9958,Vaqar Shinwari,DEMO-KPT-9958,House No. DB-842,Street 1,North Karachi,1,5,House,Vaqar Shinwari,Saleha Mari,Pending,Paid,Clear,Paid,97000000.0
4973,Sehrish Ali,DEMO-KPT-4973,House No. BB-572,Street 3,North Karachi,1,5,House,Sehrish Ali,Maqsood Daudzai,Litigated,Paid,Under Review,Paid,86200000.0
8359,Sehar Tiwana,DEMO-KPT-8359,House No. CB-379,Street 3,North Karachi,1,5,House,Sehar Tiwana,Ubaid Zia,Litigated,Due,Clear,Due,83800000.0
13309,Abrar Sial,DEMO-KPT-13309,House No. CC-815,Street 3,North Karachi,1,5,House,Abrar Sial,Rizwaan Mirza,Litigated,Due,Clear,Due,99200000.0
4955,Lubna Imran,DEMO-KPT-4955,House No. CD-807,Street 4,North Karachi,1,5,House,Lubna Imran,Sabahat Bajwa,Verified,Paid,Issue Found,Paid,99200000.0
13339,Maryam Sohu,DEMO-KPT-13339,House No. BB-764,Street 4,North Karachi,1,5,House,Maryam Sohu,Anwar Bajwa,Verified,Due,Issue Found,Paid,93500000.0
8348,Irum Sindhi,DEMO-KPT-8348,House No. DD-560,Street 7,North Karachi,1,5,House,Irum Sindhi,Rauf Nasar,Litigated,Due,Issue Found,Due,90700000.0
15098,Awais Waheed,DEMO-KPT-15098,House No. DRB-483,Street 7,North Karachi,1,5,House,Awais Waheed,Wahab Kharal,Litigated,Due,Issue Found,Due,85800000.0
4928,Zamzam Marwat,DEMO-KPT-4928,House No. BC-653,Street 9,North Karachi,1,5,House,Zamzam Marwat,Kashif Zahid,Litigated,Due,Issue Found,Paid,83500000.0
16789,Sadaf Talpur,DEMO-KPT-16789,House No. BRD-352,Street 10,North Karachi,1,5,House,Sadaf Talpur,Ubaid Achakzai,Verified,Paid,Issue Found,Due,90900000.0
6619,Aisha Qadri,DEMO-KPT-6619,House No. DD-844,Street 12,North Karachi,1,5,House,Aisha Qadri,Yumna Soomro,Pending,Due,Issue Found,Paid,90500000.0
9972,Khadija Barakzai,DEMO-KPT-9972,House No. BR-780,Street 12,North Karachi,1,5,House,Khadija Barakzai,Inaya Tahir,Pending,Paid,Under Review,Due,90400000.0
13307,Habib Cheena,DEMO-KPT-13307,House No. BD-313,Street 12,North Karachi,1,5,House,Habib Cheena,Sheraz Swati,Pending,Due,Under Review,Paid,91700000.0
16722,Shagufta Hinjra,DEMO-KPT-16722,House No. BRC-430,Street 12,North Karachi,1,5,House,Shagufta Hinjra,Anila Wani,Pending,Paid,Under Review,Due,93200000.0
11742,Shahzad Hameed,DEMO-KPT-11742,House No. CC-423,Street 15,North Karachi,1,5,House,Shahzad Hameed,Ikram Nadeem,Pending,Due,Issue Found,Paid,97400000.0
15082,Shamim Bijarani,DEMO-KPT-15082,House No. CRB-861,Street 17,North Karachi,1,5,House,Shamim Bijarani,Salman Dayo,Litigated,Due,Issue Found,Due,89200000.0
13370,Ramsha Saeed,DEMO-KPT-13370,House No. RB-681,Street 19,North Karachi,1,5,House,Ramsha Saeed,Wajid Lone,Verified,Due,Issue Found,Paid,80700000.0
1472,Sabeen Saeed,DEMO-KPT-1472,House No. D-503,Street 20,North Karachi,1,5,House,Sabeen Saeed,Khadija Shakir,Pending,Paid,Under Review,Due,91300000.0
6687,Yusra Mohmand,DEMO-KPT-6687,House No. CR-778,Street 20,North Karachi,1,5,House,Yusra Mohmand,Nazia Soomro,Litigated,Paid,Under Review,Due,83700000.0
3198,Aleena Dahri,DEMO-KPT-3198,House No. D-564,Street 23,North Karachi,1,5,House,Aleena Dahri,Sagheer Javed,Verified,Due,Clear,Paid,99700000.0
15046,Masood Mahar,DEMO-KPT-15046,House No. BRC-372,Street 23,North Karachi,1,5,House,Masood Mahar,Shahzad Khuhro,Pending,Paid,Issue Found,Due,80200000.0
3147,Ikhlaq Zaidi,DEMO-KPT-3147,House No. R-782,Street 25,North Karachi,1,5,House,Ikhlaq Zaidi,Abrar Rajput,Litigated,Paid,Clear,Paid,98300000.0
8374,Aneela Yazdani,DEMO-KPT-8374,House No. RD-465,Street 29,North Karachi,1,5,House,Aneela Yazdani,Shahmeer Mahsud,Verified,Due,Clear,Paid,93200000.0
3164,Zubia Ghumman,DEMO-KPT-3164,House No. C-415,Street 30,North Karachi,1,5,House,Zubia Ghumman,Mirha Rajper,Pending,Paid,Clear,Paid,81700000.0
5008,Khushbu Mohammadzai,DEMO-KPT-5008,House No. DB-734,Street 1,North Karachi,2,5,House,Khushbu Mohammadzai,Asifa Korai,Pending,Paid,Clear,Paid,82100000.0
16828,Marium Kharal,DEMO-KPT-16828,House No. DRB-802,Street 3,North Karachi,2,5,House,Marium Kharal,Khansa Nasar,Pending,Paid,Under Review,Paid,88600000.0
8437,Maryam Palijo,DEMO-KPT-8437,House No. BB-525,Street 4,North Karachi,2,5,House,Maryam Palijo,Khushbu Bhurgri,Pending,Paid,Clear,Due,88000000.0
1571,Mubeen Lashari,DEMO-KPT-1571,House No. C-368,Street 5,North Karachi,2,5,House,Mubeen Lashari,Shagufta Tanvir,Pending,Paid,Issue Found,Paid,90200000.0
6738,Ghazanfar Raza,DEMO-KPT-6738,House No. CR-315,Street 5,North Karachi,2,5,House,Ghazanfar Raza,Saira Unar,Litigated,Due,Clear,Paid,99700000.0
6771,Hafeez Kakar,DEMO-KPT-6771,House No. RD-444,Street 7,North Karachi,2,5,House,Hafeez Kakar,Khansa Pasha,Verified,Due,Under Review,Due,84200000.0
8436,Maham Mazari,DEMO-KPT-8436,House No. CR-395,Street 8,North Karachi,2,5,House,Maham Mazari,Akif Buriro,Pending,Paid,Under Review,Due,91100000.0
6728,Eman Tiwana,DEMO-KPT-6728,House No. DR-573,Street 9,North Karachi,2,5,House,Eman Tiwana,Jazib Siddiqui,Litigated,Due,Issue Found,Paid,81500000.0
10071,Aamir Yazdani,DEMO-KPT-10071,House No. CC-476,Street 9,North Karachi,2,5,House,Aamir Yazdani,Syeda Tunio,Litigated,Paid,Under Review,Due,90000000.0
3261,Asifa Junejo,DEMO-KPT-3261,House No. C-585,Street 10,North Karachi,2,5,House,Asifa Junejo,Wajiha Wazir,Litigated,Due,Under Review,Due,99400000.0
3289,Mehboob Sultan,DEMO-KPT-3289,House No. D-724,Street 10,North Karachi,2,5,House,Mehboob Sultan,Ruqayya Bajwa,Verified,Paid,Issue Found,Due,80900000.0
5022,Beenish Rashid,DEMO-KPT-5022,House No. DB-586,Street 12,North Karachi,2,5,House,Beenish Rashid,Naureen Laghari,Pending,Paid,Under Review,Due,96900000.0
11781,Zamzam Tiwana,DEMO-KPT-11781,House No. DC-366,Street 13,North Karachi,2,5,House,Zamzam Tiwana,Dilshad Sabri,Pending,Due,Under Review,Paid,96400000.0
11828,Haziq Lashari,DEMO-KPT-11828,House No. DB-772,Street 13,North Karachi,2,5,House,Haziq Lashari,Tahmina Farooq,Litigated,Due,Issue Found,Due,83800000.0
3267,Mubeen Farooq,DEMO-KPT-3267,House No. D-762,Street 14,North Karachi,2,5,House,Mubeen Farooq,Adil Noor,Litigated,Due,Clear,Due,94700000.0
5029,Babar Hafeez,DEMO-KPT-5029,House No. BR-566,Street 14,North Karachi,2,5,House,Babar Hafeez,Iqra Pasha,Verified,Due,Issue Found,Paid,81400000.0
6792,Laila Kazmi,DEMO-KPT-6792,House No. DR-479,Street 15,North Karachi,2,5,House,Laila Kazmi,Tooba Anwar,Pending,Due,Issue Found,Paid,96100000.0
15165,Vaqar Bijarani,DEMO-KPT-15165,House No. RDC-852,Street 15,North Karachi,2,5,House,Vaqar Bijarani,Balaj Yazdani,Verified,Due,Clear,Paid,98200000.0
1567,Neelam Palijo,DEMO-KPT-1567,House No. D-376,Street 16,North Karachi,2,5,House,Neelam Palijo,Haleema Shafiq,Verified,Paid,Under Review,Paid,96900000.0
11755,Zuha Yousafzai,DEMO-KPT-11755,House No. BC-366,Street 16,North Karachi,2,5,House,Zuha Yousafzai,Omer Rizvi,Pending,Paid,Under Review,Paid,93300000.0
13459,Anmol Mahesar,DEMO-KPT-13459,House No. BCR-428,Street 18,North Karachi,2,5,House,Anmol Mahesar,Jamila Usmani,Verified,Paid,Under Review,Due,87500000.0
8420,Lubna Qadir,DEMO-KPT-8420,House No. RB-434,Street 19,North Karachi,2,5,House,Lubna Qadir,Javed Kazmi,Verified,Due,Issue Found,Paid,90700000.0
15171,Asma Talpur,DEMO-KPT-15171,House No. RDB-810,Street 19,North Karachi,2,5,House,Asma Talpur,Tamkeen Ilyas,Verified,Paid,Clear,Paid,90200000.0
10061,Yawar Tiwana,DEMO-KPT-10061,House No. RC-816,Street 22,North Karachi,2,5,House,Yawar Tiwana,Hira Sial,Pending,Due,Clear,Paid,97400000.0
15156,Rukhsana Rafique,DEMO-KPT-15156,House No. RBD-788,Street 22,North Karachi,2,5,House,Rukhsana Rafique,Kinza Shakir,Litigated,Paid,Issue Found,Due,97900000.0
15147,Rizwaan Zafar,DEMO-KPT-15147,House No. CBR-563,Street 25,North Karachi,2,5,House,Rizwaan Zafar,Bakhtawar Javed,Verified,Paid,Under Review,Paid,94100000.0
13470,Rashid Soomro,DEMO-KPT-13470,House No. DBC-331,Street 26,North Karachi,2,5,House,Rashid Soomro,Aslam Zaman,Pending,Due,Under Review,Due,87700000.0
1655,Raheela Dayo,DEMO-KPT-1655,House No. B-774,Street 1,North Karachi,3,5,House,Raheela Dayo,Anwar Ghani,Litigated,Due,Under Review,Paid,98400000.0
1732,Aslam Tariq,DEMO-KPT-1732,House No. B-877,Street 3,North Karachi,3,5,House,Aslam Tariq,Tabish Haral,Litigated,Due,Clear,Due,99000000.0
11878,Ifrah Saeed,DEMO-KPT-11878,House No. RC-861,Street 3,North Karachi,3,5,House,Ifrah Saeed,Qadir Janjua,Pending,Paid,Under Review,Paid,88000000.0
15232,Shifa Ahmed,DEMO-KPT-15232,House No. DCB-441,Street 3,North Karachi,3,5,House,Shifa Ahmed,Sehar Qadri,Litigated,Due,Clear,Due,88800000.0
16987,Mahnoor Sabri,DEMO-KPT-16987,House No. RCD-475,Street 4,North Karachi,3,5,House,Mahnoor Sabri,Bakht Minhas,Pending,Paid,Clear,Due,80200000.0
11845,Noshaba Janjua,DEMO-KPT-11845,House No. CB-883,Street 8,North Karachi,3,5,House,Noshaba Janjua,Javaria Sipra,Verified,Paid,Under Review,Paid,87100000.0
8528,Shaheen Mir,DEMO-KPT-8528,House No. CD-403,Street 9,North Karachi,3,5,House,Shaheen Mir,Iqra Saif,Litigated,Due,Issue Found,Paid,93500000.0
15207,Marium Randhawa,DEMO-KPT-15207,House No. RBD-540,Street 9,North Karachi,3,5,House,Marium Randhawa,Mahrukh Hafeez,Litigated,Paid,Clear,Paid,95600000.0
6807,Iram Lakhani,DEMO-KPT-6807,House No. RD-300,Street 12,North Karachi,3,5,House,Iram Lakhani,Farooq Yazdani,Verified,Due,Clear,Paid,83700000.0
6822,Waleed Chaudhry,DEMO-KPT-6822,House No. RC-395,Street 12,North Karachi,3,5,House,Waleed Chaudhry,Mehmood Panhwar,Pending,Paid,Under Review,Due,97900000.0
1725,Yousaf Janjua,DEMO-KPT-1725,House No. R-496,Street 13,North Karachi,3,5,House,Yousaf Janjua,Esha Yaqoob,Pending,Paid,Clear,Due,90300000.0
1668,Nashra Jamal,DEMO-KPT-1668,House No. R-548,Street 14,North Karachi,3,5,House,Nashra Jamal,Nashra Kidwai,Verified,Due,Issue Found,Paid,91400000.0
13542,Mubashra Memon,DEMO-KPT-13542,House No. CDB-666,Street 15,North Karachi,3,5,House,Mubashra Memon,Anwar Bijarani,Pending,Due,Issue Found,Paid,96400000.0
8511,Rimsha Dogar,DEMO-KPT-8511,House No. CR-643,Street 16,North Karachi,3,5,House,Rimsha Dogar,Zunaira Shinwari,Verified,Paid,Clear,Due,85200000.0
15213,Zayan Malik,DEMO-KPT-15213,House No. BDR-765,Street 16,North Karachi,3,5,House,Zayan Malik,Ayan Ilyas,Verified,Paid,Under Review,Due,93900000.0
1720,Tahseen Shakeel,DEMO-KPT-1720,House No. C-799,Street 22,North Karachi,3,5,House,Tahseen Shakeel,Iram Gondal,Pending,Paid,Issue Found,Due,95900000.0
3346,Yahya Durrani,DEMO-KPT-3346,House No. D-520,Street 23,North Karachi,3,5,House,Yahya Durrani,Hafsa Mughal,Pending,Paid,Issue Found,Due,95800000.0
8598,Obaid Mirani,DEMO-KPT-8598,House No. BD-660,Street 23,North Karachi,3,5,House,Obaid Mirani,Sarmad Wattoo,Verified,Due,Clear,Paid,96600000.0
15215,Masood Warsi,DEMO-KPT-15215,House No. CDR-400,Street 24,North Karachi,3,5,House,Masood Warsi,Sana Ghani,Litigated,Due,Issue Found,Paid,91300000.0
10107,Kausar Bugti,DEMO-KPT-10107,House No. DD-761,Street 25,North Karachi,3,5,House,Kausar Bugti,Qurat Mian,Verified,Due,Under Review,Paid,97800000.0
10118,Sundas Marwat,DEMO-KPT-10118,House No. BD-318,Street 27,North Karachi,3,5,House,Sundas Marwat,Khadija Kayani,Pending,Due,Under Review,Due,88800000.0
16918,Maryam Zia,DEMO-KPT-16918,House No. CDB-874,Street 27,North Karachi,3,5,House,Maryam Zia,Yusuf Akhtar,Pending,Paid,Issue Found,Paid,100000000.0
10258,Mehwish Shaikh,DEMO-KPT-10258,House No. DB-834,Street 2,North Karachi,4,5,House,Mehwish Shaikh,Sobia Khuhro,Pending,Due,Under Review,Paid,96600000.0
1805,Tahreem Bangash,DEMO-KPT-1805,House No. C-366,Street 4,North Karachi,4,5,House,Tahreem Bangash,Shehzad Shakeel,Verified,Paid,Issue Found,Paid,90300000.0
13645,Komal Mazari,DEMO-KPT-13645,House No. DCR-780,Street 8,North Karachi,4,5,House,Komal Mazari,Sadiq Sultan,Verified,Paid,Under Review,Paid,99800000.0
3473,Hira Hanif,DEMO-KPT-3473,House No. B-505,Street 10,North Karachi,4,5,House,Hira Hanif,Ruqayya Magsi,Litigated,Due,Under Review,Paid,85000000.0
8607,Zahra Aslam,DEMO-KPT-8607,House No. RR-767,Street 12,North Karachi,4,5,House,Zahra Aslam,Saira Mirani,Verified,Due,Clear,Paid,87700000.0
10219,Jannat Rehman,DEMO-KPT-10219,House No. BC-859,Street 12,North Karachi,4,5,House,Jannat Rehman,Aashir Kalhoro,Pending,Due,Issue Found,Paid,82100000.0
10218,Anum Toor,DEMO-KPT-10218,House No. DD-654,Street 14,North Karachi,4,5,House,Anum Toor,Yousaf Khosa,Verified,Due,Issue Found,Paid,80900000.0
11929,Zulekha Bijarani,DEMO-KPT-11929,House No. DB-796,Street 15,North Karachi,4,5,House,Zulekha Bijarani,Aleeza Dahri,Pending,Paid,Under Review,Due,93700000.0
11917,Ayesha Umer,DEMO-KPT-11917,House No. CD-768,Street 16,North Karachi,4,5,House,Ayesha Umer,Amber Tareen,Verified,Paid,Under Review,Paid,88500000.0
15261,Sabeen Hanif,DEMO-KPT-15261,House No. DCR-395,Street 16,North Karachi,4,5,House,Sabeen Hanif,Zayan Javed,Verified,Paid,Clear,Due,89900000.0
8633,Sadiq Jogezai,DEMO-KPT-8633,House No. BD-438,Street 18,North Karachi,4,5,House,Sadiq Jogezai,Shazia Farooqi,Litigated,Due,Issue Found,Paid,98500000.0
1737,Neelam Lashari,DEMO-KPT-1737,House No. R-693,Street 20,North Karachi,4,5,House,Neelam Lashari,Emaan Saif,Litigated,Paid,Under Review,Due,98400000.0
13653,Rubab Alvi,DEMO-KPT-13653,House No. RDB-455,Street 20,North Karachi,4,5,House,Rubab Alvi,Sajjad Latif,Verified,Paid,Issue Found,Due,98900000.0
6911,Zuha Usmani,DEMO-KPT-6911,House No. CB-375,Street 22,North Karachi,4,5,House,Zuha Usmani,Sibtain Kazmi,Pending,Due,Clear,Paid,83200000.0
13661,Daniya Daudzai,DEMO-KPT-13661,House No. DBR-374,Street 22,North Karachi,4,5,House,Daniya Daudzai,Kausar Khalid,Pending,Due,Clear,Paid,93300000.0
10265,Mehreen Orakzai,DEMO-KPT-10265,House No. CR-892,Street 24,North Karachi,4,5,House,Mehreen Orakzai,Azeem Mazari,Litigated,Due,Issue Found,Paid,93800000.0
1797,Kamal Janjua,DEMO-KPT-1797,House No. D-730,Street 25,North Karachi,4,5,House,Kamal Janjua,Sameer Abro,Litigated,Paid,Clear,Paid,87200000.0
1770,Musa Shaikh,DEMO-KPT-1770,House No. R-438,Street 26,North Karachi,4,5,House,Musa Shaikh,Mukhtar Toor,Pending,Due,Under Review,Due,85400000.0
8655,Mahad Rajper,DEMO-KPT-8655,House No. BC-671,Street 26,North Karachi,4,5,House,Mahad Rajper,Shanza Tiwana,Pending,Paid,Issue Found,Paid,82300000.0
15270,Farheen Lashari,DEMO-KPT-15270,House No. DRC-396,Street 26,North Karachi,4,5,House,Farheen Lashari,Fawad Tareen,Pending,Due,Under Review,Due,93000000.0
5218,Shaista Ijaz,DEMO-KPT-5218,House No. CR-327,Street 27,North Karachi,4,5,House,Shaista Ijaz,Sadaqat Khalid,Pending,Paid,Issue Found,Paid,94100000.0
11918,Nadir Usmani,DEMO-KPT-11918,House No. CD-781,Street 27,North Karachi,4,5,House,Nadir Usmani,Saeeda Bijarani,Pending,Due,Under Review,Due,87900000.0
5137,Haris Wazir,DEMO-KPT-5137,House No. DR-531,Street 29,North Karachi,4,5,House,Haris Wazir,Ashraf Chattha,Pending,Due,Clear,Paid,93300000.0
5255,Saher Zia,DEMO-KPT-5255,House No. RR-320,Street 1,North Karachi,5,5,House,Saher Zia,Naureen Turk,Litigated,Due,Under Review,Paid,88700000.0
12005,Tehmina Kiani,DEMO-KPT-12005,House No. CD-831,Street 1,North Karachi,5,5,House,Tehmina Kiani,Shaheen Shafi,Litigated,Due,Under Review,Paid,99300000.0
10282,Mahrukh Raza,DEMO-KPT-10282,House No. BD-653,Street 3,North Karachi,5,5,House,Mahrukh Raza,Aslam Turk,Litigated,Due,Clear,Due,96200000.0
7087,Erum Popalzai,DEMO-KPT-7087,House No. BB-417,Street 4,North Karachi,5,5,House,Erum Popalzai,Laraib Zardari,Pending,Paid,Clear,Due,84000000.0
13748,Munir Korai,DEMO-KPT-13748,House No. CRD-318,Street 7,North Karachi,5,5,House,Munir Korai,Sibtain Kidwai,Litigated,Due,Issue Found,Due,80500000.0
3486,Rooman Kakar,DEMO-KPT-3486,House No. B-512,Street 8,North Karachi,5,5,House,Rooman Kakar,Hira Mahsud,Pending,Paid,Under Review,Due,80700000.0
10297,Asim Rind,DEMO-KPT-10297,House No. BC-365,Street 8,North Karachi,5,5,House,Asim Rind,Lubna Dahri,Litigated,Paid,Clear,Paid,93800000.0
10331,Sarfraz Gakhar,DEMO-KPT-10331,House No. BB-800,Street 8,North Karachi,5,5,House,Sarfraz Gakhar,Nighat Warsi,Pending,Due,Clear,Paid,95100000.0
8721,Fariha Magsi,DEMO-KPT-8721,House No. BR-692,Street 9,North Karachi,5,5,House,Fariha Magsi,Taha Hanif,Litigated,Paid,Under Review,Due,86600000.0
12023,Rukhsana Sial,DEMO-KPT-12023,House No. CD-796,Street 10,North Karachi,5,5,House,Rukhsana Sial,Farzana Qureshi,Litigated,Due,Under Review,Paid,86100000.0
12019,Rizwan Rind,DEMO-KPT-12019,House No. BB-539,Street 12,North Karachi,5,5,House,Rizwan Rind,Sheeba Durrani,Pending,Due,Issue Found,Paid,99800000.0
15346,Kabeer Bhutto,DEMO-KPT-15346,House No. BCD-636,Street 12,North Karachi,5,5,House,Kabeer Bhutto,Sagheer Anwar,Litigated,Due,Under Review,Due,87700000.0
5232,Feryal Joiya,DEMO-KPT-5232,House No. CR-352,Street 15,North Karachi,5,5,House,Feryal Joiya,Shayan Ghazali,Verified,Due,Clear,Paid,98500000.0
13815,Mazen Mirza,DEMO-KPT-13815,House No. DBR-802,Street 15,North Karachi,5,5,House,Mazen Mirza,Khushbu Wani,Verified,Due,Clear,Paid,90800000.0
15342,Taimur Zardari,DEMO-KPT-15342,House No. BDC-329,Street 15,North Karachi,5,5,House,Taimur Zardari,Ali Ilyas,Pending,Due,Issue Found,Paid,92900000.0
3513,Hafsa Khalid,DEMO-KPT-3513,House No. C-640,Street 16,North Karachi,5,5,House,Hafsa Khalid,Bilal Zahid,Verified,Paid,Under Review,Due,82800000.0
6967,Sajida Farooqi,DEMO-KPT-6967,House No. BC-592,Street 16,North Karachi,5,5,House,Sajida Farooqi,Mazhar Qadri,Verified,Paid,Under Review,Paid,98700000.0
5243,Emaan Kidwai,DEMO-KPT-5243,House No. DR-790,Street 18,North Karachi,5,5,House,Emaan Kidwai,Palwasha Yazdani,Litigated,Paid,Clear,Paid,81500000.0
3520,Nayab Yousaf,DEMO-KPT-3520,House No. R-499,Street 22,North Karachi,5,5,House,Nayab Yousaf,Zara Kiani,Pending,Paid,Issue Found,Due,89500000.0
1896,Fasih Orakzai,DEMO-KPT-1896,House No. D-780,Street 23,North Karachi,5,5,House,Fasih Orakzai,Nigar Khattak,Litigated,Due,Issue Found,Due,86600000.0
3554,Areeba Mangi,DEMO-KPT-3554,House No. D-798,Street 23,North Karachi,5,5,House,Areeba Mangi,Zameer Baig,Litigated,Paid,Clear,Paid,96000000.0
3509,Akif Yasin,DEMO-KPT-3509,House No. C-646,Street 25,North Karachi,5,5,House,Akif Yasin,Arfa Hussain,Verified,Due,Clear,Paid,92900000.0
5247,Yaqoob Daudzai,DEMO-KPT-5247,House No. BB-683,Street 25,North Karachi,5,5,House,Yaqoob Daudzai,Rahila Sabri,Verified,Paid,Under Review,Paid,89000000.0
15314,Mansha Virk,DEMO-KPT-15314,House No. DBR-692,Street 30,North Karachi,5,5,House,Mansha Virk,Jamila Bhatti,Pending,Paid,Clear,Paid,83100000.0
3579,Ayla Qadri,DEMO-KPT-3579,House No. C-335,Street 1,North Karachi,6,5,House,Ayla Qadri,Sarfraz Mehmood,Pending,Due,Issue Found,Paid,81200000.0
13882,Nuzhat Shah,DEMO-KPT-13882,House No. BCD-831,Street 3,North Karachi,6,5,House,Nuzhat Shah,Gohar Laghari,Litigated,Due,Clear,Due,99300000.0
8771,Zaheer Lone,DEMO-KPT-8771,House No. BR-547,Street 5,North Karachi,6,5,House,Zaheer Lone,Hamid Gandapur,Pending,Paid,Issue Found,Paid,96600000.0
3624,Imran Khokhar,DEMO-KPT-3624,House No. D-837,Street 6,North Karachi,6,5,House,Imran Khokhar,Siddique Qazi,Pending,Paid,Under Review,Paid,83100000.0
5286,Wali Bugti,DEMO-KPT-5286,House No. DC-373,Street 8,North Karachi,6,5,House,Wali Bugti,Noor Ghazali,Pending,Paid,Under Review,Due,91400000.0
7147,Alishba Mahar,DEMO-KPT-7147,House No. CR-832,Street 8,North Karachi,6,5,House,Alishba Mahar,Isha Riaz,Litigated,Paid,Clear,Paid,87600000.0
7181,Qaiser Naseem,DEMO-KPT-7181,House No. BC-573,Street 8,North Karachi,6,5,House,Qaiser Naseem,Tehmina Shafi,Pending,Due,Clear,Paid,94600000.0
10416,Saleem Malik,DEMO-KPT-10416,House No. RC-635,Street 8,North Karachi,6,5,House,Saleem Malik,Laraib Saif,Pending,Due,Clear,Due,98800000.0
13897,Zaynab Tarar,DEMO-KPT-13897,House No. RCD-443,Street 8,North Karachi,6,5,House,Zaynab Tarar,Fida Jamal,Litigated,Paid,Clear,Paid,80100000.0
5307,Afshan Talpur,DEMO-KPT-5307,House No. RD-308,Street 9,North Karachi,6,5,House,Afshan Talpur,Sumaira Khokhar,Litigated,Paid,Clear,Paid,91600000.0
7107,Bilal Bilgrami,DEMO-KPT-7107,House No. BB-601,Street 9,North Karachi,6,5,House,Bilal Bilgrami,Inshal Mehmood,Litigated,Paid,Clear,Paid,88600000.0
5273,Samra Yazdani,DEMO-KPT-5273,House No. RC-809,Street 10,North Karachi,6,5,House,Samra Yazdani,Nabeeha Saleem,Litigated,Due,Under Review,Paid,86000000.0
15411,Musa Rehman,DEMO-KPT-15411,House No. RCD-447,Street 10,North Karachi,6,5,House,Musa Rehman,Asma Mustafa,Litigated,Due,Under Review,Due,99000000.0
7104,Sohaib Leghari,DEMO-KPT-7104,House No. CB-812,Street 13,North Karachi,6,5,House,Sohaib Leghari,Sabahat Lak,Litigated,Due,Issue Found,Paid,94800000.0
13860,Murtaza Bangash,DEMO-KPT-13860,House No. BCR-464,Street 13,North Karachi,6,5,House,Murtaza Bangash,Afshan Saeed,Litigated,Due,Clear,Paid,94400000.0
10429,Mahad Dahri,DEMO-KPT-10429,House No. CC-396,Street 14,North Karachi,6,5,House,Mahad Dahri,Emaad Pirzada,Verified,Due,Issue Found,Paid,98200000.0
3559,Shabana Alvi,DEMO-KPT-3559,House No. C-850,Street 18,North Karachi,6,5,House,Shabana Alvi,Aftab Bhatti,Verified,Paid,Under Review,Due,96000000.0
5359,Wajiha Dahri,DEMO-KPT-5359,House No. BC-586,Street 18,North Karachi,6,5,House,Wajiha Dahri,Jahangir Barakzai,Verified,Paid,Under Review,Due,97000000.0
10433,Ambreen Lak,DEMO-KPT-10433,House No. RB-748,Street 18,North Karachi,6,5,House,Ambreen Lak,Akbar Yousafzai,Litigated,Due,Issue Found,Paid,93600000.0
5271,Zaid Lak,DEMO-KPT-5271,House No. CC-584,Street 19,North Karachi,6,5,House,Zaid Lak,Asim Swati,Verified,Paid,Clear,Paid,95200000.0
12077,Munib Yazdani,DEMO-KPT-12077,House No. RD-511,Street 19,North Karachi,6,5,House,Munib Yazdani,Nawaz Kidwai,Pending,Due,Issue Found,Paid,85900000.0
15391,Kashaf Zardari,DEMO-KPT-15391,House No. BCR-839,Street 19,North Karachi,6,5,House,Kashaf Zardari,Rehan Hafeez,Pending,Due,Issue Found,Paid,88900000.0
1922,Irtaza Bhat,DEMO-KPT-1922,House No. R-775,Street 20,North Karachi,6,5,House,Irtaza Bhat,Saher Samo,Pending,Paid,Under Review,Due,87600000.0
5337,Nihal Chandio,DEMO-KPT-5337,House No. RR-584,Street 20,North Karachi,6,5,House,Nihal Chandio,Shamoon Mustafa,Litigated,Paid,Under Review,Due,87200000.0
7137,Nashra Qazi,DEMO-KPT-7137,House No. CC-549,Street 20,North Karachi,6,5,House,Nashra Qazi,Babar Bettani,Litigated,Paid,Under Review,Due,97000000.0
15422,Qasim Mirani,DEMO-KPT-15422,House No. BDC-721,Street 20,North Karachi,6,5,House,Qasim Mirani,Sundas Malik,Pending,Paid,Under Review,Due,100000000.0
12039,Sehrish Mahesar,DEMO-KPT-12039,House No. CB-346,Street 22,North Karachi,6,5,House,Sehrish Mahesar,Fabiha Mian,Litigated,Paid,Clear,Paid,98300000.0
7115,Sami Ahmed,DEMO-KPT-7115,House No. CR-891,Street 24,North Karachi,6,5,House,Sami Ahmed,Abubakar Gill,Litigated,Due,Issue Found,Paid,94600000.0
7149,Marwa Wattoo,DEMO-KPT-7149,House No. BD-764,Street 24,North Karachi,6,5,House,Marwa Wattoo,Yasir Rabbani,Pending,Paid,Issue Found,Paid,97200000.0
12059,Raheel Zahid,DEMO-KPT-12059,House No. CC-816,Street 25,North Karachi,6,5,House,Raheel Zahid,Kabeer Bajwa,Verified,Due,Clear,Paid,83500000.0
5279,Rehan Saif,DEMO-KPT-5279,House No. RB-372,Street 27,North Karachi,6,5,House,Rehan Saif,Fazal Sardar,Pending,Due,Issue Found,Paid,98200000.0
8791,Tabish Farooq,DEMO-KPT-8791,House No. DB-418,Street 29,North Karachi,6,5,House,Tabish Farooq,Bakht Jafri,Verified,Due,Issue Found,Paid,89600000.0
14000,Fasih Mustafa,DEMO-KPT-14000,House No. CDB-726,Street 1,North Karachi,7,5,House,Fasih Mustafa,Akram Ali,Pending,Paid,Issue Found,Due,93300000.0
10528,Muzammil Gilani,DEMO-KPT-10528,House No. CC-747,Street 3,North Karachi,7,5,House,Muzammil Gilani,Shazia Khuhro,Pending,Paid,Under Review,Paid,98800000.0
12173,Tahreem Mirza,DEMO-KPT-12173,House No. BR-302,Street 3,North Karachi,7,5,House,Tahreem Mirza,Sagheer Haral,Litigated,Paid,Under Review,Paid,86300000.0
12174,Kanwar Farooqi,DEMO-KPT-12174,House No. RR-882,Street 6,North Karachi,7,5,House,Kanwar Farooqi,Qayyum Naqvi,Pending,Paid,Under Review,Paid,82600000.0
2048,Bahadur Mengal,DEMO-KPT-2048,House No. D-555,Street 7,North Karachi,7,5,House,Bahadur Mengal,Naveed Ghazali,Litigated,Due,Issue Found,Due,88300000.0
7221,Hussnain Nadeem,DEMO-KPT-7221,House No. DR-436,Street 7,North Karachi,7,5,House,Hussnain Nadeem,Nadia Dogar,Verified,Due,Under Review,Due,93200000.0
12142,Zunair Chattha,DEMO-KPT-12142,House No. RC-517,Street 7,North Karachi,7,5,House,Zunair Chattha,Sabir Nadeem,Verified,Paid,Clear,Paid,94900000.0
7249,Pervaiz Ghumman,DEMO-KPT-7249,House No. RB-528,Street 8,North Karachi,7,5,House,Pervaiz Ghumman,Mahira Bajwa,Pending,Paid,Under Review,Paid,84900000.0
10461,Tahreem Tarar,DEMO-KPT-10461,House No. CR-740,Street 10,North Karachi,7,5,House,Tahreem Tarar,Ayub Usmani,Litigated,Due,Under Review,Due,99900000.0
3672,Affan Latif,DEMO-KPT-3672,House No. D-882,Street 12,North Karachi,7,5,House,Affan Latif,Mahir Alvi,Pending,Paid,Under Review,Due,89200000.0
8869,Aftab Gill,DEMO-KPT-8869,House No. BC-818,Street 12,North Karachi,7,5,House,Aftab Gill,Iftikhar Khan,Pending,Due,Issue Found,Paid,91600000.0
3681,Aneesa Mazari,DEMO-KPT-3681,House No. R-865,Street 13,North Karachi,7,5,House,Aneesa Mazari,Farid Shafi,Pending,Due,Under Review,Paid,82500000.0
3679,Abrar Wazir,DEMO-KPT-3679,House No. C-870,Street 14,North Karachi,7,5,House,Abrar Wazir,Ahsan Iqbal,Verified,Due,Issue Found,Paid,83700000.0
12192,Hashim Chaudhry,DEMO-KPT-12192,House No. DD-677,Street 15,North Karachi,7,5,House,Hashim Chaudhry,Arfa Khuhro,Pending,Due,Issue Found,Paid,98200000.0
8913,Obaid Khokhar,DEMO-KPT-8913,House No. BR-650,Street 16,North Karachi,7,5,House,Obaid Khokhar,Raheela Shakir,Verified,Paid,Under Review,Due,90800000.0
2032,Umair Hinjra,DEMO-KPT-2032,House No. R-583,Street 17,North Karachi,7,5,House,Umair Hinjra,Nabila Mirza,Litigated,Due,Issue Found,Due,90500000.0
13963,Sania Sial,DEMO-KPT-13963,House No. BRD-429,Street 17,North Karachi,7,5,House,Sania Sial,Babar Lughmani,Verified,Due,Issue Found,Paid,82000000.0
3653,Fariha Anwar,DEMO-KPT-3653,House No. C-801,Street 18,North Karachi,7,5,House,Fariha Anwar,Hania Mirza,Litigated,Paid,Clear,Paid,82300000.0
5397,Ubaid Lughmani,DEMO-KPT-5397,House No. CD-689,Street 25,North Karachi,7,5,House,Ubaid Lughmani,Hanif Lone,Litigated,Paid,Clear,Paid,81500000.0
7197,Saleem Lashari,DEMO-KPT-7197,House No. DD-510,Street 25,North Karachi,7,5,House,Saleem Lashari,Anwar Jafri,Litigated,Paid,Clear,Paid,90800000.0
15597,Ikhlaq Alvi,DEMO-KPT-15597,House No. BRC-833,Street 25,North Karachi,7,5,House,Ikhlaq Alvi,Zarmeen Ahmed,Verified,Paid,Under Review,Paid,83300000.0
7222,Babar Jafri,DEMO-KPT-7222,House No. RD-351,Street 29,North Karachi,7,5,House,Babar Jafri,Faizan Kakar,Litigated,Due,Issue Found,Due,92100000.0
15541,Nighat Yazdani,DEMO-KPT-15541,House No. RCD-523,Street 29,North Karachi,7,5,House,Nighat Yazdani,Rashid Mangi,Verified,Due,Issue Found,Paid,85400000.0
5414,Rahila Zaman,DEMO-KPT-5414,House No. BD-443,Street 30,North Karachi,7,5,House,Rahila Zaman,Syeda Jafri,Pending,Paid,Clear,Paid,91400000.0
7290,Azan Mustafa,DEMO-KPT-7290,House No. RD-490,Street 2,North Karachi,8,5,House,Azan Mustafa,Nabeel Saeed,Verified,Due,Under Review,Due,81900000.0
14040,Dilawar Siddiqui,DEMO-KPT-14040,House No. BRD-398,Street 2,North Karachi,8,5,House,Dilawar Siddiqui,Junaid Orakzai,Verified,Due,Under Review,Due,89400000.0
5545,Riaz Randhawa,DEMO-KPT-5545,House No. RD-844,Street 8,North Karachi,8,5,House,Riaz Randhawa,Hashim Saif,Verified,Paid,Under Review,Paid,97300000.0
12289,Nasrullah Khan,DEMO-KPT-12289,House No. BD-631,Street 10,North Karachi,8,5,House,Nasrullah Khan,Zawar Farooqi,Verified,Paid,Issue Found,Due,93400000.0
15623,Mehboob Mahar,DEMO-KPT-15623,House No. BDC-389,Street 10,North Karachi,8,5,House,Mehboob Mahar,Haroon Abbasi,Litigated,Due,Under Review,Paid,90300000.0
7272,Ifrah Hanif,DEMO-KPT-7272,House No. DC-725,Street 12,North Karachi,8,5,House,Ifrah Hanif,Amna Jaffri,Pending,Paid,Under Review,Due,95000000.0
12229,Shafiq Jogezai,DEMO-KPT-12229,House No. RB-574,Street 14,North Karachi,8,5,House,Shafiq Jogezai,Mukarram Gabol,Verified,Due,Issue Found,Paid,94300000.0
14029,Sajida Akhtar,DEMO-KPT-14029,House No. RCB-775,Street 14,North Karachi,8,5,House,Sajida Akhtar,Riaz Swati,Verified,Due,Issue Found,Paid,93200000.0
2163,Shanza Chaudhry,DEMO-KPT-2163,House No. C-345,Street 16,North Karachi,8,5,House,Shanza Chaudhry,Sarmad Warraich,Verified,Paid,Under Review,Due,99900000.0
3817,Rizwaan Baloch,DEMO-KPT-3817,House No. C-687,Street 16,North Karachi,8,5,House,Rizwaan Baloch,Khawar Mari,Verified,Paid,Under Review,Paid,90100000.0
10582,Furqan Ansari,DEMO-KPT-10582,House No. RB-591,Street 17,North Karachi,8,5,House,Furqan Ansari,Hashir Ghazali,Litigated,Due,Issue Found,Due,86700000.0
8927,Kaleemullah Ahmed,DEMO-KPT-8927,House No. DR-495,Street 19,North Karachi,8,5,House,Kaleemullah Ahmed,Noaman Mazari,Pending,Due,Issue Found,Paid,94900000.0
10593,Tanzeela Aslam,DEMO-KPT-10593,House No. RR-666,Street 21,North Karachi,8,5,House,Tanzeela Aslam,Tahmina Panezai,Verified,Due,Issue Found,Paid,92700000.0
2106,Hanif Rehman,DEMO-KPT-2106,House No. R-756,Street 22,North Karachi,8,5,House,Hanif Rehman,Rakhshanda Rashid,Litigated,Paid,Issue Found,Due,96200000.0
2139,Rehmat Tiwana,DEMO-KPT-2139,House No. D-688,Street 22,North Karachi,8,5,House,Rehmat Tiwana,Bisma Joiya,Litigated,Paid,Clear,Paid,90800000.0
5533,Jamshed Hashmi,DEMO-KPT-5533,House No. BB-879,Street 22,North Karachi,8,5,House,Jamshed Hashmi,Munib Randhawa,Litigated,Paid,Issue Found,Due,91200000.0
12311,Kaif Bugti,DEMO-KPT-12311,House No. BC-757,Street 22,North Karachi,8,5,House,Kaif Bugti,Kabeer Rizvi,Pending,Due,Clear,Paid,97600000.0
10572,Samiya Wattoo,DEMO-KPT-10572,House No. RR-314,Street 23,North Karachi,8,5,House,Samiya Wattoo,Rukhsana Riaz,Litigated,Due,Under Review,Due,92500000.0
10568,Sadaf Kidwai,DEMO-KPT-10568,House No. RD-527,Street 27,North Karachi,8,5,House,Sadaf Kidwai,Misbah Qadri,Pending,Due,Under Review,Due,98700000.0
8955,Habib Rashid,DEMO-KPT-8955,House No. CR-561,Street 30,North Karachi,8,5,House,Habib Rashid,Hanif Baloch,Verified,Due,Under Review,Paid,90600000.0
9050,Shan Tanvir,DEMO-KPT-9050,House No. RC-728,Street 1,North Karachi,9,5,House,Shan Tanvir,Wajiha Orakzai,Pending,Paid,Issue Found,Due,84100000.0
3859,Sidra Lak,DEMO-KPT-3859,House No. CC-436,Street 3,North Karachi,9,5,House,Sidra Lak,Sumbal Rabbani,Litigated,Due,Clear,Due,83600000.0
10687,Rashida Ansari,DEMO-KPT-10687,House No. DB-815,Street 4,North Karachi,9,5,House,Rashida Ansari,Shahroz Kidwai,Pending,Paid,Clear,Due,92900000.0
3848,Ahad Alvi,DEMO-KPT-3848,House No. C-848,Street 7,North Karachi,9,5,House,Ahad Alvi,Maira Zaidi,Litigated,Due,Issue Found,Due,83200000.0
15697,Munir Hameed,DEMO-KPT-15697,House No. DCR-897,Street 8,North Karachi,9,5,House,Munir Hameed,Waheed Khalid,Litigated,Paid,Clear,Paid,92400000.0
10707,Rustam Bangash,DEMO-KPT-10707,House No. BC-772,Street 9,North Karachi,9,5,House,Rustam Bangash,Rameez Sultan,Litigated,Paid,Clear,Paid,98200000.0
14121,Sheeba Jafri,DEMO-KPT-14121,House No. CDR-851,Street 9,North Karachi,9,5,House,Sheeba Jafri,Nigar Ahmed,Litigated,Paid,Under Review,Due,91700000.0
3919,Sabeen Hussain,DEMO-KPT-3919,House No. CB-733,Street 12,North Karachi,9,5,House,Sabeen Hussain,Shahmeer Bashir,Pending,Due,Issue Found,Paid,83300000.0
5588,Nabeeha Yasin,DEMO-KPT-5588,House No. BC-521,Street 13,North Karachi,9,5,House,Nabeeha Yasin,Mehwish Warsi,Pending,Paid,Clear,Paid,98000000.0
10605,Kaneez Wani,DEMO-KPT-10605,House No. RB-694,Street 13,North Karachi,9,5,House,Kaneez Wani,Burhan Mustafa,Litigated,Due,Under Review,Paid,93100000.0
5629,Tabassum Rabbani,DEMO-KPT-5629,House No. DB-714,Street 15,North Karachi,9,5,House,Tabassum Rabbani,Tauseef Kakar,Pending,Paid,Under Review,Due,93500000.0
9055,Urooj Saleem,DEMO-KPT-9055,House No. DR-791,Street 16,North Karachi,9,5,House,Urooj Saleem,Hoorain Yousafzai,Pending,Paid,Under Review,Paid,83000000.0
15711,Ihtisham Mughal,DEMO-KPT-15711,House No. BRD-811,Street 16,North Karachi,9,5,House,Ihtisham Mughal,Rafay Noor,Verified,Paid,Clear,Due,97700000.0
3921,Sehar Abro,DEMO-KPT-3921,House No. CD-455,Street 19,North Karachi,9,5,House,Sehar Abro,Hanif Farooq,Verified,Paid,Clear,Paid,85400000.0
7406,Neha Tunio,DEMO-KPT-7406,House No. RC-560,Street 19,North Karachi,9,5,House,Neha Tunio,Arham Tunio,Litigated,Paid,Issue Found,Due,91600000.0
10670,Jamila Gabol,DEMO-KPT-10670,House No. CD-877,Street 19,North Karachi,9,5,House,Jamila Gabol,Suleman Rind,Verified,Due,Issue Found,Paid,92100000.0
14111,Sabahat Hafeez,DEMO-KPT-14111,House No. CRB-525,Street 22,North Karachi,9,5,House,Sabahat Hafeez,Aleeza Afridi,Pending,Due,Clear,Paid,80800000.0
5622,Kamil Waheed,DEMO-KPT-5622,House No. CB-427,Street 23,North Karachi,9,5,House,Kamil Waheed,Ayeza Abbasi,Litigated,Due,Under Review,Due,99100000.0
12357,Fatima Imran,DEMO-KPT-12357,House No. DB-771,Street 25,North Karachi,9,5,House,Fatima Imran,Azka Jaffri,Verified,Due,Under Review,Paid,84000000.0
3868,Ilyas Siddiqui,DEMO-KPT-3868,House No. BB-831,Street 27,North Karachi,9,5,House,Ilyas Siddiqui,Naila Ghani,Pending,Paid,Issue Found,Paid,94300000.0
3945,Shahida Wazir,DEMO-KPT-3945,House No. RB-639,Street 28,North Karachi,9,5,House,Shahida Wazir,Asifa Tareen,Litigated,Due,Clear,Due,89400000.0
12409,Tanveer Kamboh,DEMO-KPT-12409,House No. DB-789,Street 3,North Karachi,10,5,House,Tanveer Kamboh,Jabbar Sahito,Litigated,Due,Clear,Due,83000000.0
14171,Hafsa Lodhi,DEMO-KPT-14171,House No. BRC-587,Street 5,North Karachi,10,5,House,Hafsa Lodhi,Saima Mahar,Pending,Paid,Issue Found,Paid,95400000.0
3997,Abbas Bettani,DEMO-KPT-3997,House No. BR-433,Street 8,North Karachi,10,5,House,Abbas Bettani,Sobia Virk,Litigated,Paid,Clear,Paid,90400000.0
15816,Najma Joiya,DEMO-KPT-15816,House No. RBC-578,Street 8,North Karachi,10,5,House,Najma Joiya,Jamshed Rizvi,Pending,Due,Clear,Due,82800000.0
9128,Mashal Aslam,DEMO-KPT-9128,House No. BC-570,Street 13,North Karachi,10,5,House,Mashal Aslam,Muneeba Chaudhry,Litigated,Due,Issue Found,Due,83000000.0
10710,Minhaj Mengal,DEMO-KPT-10710,House No. RB-724,Street 13,North Karachi,10,5,House,Minhaj Mengal,Zohra Ali,Litigated,Due,Clear,Paid,89400000.0
5682,Alishba Gilani,DEMO-KPT-5682,House No. RB-638,Street 15,North Karachi,10,5,House,Alishba Gilani,Nayyar Lakhani,Verified,Due,Clear,Paid,94600000.0
14179,Zohair Bhatti,DEMO-KPT-14179,House No. CRB-359,Street 15,North Karachi,10,5,House,Zohair Bhatti,Irfan Abro,Pending,Paid,Under Review,Due,87400000.0
12456,Tariq Panhwar,DEMO-KPT-12456,House No. RR-499,Street 22,North Karachi,10,5,House,Tariq Panhwar,Sumaira Gakhar,Litigated,Paid,Issue Found,Due,81000000.0
15846,Tahir Sandhu,DEMO-KPT-15846,House No. CBR-698,Street 23,North Karachi,10,5,House,Tahir Sandhu,Wania Saeed,Litigated,Due,Issue Found,Due,93300000.0
10770,Yumna Chattha,DEMO-KPT-10770,House No. CD-846,Street 26,North Karachi,10,5,House,Yumna Chattha,Rashid Bhurgri,Pending,Due,Under Review,Due,83900000.0
5729,Dania Tanvir,DEMO-KPT-5729,House No. RR-798,Street 27,North Karachi,10,5,House,Dania Tanvir,Owais Haral,Pending,Due,Issue Found,Paid,83000000.0
7505,Haris Wani,DEMO-KPT-7505,House No. DR-483,Street 1,North Karachi,11,5,House,Haris Wani,Rizwan Hussain,Litigated,Due,Under Review,Paid,89500000.0
10858,Raheela Mansoor,DEMO-KPT-10858,House No. CB-689,Street 1,North Karachi,11,5,House,Raheela Mansoor,Affan Noor,Pending,Paid,Clear,Paid,87800000.0
9178,Mahnoor Shinwari,DEMO-KPT-9178,House No. CD-664,Street 3,North Karachi,11,5,House,Mahnoor Shinwari,Manahil Sipra,Pending,Paid,Under Review,Paid,89500000.0
7536,Jabbar Soomro,DEMO-KPT-7536,House No. BR-835,Street 8,North Karachi,11,5,House,Jabbar Soomro,Majid Tunio,Pending,Paid,Under Review,Due,87700000.0
15921,Zaheer Sipra,DEMO-KPT-15921,House No. BCR-757,Street 9,North Karachi,11,5,House,Zaheer Sipra,Nudrat Bukhari,Litigated,Paid,Under Review,Due,87500000.0
10881,Subhan Dahri,DEMO-KPT-10881,House No. RB-377,Street 13,North Karachi,11,5,House,Subhan Dahri,Mubashra Sultan,Pending,Due,Under Review,Paid,92400000.0
12468,Ashraf Saif,DEMO-KPT-12468,House No. BB-835,Street 14,North Karachi,11,5,House,Ashraf Saif,Batool Khalid,Verified,Due,Issue Found,Paid,80700000.0
7482,Irum Ghauri,DEMO-KPT-7482,House No. BC-569,Street 15,North Karachi,11,5,House,Irum Ghauri,Wahab Bhutto,Verified,Due,Clear,Paid,83600000.0
14232,Ismail Ijaz,DEMO-KPT-14232,House No. RBC-336,Street 15,North Karachi,11,5,House,Ismail Ijaz,Saleem Bhittani,Verified,Due,Clear,Paid,83600000.0
5763,Faisal Lughmani,DEMO-KPT-5763,House No. DC-325,Street 16,North Karachi,11,5,House,Faisal Lughmani,Bilawal Ghazali,Verified,Paid,Under Review,Due,100000000.0
10853,Zarar Ali,DEMO-KPT-10853,House No. BD-792,Street 18,North Karachi,11,5,House,Zarar Ali,Rimsha Hafeez,Litigated,Paid,Clear,Paid,95000000.0
10883,Shamoon Naqvi,DEMO-KPT-10883,House No. CD-443,Street 18,North Karachi,11,5,House,Shamoon Naqvi,Samina Mughal,Litigated,Due,Issue Found,Paid,90700000.0
5777,Noman Warraich,DEMO-KPT-5777,House No. BR-304,Street 19,North Karachi,11,5,House,Noman Warraich,Aleena Kharal,Pending,Due,Issue Found,Paid,81200000.0
15872,Nashra Noor,DEMO-KPT-15872,House No. RCD-428,Street 20,North Karachi,11,5,House,Nashra Noor,Zubia Toor,Pending,Paid,Under Review,Due,87800000.0
7539,Laila Ilyas,DEMO-KPT-7539,House No. CR-672,Street 22,North Karachi,11,5,House,Laila Ilyas,Nigar Bhatti,Litigated,Paid,Clear,Paid,87200000.0
5799,Bakhtiar Ghazali,DEMO-KPT-5799,House No. BB-384,Street 24,North Karachi,11,5,House,Bakhtiar Ghazali,Sameen Bajwa,Pending,Paid,Issue Found,Paid,85500000.0
7529,Rubina Mansoor,DEMO-KPT-7529,House No. BR-858,Street 27,North Karachi,11,5,House,Rubina Mansoor,Uroosa Aslam,Pending,Due,Issue Found,Paid,84600000.0
2509,Mehboob Ghauri,DEMO-KPT-2509,House No. D-538,Street 3,North Karachi,12,5,House,Mehboob Ghauri,Raheel Awan,Litigated,Due,Clear,Due,98900000.0
16009,Yameen Mazari,DEMO-KPT-16009,House No. RBC-795,Street 3,North Karachi,12,5,House,Yameen Mazari,Najma Bhurgri,Litigated,Due,Clear,Due,92500000.0
2471,Zoya Peerzada,DEMO-KPT-2471,House No. R-478,Street 5,North Karachi,12,5,House,Zoya Peerzada,Basit Nawaz,Pending,Paid,Issue Found,Paid,80000000.0
2498,Naseer Laghari,DEMO-KPT-2498,House No. B-569,Street 7,North Karachi,12,5,House,Naseer Laghari,Nasrullah Noor,Litigated,Due,Issue Found,Due,83100000.0
14347,Balaj Sial,DEMO-KPT-14347,House No. CDR-601,Street 8,North Karachi,12,5,House,Balaj Sial,Zohaib Zubair,Litigated,Paid,Clear,Paid,94000000.0
14273,Nadir Ilyas,DEMO-KPT-14273,House No. RBC-626,Street 10,North Karachi,12,5,House,Nadir Ilyas,Sajid Bugti,Litigated,Due,Under Review,Paid,88900000.0
4107,Ihtisham Shah,DEMO-KPT-4107,House No. RR-840,Street 12,North Karachi,12,5,House,Ihtisham Shah,Shahid Mansoor,Verified,Due,Clear,Paid,81700000.0
4129,Mirha Zaman,DEMO-KPT-4129,House No. RR-424,Street 14,North Karachi,12,5,House,Mirha Zaman,Mashal Zaman,Verified,Due,Issue Found,Paid,81100000.0
5809,Nailah Sultan,DEMO-KPT-5809,House No. DD-702,Street 18,North Karachi,12,5,House,Nailah Sultan,Saqib Jadoon,Verified,Paid,Under Review,Due,90600000.0
7609,Mahnaz Yaqoob,DEMO-KPT-7609,House No. BB-759,Street 18,North Karachi,12,5,House,Mahnaz Yaqoob,Hanif Pirzada,Verified,Paid,Under Review,Due,92300000.0
9293,Laraib Kamboh,DEMO-KPT-9293,House No. BB-615,Street 18,North Karachi,12,5,House,Laraib Kamboh,Sameen Mahar,Litigated,Paid,Clear,Paid,94600000.0
2493,Aneesa Latif,DEMO-KPT-2493,House No. C-888,Street 21,North Karachi,12,5,House,Aneesa Latif,Zahida Jafri,Verified,Due,Issue Found,Paid,87900000.0
4187,Sakina Mansoor,DEMO-KPT-4187,House No. RR-517,Street 21,North Karachi,12,5,House,Sakina Mansoor,Shahzadi Lone,Litigated,Due,Clear,Paid,94400000.0
7604,Hadi Jafri,DEMO-KPT-7604,House No. DC-630,Street 23,North Karachi,12,5,House,Hadi Jafri,Zulekha Yazdani,Litigated,Paid,Clear,Paid,91500000.0
7599,Feroz Samo,DEMO-KPT-7599,House No. DR-366,Street 24,North Karachi,12,5,House,Feroz Samo,Unaiza Jamali,Pending,Paid,Issue Found,Paid,88600000.0
14349,Palwasha Yousafzai,DEMO-KPT-14349,House No. RCD-872,Street 24,North Karachi,12,5,House,Palwasha Yousafzai,Nayab Nasar,Pending,Paid,Issue Found,Paid,100000000.0
14309,Sitara Rizvi,DEMO-KPT-14309,House No. BRD-809,Street 25,North Karachi,12,5,House,Sitara Rizvi,Anmol Hameed,Verified,Due,Clear,Paid,89600000.0
15957,Kaleemullah Cheena,DEMO-KPT-15957,House No. CDR-545,Street 25,North Karachi,12,5,House,Kaleemullah Cheena,Shahab Sadiq,Verified,Due,Under Review,Paid,92100000.0
16047,Ashraf Mahar,DEMO-KPT-16047,House No. BCD-525,Street 25,North Karachi,12,5,House,Ashraf Mahar,Alizeh Parvez,Verified,Paid,Under Review,Paid,98400000.0
12570,Nasir Nasar,DEMO-KPT-12570,House No. CB-831,Street 26,North Karachi,12,5,House,Nasir Nasar,Nigar Rajput,Pending,Due,Under Review,Due,95500000.0
2518,Maryum Rashid,DEMO-KPT-2518,House No. R-477,Street 27,North Karachi,12,5,House,Maryum Rashid,Khurram Kakar,Pending,Paid,Issue Found,Paid,83300000.0
14295,Nida Rehman,DEMO-KPT-14295,House No. DCB-303,Street 28,North Karachi,12,5,House,Nida Rehman,Areeba Naseem,Litigated,Due,Clear,Due,99500000.0
9241,Beenish Pasha,DEMO-KPT-9241,House No. RC-407,Street 29,North Karachi,12,5,House,Beenish Pasha,Yawar Zubairi,Verified,Due,Issue Found,Paid,83500000.0
5864,Kamran Ghumman,DEMO-KPT-5864,House No. BR-697,Street 30,North Karachi,12,5,House,Kamran Ghumman,Yawar Kalhoro,Pending,Paid,Clear,Paid,92900000.0
14353,Shumaila Khuhro,DEMO-KPT-14353,House No. BRC-536,Street 1,North Karachi,13,5,House,Shumaila Khuhro,Sitara Khuhro,Verified,Paid,Issue Found,Due,96200000.0
4228,Shaista Marri,DEMO-KPT-4228,House No. DR-803,Street 3,North Karachi,13,5,House,Shaista Marri,Emaan Magsi,Pending,Paid,Under Review,Paid,91700000.0
12623,Zamzam Warraich,DEMO-KPT-12623,House No. RC-499,Street 3,North Karachi,13,5,House,Zamzam Warraich,Naila Shafiq,Litigated,Paid,Under Review,Paid,99400000.0
2587,Zulekha Qureshi,DEMO-KPT-2587,House No. R-372,Street 4,North Karachi,13,5,House,Zulekha Qureshi,Kaleem Marwat,Pending,Paid,Clear,Due,91500000.0
14421,Sabih Saeed,DEMO-KPT-14421,House No. CBD-648,Street 7,North Karachi,13,5,House,Sabih Saeed,Bushra Sultan,Verified,Due,Under Review,Due,97000000.0
5899,Saeed Jafri,DEMO-KPT-5899,House No. DR-406,Street 8,North Karachi,13,5,House,Saeed Jafri,Sibtain Dayo,Pending,Paid,Under Review,Paid,91400000.0
4305,Shafiq Siddiqui,DEMO-KPT-4305,House No. DD-413,Street 13,North Karachi,13,5,House,Shafiq Siddiqui,Nargis Usmani,Litigated,Due,Under Review,Paid,83800000.0
9354,Aamir Jaffri,DEMO-KPT-9354,House No. RD-766,Street 13,North Karachi,13,5,House,Aamir Jaffri,Qaiser Gill,Litigated,Due,Issue Found,Paid,98600000.0
7692,Zohaib Hameed,DEMO-KPT-7692,House No. BC-328,Street 15,North Karachi,13,5,House,Zohaib Hameed,Husna Abro,Pending,Due,Issue Found,Paid,88300000.0
4267,Manahil Chaudhry,DEMO-KPT-4267,House No. DR-417,Street 16,North Karachi,13,5,House,Manahil Chaudhry,Kaleemullah Lak,Verified,Paid,Under Review,Paid,82200000.0
9363,Tanveer Mirani,DEMO-KPT-9363,House No. BD-530,Street 16,North Karachi,13,5,House,Tanveer Mirani,Babar Daudzai,Verified,Paid,Under Review,Due,95900000.0
4282,Ahmed Lughmani,DEMO-KPT-4282,House No. CC-818,Street 17,North Karachi,13,5,House,Ahmed Lughmani,Zara Nadeem,Litigated,Due,Issue Found,Due,97000000.0
11032,Shagufta Afridi,DEMO-KPT-11032,House No. BD-836,Street 17,North Karachi,13,5,House,Shagufta Afridi,Zahida Aslam,Litigated,Due,Issue Found,Due,95900000.0
14413,Fatima Palijo,DEMO-KPT-14413,House No. RCB-695,Street 17,North Karachi,13,5,House,Fatima Palijo,Raheela Anwar,Verified,Due,Issue Found,Paid,90400000.0
2543,Rehana Shah,DEMO-KPT-2543,House No. R-870,Street 18,North Karachi,13,5,House,Rehana Shah,Ashfaq Gilani,Litigated,Paid,Clear,Paid,89900000.0
5903,Raheel Sipra,DEMO-KPT-5903,House No. CC-633,Street 18,North Karachi,13,5,House,Raheel Sipra,Umair Peerzada,Litigated,Paid,Clear,Paid,85900000.0
7733,Asra Majeed,DEMO-KPT-7733,House No. DD-705,Street 18,North Karachi,13,5,House,Asra Majeed,Humaira Lodhi,Litigated,Due,Issue Found,Paid,90100000.0
2570,Inayat Dayo,DEMO-KPT-2570,House No. D-691,Street 19,North Karachi,13,5,House,Inayat Dayo,Saleem Ansari,Verified,Due,Issue Found,Paid,88600000.0
9321,Nailah Hanif,DEMO-KPT-9321,House No. CD-728,Street 19,North Karachi,13,5,House,Nailah Hanif,Maham Ijaz,Verified,Paid,Clear,Paid,93800000.0
16058,Atiya Zubairi,DEMO-KPT-16058,House No. DBR-610,Street 19,North Karachi,13,5,House,Atiya Zubairi,Sidrah Tanoli,Verified,Paid,Under Review,Due,81100000.0
16070,Muneeb Ali,DEMO-KPT-16070,House No. BRC-655,Street 19,North Karachi,13,5,House,Muneeb Ali,Rabia Shinwari,Verified,Due,Issue Found,Paid,97100000.0
9306,Mahnoor Kamal,DEMO-KPT-9306,House No. BC-880,Street 22,North Karachi,13,5,House,Mahnoor Kamal,Bushra Gondal,Litigated,Paid,Issue Found,Due,91300000.0
16089,Zahida Mian,DEMO-KPT-16089,House No. CRD-682,Street 22,North Karachi,13,5,House,Zahida Mian,Aashir Sial,Litigated,Paid,Clear,Paid,98800000.0
2579,Amjad Afridi,DEMO-KPT-2579,House No. B-356,Street 27,North Karachi,13,5,House,Amjad Afridi,Sajjad Mohammadzai,Pending,Due,Issue Found,Paid,87100000.0
11018,Mehreen Chattha,DEMO-KPT-11018,House No. CC-407,Street 27,North Karachi,13,5,House,Mehreen Chattha,Mahmood Lone,Pending,Due,Under Review,Due,96500000.0
12622,Khadija Bilgrami,DEMO-KPT-12622,House No. CR-811,Street 29,North Karachi,13,5,House,Khadija Bilgrami,Farhan Gill,Litigated,Due,Issue Found,Due,82200000.0
9403,Asad Ahmed,DEMO-KPT-9403,House No. RC-806,Street 1,North Karachi,14,5,House,Asad Ahmed,Zuha Gondal,Verified,Paid,Issue Found,Due,84200000.0
16132,Aslam Niazi,DEMO-KPT-16132,House No. CDB-661,Street 3,North Karachi,14,5,House,Aslam Niazi,Saleha Gabol,Litigated,Due,Clear,Due,98100000.0
9438,Sagheer Warsi,DEMO-KPT-9438,House No. BC-628,Street 5,North Karachi,14,5,House,Sagheer Warsi,Zahra Memon,Litigated,Due,Clear,Paid,80600000.0
2607,Haroon Akhtar,DEMO-KPT-2607,House No. D-863,Street 9,North Karachi,14,5,House,Haroon Akhtar,Saba Yousafzai,Litigated,Paid,Clear,Paid,94600000.0
9428,Arooj Yasin,DEMO-KPT-9428,House No. RB-762,Street 9,North Karachi,14,5,House,Arooj Yasin,Qayyum Mirani,Litigated,Due,Issue Found,Paid,96100000.0
12711,Afshan Sheikh,DEMO-KPT-12711,House No. DD-303,Street 10,North Karachi,14,5,House,Afshan Sheikh,Salma Dreshak,Litigated,Due,Under Review,Due,99700000.0
12739,Hoorain Qazi,DEMO-KPT-12739,House No. DD-446,Street 10,North Karachi,14,5,House,Hoorain Qazi,Zubia Sultan,Verified,Paid,Issue Found,Due,98100000.0
14457,Nawal Ghumman,DEMO-KPT-14457,House No. CBR-364,Street 12,North Karachi,14,5,House,Nawal Ghumman,Mahir Junejo,Verified,Due,Clear,Paid,87900000.0
2625,Palwasha Qureshi,DEMO-KPT-2625,House No. C-503,Street 13,North Karachi,14,5,House,Palwasha Qureshi,Anwar Soomro,Pending,Paid,Clear,Due,94300000.0
6038,Esha Palijo,DEMO-KPT-6038,House No. CC-728,Street 13,North Karachi,14,5,House,Esha Palijo,Noaman Ijaz,Pending,Paid,Clear,Paid,96500000.0
16125,Farah Kharal,DEMO-KPT-16125,House No. BRC-689,Street 13,North Karachi,14,5,House,Farah Kharal,Khadija Nawaz,Pending,Paid,Clear,Due,83100000.0
4368,Bakhtawar Farooqi,DEMO-KPT-4368,House No. DC-868,Street 14,North Karachi,14,5,House,Bakhtawar Farooqi,Sufyan Lodhi,Verified,Due,Issue Found,Paid,96400000.0
14479,Mazen Warsi,DEMO-KPT-14479,House No. CDR-390,Street 14,North Karachi,14,5,House,Mazen Warsi,Raees Parvez,Verified,Due,Issue Found,Paid,94300000.0
14442,Shayan Hoti,DEMO-KPT-14442,House No. CRB-530,Street 15,North Karachi,14,5,House,Shayan Hoti,Hafiz Gondal,Pending,Due,Issue Found,Paid,82100000.0
2613,Manahil Umer,DEMO-KPT-2613,House No. R-625,Street 16,North Karachi,14,5,House,Manahil Umer,Tanzeela Mahar,Verified,Paid,Under Review,Due,84900000.0
16161,Bakhtawar Pasha,DEMO-KPT-16161,House No. CBR-503,Street 16,North Karachi,14,5,House,Bakhtawar Pasha,Alam Gandapur,Verified,Paid,Clear,Due,95800000.0
14453,Uroosa Ghazali,DEMO-KPT-14453,House No. CRB-460,Street 18,North Karachi,14,5,House,Uroosa Ghazali,Fatima Bajwa,Litigated,Paid,Clear,Paid,93800000.0
2627,Rafay Hameed,DEMO-KPT-2627,House No. B-522,Street 19,North Karachi,14,5,House,Rafay Hameed,Sehar Awan,Pending,Due,Issue Found,Paid,94700000.0
6056,Kainat Hanif,DEMO-KPT-6056,House No. BD-465,Street 19,North Karachi,14,5,House,Kainat Hanif,Kamran Mansoor,Litigated,Paid,Issue Found,Due,99300000.0
11043,Akif Ahmed,DEMO-KPT-11043,House No. CC-478,Street 21,North Karachi,14,5,House,Akif Ahmed,Maryum Dahri,Verified,Due,Issue Found,Paid,81300000.0
2620,Faiza Qadir,DEMO-KPT-2620,House No. C-373,Street 22,North Karachi,14,5,House,Faiza Qadir,Palwasha Rafique,Pending,Paid,Issue Found,Due,94500000.0
7783,Ayub Minhas,DEMO-KPT-7783,House No. RD-379,Street 22,North Karachi,14,5,House,Ayub Minhas,Munir Randhawa,Litigated,Paid,Issue Found,Due,93300000.0
6057,Maqsood Rind,DEMO-KPT-6057,House No. CR-737,Street 25,North Karachi,14,5,House,Maqsood Rind,Bilquis Jamali,Verified,Due,Under Review,Paid,84800000.0
11041,Farid Sardar,DEMO-KPT-11041,House No. BD-675,Street 29,North Karachi,14,5,House,Farid Sardar,Tehmina Marwat,Verified,Due,Issue Found,Paid,99200000.0
9455,Irum Tanoli,DEMO-KPT-9455,House No. CC-480,Street 4,North Karachi,15,5,House,Irum Tanoli,Nafisa Naqvi,Verified,Paid,Issue Found,Paid,92100000.0
16188,Nimra Sadiq,DEMO-KPT-16188,House No. DRC-698,Street 5,North Karachi,15,5,House,Nimra Sadiq,Aiman Rajper,Litigated,Due,Clear,Paid,92800000.0
16221,Malaika Lari,DEMO-KPT-16221,House No. CBR-854,Street 7,North Karachi,15,5,House,Malaika Lari,Afzal Jafri,Verified,Due,Under Review,Due,80400000.0
2647,Zeeshan Naqvi,DEMO-KPT-2647,House No. C-394,Street 8,North Karachi,15,5,House,Zeeshan Naqvi,Yameen Lughmani,Litigated,Paid,Clear,Paid,83000000.0
2681,Isha Parvez,DEMO-KPT-2681,House No. B-756,Street 8,North Karachi,15,5,House,Isha Parvez,Raza Hussain,Pending,Due,Clear,Paid,96800000.0
4407,Danish Hussain,DEMO-KPT-4407,House No. BR-469,Street 9,North Karachi,15,5,House,Danish Hussain,Asim Gondal,Litigated,Paid,Clear,Paid,93600000.0
11118,Palwasha Mahar,DEMO-KPT-11118,House No. CC-380,Street 14,North Karachi,15,5,House,Palwasha Mahar,Azeem Jamali,Verified,Due,Issue Found,Paid,84600000.0
12817,Tauseef Joiya,DEMO-KPT-12817,House No. BR-550,Street 16,North Karachi,15,5,House,Tauseef Joiya,Rafay Sial,Verified,Paid,Under Review,Paid,80400000.0
9463,Nigar Lakhani,DEMO-KPT-9463,House No. BD-584,Street 17,North Karachi,15,5,House,Nigar Lakhani,Ayla Pirzada,Verified,Due,Issue Found,Paid,87000000.0
4459,Wajid Gabol,DEMO-KPT-4459,House No. CC-874,Street 18,North Karachi,15,5,House,Wajid Gabol,Azeem Lone,Verified,Paid,Under Review,Due,85200000.0
14537,Isha Tarar,DEMO-KPT-14537,House No. DBC-474,Street 21,North Karachi,15,5,House,Isha Tarar,Balaj Ghani,Litigated,Due,Clear,Paid,86200000.0
6068,Zubaid Peerzada,DEMO-KPT-6068,House No. BR-579,Street 27,North Karachi,15,5,House,Zubaid Peerzada,Luqman Tariq,Pending,Due,Under Review,Due,98000000.0
11129,Anum Gilani,DEMO-KPT-11129,House No. CC-642,Street 27,North Karachi,15,5,House,Anum Gilani,Inaya Pasha,Pending,Due,Issue Found,Paid,94800000.0
6124,Mushtaq Mansoor,DEMO-KPT-6124,House No. RR-358,Street 29,North Karachi,15,5,House,Mushtaq Mansoor,Isha Warraich,Verified,Due,Clear,Paid,91300000.0
7837,Ayub Bashir,DEMO-KPT-7837,House No. DR-553,Street 29,North Karachi,15,5,House,Ayub Bashir,Arisha Rajper,Pending,Due,Clear,Paid,82100000.0
16222,Mohsin Marri,DEMO-KPT-16222,House No. RDB-317,Street 29,North Karachi,15,5,House,Mohsin Marri,Aiman Sandhu,Litigated,Due,Issue Found,Due,93600000.0
16214,Azeem Hayat,DEMO-KPT-16214,House No. CBR-798,Street 30,North Karachi,15,5,House,Azeem Hayat,Kaleemullah Jaffri,Pending,Paid,Clear,Paid,95500000.0
2758,Akbar Saeed,DEMO-KPT-2758,House No. D-349,Street 1,North Karachi,16,5,House,Akbar Saeed,Azeem Kazmi,Pending,Paid,Clear,Paid,88200000.0
4558,Farid Mir,DEMO-KPT-4558,House No. RD-482,Street 1,North Karachi,16,5,House,Farid Mir,Maimoona Zubairi,Pending,Paid,Clear,Paid,90200000.0
16290,Gohar Sheikh,DEMO-KPT-16290,House No. RBC-646,Street 2,North Karachi,16,5,House,Gohar Sheikh,Rehman Kamboh,Verified,Due,Under Review,Due,95000000.0
11274,Kausar Sipra,DEMO-KPT-11274,House No. BD-559,Street 6,North Karachi,16,5,House,Kausar Sipra,Waheed Daudzai,Pending,Paid,Under Review,Paid,81100000.0
16249,Kainat Nadeem,DEMO-KPT-16249,House No. CRB-662,Street 8,North Karachi,16,5,House,Kainat Nadeem,Amna Mohmand,Pending,Paid,Under Review,Paid,92500000.0
2757,Yaqoob Hayat,DEMO-KPT-2757,House No. B-880,Street 12,North Karachi,16,5,House,Yaqoob Hayat,Khadija Gandapur,Verified,Due,Clear,Paid,80500000.0
12919,Rohail Sial,DEMO-KPT-12919,House No. BC-821,Street 12,North Karachi,16,5,House,Rohail Sial,Firdous Bijarani,Pending,Due,Issue Found,Paid,88700000.0
16246,Nashra Sadiq,DEMO-KPT-16246,House No. DBC-453,Street 12,North Karachi,16,5,House,Nashra Sadiq,Yaqoob Junejo,Litigated,Due,Under Review,Due,91100000.0
16257,Farid Cheena,DEMO-KPT-16257,House No. RCB-326,Street 12,North Karachi,16,5,House,Farid Cheena,Sahar Kamal,Verified,Due,Clear,Paid,84600000.0
7970,Shanza Mahar,DEMO-KPT-7970,House No. DR-476,Street 19,North Karachi,16,5,House,Shanza Mahar,Mehak Malik,Verified,Due,Issue Found,Paid,90600000.0
6237,Feroz Ghani,DEMO-KPT-6237,House No. DR-431,Street 20,North Karachi,16,5,House,Feroz Ghani,Khansa Yousaf,Litigated,Paid,Under Review,Due,80600000.0
6220,Beenish Hanif,DEMO-KPT-6220,House No. BD-587,Street 22,North Karachi,16,5,House,Beenish Hanif,Imtiaz Ahmed,Pending,Paid,Issue Found,Due,93500000.0
12939,Shabana Kakar,DEMO-KPT-12939,House No. RR-409,Street 22,North Karachi,16,5,House,Shabana Kakar,Kaif Baloch,Litigated,Paid,Clear,Paid,88100000.0
2748,Abbas Tareen,DEMO-KPT-2748,House No. B-358,Street 23,North Karachi,16,5,House,Abbas Tareen,Sami Yousaf,Verified,Due,Clear,Paid,89700000.0
11204,Shamoon Mengal,DEMO-KPT-11204,House No. RD-879,Street 23,North Karachi,16,5,House,Shamoon Mengal,Hina Mustafa,Litigated,Paid,Clear,Paid,86500000.0
7918,Hina Jogezai,DEMO-KPT-7918,House No. CB-486,Street 27,North Karachi,16,5,House,Hina Jogezai,Naseer Warraich,Pending,Paid,Issue Found,Paid,82300000.0
7979,Zubia Zaman,DEMO-KPT-7979,House No. CD-880,Street 27,North Karachi,16,5,House,Zubia Zaman,Amna Nasar,Pending,Due,Issue Found,Paid,82900000.0
14618,Maimoona Mirani,DEMO-KPT-14618,House No. DCB-674,Street 27,North Karachi,16,5,House,Maimoona Mirani,Qurat Ghazali,Pending,Due,Under Review,Due,82500000.0
14705,Nabeel Malik,DEMO-KPT-14705,House No. RBD-512,Street 1,North Karachi,17,5,House,Nabeel Malik,Fahim Siddiqui,Litigated,Due,Under Review,Paid,93800000.0
14689,Rohail Dreshak,DEMO-KPT-14689,House No. CRB-748,Street 4,North Karachi,17,5,House,Rohail Dreshak,Ayesha Zafar,Verified,Due,Issue Found,Paid,84300000.0
6321,Hafsa Siddiqui,DEMO-KPT-6321,House No. DR-338,Street 7,North Karachi,17,5,House,Hafsa Siddiqui,Aleena Gill,Verified,Due,Under Review,Due,87300000.0
6278,Muhammad Abro,DEMO-KPT-6278,House No. BD-416,Street 9,North Karachi,17,5,House,Muhammad Abro,Nabeeha Tanvir,Litigated,Due,Issue Found,Paid,83600000.0
11322,Mehwish Mari,DEMO-KPT-11322,House No. DD-673,Street 12,North Karachi,17,5,House,Mehwish Mari,Anila Nasar,Pending,Paid,Under Review,Due,84600000.0
4581,Wajiha Kiani,DEMO-KPT-4581,House No. DB-492,Street 13,North Karachi,17,5,House,Wajiha Kiani,Komal Jaffri,Pending,Due,Under Review,Paid,86500000.0
8010,Maham Sadiq,DEMO-KPT-8010,House No. BD-360,Street 13,North Karachi,17,5,House,Maham Sadiq,Nudrat Sabri,Litigated,Due,Clear,Paid,99600000.0
12954,Amber Rind,DEMO-KPT-12954,House No. DD-363,Street 13,North Karachi,17,5,House,Amber Rind,Shakeel Riaz,Litigated,Due,Issue Found,Paid,82200000.0
16328,Fiza Baloch,DEMO-KPT-16328,House No. BDR-443,Street 13,North Karachi,17,5,House,Fiza Baloch,Burhan Qureshi,Litigated,Due,Issue Found,Due,83900000.0
14718,Tahira Haral,DEMO-KPT-14718,House No. RBD-453,Street 14,North Karachi,17,5,House,Tahira Haral,Ghulam Rafique,Verified,Due,Issue Found,Paid,87800000.0
11292,Hoor Yazdani,DEMO-KPT-11292,House No. BC-446,Street 15,North Karachi,17,5,House,Hoor Yazdani,Najma Bhatti,Pending,Due,Issue Found,Paid,90400000.0
16429,Rubab Mughal,DEMO-KPT-16429,House No. RCD-856,Street 15,North Karachi,17,5,House,Rubab Mughal,Zaynab Turk,Pending,Paid,Under Review,Due,97300000.0
16432,Asma Gakhar,DEMO-KPT-16432,House No. CRB-739,Street 17,North Karachi,17,5,House,Asma Gakhar,Shamim Anwar,Litigated,Due,Issue Found,Due,84300000.0
11303,Mubashra Mengal,DEMO-KPT-11303,House No. RC-524,Street 18,North Karachi,17,5,House,Mubashra Mengal,Uroosa Hameed,Litigated,Paid,Clear,Paid,81500000.0
14693,Nawal Khosa,DEMO-KPT-14693,House No. RCB-553,Street 18,North Karachi,17,5,House,Nawal Khosa,Farzana Ghumman,Litigated,Paid,Clear,Paid,95700000.0
9656,Zainab Waheed,DEMO-KPT-9656,House No. BB-761,Street 19,North Karachi,17,5,House,Zainab Waheed,Aneesa Sandhu,Litigated,Paid,Issue Found,Due,88300000.0
2833,Balaj Kidwai,DEMO-KPT-2833,House No. B-838,Street 22,North Karachi,17,5,House,Balaj Kidwai,Tamim Niazi,Litigated,Paid,Issue Found,Due,84600000.0
2861,Jamil Tunio,DEMO-KPT-2861,House No. B-598,Street 22,North Karachi,17,5,House,Jamil Tunio,Marwa Malik,Pending,Due,Clear,Paid,80600000.0
14706,Neelam Dreshak,DEMO-KPT-14706,House No. DCR-383,Street 22,North Karachi,17,5,House,Neelam Dreshak,Afzal Ghaffar,Litigated,Paid,Issue Found,Due,98200000.0
8009,Sumbal Mehmood,DEMO-KPT-8009,House No. DR-634,Street 25,North Karachi,17,5,House,Sumbal Mehmood,Javed Kayani,Verified,Due,Clear,Paid,81400000.0
9718,Safa Turk,DEMO-KPT-9718,House No. RB-314,Street 27,North Karachi,17,5,House,Safa Turk,Aslam Zahid,Pending,Paid,Issue Found,Paid,87600000.0
16459,Safa Umer,DEMO-KPT-16459,House No. CBR-481,Street 3,North Karachi,18,5,House,Safa Umer,Amna Sipra,Litigated,Due,Clear,Due,89900000.0
8105,Rubina Mirani,DEMO-KPT-8105,House No. DR-536,Street 4,North Karachi,18,5,House,Rubina Mirani,Qaiser Majeed,Verified,Paid,Issue Found,Paid,82500000.0
13071,Arisha Lari,DEMO-KPT-13071,House No. CC-692,Street 7,North Karachi,18,5,House,Arisha Lari,Iqra Aslam,Verified,Due,Under Review,Due,88100000.0
6349,Kaneez Unar,DEMO-KPT-6349,House No. RC-387,Street 8,North Karachi,18,5,House,Kaneez Unar,Noman Sindhi,Pending,Paid,Under Review,Paid,83600000.0
2871,Ifrah Jamali,DEMO-KPT-2871,House No. B-829,Street 9,North Karachi,18,5,House,Ifrah Jamali,Emaad Jaffri,Litigated,Paid,Under Review,Due,90500000.0
9807,Rizwan Jamal,DEMO-KPT-9807,House No. DD-803,Street 9,North Karachi,18,5,House,Rizwan Jamal,Khizar Sadiq,Litigated,Paid,Clear,Paid,88200000.0
14723,Murtaza Saif,DEMO-KPT-14723,House No. CDB-771,Street 10,North Karachi,18,5,House,Murtaza Saif,Raees Cheena,Litigated,Due,Under Review,Paid,86600000.0
13122,Zafar Baig,DEMO-KPT-13122,House No. BB-518,Street 12,North Karachi,18,5,House,Zafar Baig,Inam Waheed,Pending,Paid,Under Review,Due,89600000.0
11378,Ramsha Noor,DEMO-KPT-11378,House No. CC-847,Street 13,North Karachi,18,5,House,Ramsha Noor,Rizwan Noor,Litigated,Due,Issue Found,Due,83000000.0
13129,Shahida Palijo,DEMO-KPT-13129,House No. CD-428,Street 14,North Karachi,18,5,House,Shahida Palijo,Mudassar Mansoor,Verified,Due,Issue Found,Paid,81300000.0
2929,Aun Rajper,DEMO-KPT-2929,House No. C-689,Street 15,North Karachi,18,5,House,Aun Rajper,Arif Mahar,Pending,Paid,Under Review,Due,85100000.0
2932,Arisha Parvez,DEMO-KPT-2932,House No. R-507,Street 17,North Karachi,18,5,House,Arisha Parvez,Mehwish Turk,Litigated,Due,Issue Found,Due,86100000.0
13133,Sabika Dreshak,DEMO-KPT-13133,House No. BD-394,Street 18,North Karachi,18,5,House,Sabika Dreshak,Zaheer Korai,Litigated,Due,Issue Found,Paid,99200000.0
8120,Talal Gakhar,DEMO-KPT-8120,House No. DC-797,Street 20,North Karachi,18,5,House,Talal Gakhar,Ashar Yaqoob,Litigated,Paid,Issue Found,Due,95200000.0
16443,Zartaj Mohammadzai,DEMO-KPT-16443,House No. RCD-432,Street 21,North Karachi,18,5,House,Zartaj Mohammadzai,Shoaib Nawaz,Verified,Due,Issue Found,Paid,95000000.0
14739,Ismail Laghari,DEMO-KPT-14739,House No. BDC-714,Street 22,North Karachi,18,5,House,Ismail Laghari,Shagufta Samo,Litigated,Paid,Clear,Paid,86000000.0
4696,Zubia Umer,DEMO-KPT-4696,House No. CD-713,Street 23,North Karachi,18,5,House,Zubia Umer,Shehryar Tarar,Pending,Paid,Issue Found,Due,92600000.0
14804,Ghazala Ranjha,DEMO-KPT-14804,House No. RDC-635,Street 23,North Karachi,18,5,House,Ghazala Ranjha,Naveed Kalhoro,Litigated,Paid,Clear,Paid,93000000.0
16497,Idrees Afridi,DEMO-KPT-16497,House No. RBD-700,Street 25,North Karachi,18,5,House,Idrees Afridi,Farah Raza,Verified,Paid,Under Review,Paid,99200000.0
14729,Batool Orakzai,DEMO-KPT-14729,House No. BCR-738,Street 27,North Karachi,18,5,House,Batool Orakzai,Samad Tunio,Pending,Due,Issue Found,Paid,92900000.0
13064,Amber Mohammadzai,DEMO-KPT-13064,House No. RR-681,Street 30,North Karachi,18,5,House,Amber Mohammadzai,Naeem Lughmani,Pending,Paid,Clear,Paid,89800000.0
2989,Maham Naqvi,DEMO-KPT-2989,House No. B-825,Street 4,North Karachi,19,5,House,Maham Naqvi,Shahid Kidwai,Verified,Due,Issue Found,Paid,82900000.0
11539,Asad Leghari,DEMO-KPT-11539,House No. CD-419,Street 4,North Karachi,19,5,House,Asad Leghari,Tehmina Panezai,Verified,Due,Issue Found,Paid,86800000.0
8149,Inayat Khokhar,DEMO-KPT-8149,House No. CB-616,Street 8,North Karachi,19,5,House,Inayat Khokhar,Aamir Lashari,Pending,Paid,Under Review,Paid,81500000.0
14831,Ejaz Mohammadzai,DEMO-KPT-14831,House No. DRC-798,Street 8,North Karachi,19,5,House,Ejaz Mohammadzai,Tahseen Nawaz,Pending,Due,Clear,Paid,88100000.0
14907,Zubaid Orakzai,DEMO-KPT-14907,House No. CRB-593,Street 12,North Karachi,19,5,House,Zubaid Orakzai,Saeeda Lak,Verified,Due,Clear,Paid,91800000.0
9825,Rooman Khuhro,DEMO-KPT-9825,House No. BD-375,Street 13,North Karachi,19,5,House,Rooman Khuhro,Sobia Iqbal,Pending,Paid,Clear,Due,94100000.0
2982,Umar Ghaffar,DEMO-KPT-2982,House No. D-459,Street 15,North Karachi,19,5,House,Umar Ghaffar,Fiza Mazari,Verified,Due,Clear,Paid,90400000.0
14892,Ali Kalhoro,DEMO-KPT-14892,House No. BDR-535,Street 15,North Karachi,19,5,House,Ali Kalhoro,Nabeel Minhas,Pending,Due,Issue Found,Paid,81600000.0
8155,Khansa Panezai,DEMO-KPT-8155,House No. CB-881,Street 16,North Karachi,19,5,House,Khansa Panezai,Rida Dawood,Pending,Paid,Under Review,Paid,92300000.0
16563,Zakir Siddiqui,DEMO-KPT-16563,House No. RDC-627,Street 16,North Karachi,19,5,House,Zakir Siddiqui,Samina Peerzada,Verified,Paid,Under Review,Due,80700000.0
9859,Bilal Zaidi,DEMO-KPT-9859,House No. BC-376,Street 18,North Karachi,19,5,House,Bilal Zaidi,Aziz Dogar,Verified,Paid,Under Review,Due,90400000.0
3020,Raheela Jogezai,DEMO-KPT-3020,House No. D-365,Street 19,North Karachi,19,5,House,Raheela Jogezai,Aqsa Sohu,Verified,Due,Issue Found,Paid,96200000.0
3021,Mahnaz Mazari,DEMO-KPT-3021,House No. D-486,Street 19,North Karachi,19,5,House,Mahnaz Mazari,Jabbar Chaudhry,Verified,Paid,Clear,Paid,85900000.0
4808,Tayyab Haral,DEMO-KPT-4808,House No. DD-597,Street 19,North Karachi,19,5,House,Tayyab Haral,Shoaib Leghari,Verified,Paid,Under Review,Due,80400000.0
8191,Qasim Qureshi,DEMO-KPT-8191,House No. DR-373,Street 19,North Karachi,19,5,House,Qasim Qureshi,Ifrah Popalzai,Pending,Due,Issue Found,Paid,86800000.0
9827,Qamar Imran,DEMO-KPT-9827,House No. RR-518,Street 19,North Karachi,19,5,House,Qamar Imran,Salahuddin Mangi,Pending,Due,Issue Found,Paid,94100000.0
6543,Tayyeb Zaidi,DEMO-KPT-6543,House No. RB-397,Street 21,North Karachi,19,5,House,Tayyeb Zaidi,Kausar Ranjha,Verified,Due,Issue Found,Paid,95000000.0
13187,Ammar Bijarani,DEMO-KPT-13187,House No. BB-370,Street 21,North Karachi,19,5,House,Ammar Bijarani,Ashar Mengal,Litigated,Due,Clear,Paid,97200000.0
3039,Aslam Durrani,DEMO-KPT-3039,House No. D-642,Street 22,North Karachi,19,5,House,Aslam Durrani,Danish Ijaz,Litigated,Paid,Clear,Paid,82500000.0
4806,Ikram Soomro,DEMO-KPT-4806,House No. DB-711,Street 22,North Karachi,19,5,House,Ikram Soomro,Mazen Khokhar,Litigated,Paid,Issue Found,Due,86300000.0
6496,Zubaida Hoti,DEMO-KPT-6496,House No. CB-365,Street 23,North Karachi,19,5,House,Zubaida Hoti,Bisma Panezai,Pending,Paid,Issue Found,Due,99500000.0
9870,Hussain Umer,DEMO-KPT-9870,House No. DC-649,Street 26,North Karachi,19,5,House,Hussain Umer,Sania Hayat,Pending,Due,Under Review,Due,94200000.0
6541,Nosheen Iqbal,DEMO-KPT-6541,House No. BC-554,Street 29,North Karachi,19,5,House,Nosheen Iqbal,Aamir Naqvi,Verified,Due,Issue Found,Paid,96600000.0
16629,Usman Dar,DEMO-KPT-16629,House No. RBC-739,Street 1,North Karachi,20,5,House,Usman Dar,Murtaza Khattak,Pending,Due,Issue Found,Paid,83200000.0
4837,Ismail Yousafzai,DEMO-KPT-4837,House No. BC-888,Street 4,North Karachi,20,5,House,Ismail Yousafzai,Bushra Rafique,Pending,Paid,Clear,Due,87700000.0
16642,Sajjad Javed,DEMO-KPT-16642,House No. BCD-758,Street 7,North Karachi,20,5,House,Sajjad Javed,Jamshed Baloch,Verified,Paid,Clear,Paid,94500000.0
3057,Saira Haral,DEMO-KPT-3057,House No. C-305,Street 9,North Karachi,20,5,House,Saira Haral,Ubaid Bettani,Litigated,Paid,Clear,Paid,90400000.0
8271,Munib Dawood,DEMO-KPT-8271,House No. RR-473,Street 9,North Karachi,20,5,House,Munib Dawood,Mahad Khattak,Litigated,Paid,Under Review,Due,91400000.0
9946,Qadir Bijarani,DEMO-KPT-9946,House No. BD-563,Street 12,North Karachi,20,5,House,Qadir Bijarani,Kafeel Parvez,Litigated,Due,Under Review,Due,82100000.0
16696,Mirha Zahid,DEMO-KPT-16696,House No. CRB-806,Street 12,North Karachi,20,5,House,Mirha Zahid,Farid Ansari,Litigated,Due,Under Review,Due,96200000.0
16707,Zamzam Jafri,DEMO-KPT-16707,House No. DRC-813,Street 12,North Karachi,20,5,House,Zamzam Jafri,Athar Bhittani,Verified,Due,Clear,Paid,92800000.0
4860,Aslam Mengal,DEMO-KPT-4860,House No. DC-370,Street 13,North Karachi,20,5,House,Aslam Mengal,Nawal Rafique,Litigated,Due,Clear,Paid,85200000.0
6555,Hafiz Bhurgri,DEMO-KPT-6555,House No. CR-858,Street 13,North Karachi,20,5,House,Hafiz Bhurgri,Sharjeel Dayo,Litigated,Due,Under Review,Paid,100000000.0
6618,Zaib Kamal,DEMO-KPT-6618,House No. RD-627,Street 14,North Karachi,20,5,House,Zaib Kamal,Arslan Hanif,Verified,Due,Issue Found,Paid,83600000.0
9913,Fariha Bugti,DEMO-KPT-9913,House No. DB-335,Street 17,North Karachi,20,5,House,Fariha Bugti,Aashir Yousafzai,Verified,Due,Issue Found,Paid,89500000.0
3077,Farid Rizvi,DEMO-KPT-3077,House No. R-388,Street 19,North Karachi,20,5,House,Farid Rizvi,Saad Shaikh,Pending,Due,Issue Found,Paid,93800000.0
11558,Sajid Zia,DEMO-KPT-11558,House No. DB-740,Street 19,North Karachi,20,5,House,Sajid Zia,Shabana Dawood,Verified,Paid,Under Review,Due,84300000.0
11571,Ammar Haral,DEMO-KPT-11571,House No. RC-770,Street 19,North Karachi,20,5,House,Ammar Haral,Salman Mazari,Verified,Paid,Clear,Paid,100000000.0
8253,Sameen Sohu,DEMO-KPT-8253,House No. RR-843,Street 20,North Karachi,20,5,House,Sameen Sohu,Sahar Pasha,Verified,Paid,Issue Found,Due,86200000.0
3070,Asra Shafiq,DEMO-KPT-3070,House No. C-371,Street 22,North Karachi,20,5,House,Asra Shafiq,Manzoor Saleem,Pending,Paid,Issue Found,Due,93700000.0
8296,Zakariya Butt,DEMO-KPT-8296,House No. RC-646,Street 23,North Karachi,20,5,House,Zakariya Butt,Mehboob Abro,Pending,Paid,Issue Found,Due,90800000.0
4859,Abrar Rehman,DEMO-KPT-4859,House No. RD-597,Street 25,North Karachi,20,5,House,Abrar Rehman,Zulfiqar Tanvir,Verified,Due,Clear,Paid,94200000.0
13268,Sonia Latif,DEMO-KPT-13268,House No. BB-684,Street 27,North Karachi,20,5,House,Sonia Latif,Aryan Pirzada,Pending,Due,Under Review,Due,91500000.0
11595,Ihsan Qureshi,DEMO-KPT-11595,House No. DD-692,Street 28,North Karachi,20,5,House,Ihsan Qureshi,Jawad Dayo,Litigated,Due,Clear,Due,81000000.0
9922,Yaqoob Hanif,DEMO-KPT-9922,House No. DD-798,Street 29,North Karachi,20,5,House,Yaqoob Hanif,Lamia Marwat,Litigated,Due,Issue Found,Due,80000000.0
16672,Shahmeer Soomro,DEMO-KPT-16672,House No. RBC-845,Street 29,North Karachi,20,5,House,Shahmeer Soomro,Ashraf Zia,Litigated,Due,Issue Found,Due,91800000.0
14405,Yasir Butt,DEMO-KPT-14405,House No. BCD-672,Street 4,North Nazimabad,1,5,House,Yasir Butt,Rimsha Marri,Verified,Paid,Issue Found,Paid,96200000.0
14388,Kaleemullah Ghumman,DEMO-KPT-14388,House No. CBR-433,Street 5,North Nazimabad,1,5,House,Kaleemullah Ghumman,Rafia Rafique,Litigated,Due,Clear,Paid,99400000.0
1686,Shahida Bhittani,DEMO-KPT-1686,House No. C-868,Street 8,North Nazimabad,1,5,House,Shahida Bhittani,Wajiha Bangash,Pending,Paid,Under Review,Due,97600000.0
8172,Fiza Cheena,DEMO-KPT-8172,House No. DC-821,Street 12,North Nazimabad,1,5,House,Fiza Cheena,Amara Ilyas,Pending,Paid,Under Review,Due,88100000.0
11296,Saher Talpur,DEMO-KPT-11296,House No. DD-322,Street 12,North Nazimabad,1,5,House,Saher Talpur,Nasrullah Ghaffar,Litigated,Due,Under Review,Due,97000000.0
1478,Uzair Chaudhry,DEMO-KPT-1478,House No. R-396,Street 13,North Nazimabad,1,5,House,Uzair Chaudhry,Mudassar Zardari,Litigated,Due,Issue Found,Due,92300000.0
5167,Saleem Kharal,DEMO-KPT-5167,House No. CB-426,Street 16,North Nazimabad,1,5,House,Saleem Kharal,Yusra Lodhi,Verified,Paid,Under Review,Paid,81700000.0
1483,Akbar Durrani,DEMO-KPT-1483,House No. D-601,Street 22,North Nazimabad,1,5,House,Akbar Durrani,Shagufta Gilani,Litigated,Paid,Issue Found,Due,88500000.0
8148,Naila Warsi,DEMO-KPT-8148,House No. RC-827,Street 23,North Nazimabad,1,5,House,Naila Warsi,Mukarram Hussain,Verified,Due,Clear,Paid,80400000.0
5224,Sadia Sipra,DEMO-KPT-5224,House No. DR-785,Street 29,North Nazimabad,1,5,House,Sadia Sipra,Basit Rajper,Verified,Due,Clear,Paid,95500000.0
14414,Aneesa Khokhar,DEMO-KPT-14414,House No. DBC-302,Street 30,North Nazimabad,1,5,House,Aneesa Khokhar,Imran Popalzai,Pending,Paid,Clear,Paid,94900000.0
5308,Jamila Cheema,DEMO-KPT-5308,House No. DB-568,Street 2,North Nazimabad,2,5,House,Jamila Cheema,Farooq Jafri,Pending,Due,Under Review,Paid,91400000.0
1078,Ahmed Malik,DEMO-KPT-1078,House No. A-88,Street 3,North Nazimabad,2,5,House,Ahmed Malik,Danish Tariq,Pending,Paid,Under Review,Paid,89700000.0
14621,Liaquat Wattoo,DEMO-KPT-14621,House No. CDR-748,Street 5,North Nazimabad,2,5,House,Liaquat Wattoo,Shakeel Popalzai,Pending,Paid,Issue Found,Paid,93000000.0
1792,Misbah Hameed,DEMO-KPT-1792,House No. C-704,Street 7,North Nazimabad,2,5,House,Misbah Hameed,Sahar Dreshak,Verified,Paid,Clear,Paid,96300000.0
5304,Hanzala Naseem,DEMO-KPT-5304,House No. BB-557,Street 13,North Nazimabad,2,5,House,Hanzala Naseem,Hammad Qureshi,Litigated,Due,Issue Found,Paid,98900000.0
14528,Tayyab Mansoor,DEMO-KPT-14528,House No. BCR-503,Street 13,North Nazimabad,2,5,House,Tayyab Mansoor,Qasim Haral,Litigated,Due,Issue Found,Due,85900000.0
8329,Syeda Butt,DEMO-KPT-8329,House No. BD-303,Street 15,North Nazimabad,2,5,House,Syeda Butt,Rahila Dreshak,Pending,Paid,Under Review,Due,92800000.0
11479,Zulfiqar Kamal,DEMO-KPT-11479,House No. CB-335,Street 15,North Nazimabad,2,5,House,Zulfiqar Kamal,Tanveer Bukhari,Pending,Paid,Under Review,Due,95000000.0
8261,Anila Bijarani,DEMO-KPT-8261,House No. BD-339,Street 22,North Nazimabad,2,5,House,Anila Bijarani,Isha Khuhro,Pending,Due,Clear,Paid,98000000.0
8307,Jazib Bijarani,DEMO-KPT-8307,House No. DD-715,Street 25,North Nazimabad,2,5,House,Jazib Bijarani,Saima Randhawa,Verified,Due,Under Review,Paid,80300000.0
1822,Sadaf Toor,DEMO-KPT-1822,House No. B-530,Street 29,North Nazimabad,2,5,House,Sadaf Toor,Mahnoor Nasar,Litigated,Due,Issue Found,Due,85900000.0
11437,Arisha Dreshak,DEMO-KPT-11437,House No. RD-497,Street 29,North Nazimabad,2,5,House,Arisha Dreshak,Abubakar Sohu,Pending,Due,Clear,Paid,80500000.0
1121,Ali Siddiqui,DEMO-KPT-1121,House No. A-287,Street 5,North Nazimabad,3,5,House,Ali Siddiqui,Hassan Aslam,Pending,Paid,Issue Found,Paid,95700000.0
5381,Waleed Bashir,DEMO-KPT-5381,House No. DB-458,Street 8,North Nazimabad,3,5,House,Waleed Bashir,Yasmeen Wazir,Pending,Due,Clear,Paid,99400000.0
11573,Amna Kalhoro,DEMO-KPT-11573,House No. CR-305,Street 10,North Nazimabad,3,5,House,Amna Kalhoro,Hussnain Nawaz,Litigated,Due,Under Review,Paid,83100000.0
11625,Zubair Farooq,DEMO-KPT-11625,House No. CR-623,Street 13,North Nazimabad,3,5,House,Zubair Farooq,Shamim Khattak,Pending,Paid,Clear,Due,87900000.0
1129,Alina Hussain,DEMO-KPT-1129,House No. A-13,Street 15,North Nazimabad,3,5,House,Alina Hussain,Mariam Qureshi,Pending,Paid,Under Review,Due,86000000.0
14682,Taimur Laghari,DEMO-KPT-14682,House No. BDC-615,Street 15,North Nazimabad,3,5,House,Taimur Laghari,Nabeel Niazi,Verified,Due,Clear,Paid,98800000.0
8477,Hadi Sipra,DEMO-KPT-8477,House No. RC-537,Street 19,North Nazimabad,3,5,House,Hadi Sipra,Iqbal Mian,Pending,Due,Issue Found,Paid,90900000.0
8499,Samiya Gabol,DEMO-KPT-8499,House No. DD-730,Street 24,North Nazimabad,3,5,House,Samiya Gabol,Mubeen Ali,Pending,Paid,Issue Found,Paid,99300000.0
11615,Zubaid Parvez,DEMO-KPT-11615,House No. DR-342,Street 24,North Nazimabad,3,5,House,Zubaid Parvez,Ijaz Minhas,Litigated,Due,Issue Found,Paid,86200000.0
11579,Parveen Yousaf,DEMO-KPT-11579,House No. BR-788,Street 27,North Nazimabad,3,5,House,Parveen Yousaf,Idrees Baloch,Pending,Due,Issue Found,Paid,95800000.0
1087,Salman Aslam,DEMO-KPT-1087,House No. A-78,Street 29,North Nazimabad,3,5,House,Salman Aslam,Shoaib Tariq,Pending,Due,Clear,Paid,82000000.0
14805,Samad Qadri,DEMO-KPT-14805,House No. CBR-380,Street 30,North Nazimabad,3,5,House,Samad Qadri,Nasreen Gilani,Verified,Due,Under Review,Paid,81500000.0
1159,Ayesha Qureshi,DEMO-KPT-1159,House No. A-666,Street 3,North Nazimabad,4,5,House,Ayesha Qureshi,Sara Butt,Litigated,Due,Clear,Due,83500000.0
2273,Waleed Sial,DEMO-KPT-2273,House No. D-449,Street 3,North Nazimabad,4,5,House,Waleed Sial,Uroosa Tanoli,Litigated,Paid,Under Review,Paid,89500000.0
8573,Bahadur Toor,DEMO-KPT-8573,House No. DC-854,Street 3,North Nazimabad,4,5,House,Bahadur Toor,Ibrahim Laghari,Litigated,Paid,Under Review,Paid,92700000.0
5405,Wasim Dayo,DEMO-KPT-5405,House No. RC-342,Street 4,North Nazimabad,4,5,House,Wasim Dayo,Arham Buriro,Verified,Paid,Issue Found,Paid,87500000.0
1148,Ahsan Sheikh,DEMO-KPT-1148,House No. A-149,Street 7,North Nazimabad,4,5,House,Ahsan Sheikh,Zara Mirza,Litigated,Due,Issue Found,Due,85100000.0
2242,Raees Bhat,DEMO-KPT-2242,House No. R-622,Street 7,North Nazimabad,4,5,House,Raees Bhat,Siddique Anwar,Verified,Paid,Clear,Paid,83800000.0
11681,Uroosa Lughmani,DEMO-KPT-11681,House No. RB-779,Street 8,North Nazimabad,4,5,House,Uroosa Lughmani,Shan Wazir,Pending,Due,Clear,Paid,89600000.0
14828,Amal Korai,DEMO-KPT-14828,House No. CRD-754,Street 9,North Nazimabad,4,5,House,Amal Korai,Sadiq Hussain,Litigated,Due,Issue Found,Paid,85200000.0
2123,Izhar Yazdani,DEMO-KPT-2123,House No. R-444,Street 10,North Nazimabad,4,5,House,Izhar Yazdani,Zahida Warsi,Litigated,Due,Under Review,Paid,96400000.0
2160,Shan Lari,DEMO-KPT-2160,House No. C-634,Street 13,North Nazimabad,4,5,House,Shan Lari,Naureen Rajput,Litigated,Due,Clear,Paid,80900000.0
1132,Mahnoor Hussain,DEMO-KPT-1132,House No. A-855,Street 17,North Nazimabad,4,5,House,Mahnoor Hussain,Laiba Noor,Litigated,Due,Issue Found,Due,86000000.0
8603,Manahil Qazi,DEMO-KPT-8603,House No. RC-651,Street 18,North Nazimabad,4,5,House,Manahil Qazi,Firdous Lak,Litigated,Paid,Clear,Paid,98500000.0
11753,Yousaf Sandhu,DEMO-KPT-11753,House No. CR-374,Street 18,North Nazimabad,4,5,House,Yousaf Sandhu,Rahim Farooqi,Litigated,Paid,Clear,Paid,95300000.0
14933,Zeshan Hussain,DEMO-KPT-14933,House No. CRD-539,Street 18,North Nazimabad,4,5,House,Zeshan Hussain,Sidrah Mangi,Litigated,Due,Issue Found,Paid,91300000.0
2270,Amal Niazi,DEMO-KPT-2270,House No. D-608,Street 20,North Nazimabad,4,5,House,Amal Niazi,Ikhlaq Randhawa,Litigated,Paid,Issue Found,Due,98900000.0
5522,Unaiza Mughal,DEMO-KPT-5522,House No. CC-626,Street 20,North Nazimabad,4,5,House,Unaiza Mughal,Jawad Javed,Pending,Paid,Under Review,Due,88400000.0
11720,Zeeshan Tunio,DEMO-KPT-11720,House No. DR-772,Street 20,North Nazimabad,4,5,House,Zeeshan Tunio,Haleema Dahri,Litigated,Paid,Issue Found,Due,83400000.0
5587,Farzana Sultan,DEMO-KPT-5587,House No. DC-604,Street 29,North Nazimabad,4,5,House,Farzana Sultan,Ubaid Qadir,Pending,Due,Clear,Paid,87100000.0
8737,Saqib Tarar,DEMO-KPT-8737,House No. CC-611,Street 29,North Nazimabad,4,5,House,Saqib Tarar,Fariha Latif,Pending,Due,Clear,Paid,88100000.0
1237,Mariam Shah,DEMO-KPT-1237,House No. A-389,Street 4,North Nazimabad,5,5,House,Mariam Shah,Ahmed Khan,Pending,Paid,Clear,Due,96400000.0
5648,Nailah Yousafzai,DEMO-KPT-5648,House No. CC-322,Street 7,North Nazimabad,5,5,House,Nailah Yousafzai,Akbar Chattha,Litigated,Due,Issue Found,Due,99400000.0
2389,Sadaqat Soomro,DEMO-KPT-2389,House No. B-604,Street 10,North Nazimabad,5,5,House,Sadaqat Soomro,Humaira Nawaz,Verified,Paid,Issue Found,Due,81000000.0
5632,Munir Swati,DEMO-KPT-5632,House No. BD-627,Street 17,North Nazimabad,5,5,House,Munir Swati,Maryam Mangi,Litigated,Due,Issue Found,Due,93300000.0
8782,Jannat Usmani,DEMO-KPT-8782,House No. CR-585,Street 17,North Nazimabad,5,5,House,Jannat Usmani,Aneesa Panhwar,Litigated,Due,Issue Found,Due,90600000.0
1220,Sana Raza,DEMO-KPT-1220,House No. A-274,Street 19,North Nazimabad,5,5,House,Sana Raza,Hira Qureshi,Verified,Due,Issue Found,Paid,96500000.0
1221,Maham Naeem,DEMO-KPT-1221,House No. A-411,Street 19,North Nazimabad,5,5,House,Maham Naeem,Hassan Naeem,Verified,Paid,Clear,Paid,87300000.0
15158,Irum Shinwari,DEMO-KPT-15158,House No. BCR-406,Street 19,North Nazimabad,5,5,House,Irum Shinwari,Inayat Farooqi,Verified,Paid,Under Review,Due,99200000.0
1239,Adnan Butt,DEMO-KPT-1239,House No. A-308,Street 22,North Nazimabad,5,5,House,Adnan Butt,Owais Tariq,Litigated,Paid,Clear,Paid,80600000.0
15068,Ahad Mirani,DEMO-KPT-15068,House No. BRD-784,Street 27,North Nazimabad,5,5,House,Ahad Mirani,Murtaza Mangi,Pending,Due,Under Review,Due,85800000.0
15179,Arif Dreshak,DEMO-KPT-15179,House No. CRB-431,Street 27,North Nazimabad,5,5,House,Arif Dreshak,Nabeel Daudzai,Pending,Due,Issue Found,Paid,98700000.0
15124,Urwa Tanoli,DEMO-KPT-15124,House No. BRD-406,Street 29,North Nazimabad,5,5,House,Urwa Tanoli,Warda Jafri,Verified,Due,Clear,Paid,88400000.0
12129,Marwa Sabri,DEMO-KPT-12129,House No. DR-407,Street 1,North Nazimabad,6,5,House,Marwa Sabri,Arham Ghazali,Pending,Due,Issue Found,Paid,88700000.0
15323,Shahbaz Bajwa,DEMO-KPT-15323,House No. BCD-531,Street 3,North Nazimabad,6,5,House,Shahbaz Bajwa,Jibran Anwar,Litigated,Paid,Under Review,Paid,86200000.0
2586,Ashar Rafique,DEMO-KPT-2586,House No. C-569,Street 8,North Nazimabad,6,5,House,Ashar Rafique,Muneeb Sabri,Pending,Paid,Under Review,Due,85200000.0
8907,Sanam Khalid,DEMO-KPT-8907,House No. BR-399,Street 9,North Nazimabad,6,5,House,Sanam Khalid,Isha Bukhari,Litigated,Paid,Clear,Paid,93800000.0
5723,Malaika Niazi,DEMO-KPT-5723,House No. RC-508,Street 10,North Nazimabad,6,5,House,Malaika Niazi,Tahir Raza,Litigated,Due,Under Review,Paid,81300000.0
2569,Zubia Farooqi,DEMO-KPT-2569,House No. C-867,Street 12,North Nazimabad,6,5,House,Zubia Farooqi,Omer Shafi,Pending,Due,Issue Found,Paid,97000000.0
1254,Arsalan Mirza,DEMO-KPT-1254,House No. A-383,Street 13,North Nazimabad,6,5,House,Arsalan Mirza,Imran Farooq,Litigated,Due,Issue Found,Paid,86300000.0
5754,Rahim Hinjra,DEMO-KPT-5754,House No. RD-315,Street 13,North Nazimabad,6,5,House,Rahim Hinjra,Sanam Lakhani,Litigated,Due,Issue Found,Paid,97500000.0
8925,Mehboob Tareen,DEMO-KPT-8925,House No. CB-791,Street 13,North Nazimabad,6,5,House,Mehboob Tareen,Kinza Cheema,Pending,Paid,Clear,Due,97800000.0
1263,Sadia Iqbal,DEMO-KPT-1263,House No. A-683,Street 16,North Nazimabad,6,5,House,Sadia Iqbal,Fahad Naeem,Verified,Paid,Under Review,Due,98400000.0
12063,Ahad Sohu,DEMO-KPT-12063,House No. DR-876,Street 16,North Nazimabad,6,5,House,Ahad Sohu,Shamim Sadiq,Verified,Paid,Under Review,Due,85600000.0
1270,Salman Ali,DEMO-KPT-1270,House No. A-900,Street 22,North Nazimabad,6,5,House,Salman Ali,Fatima Iqbal,Pending,Paid,Issue Found,Due,95500000.0
12070,Mariam Peerzada,DEMO-KPT-12070,House No. CC-408,Street 22,North Nazimabad,6,5,House,Mariam Peerzada,Syeda Anwar,Pending,Paid,Issue Found,Due,89700000.0
2609,Qurat Sohu,DEMO-KPT-2609,House No. R-500,Street 25,North Nazimabad,6,5,House,Qurat Sohu,Yasmeen Khalid,Verified,Due,Clear,Paid,93300000.0
5805,Shoaib Tanvir,DEMO-KPT-5805,House No. RB-546,Street 30,North Nazimabad,6,5,House,Shoaib Tanvir,Hassan Gilani,Verified,Due,Under Review,Paid,88200000.0
1329,Laiba Ahmed,DEMO-KPT-1329,House No. A-346,Street 1,North Nazimabad,7,5,House,Laiba Ahmed,Maham Qureshi,Pending,Due,Issue Found,Paid,84600000.0
9072,Yusra Farooqi,DEMO-KPT-9072,House No. BD-898,Street 12,North Nazimabad,7,5,House,Yusra Farooqi,Abeera Durrani,Pending,Paid,Under Review,Due,91300000.0
15372,Mahjabeen Zia,DEMO-KPT-15372,House No. BDC-680,Street 12,North Nazimabad,7,5,House,Mahjabeen Zia,Ibrahim Parvez,Pending,Paid,Under Review,Due,96100000.0
9081,Jalal Saleem,DEMO-KPT-9081,House No. BD-333,Street 13,North Nazimabad,7,5,House,Jalal Saleem,Sufyan Sahito,Pending,Due,Under Review,Paid,80100000.0
12231,Mudassar Riaz,DEMO-KPT-12231,House No. DC-581,Street 13,North Nazimabad,7,5,House,Mudassar Riaz,Sabih Sipra,Pending,Due,Under Review,Paid,81600000.0
15428,Akif Sipra,DEMO-KPT-15428,House No. RDB-802,Street 13,North Nazimabad,7,5,House,Akif Sipra,Rayyan Mahesar,Litigated,Due,Issue Found,Due,92500000.0
1311,Imran Malik,DEMO-KPT-1311,House No. A-889,Street 16,North Nazimabad,7,5,House,Imran Malik,Shoaib Shah,Verified,Paid,Clear,Due,81700000.0
2713,Kamran Javed,DEMO-KPT-2713,House No. D-683,Street 17,North Nazimabad,7,5,House,Kamran Javed,Tabish Gilani,Verified,Due,Issue Found,Paid,84900000.0
5863,Zubaida Javed,DEMO-KPT-5863,House No. DC-349,Street 17,North Nazimabad,7,5,House,Zubaida Javed,Aleena Ijaz,Verified,Due,Issue Found,Paid,81300000.0
6011,Sonia Panhwar,DEMO-KPT-6011,House No. RC-789,Street 22,North Nazimabad,7,5,House,Sonia Panhwar,Hussain Ranjha,Pending,Due,Clear,Paid,96200000.0
1304,Imran Hussain,DEMO-KPT-1304,House No. A-1,Street 23,North Nazimabad,7,5,House,Imran Hussain,Alina Naeem,Litigated,Paid,Clear,Paid,83600000.0
15348,Rafiq Peerzada,DEMO-KPT-15348,House No. CRB-828,Street 23,North Nazimabad,7,5,House,Rafiq Peerzada,Farooq Zafar,Verified,Due,Clear,Paid,85200000.0
1299,Kashif Ali,DEMO-KPT-1299,House No. A-245,Street 24,North Nazimabad,7,5,House,Kashif Ali,Anaya Iqbal,Pending,Paid,Issue Found,Paid,83200000.0
2649,Kanwal Tahir,DEMO-KPT-2649,House No. C-456,Street 24,North Nazimabad,7,5,House,Kanwal Tahir,Inshal Panezai,Pending,Paid,Issue Found,Paid,82300000.0
2697,Javaria Bangash,DEMO-KPT-2697,House No. C-500,Street 25,North Nazimabad,7,5,House,Javaria Bangash,Fawad Hinjra,Litigated,Paid,Clear,Paid,84400000.0
5847,Rimsha Kiani,DEMO-KPT-5847,House No. CB-481,Street 25,North Nazimabad,7,5,House,Rimsha Kiani,Zubaida Mir,Litigated,Paid,Clear,Paid,95100000.0
9014,Anum Wattoo,DEMO-KPT-9014,House No. DR-332,Street 30,North Nazimabad,7,5,House,Anum Wattoo,Yawar Samo,Pending,Paid,Clear,Paid,94000000.0
6232,Kinza Zaman,DEMO-KPT-6232,House No. CC-433,Street 3,North Nazimabad,8,5,House,Kinza Zaman,Ikram Zia,Litigated,Due,Clear,Due,85200000.0
1355,Zara Hussain,DEMO-KPT-1355,House No. A-975,Street 4,North Nazimabad,8,5,House,Zara Hussain,Adnan Khan,Verified,Paid,Issue Found,Paid,86000000.0
12371,Sohaib Bettani,DEMO-KPT-12371,House No. DR-833,Street 5,North Nazimabad,8,5,House,Sohaib Bettani,Asra Yazdani,Pending,Paid,Issue Found,Paid,92900000.0
6247,Javed Sabri,DEMO-KPT-6247,House No. BD-382,Street 8,North Nazimabad,8,5,House,Javed Sabri,Zia Dahri,Litigated,Paid,Clear,Paid,82000000.0
9145,Anmol Tariq,DEMO-KPT-9145,House No. BD-611,Street 8,North Nazimabad,8,5,House,Anmol Tariq,Husna Hoti,Verified,Paid,Under Review,Paid,90900000.0
2839,Hina Mahesar,DEMO-KPT-2839,House No. D-517,Street 10,North Nazimabad,8,5,House,Hina Mahesar,Shayan Zardari,Verified,Paid,Issue Found,Due,98500000.0
12267,Abbas Sardar,DEMO-KPT-12267,House No. BB-546,Street 14,North Nazimabad,8,5,House,Abbas Sardar,Taha Khosa,Litigated,Due,Clear,Due,91900000.0
12367,Samiya Rajper,DEMO-KPT-12367,House No. RB-863,Street 16,North Nazimabad,8,5,House,Samiya Rajper,Huma Kamboh,Verified,Paid,Under Review,Paid,87900000.0
12393,Fayyaz Cheema,DEMO-KPT-12393,House No. CB-693,Street 21,North Nazimabad,8,5,House,Fayyaz Cheema,Ayesha Majeed,Verified,Due,Issue Found,Paid,84200000.0
12283,Feryal Cheema,DEMO-KPT-12283,House No. DC-814,Street 22,North Nazimabad,8,5,House,Feryal Cheema,Mahwish Dar,Litigated,Paid,Issue Found,Due,98400000.0
1372,Mariam Sheikh,DEMO-KPT-1372,House No. A-54,Street 29,North Nazimabad,8,5,House,Mariam Sheikh,Hamza Ahmed,Litigated,Due,Issue Found,Due,85000000.0
15605,Mubashir Samo,DEMO-KPT-15605,House No. BDR-514,Street 1,North Nazimabad,9,5,House,Mubashir Samo,Imad Javed,Litigated,Due,Under Review,Paid,86200000.0
15682,Mubashir Virk,DEMO-KPT-15682,House No. CBD-424,Street 3,North Nazimabad,9,5,House,Mubashir Virk,Qurat Awan,Litigated,Due,Clear,Due,90800000.0
12398,Armaghan Chandio,DEMO-KPT-12398,House No. CD-765,Street 7,North Nazimabad,9,5,House,Armaghan Chandio,Shaista Palijo,Litigated,Due,Issue Found,Due,84500000.0
1416,Laiba Hussain,DEMO-KPT-1416,House No. A-508,Street 8,North Nazimabad,9,5,House,Laiba Hussain,Fahad Hussain,Pending,Due,Clear,Due,95500000.0
1396,Zain Butt,DEMO-KPT-1396,House No. A-736,Street 12,North Nazimabad,9,5,House,Zain Butt,Ayesha Javed,Litigated,Due,Under Review,Due,86300000.0
1422,Maham Raza,DEMO-KPT-1422,House No. A-436,Street 12,North Nazimabad,9,5,House,Maham Raza,Talha Aslam,Pending,Paid,Under Review,Due,87700000.0
9319,Mishal Noor,DEMO-KPT-9319,House No. BR-632,Street 12,North Nazimabad,9,5,House,Mishal Noor,Hanif Swati,Pending,Due,Issue Found,Paid,87300000.0
1392,Sara Qureshi,DEMO-KPT-1392,House No. A-377,Street 15,North Nazimabad,9,5,House,Sara Qureshi,Danish Shah,Pending,Due,Issue Found,Paid,94700000.0
15709,Jamshed Kharal,DEMO-KPT-15709,House No. CDB-795,Street 18,North Nazimabad,9,5,House,Jamshed Kharal,Hoorain Afridi,Verified,Paid,Under Review,Due,91400000.0
12458,Ejaz Lughmani,DEMO-KPT-12458,House No. BC-742,Street 19,North Nazimabad,9,5,House,Ejaz Lughmani,Maimoona Baloch,Verified,Paid,Under Review,Due,96200000.0
2943,Hassan Khosa,DEMO-KPT-2943,House No. C-838,Street 21,North Nazimabad,9,5,House,Hassan Khosa,Sumayya Malik,Verified,Due,Issue Found,Paid,85100000.0
9196,Alamgir Tiwana,DEMO-KPT-9196,House No. RB-803,Street 23,North Nazimabad,9,5,House,Alamgir Tiwana,Raza Yousaf,Pending,Paid,Issue Found,Due,86900000.0
15665,Shahbaz Bashir,DEMO-KPT-15665,House No. BRC-383,Street 24,North Nazimabad,9,5,House,Shahbaz Bashir,Rehmat Marwat,Litigated,Due,Issue Found,Paid,100000000.0
12418,Aiman Riaz,DEMO-KPT-12418,House No. RR-625,Street 27,North Nazimabad,9,5,House,Aiman Riaz,Taimoor Rafique,Pending,Paid,Issue Found,Paid,92300000.0
9274,Rafia Niazi,DEMO-KPT-9274,House No. DD-826,Street 29,North Nazimabad,9,5,House,Rafia Niazi,Maimoona Janjua,Verified,Due,Clear,Paid,82000000.0
15705,Danish Shah,DEMO-KPT-15705,House No. RBD-548,Street 30,North Nazimabad,9,5,House,Danish Shah,Moiz Aslam,Verified,Due,Under Review,Paid,89200000.0
15755,Mazen Dayo,DEMO-KPT-15755,House No. BRD-705,Street 4,North Nazimabad,10,5,House,Mazen Dayo,Fahad Jadoon,Verified,Paid,Issue Found,Paid,90100000.0
6521,Mohib Niazi,DEMO-KPT-6521,House No. DC-599,Street 5,North Nazimabad,10,5,House,Mohib Niazi,Fawad Ilyas,Pending,Paid,Issue Found,Paid,89600000.0
6548,Mahwish Virk,DEMO-KPT-6548,House No. CC-588,Street 7,North Nazimabad,10,5,House,Mahwish Virk,Nudrat Talpur,Litigated,Due,Issue Found,Due,84200000.0
15895,Bakhtawar Rizvi,DEMO-KPT-15895,House No. RDC-731,Street 8,North Nazimabad,10,5,House,Bakhtawar Rizvi,Manahil Noor,Verified,Paid,Under Review,Paid,92000000.0
1431,Mariam Farooq,DEMO-KPT-1431,House No. A-196,Street 13,North Nazimabad,10,5,House,Mariam Farooq,Salman Hussain,Pending,Due,Under Review,Paid,91200000.0
9505,Benazir Hoti,DEMO-KPT-9505,House No. RC-546,Street 16,North Nazimabad,10,5,House,Benazir Hoti,Mohib Jogezai,Pending,Paid,Under Review,Paid,90800000.0
12613,Umaima Dayo,DEMO-KPT-12613,House No. BC-430,Street 17,North Nazimabad,10,5,House,Umaima Dayo,Bisma Ijaz,Verified,Due,Issue Found,Paid,92900000.0
9503,Aneeqa Haral,DEMO-KPT-9503,House No. CB-320,Street 18,North Nazimabad,10,5,House,Aneeqa Haral,Hidayat Malik,Litigated,Paid,Clear,Paid,95600000.0
15833,Shamoon Gill,DEMO-KPT-15833,House No. CRB-867,Street 18,North Nazimabad,10,5,House,Shamoon Gill,Ghazanfar Mughal,Litigated,Due,Issue Found,Paid,98800000.0
12733,Shafiq Kazmi,DEMO-KPT-12733,House No. BR-401,Street 22,North Nazimabad,10,5,House,Shafiq Kazmi,Rakhshanda Rind,Litigated,Paid,Issue Found,Due,91000000.0
3246,Amal Anwar,DEMO-KPT-3246,House No. B-418,Street 23,North Nazimabad,10,5,House,Amal Anwar,Moiz Orakzai,Litigated,Due,Issue Found,Due,99400000.0
15798,Mahmood Usmani,DEMO-KPT-15798,House No. DCR-580,Street 23,North Nazimabad,10,5,House,Mahmood Usmani,Yumna Korai,Verified,Due,Clear,Paid,83900000.0
15855,Irfan Sheikh,DEMO-KPT-15855,House No. CRB-847,Street 26,North Nazimabad,10,5,House,Irfan Sheikh,Humayun Chattha,Pending,Paid,Issue Found,Paid,92300000.0
3105,Siddique Rind,DEMO-KPT-3105,House No. D-370,Street 30,North Nazimabad,10,5,House,Siddique Rind,Tanzeela Dayo,Verified,Due,Under Review,Paid,80500000.0
9755,Noaman Ahmed,DEMO-KPT-9755,House No. BD-507,Street 1,North Nazimabad,11,5,House,Noaman Ahmed,Nimra Tarar,Litigated,Due,Under Review,Paid,99500000.0
6773,Sitara Shafiq,DEMO-KPT-6773,House No. DC-812,Street 3,North Nazimabad,11,5,House,Sitara Shafiq,Farheen Shah,Litigated,Paid,Under Review,Paid,89700000.0
15998,Shahid Samo,DEMO-KPT-15998,House No. BCR-820,Street 7,North Nazimabad,11,5,House,Shahid Samo,Raheel Bhat,Litigated,Due,Issue Found,Due,90900000.0
9638,Nouman Mazari,DEMO-KPT-9638,House No. RD-415,Street 13,North Nazimabad,11,5,House,Nouman Mazari,Kausar Imran,Pending,Paid,Clear,Paid,82100000.0
3465,Iffat Samo,DEMO-KPT-3465,House No. C-770,Street 15,North Nazimabad,11,5,House,Iffat Samo,Shafaq Toor,Verified,Due,Clear,Paid,99400000.0
16032,Yumna Yasin,DEMO-KPT-16032,House No. BRC-665,Street 15,North Nazimabad,11,5,House,Yumna Yasin,Tasneem Baig,Verified,Due,Clear,Paid,87600000.0
12893,Zara Toor,DEMO-KPT-12893,House No. DB-426,Street 18,North Nazimabad,11,5,House,Zara Toor,Haleema Tareen,Litigated,Paid,Clear,Paid,95200000.0
16137,Sonia Durrani,DEMO-KPT-16137,House No. RCD-427,Street 20,North Nazimabad,11,5,House,Sonia Durrani,Sahrish Hussain,Litigated,Paid,Under Review,Due,93700000.0
3393,Kamal Ghaffar,DEMO-KPT-3393,House No. C-853,Street 21,North Nazimabad,11,5,House,Kamal Ghaffar,Tanzeela Marri,Verified,Due,Issue Found,Paid,83900000.0
12796,Ayub Kazmi,DEMO-KPT-12796,House No. DR-745,Street 23,North Nazimabad,11,5,House,Ayub Kazmi,Neelam Raza,Pending,Paid,Issue Found,Due,94100000.0
12958,Jabbar Gilani,DEMO-KPT-12958,House No. DC-793,Street 2,North Nazimabad,12,5,House,Jabbar Gilani,Abeera Zubairi,Pending,Due,Under Review,Paid,98600000.0
9832,Kamal Mustafa,DEMO-KPT-9832,House No. BC-331,Street 3,North Nazimabad,12,5,House,Kamal Mustafa,Zia Mohammadzai,Litigated,Due,Clear,Due,84400000.0
13055,Syeda Shinwari,DEMO-KPT-13055,House No. CB-449,Street 4,North Nazimabad,12,5,House,Syeda Shinwari,Mahwish Latif,Verified,Paid,Issue Found,Paid,86500000.0
3547,Nosheen Ghani,DEMO-KPT-3547,House No. D-399,Street 8,North Nazimabad,12,5,House,Nosheen Ghani,Rahim Rabbani,Litigated,Paid,Clear,Paid,89700000.0
16279,Sanam Orakzai,DEMO-KPT-16279,House No. BCD-767,Street 14,North Nazimabad,12,5,House,Sanam Orakzai,Manahil Kasi,Verified,Due,Issue Found,Paid,91800000.0
3642,Hanzala Sipra,DEMO-KPT-3642,House No. B-733,Street 15,North Nazimabad,12,5,House,Hanzala Sipra,Nighat Tarar,Pending,Due,Issue Found,Paid,87800000.0
13063,Aisha Bhittani,DEMO-KPT-13063,House No. RR-509,Street 17,North Nazimabad,12,5,House,Aisha Bhittani,Kausar Hanif,Verified,Due,Issue Found,Paid,91600000.0
6956,Nigar Mengal,DEMO-KPT-6956,House No. DC-710,Street 19,North Nazimabad,12,5,House,Nigar Mengal,Yumna Akhtar,Litigated,Paid,Issue Found,Due,87200000.0
16291,Wajid Swati,DEMO-KPT-16291,House No. CDB-828,Street 19,North Nazimabad,12,5,House,Wajid Swati,Anwar Parvez,Pending,Due,Issue Found,Paid,89600000.0
3537,Zahra Mir,DEMO-KPT-3537,House No. D-426,Street 20,North Nazimabad,12,5,House,Zahra Mir,Saba Sandhu,Litigated,Paid,Under Review,Due,94300000.0
12987,Sidra Bijarani,DEMO-KPT-12987,House No. BD-602,Street 20,North Nazimabad,12,5,House,Sidra Bijarani,Hussain Ali,Litigated,Paid,Under Review,Due,95500000.0
6946,Kamal Sardar,DEMO-KPT-6946,House No. BB-862,Street 23,North Nazimabad,12,5,House,Kamal Sardar,Sehar Zubair,Pending,Paid,Issue Found,Due,92300000.0
3479,Bilal Mirani,DEMO-KPT-3479,House No. D-387,Street 27,North Nazimabad,12,5,House,Bilal Mirani,Hassan Qadir,Pending,Due,Issue Found,Paid,81800000.0
6968,Azka Unar,DEMO-KPT-6968,House No. BC-791,Street 27,North Nazimabad,12,5,House,Azka Unar,Mahad Lodhi,Pending,Due,Under Review,Due,88500000.0
3495,Saqib Bhat,DEMO-KPT-3495,House No. R-481,Street 28,North Nazimabad,12,5,House,Saqib Bhat,Nawal Jadoon,Litigated,Due,Clear,Due,83400000.0
6937,Nageen Alvi,DEMO-KPT-6937,House No. BD-534,Street 29,North Nazimabad,12,5,House,Nageen Alvi,Naveed Qadri,Pending,Due,Clear,Paid,98300000.0
6991,Khawar Aslam,DEMO-KPT-6991,House No. DR-600,Street 29,North Nazimabad,12,5,House,Khawar Aslam,Akif Shakir,Verified,Due,Issue Found,Paid,92000000.0
9914,Ali Cheema,DEMO-KPT-9914,House No. CR-385,Street 30,North Nazimabad,12,5,House,Ali Cheema,Shoaib Jadoon,Pending,Paid,Clear,Paid,85000000.0
13100,Nuzhat Mustafa,DEMO-KPT-13100,House No. RC-572,Street 1,North Nazimabad,13,5,House,Nuzhat Mustafa,Asma Kamboh,Pending,Paid,Issue Found,Due,83900000.0
3649,Jalal Rehman,DEMO-KPT-3649,House No. B-500,Street 8,North Nazimabad,13,5,House,Jalal Rehman,Aneela Bhutto,Pending,Paid,Under Review,Paid,84800000.0
3745,Mubashir Tanvir,DEMO-KPT-3745,House No. R-528,Street 8,North Nazimabad,13,5,House,Mubashir Tanvir,Bakhtawar Haral,Verified,Paid,Under Review,Paid,80100000.0
10045,Aashir Tarar,DEMO-KPT-10045,House No. CB-487,Street 8,North Nazimabad,13,5,House,Aashir Tarar,Zayan Soomro,Verified,Paid,Under Review,Paid,80300000.0
7073,Shagufta Mehmood,DEMO-KPT-7073,House No. DC-715,Street 10,North Nazimabad,13,5,House,Shagufta Mehmood,Hafiz Buriro,Litigated,Due,Under Review,Paid,92800000.0
16523,Sajjad Sandhu,DEMO-KPT-16523,House No. CRD-737,Street 10,North Nazimabad,13,5,House,Sajjad Sandhu,Aleena Abbasi,Litigated,Due,Under Review,Paid,98600000.0
13107,Inam Kamal,DEMO-KPT-13107,House No. RC-758,Street 12,North Nazimabad,13,5,House,Inam Kamal,Javaria Ilyas,Verified,Due,Clear,Paid,98500000.0
10017,Nazia Sardar,DEMO-KPT-10017,House No. DB-477,Street 14,North Nazimabad,13,5,House,Nazia Sardar,Rukhsana Warraich,Litigated,Due,Clear,Due,89500000.0
7161,Fozia Siddiqui,DEMO-KPT-7161,House No. RD-661,Street 16,North Nazimabad,13,5,House,Fozia Siddiqui,Gohar Khokhar,Verified,Paid,Clear,Due,92500000.0
13155,Hoor Marri,DEMO-KPT-13155,House No. BC-346,Street 26,North Nazimabad,13,5,House,Hoor Marri,Bashir Warraich,Pending,Paid,Issue Found,Paid,90300000.0
16441,Tanveer Swati,DEMO-KPT-16441,House No. RCD-843,Street 29,North Nazimabad,13,5,House,Tanveer Swati,Bakhtawar Leghari,Verified,Due,Issue Found,Paid,90600000.0
13228,Sabir Daudzai,DEMO-KPT-13228,House No. BB-571,Street 3,North Nazimabad,14,5,House,Sabir Daudzai,Babar Ghaffar,Pending,Paid,Under Review,Paid,90100000.0
10338,Hina Noor,DEMO-KPT-10338,House No. DC-467,Street 5,North Nazimabad,14,5,House,Hina Noor,Ayesha Gondal,Litigated,Due,Clear,Paid,99000000.0
13488,Bareera Wani,DEMO-KPT-13488,House No. DRC-470,Street 5,North Nazimabad,14,5,House,Bareera Wani,Hoorain Cheema,Litigated,Due,Clear,Paid,89500000.0
13298,Nadia Shafi,DEMO-KPT-13298,House No. CD-454,Street 7,North Nazimabad,14,5,House,Nadia Shafi,Sobia Hafeez,Litigated,Due,Issue Found,Due,89800000.0
3882,Tayyeb Korai,DEMO-KPT-3882,House No. RB-730,Street 15,North Nazimabad,14,5,House,Tayyeb Korai,Izhar Pasha,Verified,Due,Clear,Paid,92500000.0
7213,Hashim Baloch,DEMO-KPT-7213,House No. CC-647,Street 17,North Nazimabad,14,5,House,Hashim Baloch,Iram Siddiqui,Verified,Due,Issue Found,Paid,87800000.0
16570,Maham Tiwana,DEMO-KPT-16570,House No. CDR-383,Street 22,North Nazimabad,14,5,House,Maham Tiwana,Umair Hanif,Pending,Paid,Issue Found,Due,96400000.0
16671,Uroosa Nawaz,DEMO-KPT-16671,House No. CRD-523,Street 7,North Nazimabad,15,5,House,Uroosa Nawaz,Hoorain Sindhi,Verified,Due,Under Review,Due,95000000.0
10422,Mariam Nawaz,DEMO-KPT-10422,House No. RB-328,Street 12,North Nazimabad,15,5,House,Mariam Nawaz,Marium Imran,Pending,Paid,Under Review,Due,81800000.0
16778,Warda Sheikh,DEMO-KPT-16778,House No. DRB-826,Street 13,North Nazimabad,15,5,House,Warda Sheikh,Amber Palijo,Litigated,Due,Issue Found,Due,90400000.0
10392,Naureen Bajwa,DEMO-KPT-10392,House No. DR-550,Street 15,North Nazimabad,15,5,House,Naureen Bajwa,Sarah Bhat,Pending,Due,Issue Found,Paid,80900000.0
7417,Nida Chandio,DEMO-KPT-7417,House No. RR-573,Street 16,North Nazimabad,15,5,House,Nida Chandio,Luqman Hafeez,Verified,Paid,Under Review,Paid,83100000.0
16663,Afzal Khattak,DEMO-KPT-16663,House No. RDC-879,Street 17,North Nazimabad,15,5,House,Afzal Khattak,Mahira Hoti,Verified,Due,Issue Found,Paid,89800000.0
4009,Jannat Panezai,DEMO-KPT-4009,House No. RC-596,Street 18,North Nazimabad,15,5,House,Jannat Panezai,Rafiq Mirza,Verified,Paid,Under Review,Due,94400000.0
16772,Nizam Akhtar,DEMO-KPT-16772,House No. DRC-468,Street 20,North Nazimabad,15,5,House,Nizam Akhtar,Mirza Jafri,Pending,Paid,Under Review,Due,84100000.0
10487,Rubina Bhutto,DEMO-KPT-10487,House No. RD-354,Street 21,North Nazimabad,15,5,House,Rubina Bhutto,Qaiser Ghani,Litigated,Due,Clear,Paid,84900000.0
16787,Zeeshan Janjua,DEMO-KPT-16787,House No. BDC-556,Street 21,North Nazimabad,15,5,House,Zeeshan Janjua,Zahida Sohu,Litigated,Due,Clear,Paid,99500000.0
13633,Aryan Toor,DEMO-KPT-13633,House No. RBD-846,Street 22,North Nazimabad,15,5,House,Aryan Toor,Farheen Afridi,Litigated,Paid,Issue Found,Due,91100000.0
4020,Jamila Saif,DEMO-KPT-4020,House No. DR-610,Street 26,North Nazimabad,15,5,House,Jamila Saif,Samiya Ghauri,Pending,Due,Under Review,Due,86500000.0
13759,Abdullah Shaikh,DEMO-KPT-13759,House No. RCB-736,Street 3,North Nazimabad,16,5,House,Abdullah Shaikh,Misbah Shakir,Litigated,Due,Clear,Due,99700000.0
7489,Mubashir Sardar,DEMO-KPT-7489,House No. BR-386,Street 4,North Nazimabad,16,5,House,Mubashir Sardar,Zulekha Tunio,Verified,Due,Issue Found,Paid,99200000.0
7448,Jazib Durrani,DEMO-KPT-7448,House No. CR-546,Street 7,North Nazimabad,16,5,House,Jazib Durrani,Nailah Bashir,Litigated,Due,Issue Found,Due,98400000.0
16856,Zohra Panezai,DEMO-KPT-16856,House No. RDB-529,Street 19,North Nazimabad,16,5,House,Zohra Panezai,Hussnain Bhutto,Litigated,Paid,Issue Found,Due,88900000.0
13805,Hidayat Parvez,DEMO-KPT-13805,House No. BRC-603,Street 1,North Nazimabad,17,5,House,Hidayat Parvez,Khushbu Kakar,Litigated,Due,Under Review,Paid,93000000.0
4387,Nawaz Mughal,DEMO-KPT-4387,House No. BB-478,Street 4,North Nazimabad,17,5,House,Nawaz Mughal,Sarah Popalzai,Pending,Paid,Clear,Due,98100000.0
7537,Mushtaq Jafri,DEMO-KPT-7537,House No. BB-383,Street 4,North Nazimabad,17,5,House,Mushtaq Jafri,Nihal Tariq,Pending,Paid,Clear,Due,92500000.0
4549,Munib Dogar,DEMO-KPT-4549,House No. DD-508,Street 8,North Nazimabad,17,5,House,Munib Dogar,Ikhlaq Dayo,Pending,Paid,Under Review,Paid,96200000.0
4404,Tanzeela Khattak,DEMO-KPT-4404,House No. RC-536,Street 13,North Nazimabad,17,5,House,Tanzeela Khattak,Yumna Kidwai,Litigated,Due,Issue Found,Paid,97600000.0
4371,Ashfaq Barakzai,DEMO-KPT-4371,House No. DC-374,Street 19,North Nazimabad,17,5,House,Ashfaq Barakzai,Ahad Rana,Verified,Paid,Clear,Paid,89400000.0
4520,Munir Warsi,DEMO-KPT-4520,House No. DR-333,Street 20,North Nazimabad,17,5,House,Munir Warsi,Tabish Shaikh,Litigated,Paid,Issue Found,Due,97800000.0
13870,Haseeb Virk,DEMO-KPT-13870,House No. CRB-415,Street 22,North Nazimabad,17,5,House,Haseeb Virk,Zahid Nadeem,Pending,Paid,Issue Found,Due,81400000.0
10754,Tamim Mian,DEMO-KPT-10754,House No. RR-893,Street 23,North Nazimabad,17,5,House,Tamim Mian,Saleem Qazi,Litigated,Paid,Clear,Paid,96600000.0
10749,Shanza Javed,DEMO-KPT-10749,House No. DD-873,Street 24,North Nazimabad,17,5,House,Shanza Javed,Yousaf Yazdani,Pending,Paid,Issue Found,Paid,89800000.0
16995,Ishaq Laghari,DEMO-KPT-16995,House No. BDC-395,Street 28,North Nazimabad,17,5,House,Ishaq Laghari,Raees Hayat,Litigated,Due,Clear,Due,90800000.0
7605,Zahid Pasha,DEMO-KPT-7605,House No. RC-707,Street 30,North Nazimabad,17,5,House,Zahid Pasha,Raheela Zubair,Verified,Due,Under Review,Paid,98800000.0
10755,Mubeen Tunio,DEMO-KPT-10755,House No. DD-711,Street 30,North Nazimabad,17,5,House,Mubeen Tunio,Asim Kazmi,Verified,Due,Under Review,Paid,86300000.0
7700,Hafiz Mangi,DEMO-KPT-7700,House No. RR-610,Street 1,North Nazimabad,18,5,House,Hafiz Mangi,Inaya Rana,Pending,Paid,Issue Found,Due,86200000.0
10978,Raza Kiani,DEMO-KPT-10978,House No. BB-693,Street 3,North Nazimabad,18,5,House,Raza Kiani,Kabir Lak,Pending,Paid,Under Review,Paid,92200000.0
7696,Asad Lashari,DEMO-KPT-7696,House No. DR-665,Street 12,North Nazimabad,18,5,House,Asad Lashari,Naeem Umer,Litigated,Due,Under Review,Due,80800000.0
4628,Mishal Mahsud,DEMO-KPT-4628,House No. RD-683,Street 13,North Nazimabad,18,5,House,Mishal Mahsud,Ayaz Pirzada,Litigated,Due,Issue Found,Due,89200000.0
14031,Rimsha Daudzai,DEMO-KPT-14031,House No. CDR-371,Street 13,North Nazimabad,18,5,House,Rimsha Daudzai,Rehmat Buriro,Pending,Due,Under Review,Paid,96100000.0
7772,Erum Majeed,DEMO-KPT-7772,House No. RC-459,Street 20,North Nazimabad,18,5,House,Erum Majeed,Farheen Ghumman,Pending,Paid,Under Review,Due,98000000.0
4596,Sundas Chaudhry,DEMO-KPT-4596,House No. CD-376,Street 23,North Nazimabad,18,5,House,Sundas Chaudhry,Shahab Sandhu,Litigated,Due,Issue Found,Due,97300000.0
13947,Mubashra Baloch,DEMO-KPT-13947,House No. DBR-542,Street 25,North Nazimabad,18,5,House,Mubashra Baloch,Kaif Nadeem,Litigated,Paid,Clear,Paid,80700000.0
10905,Taimur Chaudhry,DEMO-KPT-10905,House No. DB-318,Street 26,North Nazimabad,18,5,House,Taimur Chaudhry,Hanif Kamal,Pending,Paid,Issue Found,Paid,97800000.0
11158,Bahadur Lone,DEMO-KPT-11158,House No. DB-617,Street 2,North Nazimabad,19,5,House,Bahadur Lone,Shahzadi Pirzada,Pending,Due,Under Review,Paid,97000000.0
11123,Saif Barakzai,DEMO-KPT-11123,House No. DD-439,Street 10,North Nazimabad,19,5,House,Saif Barakzai,Amjad Khan,Litigated,Due,Under Review,Paid,96500000.0
4854,Raheela Gabol,DEMO-KPT-4854,House No. DD-600,Street 13,North Nazimabad,19,5,House,Raheela Gabol,Nazia Mari,Litigated,Due,Issue Found,Paid,83700000.0
4818,Rauf Toor,DEMO-KPT-4818,House No. BD-342,Street 14,North Nazimabad,19,5,House,Rauf Toor,Ihtisham Hameed,Verified,Due,Issue Found,Paid,86600000.0
14067,Mahnoor Minhas,DEMO-KPT-14067,House No. RBC-655,Street 14,North Nazimabad,19,5,House,Mahnoor Minhas,Athar Tahir,Litigated,Due,Clear,Due,95400000.0
4821,Kainat Mahesar,DEMO-KPT-4821,House No. DC-336,Street 19,North Nazimabad,19,5,House,Kainat Mahesar,Kaif Kazmi,Verified,Paid,Clear,Paid,91600000.0
14083,Marium Panezai,DEMO-KPT-14083,House No. BCD-547,Street 22,North Nazimabad,19,5,House,Marium Panezai,Aqib Qadri,Litigated,Paid,Issue Found,Due,97400000.0
7857,Dua Hussain,DEMO-KPT-7857,House No. DC-472,Street 25,North Nazimabad,19,5,House,Dua Hussain,Sitara Mahesar,Verified,Due,Under Review,Paid,83700000.0
8053,Taha Abbasi,DEMO-KPT-8053,House No. DR-481,Street 1,North Nazimabad,20,5,House,Taha Abbasi,Qudrat Tahir,Verified,Paid,Issue Found,Due,86500000.0
8032,Madiha Umer,DEMO-KPT-8032,House No. CD-449,Street 3,North Nazimabad,20,5,House,Madiha Umer,Saher Buriro,Litigated,Due,Clear,Due,86300000.0
11273,Ghazanfar Sahito,DEMO-KPT-11273,House No. BC-562,Street 3,North Nazimabad,20,5,House,Ghazanfar Sahito,Faisal Wani,Litigated,Paid,Under Review,Paid,95400000.0
4938,Umair Sultan,DEMO-KPT-4938,House No. CB-371,Street 5,North Nazimabad,20,5,House,Umair Sultan,Parvez Siddiqui,Litigated,Due,Clear,Paid,94800000.0
4942,Faizan Yaqoob,DEMO-KPT-4942,House No. RD-566,Street 7,North Nazimabad,20,5,House,Faizan Yaqoob,Sana Hafeez,Verified,Paid,Clear,Paid,96900000.0
11242,Sabahat Kazmi,DEMO-KPT-11242,House No. CC-781,Street 7,North Nazimabad,20,5,House,Sabahat Kazmi,Hina Mahar,Verified,Paid,Clear,Paid,84100000.0
7986,Sibtain Mengal,DEMO-KPT-7986,House No. BD-485,Street 8,North Nazimabad,20,5,House,Sibtain Mengal,Mubashir Mansoor,Pending,Paid,Under Review,Due,80300000.0
14207,Mahreen Zafar,DEMO-KPT-14207,House No. DRC-338,Street 12,North Nazimabad,20,5,House,Mahreen Zafar,Urwa Khosa,Pending,Due,Under Review,Paid,82900000.0
5031,Ashfaq Shakir,DEMO-KPT-5031,House No. BC-694,Street 13,North Nazimabad,20,5,House,Ashfaq Shakir,Nosheen Marwat,Pending,Due,Under Review,Paid,99700000.0
11263,Kashaf Butt,DEMO-KPT-11263,House No. RR-417,Street 17,North Nazimabad,20,5,House,Kashaf Butt,Kaleem Jamali,Verified,Due,Issue Found,Paid,82300000.0
5072,Haider Mohmand,DEMO-KPT-5072,House No. RC-471,Street 20,North Nazimabad,20,5,House,Haider Mohmand,Sara Bhatti,Pending,Paid,Under Review,Due,96400000.0
14193,Umaima Shakir,DEMO-KPT-14193,House No. RCB-488,Street 21,North Nazimabad,20,5,House,Umaima Shakir,Habib Talpur,Verified,Due,Issue Found,Paid,98200000.0
11170,Fareeha Rizvi,DEMO-KPT-11170,House No. DR-398,Street 22,North Nazimabad,20,5,House,Fareeha Rizvi,Talal Buriro,Pending,Paid,Issue Found,Due,89800000.0
8015,Bilawal Kakar,DEMO-KPT-8015,House No. BC-463,Street 24,North Nazimabad,20,5,House,Bilawal Kakar,Muhammad Bhatti,Litigated,Due,Issue Found,Paid,90100000.0
14315,Hadiqa Kidwai,DEMO-KPT-14315,House No. BCR-633,Street 24,North Nazimabad,20,5,House,Hadiqa Kidwai,Eman Saleem,Litigated,Due,Issue Found,Paid,98000000.0
14137,Asra Rashid,DEMO-KPT-14137,House No. DCR-495,Street 29,North Nazimabad,20,5,House,Asra Rashid,Amara Cheema,Pending,Due,Clear,Paid,95000000.0
1528,Arham Rizvi,DEMO-KPT-1528,House No. R-810,Street 3,Saddar,1,5,House,Arham Rizvi,Anwar Usmani,Pending,Paid,Under Review,Paid,84300000.0
3409,Nida Cheena,DEMO-KPT-3409,House No. C-447,Street 3,Saddar,1,5,House,Nida Cheena,Arooj Imran,Litigated,Due,Clear,Due,85700000.0
14287,Maira Tanvir,DEMO-KPT-14287,House No. DRC-462,Street 4,Saddar,1,5,House,Maira Tanvir,Iram Dar,Pending,Paid,Clear,Due,81100000.0
5392,Amna Sandhu,DEMO-KPT-5392,House No. RR-312,Street 7,Saddar,1,5,House,Amna Sandhu,Nashra Bhurgri,Verified,Paid,Clear,Paid,93600000.0
5347,Imran Chandio,DEMO-KPT-5347,House No. DD-398,Street 8,Saddar,1,5,House,Imran Chandio,Sehrish Zia,Litigated,Paid,Clear,Paid,86000000.0
10849,Shumaila Sabri,DEMO-KPT-10849,House No. CC-568,Street 8,Saddar,1,5,House,Shumaila Sabri,Shehzad Samo,Pending,Paid,Under Review,Paid,87400000.0
14286,Ayub Lak,DEMO-KPT-14286,House No. BRC-653,Street 8,Saddar,1,5,House,Ayub Lak,Mudassar Gabol,Pending,Paid,Under Review,Due,81000000.0
9046,Zainab Hayat,DEMO-KPT-9046,House No. CC-641,Street 12,Saddar,1,5,House,Zainab Hayat,Farah Shakir,Litigated,Due,Under Review,Due,96300000.0
10872,Danish Bajwa,DEMO-KPT-10872,House No. CB-716,Street 12,Saddar,1,5,House,Danish Bajwa,Yousaf Bettani,Pending,Paid,Under Review,Due,83700000.0
7328,Faisal Pirzada,DEMO-KPT-7328,House No. BC-860,Street 13,Saddar,1,5,House,Faisal Pirzada,Kanwal Rana,Litigated,Due,Issue Found,Due,87100000.0
14325,Junaid Rafique,DEMO-KPT-14325,House No. BRC-791,Street 13,Saddar,1,5,House,Junaid Rafique,Amal Baig,Pending,Paid,Clear,Due,83400000.0
7317,Rizwan Durrani,DEMO-KPT-7317,House No. DR-690,Street 14,Saddar,1,5,House,Rizwan Durrani,Nouman Shakir,Litigated,Due,Clear,Due,86900000.0
10879,Sohail Toor,DEMO-KPT-10879,House No. DD-575,Street 14,Saddar,1,5,House,Sohail Toor,Sami Afridi,Verified,Due,Issue Found,Paid,81300000.0
3432,Emaan Mengal,DEMO-KPT-3432,House No. B-749,Street 15,Saddar,1,5,House,Emaan Mengal,Atif Kamboh,Verified,Due,Clear,Paid,96400000.0
9042,Sahil Ilyas,DEMO-KPT-9042,House No. CD-342,Street 15,Saddar,1,5,House,Sahil Ilyas,Khadija Yaqoob,Pending,Due,Issue Found,Paid,86300000.0
10855,Tahira Mari,DEMO-KPT-10855,House No. BB-316,Street 16,Saddar,1,5,House,Tahira Mari,Adnan Ijaz,Pending,Paid,Under Review,Paid,85300000.0
3471,Sohail Kamboh,DEMO-KPT-3471,House No. C-753,Street 19,Saddar,1,5,House,Sohail Kamboh,Rehan Yousaf,Verified,Paid,Clear,Paid,93600000.0
10820,Shabana Korai,DEMO-KPT-10820,House No. RR-313,Street 20,Saddar,1,5,House,Shabana Korai,Dua Hanif,Litigated,Paid,Issue Found,Due,82900000.0
7333,Kaneez Sheikh,DEMO-KPT-7333,House No. DR-650,Street 22,Saddar,1,5,House,Kaneez Sheikh,Azka Mengal,Litigated,Paid,Issue Found,Due,80000000.0
12554,Samina Toor,DEMO-KPT-12554,House No. DB-559,Street 23,Saddar,1,5,House,Samina Toor,Shabbir Kazmi,Litigated,Paid,Clear,Paid,96600000.0
5349,Shafiq Bashir,DEMO-KPT-5349,House No. RC-753,Street 24,Saddar,1,5,House,Shafiq Bashir,Rooman Cheema,Pending,Paid,Issue Found,Paid,88800000.0
12549,Sarmad Lughmani,DEMO-KPT-12549,House No. RB-807,Street 24,Saddar,1,5,House,Sarmad Lughmani,Mehak Kayani,Pending,Paid,Issue Found,Paid,96100000.0
5370,Shahzadi Mengal,DEMO-KPT-5370,House No. DR-441,Street 26,Saddar,1,5,House,Shahzadi Mengal,Manahil Ijaz,Pending,Due,Under Review,Due,95400000.0
3418,Mahnaz Kharal,DEMO-KPT-3418,House No. D-643,Street 27,Saddar,1,5,House,Mahnaz Kharal,Rohail Panhwar,Pending,Paid,Issue Found,Paid,89400000.0
16055,Jawad Daudzai,DEMO-KPT-16055,House No. BDR-603,Street 1,Saddar,2,5,House,Jawad Daudzai,Ghulam Tunio,Litigated,Due,Under Review,Paid,88300000.0
3508,Nabila Riaz,DEMO-KPT-3508,House No. D-519,Street 2,Saddar,2,5,House,Nabila Riaz,Ayub Chattha,Pending,Due,Under Review,Paid,82100000.0
3592,Manahil Qadri,DEMO-KPT-3592,House No. C-775,Street 7,Saddar,2,5,House,Manahil Qadri,Aleeza Raza,Verified,Paid,Clear,Paid,98000000.0
7345,Faiza Mengal,DEMO-KPT-7345,House No. RC-698,Street 8,Saddar,2,5,House,Faiza Mengal,Fahad Korai,Verified,Paid,Under Review,Paid,94000000.0
12649,Shamim Mian,DEMO-KPT-12649,House No. DR-891,Street 8,Saddar,2,5,House,Shamim Mian,Akram Tiwana,Pending,Paid,Under Review,Paid,86700000.0
9257,Qadir Shinwari,DEMO-KPT-9257,House No. CR-304,Street 12,Saddar,2,5,House,Qadir Shinwari,Sabir Magsi,Pending,Due,Under Review,Paid,98400000.0
1605,Rayyan Raza,DEMO-KPT-1605,House No. R-488,Street 13,Saddar,2,5,House,Rayyan Raza,Mahmood Swati,Litigated,Due,Under Review,Paid,83400000.0
9255,Sahar Hussain,DEMO-KPT-9255,House No. BR-714,Street 13,Saddar,2,5,House,Sahar Hussain,Yusra Rashid,Litigated,Due,Under Review,Paid,90400000.0
5442,Kashif Swati,DEMO-KPT-5442,House No. DR-652,Street 15,Saddar,2,5,House,Kashif Swati,Zainab Talpur,Pending,Due,Issue Found,Paid,95600000.0
5453,Hussam Abbasi,DEMO-KPT-5453,House No. DD-709,Street 18,Saddar,2,5,House,Hussam Abbasi,Mariam Qazi,Litigated,Paid,Clear,Paid,87500000.0
3527,Rukhsana Shafiq,DEMO-KPT-3527,House No. D-617,Street 19,Saddar,2,5,House,Rukhsana Shafiq,Saif Randhawa,Pending,Due,Issue Found,Paid,88300000.0
7353,Rustam Kakar,DEMO-KPT-7353,House No. RB-369,Street 20,Saddar,2,5,House,Rustam Kakar,Rafia Panhwar,Verified,Paid,Issue Found,Due,81400000.0
1546,Lamia Awan,DEMO-KPT-1546,House No. C-424,Street 23,Saddar,2,5,House,Lamia Awan,Muhammad Kasi,Pending,Paid,Issue Found,Due,96000000.0
3549,Sabeen Bashir,DEMO-KPT-3549,House No. C-768,Street 24,Saddar,2,5,House,Sabeen Bashir,Mohsin Wattoo,Pending,Paid,Issue Found,Paid,80200000.0
5505,Obaid Zafar,DEMO-KPT-5505,House No. BR-406,Street 26,Saddar,2,5,House,Obaid Zafar,Raheel Gandapur,Pending,Paid,Issue Found,Paid,89100000.0
16079,Ayaz Gandapur,DEMO-KPT-16079,House No. DCR-627,Street 27,Saddar,2,5,House,Ayaz Gandapur,Kanwal Unar,Pending,Due,Issue Found,Paid,85600000.0
16024,Zuha Yazdani,DEMO-KPT-16024,House No. BDR-646,Street 29,Saddar,2,5,House,Zuha Yazdani,Zarar Zahid,Verified,Due,Clear,Paid,98700000.0
11105,Manzoor Bijarani,DEMO-KPT-11105,House No. CB-505,Street 1,Saddar,3,5,House,Manzoor Bijarani,Sehrish Yasin,Litigated,Due,Under Review,Paid,87100000.0
1708,Akif Zia,DEMO-KPT-1708,House No. R-511,Street 2,Saddar,3,5,House,Akif Zia,Samina Tiwana,Pending,Due,Under Review,Paid,84500000.0
14423,Kabeer Shinwari,DEMO-KPT-14423,House No. CBR-866,Street 3,Saddar,3,5,House,Kabeer Shinwari,Zia Cheena,Litigated,Paid,Under Review,Paid,86500000.0
7421,Anila Durrani,DEMO-KPT-7421,House No. BR-691,Street 5,Saddar,3,5,House,Anila Durrani,Daniya Mansoor,Pending,Paid,Issue Found,Paid,80400000.0
14449,Kaneez Mahesar,DEMO-KPT-14449,House No. CRD-393,Street 8,Saddar,3,5,House,Kaneez Mahesar,Moiz Bukhari,Pending,Paid,Under Review,Paid,93700000.0
1707,Aisha Bashir,DEMO-KPT-1707,House No. C-702,Street 9,Saddar,3,5,House,Aisha Bashir,Bisma Warsi,Litigated,Paid,Clear,Paid,96800000.0
9357,Sultan Malik,DEMO-KPT-9357,House No. BC-890,Street 9,Saddar,3,5,House,Sultan Malik,Rustam Lakhani,Litigated,Paid,Clear,Paid,99900000.0
16178,Israr Sadiq,DEMO-KPT-16178,House No. DRC-779,Street 9,Saddar,3,5,House,Israr Sadiq,Owais Niazi,Litigated,Due,Issue Found,Paid,99900000.0
14446,Fasih Khalid,DEMO-KPT-14446,House No. CBD-439,Street 12,Saddar,3,5,House,Fasih Khalid,Noshaba Magsi,Litigated,Due,Under Review,Due,94900000.0
16104,Zaynab Rajput,DEMO-KPT-16104,House No. DBR-540,Street 13,Saddar,3,5,House,Zaynab Rajput,Habib Sandhu,Litigated,Due,Issue Found,Paid,82700000.0
9318,Samra Sadiq,DEMO-KPT-9318,House No. BB-661,Street 14,Saddar,3,5,House,Samra Sadiq,Neha Mir,Verified,Due,Issue Found,Paid,98400000.0
12717,Kamil Khuhro,DEMO-KPT-12717,House No. RB-636,Street 14,Saddar,3,5,House,Kamil Khuhro,Zara Rabbani,Litigated,Due,Clear,Due,99000000.0
9282,Farid Sandhu,DEMO-KPT-9282,House No. CD-457,Street 15,Saddar,3,5,House,Farid Sandhu,Nasrullah Kidwai,Verified,Due,Clear,Paid,97600000.0
3613,Fahad Ghauri,DEMO-KPT-3613,House No. B-549,Street 17,Saddar,3,5,House,Fahad Ghauri,Aqib Shaikh,Verified,Due,Issue Found,Paid,89700000.0
7432,Urooj Rizvi,DEMO-KPT-7432,House No. RC-664,Street 17,Saddar,3,5,House,Urooj Rizvi,Fabiha Ranjha,Litigated,Due,Issue Found,Due,96700000.0
9320,Safa Rajper,DEMO-KPT-9320,House No. BB-850,Street 19,Saddar,3,5,House,Safa Rajper,Inshal Kamal,Verified,Due,Issue Found,Paid,86500000.0
11108,Dilawar Jamal,DEMO-KPT-11108,House No. RD-549,Street 19,Saddar,3,5,House,Dilawar Jamal,Bakht Qazi,Verified,Paid,Under Review,Due,96000000.0
5561,Naeem Jafri,DEMO-KPT-5561,House No. DD-658,Street 22,Saddar,3,5,House,Naeem Jafri,Farwa Nadeem,Pending,Due,Clear,Paid,96200000.0
9339,Zain Janjua,DEMO-KPT-9339,House No. BC-658,Street 22,Saddar,3,5,House,Zain Janjua,Farwa Orakzai,Litigated,Paid,Clear,Paid,95400000.0
1754,Warda Javed,DEMO-KPT-1754,House No. C-875,Street 23,Saddar,3,5,House,Warda Javed,Minahil Butt,Litigated,Paid,Clear,Paid,94100000.0
3648,Sharjeel Soomro,DEMO-KPT-3648,House No. B-669,Street 23,Saddar,3,5,House,Sharjeel Soomro,Hammad Khuhro,Verified,Due,Clear,Paid,85200000.0
5596,Tamkeen Zafar,DEMO-KPT-5596,House No. CR-821,Street 23,Saddar,3,5,House,Tamkeen Zafar,Bakht Zardari,Pending,Paid,Issue Found,Due,91300000.0
12705,Bashir Joiya,DEMO-KPT-12705,House No. BC-362,Street 26,Saddar,3,5,House,Bashir Joiya,Rukhsana Sandhu,Pending,Paid,Issue Found,Paid,85600000.0
7418,Mashal Tarar,DEMO-KPT-7418,House No. BR-876,Street 27,Saddar,3,5,House,Mashal Tarar,Feryal Tunio,Pending,Due,Under Review,Due,88300000.0
9345,Khadija Bhatti,DEMO-KPT-9345,House No. BB-734,Street 28,Saddar,3,5,House,Khadija Bhatti,Aneela Mehmood,Litigated,Due,Clear,Due,86800000.0
1858,Sakina Lone,DEMO-KPT-1858,House No. B-434,Street 1,Saddar,4,5,House,Sakina Lone,Tooba Kalhoro,Pending,Paid,Clear,Paid,85200000.0
3690,Azan Zardari,DEMO-KPT-3690,House No. B-662,Street 2,Saddar,4,5,House,Azan Zardari,Izhar Rana,Verified,Due,Under Review,Due,94800000.0
9358,Mazhar Mahesar,DEMO-KPT-9358,House No. CB-338,Street 2,Saddar,4,5,House,Mazhar Mahesar,Jibran Zubair,Pending,Due,Under Review,Paid,96100000.0
16223,Naureen Bhittani,DEMO-KPT-16223,House No. DBR-786,Street 3,Saddar,4,5,House,Naureen Bhittani,Nashra Leghari,Litigated,Paid,Under Review,Paid,99200000.0
16266,Numan Zardari,DEMO-KPT-16266,House No. BRD-556,Street 8,Saddar,4,5,House,Numan Zardari,Ehsan Tanvir,Pending,Due,Clear,Due,90100000.0
5657,Yaqoob Afridi,DEMO-KPT-5657,House No. RB-588,Street 12,Saddar,4,5,House,Yaqoob Afridi,Sadaqat Chaudhry,Pending,Due,Under Review,Paid,83900000.0
1881,Kashif Kazmi,DEMO-KPT-1881,House No. R-354,Street 13,Saddar,4,5,House,Kashif Kazmi,Zoya Kayani,Pending,Due,Under Review,Paid,91400000.0
7554,Ajmal Butt,DEMO-KPT-7554,House No. DR-746,Street 13,Saddar,4,5,House,Ajmal Butt,Ayeza Gandapur,Litigated,Due,Issue Found,Paid,85900000.0
11154,Bilquis Toor,DEMO-KPT-11154,House No. CC-720,Street 13,Saddar,4,5,House,Bilquis Toor,Mariam Mirza,Litigated,Due,Issue Found,Paid,98600000.0
1879,Shanza Bhutto,DEMO-KPT-1879,House No. C-877,Street 14,Saddar,4,5,House,Shanza Bhutto,Ihtisham Jadoon,Verified,Due,Issue Found,Paid,98500000.0
14517,Haleema Ansari,DEMO-KPT-14517,House No. CRD-820,Street 14,Saddar,4,5,House,Haleema Ansari,Mirza Tunio,Litigated,Due,Clear,Due,91100000.0
16255,Nailah Bhurgri,DEMO-KPT-16255,House No. BCR-883,Street 16,Saddar,4,5,House,Nailah Bhurgri,Abubakar Toor,Pending,Paid,Under Review,Paid,89400000.0
14483,Zara Sandhu,DEMO-KPT-14483,House No. DRB-422,Street 18,Saddar,4,5,House,Zara Sandhu,Raheela Popalzai,Litigated,Due,Issue Found,Paid,83700000.0
12806,Ubaid Tanvir,DEMO-KPT-12806,House No. BD-428,Street 19,Saddar,4,5,House,Ubaid Tanvir,Haroon Korai,Litigated,Paid,Issue Found,Due,92200000.0
9387,Sadaqat Sohu,DEMO-KPT-9387,House No. CD-790,Street 20,Saddar,4,5,House,Sadaqat Sohu,Iqra Tahir,Litigated,Paid,Under Review,Due,82300000.0
11187,Shakeel Ghazali,DEMO-KPT-11187,House No. RD-484,Street 20,Saddar,4,5,House,Shakeel Ghazali,Musa Daudzai,Litigated,Paid,Under Review,Due,92600000.0
1848,Mehak Naqvi,DEMO-KPT-1848,House No. R-574,Street 23,Saddar,4,5,House,Mehak Naqvi,Yasmeen Mir,Verified,Due,Clear,Paid,84600000.0
5697,Noreen Jafri,DEMO-KPT-5697,House No. CD-644,Street 25,Saddar,4,5,House,Noreen Jafri,Rameez Yazdani,Verified,Paid,Under Review,Paid,91700000.0
3705,Faizan Imran,DEMO-KPT-3705,House No. C-445,Street 26,Saddar,4,5,House,Faizan Imran,Noshaba Buriro,Pending,Paid,Issue Found,Paid,84700000.0
7603,Rashid Sohu,DEMO-KPT-7603,House No. CC-503,Street 1,Saddar,5,5,House,Rashid Sohu,Madiha Pirzada,Verified,Paid,Issue Found,Due,84500000.0
12905,Wania Mughal,DEMO-KPT-12905,House No. CR-653,Street 1,Saddar,5,5,House,Wania Mughal,Samina Latif,Litigated,Due,Under Review,Paid,84800000.0
7673,Mehreen Qadir,DEMO-KPT-7673,House No. CB-715,Street 3,Saddar,5,5,House,Mehreen Qadir,Salma Zahid,Litigated,Paid,Under Review,Paid,94500000.0
12889,Rimsha Buriro,DEMO-KPT-12889,House No. DC-771,Street 4,Saddar,5,5,House,Rimsha Buriro,Salahuddin Yazdani,Verified,Due,Issue Found,Paid,92500000.0
7597,Maham Talpur,DEMO-KPT-7597,House No. BC-309,Street 8,Saddar,5,5,House,Maham Talpur,Muneeba Mahar,Litigated,Paid,Clear,Paid,98600000.0
9499,Sharjeel Cheema,DEMO-KPT-9499,House No. DB-390,Street 8,Saddar,5,5,House,Sharjeel Cheema,Nudrat Bangash,Pending,Paid,Under Review,Paid,84600000.0
9516,Umair Bijarani,DEMO-KPT-9516,House No. RD-357,Street 8,Saddar,5,5,House,Umair Bijarani,Moeen Yousaf,Pending,Due,Clear,Due,96500000.0
11228,Imtiaz Hashmi,DEMO-KPT-11228,House No. RR-438,Street 9,Saddar,5,5,House,Imtiaz Hashmi,Shahmeer Mohmand,Litigated,Due,Issue Found,Paid,87200000.0
1911,Tamkeen Dogar,DEMO-KPT-1911,House No. R-832,Street 10,Saddar,5,5,House,Tamkeen Dogar,Mehak Zardari,Litigated,Due,Under Review,Due,80500000.0
14657,Warda Zahid,DEMO-KPT-14657,House No. DRB-757,Street 12,Saddar,5,5,House,Warda Zahid,Anwar Qureshi,Pending,Due,Under Review,Paid,87900000.0
12829,Samiya Toor,DEMO-KPT-12829,House No. BD-315,Street 15,Saddar,5,5,House,Samiya Toor,Nawaz Ilyas,Pending,Paid,Under Review,Due,84100000.0
14715,Yasmeen Rafique,DEMO-KPT-14715,House No. BRD-448,Street 15,Saddar,5,5,House,Yasmeen Rafique,Firdous Abro,Verified,Due,Clear,Paid,84500000.0
12832,Jazib Haral,DEMO-KPT-12832,House No. RD-674,Street 17,Saddar,5,5,House,Jazib Haral,Numan Baloch,Litigated,Due,Issue Found,Due,90000000.0
12908,Jahangir Janjua,DEMO-KPT-12908,House No. CB-500,Street 19,Saddar,5,5,House,Jahangir Janjua,Subhan Kasi,Verified,Paid,Under Review,Due,97500000.0
5787,Sundas Palijo,DEMO-KPT-5787,House No. CB-456,Street 20,Saddar,5,5,House,Sundas Palijo,Unaiza Qureshi,Litigated,Paid,Under Review,Due,95500000.0
3761,Shan Haral,DEMO-KPT-3761,House No. C-784,Street 22,Saddar,5,5,House,Shan Haral,Azka Iqbal,Pending,Due,Clear,Paid,84800000.0
5770,Tayyeb Randhawa,DEMO-KPT-5770,House No. RB-365,Street 22,Saddar,5,5,House,Tayyeb Randhawa,Khalid Gakhar,Pending,Paid,Issue Found,Due,81700000.0
3796,Aziz Baig,DEMO-KPT-3796,House No. D-428,Street 23,Saddar,5,5,House,Aziz Baig,Areeba Mohmand,Pending,Paid,Issue Found,Due,83600000.0
11247,Javed Shinwari,DEMO-KPT-11247,House No. BC-360,Street 25,Saddar,5,5,House,Javed Shinwari,Zarar Hameed,Litigated,Paid,Clear,Paid,81800000.0
14668,Yusuf Qazi,DEMO-KPT-14668,House No. RBD-645,Street 27,Saddar,5,5,House,Yusuf Qazi,Mukarram Jaffri,Pending,Paid,Issue Found,Paid,90900000.0
11272,Amir Saeed,DEMO-KPT-11272,House No. DD-598,Street 29,Saddar,5,5,House,Amir Saeed,Rida Orakzai,Litigated,Due,Issue Found,Due,86200000.0
16387,Awais Pasha,DEMO-KPT-16387,House No. RDC-759,Street 29,Saddar,5,5,House,Awais Pasha,Sameer Rajput,Pending,Due,Clear,Paid,91600000.0
5900,Dania Samo,DEMO-KPT-5900,House No. CR-842,Street 1,Saddar,6,5,House,Dania Samo,Rimsha Hameed,Pending,Paid,Issue Found,Due,96500000.0
7674,Sobia Ansari,DEMO-KPT-7674,House No. CR-669,Street 6,Saddar,6,5,House,Sobia Ansari,Kainat Cheena,Pending,Paid,Under Review,Paid,90300000.0
9595,Ahmed Gondal,DEMO-KPT-9595,House No. CD-840,Street 8,Saddar,6,5,House,Ahmed Gondal,Inshal Turk,Verified,Paid,Under Review,Paid,82500000.0
14757,Osama Wazir,DEMO-KPT-14757,House No. RCB-707,Street 9,Saddar,6,5,House,Osama Wazir,Zarmeen Lakhani,Litigated,Paid,Clear,Paid,98500000.0
12923,Safa Mirani,DEMO-KPT-12923,House No. DR-409,Street 10,Saddar,6,5,House,Safa Mirani,Bilawal Wazir,Litigated,Due,Under Review,Paid,93400000.0
5922,Bareera Kazmi,DEMO-KPT-5922,House No. RC-446,Street 12,Saddar,6,5,House,Bareera Kazmi,Naseer Warsi,Pending,Paid,Under Review,Due,83500000.0
11307,Nasir Kazmi,DEMO-KPT-11307,House No. CD-369,Street 12,Saddar,6,5,House,Nasir Kazmi,Bashir Talpur,Verified,Due,Clear,Paid,98600000.0
1988,Burhan Jamal,DEMO-KPT-1988,House No. D-385,Street 13,Saddar,6,5,House,Burhan Jamal,Tabassum Gondal,Pending,Paid,Clear,Paid,99200000.0
11331,Khansa Durrani,DEMO-KPT-11331,House No. RD-646,Street 13,Saddar,6,5,House,Khansa Durrani,Azeem Sultan,Pending,Due,Under Review,Paid,80300000.0
14775,Nida Rabbani,DEMO-KPT-14775,House No. DRC-532,Street 13,Saddar,6,5,House,Nida Rabbani,Zubaida Randhawa,Pending,Paid,Clear,Due,95400000.0
3918,Adnan Qadri,DEMO-KPT-3918,House No. RC-566,Street 14,Saddar,6,5,House,Adnan Qadri,Manzoor Gilani,Verified,Due,Issue Found,Paid,82500000.0
5892,Sitara Bukhari,DEMO-KPT-5892,House No. DC-428,Street 15,Saddar,6,5,House,Sitara Bukhari,Akif Hafeez,Pending,Due,Issue Found,Paid,89600000.0
16482,Ahad Jamal,DEMO-KPT-16482,House No. CBR-394,Street 15,Saddar,6,5,House,Ahad Jamal,Haroon Zubairi,Verified,Due,Clear,Paid,89800000.0
14811,Asifa Ilyas,DEMO-KPT-14811,House No. CRD-717,Street 16,Saddar,6,5,House,Asifa Ilyas,Amal Ranjha,Verified,Paid,Clear,Due,80500000.0
14809,Ehsan Shah,DEMO-KPT-14809,House No. DRB-780,Street 18,Saddar,6,5,House,Ehsan Shah,Noor Nawaz,Verified,Paid,Under Review,Due,82800000.0
12920,Tahreem Yazdani,DEMO-KPT-12920,House No. RB-537,Street 19,Saddar,6,5,House,Tahreem Yazdani,Saeed Alvi,Verified,Due,Issue Found,Paid,80300000.0
5870,Hafeez Gabol,DEMO-KPT-5870,House No. RD-545,Street 20,Saddar,6,5,House,Hafeez Gabol,Sabeen Jadoon,Litigated,Paid,Issue Found,Due,99500000.0
7811,Rida Sandhu,DEMO-KPT-7811,House No. RC-895,Street 22,Saddar,6,5,House,Rida Sandhu,Sitara Ghani,Pending,Due,Clear,Paid,96400000.0
16539,Zafar Magsi,DEMO-KPT-16539,House No. DBC-770,Street 22,Saddar,6,5,House,Zafar Magsi,Hussain Nadeem,Litigated,Paid,Clear,Paid,81100000.0
11346,Tayyab Rind,DEMO-KPT-11346,House No. CR-384,Street 23,Saddar,6,5,House,Tayyab Rind,Mansoor Qadri,Litigated,Due,Issue Found,Due,83300000.0
2018,Momina Bijarani,DEMO-KPT-2018,House No. B-564,Street 27,Saddar,6,5,House,Momina Bijarani,Kabeer Panezai,Pending,Due,Under Review,Due,86300000.0
3874,Nasrullah Alvi,DEMO-KPT-3874,House No. BR-884,Street 29,Saddar,6,5,House,Nasrullah Alvi,Samra Turk,Verified,Due,Clear,Paid,99700000.0
2059,Zartaj Sindhi,DEMO-KPT-2059,House No. D-430,Street 3,Saddar,7,5,House,Zartaj Sindhi,Yasir Wazir,Litigated,Due,Clear,Due,82100000.0
14873,Shamoon Turk,DEMO-KPT-14873,House No. BCR-367,Street 3,Saddar,7,5,House,Shamoon Turk,Jabbar Kamboh,Litigated,Paid,Under Review,Paid,86800000.0
16582,Zeeshan Zaman,DEMO-KPT-16582,House No. CRB-727,Street 3,Saddar,7,5,House,Zeeshan Zaman,Urooj Shakeel,Litigated,Due,Clear,Due,83600000.0
16638,Nigar Awan,DEMO-KPT-16638,House No. BCR-658,Street 5,Saddar,7,5,House,Nigar Awan,Shamoon Rana,Litigated,Due,Clear,Paid,96000000.0
14874,Shehzad Ghauri,DEMO-KPT-14874,House No. CBD-867,Street 6,Saddar,7,5,House,Shehzad Ghauri,Afreen Tunio,Pending,Paid,Under Review,Paid,95300000.0
14842,Fareeha Mahesar,DEMO-KPT-14842,House No. DRB-556,Street 7,Saddar,7,5,House,Fareeha Mahesar,Abid Kamboh,Verified,Paid,Clear,Paid,80300000.0
12997,Abeera Khosa,DEMO-KPT-12997,House No. CB-692,Street 8,Saddar,7,5,House,Abeera Khosa,Shahab Iqbal,Litigated,Paid,Clear,Paid,80200000.0
6021,Aqeel Bettani,DEMO-KPT-6021,House No. CC-837,Street 9,Saddar,7,5,House,Aqeel Bettani,Rahim Anwar,Litigated,Paid,Under Review,Due,82700000.0
16628,Munib Zardari,DEMO-KPT-16628,House No. RDB-858,Street 9,Saddar,7,5,House,Munib Zardari,Nabeeha Tiwana,Litigated,Due,Issue Found,Paid,93800000.0
2055,Kinza Hayat,DEMO-KPT-2055,House No. D-627,Street 13,Saddar,7,5,House,Kinza Hayat,Mashal Zia,Litigated,Due,Under Review,Paid,98800000.0
3954,Fareed Mazari,DEMO-KPT-3954,House No. DC-574,Street 13,Saddar,7,5,House,Fareed Mazari,Feroz Pirzada,Litigated,Due,Issue Found,Paid,88600000.0
2115,Jibran Nawaz,DEMO-KPT-2115,House No. D-443,Street 15,Saddar,7,5,House,Jibran Nawaz,Hadiqa Naseem,Verified,Due,Clear,Paid,98100000.0
7879,Luqman Sardar,DEMO-KPT-7879,House No. CD-803,Street 15,Saddar,7,5,House,Luqman Sardar,Iftikhar Mari,Pending,Paid,Under Review,Due,82100000.0
16611,Fahim Mahesar,DEMO-KPT-16611,House No. RDC-307,Street 16,Saddar,7,5,House,Fahim Mahesar,Naureen Rabbani,Verified,Paid,Clear,Due,85100000.0
2043,Nailah Lak,DEMO-KPT-2043,House No. D-392,Street 21,Saddar,7,5,House,Nailah Lak,Zubaida Bilgrami,Verified,Due,Issue Found,Paid,83500000.0
11411,Jawad Yousafzai,DEMO-KPT-11411,House No. RD-787,Street 22,Saddar,7,5,House,Jawad Yousafzai,Muneeba Abbasi,Pending,Due,Clear,Paid,92200000.0
4004,Umar Rajper,DEMO-KPT-4004,House No. BR-795,Street 23,Saddar,7,5,House,Umar Rajper,Shamim Baig,Litigated,Paid,Clear,Paid,99400000.0
12999,Maira Iqbal,DEMO-KPT-12999,House No. BR-360,Street 24,Saddar,7,5,House,Maira Iqbal,Mahreen Shafiq,Pending,Paid,Issue Found,Paid,94400000.0
3959,Feryal Ijaz,DEMO-KPT-3959,House No. BR-414,Street 25,Saddar,7,5,House,Feryal Ijaz,Qamar Mir,Verified,Due,Clear,Paid,91300000.0
2068,Ayaz Mohammadzai,DEMO-KPT-2068,House No. D-478,Street 27,Saddar,7,5,House,Ayaz Mohammadzai,Jahangir Cheena,Pending,Paid,Issue Found,Paid,84100000.0
7868,Sarah Nadeem,DEMO-KPT-7868,House No. CB-635,Street 27,Saddar,7,5,House,Sarah Nadeem,Mudassar Pirzada,Pending,Due,Under Review,Due,87800000.0
9668,Arham Bangash,DEMO-KPT-9668,House No. RD-776,Street 27,Saddar,7,5,House,Arham Bangash,Jannat Kalhoro,Pending,Due,Under Review,Due,88400000.0
11468,Qasim Ghumman,DEMO-KPT-11468,House No. CR-403,Street 27,Saddar,7,5,House,Qasim Ghumman,Nawal Hashmi,Pending,Due,Under Review,Due,92200000.0
16545,Kamil Lakhani,DEMO-KPT-16545,House No. DRC-584,Street 28,Saddar,7,5,House,Kamil Lakhani,Anam Jamali,Litigated,Due,Clear,Due,83900000.0
4100,Shehzad Mahsud,DEMO-KPT-4100,House No. DC-652,Street 1,Saddar,8,5,House,Shehzad Mahsud,Rafiq Bhat,Pending,Paid,Issue Found,Due,86200000.0
13029,Shayan Khattak,DEMO-KPT-13029,House No. BC-711,Street 1,Saddar,8,5,House,Shayan Khattak,Afzal Tanvir,Pending,Due,Issue Found,Paid,81400000.0
16716,Muneeb Sial,DEMO-KPT-16716,House No. BCD-811,Street 8,Saddar,8,5,House,Muneeb Sial,Rehan Tunio,Pending,Due,Clear,Due,93900000.0
9773,Syeda Siddiqui,DEMO-KPT-9773,House No. BC-709,Street 10,Saddar,8,5,House,Syeda Siddiqui,Luqmaan Saeed,Litigated,Due,Under Review,Paid,97700000.0
7969,Armaghan Raza,DEMO-KPT-7969,House No. RC-829,Street 12,Saddar,8,5,House,Armaghan Raza,Shamim Dawood,Pending,Due,Issue Found,Paid,86800000.0
9769,Batool Lak,DEMO-KPT-9769,House No. CR-359,Street 12,Saddar,8,5,House,Batool Lak,Aneela Jamali,Pending,Due,Issue Found,Paid,96000000.0
11507,Umar Magsi,DEMO-KPT-11507,House No. RB-801,Street 12,Saddar,8,5,House,Umar Magsi,Sheeba Janjua,Pending,Due,Under Review,Paid,93900000.0
8004,Faiza Popalzai,DEMO-KPT-8004,House No. BD-895,Street 13,Saddar,8,5,House,Faiza Popalzai,Mahjabeen Qazi,Litigated,Due,Issue Found,Paid,83100000.0
14931,Tamkeen Noor,DEMO-KPT-14931,House No. DCR-732,Street 13,Saddar,8,5,House,Tamkeen Noor,Uzair Khan,Pending,Due,Under Review,Paid,80500000.0
7932,Zahid Hoti,DEMO-KPT-7932,House No. BC-615,Street 15,Saddar,8,5,House,Zahid Hoti,Ammar Ghaffar,Verified,Due,Clear,Paid,81100000.0
8013,Nazia Marwat,DEMO-KPT-8013,House No. RB-420,Street 16,Saddar,8,5,House,Nazia Marwat,Erum Mehmood,Verified,Paid,Under Review,Due,82600000.0
4141,Feroz Yaqoob,DEMO-KPT-4141,House No. CD-723,Street 19,Saddar,8,5,House,Feroz Yaqoob,Fiza Jamal,Pending,Due,Issue Found,Paid,93900000.0
9771,Tariq Kidwai,DEMO-KPT-9771,House No. DB-635,Street 19,Saddar,8,5,House,Tariq Kidwai,Saleha Minhas,Verified,Paid,Clear,Paid,87500000.0
14972,Zohra Kasi,DEMO-KPT-14972,House No. DBR-723,Street 20,Saddar,8,5,House,Zohra Kasi,Daniyal Gabol,Pending,Paid,Under Review,Due,82600000.0
6072,Maryam Rafique,DEMO-KPT-6072,House No. BC-618,Street 23,Saddar,8,5,House,Maryam Rafique,Iram Farooqi,Litigated,Due,Under Review,Due,93000000.0
2159,Shaista Bashir,DEMO-KPT-2159,House No. R-461,Street 25,Saddar,8,5,House,Shaista Bashir,Mehak Achakzai,Verified,Due,Clear,Paid,90600000.0
9747,Sikandar Kamboh,DEMO-KPT-9747,House No. DC-587,Street 25,Saddar,8,5,House,Sikandar Kamboh,Shan Kalhoro,Verified,Paid,Under Review,Paid,83600000.0
6155,Vaqar Mirani,DEMO-KPT-6155,House No. DB-348,Street 1,Saddar,9,5,House,Vaqar Mirani,Ruqayya Warraich,Litigated,Due,Under Review,Paid,80000000.0
13140,Zawar Butt,DEMO-KPT-13140,House No. DC-413,Street 2,Saddar,9,5,House,Zawar Butt,Minhaj Lone,Verified,Due,Under Review,Due,85700000.0
2255,Maaz Jamal,DEMO-KPT-2255,House No. B-728,Street 4,Saddar,9,5,House,Maaz Jamal,Khalid Jadoon,Verified,Paid,Issue Found,Paid,80600000.0
9787,Mahnoor Buriro,DEMO-KPT-9787,House No. CC-320,Street 4,Saddar,9,5,House,Mahnoor Buriro,Yusuf Jogezai,Pending,Paid,Clear,Due,85800000.0
6292,Aqeel Saif,DEMO-KPT-6292,House No. DC-563,Street 7,Saddar,9,5,House,Aqeel Saif,Nida Sipra,Verified,Paid,Clear,Paid,90900000.0
2231,Ayeza Durrani,DEMO-KPT-2231,House No. B-494,Street 8,Saddar,9,5,House,Ayeza Durrani,Qasim Hinjra,Pending,Due,Clear,Paid,89800000.0
8081,Farooq Khosa,DEMO-KPT-8081,House No. CD-546,Street 8,Saddar,9,5,House,Farooq Khosa,Farheen Sindhi,Pending,Due,Clear,Paid,83700000.0
4189,Hashim Rajper,DEMO-KPT-4189,House No. RD-858,Street 10,Saddar,9,5,House,Hashim Rajper,Zohaib Shah,Verified,Paid,Issue Found,Due,89000000.0
16761,Maham Bajwa,DEMO-KPT-16761,House No. BRC-664,Street 10,Saddar,9,5,House,Maham Bajwa,Sitara Korai,Litigated,Due,Under Review,Due,96700000.0
6204,Qayyum Qazi,DEMO-KPT-6204,House No. DR-438,Street 13,Saddar,9,5,House,Qayyum Qazi,Zohra Mangi,Litigated,Due,Issue Found,Paid,87300000.0
11604,Humayun Rajper,DEMO-KPT-11604,House No. CD-334,Street 13,Saddar,9,5,House,Humayun Rajper,Nashra Marri,Litigated,Due,Issue Found,Paid,85700000.0
16731,Sarfraz Iqbal,DEMO-KPT-16731,House No. RBC-457,Street 13,Saddar,9,5,House,Sarfraz Iqbal,Omer Ranjha,Pending,Due,Under Review,Paid,97500000.0
13167,Aqeel Palijo,DEMO-KPT-13167,House No. DD-796,Street 14,Saddar,9,5,House,Aqeel Palijo,Alishba Lashari,Litigated,Due,Clear,Due,89800000.0
16729,Ayla Javed,DEMO-KPT-16729,House No. CBD-353,Street 14,Saddar,9,5,House,Ayla Javed,Kaleem Sial,Verified,Due,Issue Found,Paid,97500000.0
9813,Javed Mahsud,DEMO-KPT-9813,House No. RB-805,Street 16,Saddar,9,5,House,Javed Mahsud,Sami Kalhoro,Verified,Paid,Under Review,Due,98300000.0
11661,Nawaz Saleem,DEMO-KPT-11661,House No. RD-703,Street 16,Saddar,9,5,House,Nawaz Saleem,Fareeha Qazi,Verified,Paid,Clear,Due,82800000.0
2263,Ayesha Shafi,DEMO-KPT-2263,House No. B-783,Street 17,Saddar,9,5,House,Ayesha Shafi,Sufyan Mari,Verified,Due,Issue Found,Paid,92500000.0
8037,Ehsan Rabbani,DEMO-KPT-8037,House No. RD-738,Street 20,Saddar,9,5,House,Ehsan Rabbani,Sheeba Zafar,Litigated,Paid,Under Review,Due,84300000.0
11637,Minhaj Lughmani,DEMO-KPT-11637,House No. RR-527,Street 20,Saddar,9,5,House,Minhaj Lughmani,Zulfiqar Lak,Litigated,Paid,Under Review,Due,82800000.0
4183,Hafsa Anwar,DEMO-KPT-4183,House No. RD-510,Street 22,Saddar,9,5,House,Hafsa Anwar,Mirza Afridi,Litigated,Paid,Issue Found,Due,85700000.0
9820,Zulfiqar Mughal,DEMO-KPT-9820,House No. DR-300,Street 22,Saddar,9,5,House,Zulfiqar Mughal,Yusra Baig,Pending,Paid,Issue Found,Due,82600000.0
6270,Zakir Bhatti,DEMO-KPT-6270,House No. DR-371,Street 26,Saddar,9,5,House,Zakir Bhatti,Sidrah Jafri,Pending,Due,Under Review,Due,87200000.0
2340,Shahab Panezai,DEMO-KPT-2340,House No. C-395,Street 2,Saddar,10,5,House,Shahab Panezai,Sahrish Pasha,Verified,Due,Under Review,Due,89100000.0
11723,Mateen Alvi,DEMO-KPT-11723,House No. RB-358,Street 3,Saddar,10,5,House,Mateen Alvi,Malaika Farooq,Litigated,Paid,Under Review,Paid,81900000.0
11724,Beenish Bhatti,DEMO-KPT-11724,House No. RC-444,Street 6,Saddar,10,5,House,Beenish Bhatti,Mubeen Rehman,Pending,Paid,Under Review,Paid,95700000.0
8157,Mahwish Pirzada,DEMO-KPT-8157,House No. CD-857,Street 12,Saddar,10,5,House,Mahwish Pirzada,Aisha Hayat,Verified,Due,Clear,Paid,88500000.0
11746,Shabbir Nawaz,DEMO-KPT-11746,House No. CR-830,Street 12,Saddar,10,5,House,Shabbir Nawaz,Sumbal Farooq,Litigated,Due,Under Review,Due,83000000.0
2329,Asim Kasi,DEMO-KPT-2329,House No. R-589,Street 14,Saddar,10,5,House,Asim Kasi,Kafeel Saif,Verified,Due,Issue Found,Paid,89200000.0
8179,Rizwan Talpur,DEMO-KPT-8179,House No. RC-383,Street 14,Saddar,10,5,House,Rizwan Talpur,Saleem Abro,Verified,Due,Issue Found,Paid,82100000.0
4279,Aqsa Wattoo,DEMO-KPT-4279,House No. CB-418,Street 15,Saddar,10,5,House,Aqsa Wattoo,Zoya Dahri,Pending,Paid,Under Review,Due,81100000.0
9861,Hidayat Mahar,DEMO-KPT-9861,House No. RD-642,Street 16,Saddar,10,5,House,Hidayat Mahar,Tanzeela Lashari,Verified,Paid,Clear,Due,95400000.0
16867,Fida Shaikh,DEMO-KPT-16867,House No. RBD-658,Street 16,Saddar,10,5,House,Fida Shaikh,Gohar Chandio,Verified,Paid,Under Review,Paid,83800000.0
6353,Usman Mughal,DEMO-KPT-6353,House No. RC-850,Street 18,Saddar,10,5,House,Usman Mughal,Javed Saleem,Litigated,Paid,Clear,Paid,84500000.0
13211,Kafeel Shafi,DEMO-KPT-13211,House No. DB-640,Street 22,Saddar,10,5,House,Kafeel Shafi,Israr Hinjra,Pending,Due,Clear,Paid,90900000.0
15189,Eman Nasar,DEMO-KPT-15189,House No. DBC-438,Street 22,Saddar,10,5,House,Eman Nasar,Ayaz Yazdani,Litigated,Paid,Clear,Paid,93500000.0
4272,Sikandar Toor,DEMO-KPT-4272,House No. BR-633,Street 23,Saddar,10,5,House,Sikandar Toor,Arbaz Gakhar,Litigated,Due,Under Review,Due,88500000.0
6297,Javeria Bhurgri,DEMO-KPT-6297,House No. CR-820,Street 25,Saddar,10,5,House,Javeria Bhurgri,Unaiza Dawood,Litigated,Paid,Clear,Paid,95300000.0
13257,Riaz Khuhro,DEMO-KPT-13257,House No. RC-423,Street 25,Saddar,10,5,House,Riaz Khuhro,Saqib Korai,Verified,Due,Under Review,Paid,84600000.0
2272,Munir Sindhi,DEMO-KPT-2272,House No. D-421,Street 29,Saddar,10,5,House,Munir Sindhi,Athar Tanoli,Litigated,Due,Issue Found,Due,97300000.0
4324,Zehra Sohu,DEMO-KPT-4324,House No. CR-679,Street 29,Saddar,10,5,House,Zehra Sohu,Kafeel Leghari,Verified,Due,Clear,Paid,90800000.0
11758,Yawar Dawood,DEMO-KPT-11758,House No. RR-451,Street 1,Saddar,11,5,House,Yawar Dawood,Rafay Magsi,Pending,Paid,Clear,Paid,83800000.0
6390,Shaheen Yousaf,DEMO-KPT-6390,House No. CC-685,Street 2,Saddar,11,5,House,Shaheen Yousaf,Fayyaz Warraich,Verified,Due,Under Review,Due,97000000.0
6445,Anwar Virk,DEMO-KPT-6445,House No. RR-766,Street 8,Saddar,11,5,House,Anwar Virk,Naureen Mirza,Verified,Paid,Under Review,Paid,97500000.0
6439,Ayan Zahid,DEMO-KPT-6439,House No. DC-616,Street 10,Saddar,11,5,House,Ayan Zahid,Rustam Sahito,Verified,Paid,Issue Found,Due,87700000.0
11811,Fazal Junejo,DEMO-KPT-11811,House No. DD-423,Street 10,Saddar,11,5,House,Fazal Junejo,Aryan Mustafa,Litigated,Due,Under Review,Due,95900000.0
11772,Imran Rabbani,DEMO-KPT-11772,House No. RC-413,Street 12,Saddar,11,5,House,Imran Rabbani,Hafiz Bijarani,Pending,Paid,Under Review,Due,87300000.0
16907,Anas Haral,DEMO-KPT-16907,House No. DCR-614,Street 12,Saddar,11,5,House,Anas Haral,Hadi Cheema,Pending,Due,Under Review,Paid,88900000.0
6379,Sahrish Zia,DEMO-KPT-6379,House No. BR-451,Street 14,Saddar,11,5,House,Sahrish Zia,Shahbaz Saleem,Verified,Due,Issue Found,Paid,82600000.0
11817,Tasneem Kidwai,DEMO-KPT-11817,House No. CR-840,Street 14,Saddar,11,5,House,Tasneem Kidwai,Nuzhat Bugti,Litigated,Due,Clear,Due,86900000.0
4365,Mashal Gilani,DEMO-KPT-4365,House No. DR-591,Street 15,Saddar,11,5,House,Mashal Gilani,Dania Umer,Verified,Due,Clear,Paid,92700000.0
13279,Uzair Pirzada,DEMO-KPT-13279,House No. CC-607,Street 15,Saddar,11,5,House,Uzair Pirzada,Sadia Rashid,Pending,Paid,Under Review,Due,96900000.0
16932,Manzoor Zaman,DEMO-KPT-16932,House No. RCB-583,Street 15,Saddar,11,5,House,Manzoor Zaman,Suleman Junejo,Verified,Due,Clear,Paid,89400000.0
4358,Husna Mengal,DEMO-KPT-4358,House No. BD-301,Street 19,Saddar,11,5,House,Husna Mengal,Shaheer Kakar,Verified,Paid,Under Review,Due,86700000.0
6422,Obaid Siddiqui,DEMO-KPT-6422,House No. DC-766,Street 20,Saddar,11,5,House,Obaid Siddiqui,Siddique Zia,Pending,Paid,Under Review,Due,98200000.0
15237,Sharmeen Chattha,DEMO-KPT-15237,House No. BRD-883,Street 20,Saddar,11,5,House,Sharmeen Chattha,Shahida Gondal,Litigated,Paid,Under Review,Due,81900000.0
8237,Farrukh Jamal,DEMO-KPT-8237,House No. RC-834,Street 21,Saddar,11,5,House,Farrukh Jamal,Fabiha Haral,Litigated,Due,Clear,Paid,80000000.0
13293,Raheela Pasha,DEMO-KPT-13293,House No. DD-444,Street 21,Saddar,11,5,House,Raheela Pasha,Zeeshan Akhtar,Verified,Due,Issue Found,Paid,83800000.0
15249,Rafiq Yousaf,DEMO-KPT-15249,House No. CDB-805,Street 24,Saddar,11,5,House,Rafiq Yousaf,Sahrish Yousafzai,Pending,Paid,Issue Found,Paid,99900000.0
2555,Qasim Iqbal,DEMO-KPT-2555,House No. C-866,Street 1,Saddar,12,5,House,Qasim Iqbal,Hadiqa Zia,Litigated,Due,Under Review,Paid,96700000.0
15253,Zakir Tariq,DEMO-KPT-15253,House No. DCB-774,Street 1,Saddar,12,5,House,Zakir Tariq,Tahreem Zia,Verified,Paid,Issue Found,Due,83700000.0
4408,Yusuf Zafar,DEMO-KPT-4408,House No. BR-666,Street 2,Saddar,12,5,House,Yusuf Zafar,Sheraz Mansoor,Pending,Due,Under Review,Paid,88100000.0
6471,Nouman Ilyas,DEMO-KPT-6471,House No. CR-422,Street 9,Saddar,12,5,House,Nouman Ilyas,Farheen Lak,Litigated,Paid,Under Review,Due,83700000.0
4413,Sundas Lughmani,DEMO-KPT-4413,House No. RC-747,Street 16,Saddar,12,5,House,Sundas Lughmani,Fakhar Bhutto,Verified,Paid,Under Review,Due,89900000.0
8317,Abid Noor,DEMO-KPT-8317,House No. CD-645,Street 16,Saddar,12,5,House,Abid Noor,Subhan Zahid,Verified,Paid,Under Review,Paid,91400000.0
4427,Zehra Hashmi,DEMO-KPT-4427,House No. RD-830,Street 19,Saddar,12,5,House,Zehra Hashmi,Tanzeela Hoti,Pending,Due,Issue Found,Paid,98400000.0
8306,Misbah Yaqoob,DEMO-KPT-8306,House No. CB-851,Street 19,Saddar,12,5,House,Misbah Yaqoob,Kanwal Kamal,Litigated,Paid,Issue Found,Due,92200000.0
13358,Misbah Javed,DEMO-KPT-13358,House No. BD-357,Street 19,Saddar,12,5,House,Misbah Javed,Iqbal Hanif,Verified,Paid,Under Review,Due,81700000.0
16958,Rehmat Mir,DEMO-KPT-16958,House No. RCD-836,Street 19,Saddar,12,5,House,Rehmat Mir,Sabika Bilgrami,Verified,Paid,Under Review,Due,82800000.0
4389,Naseer Wazir,DEMO-KPT-4389,House No. RC-316,Street 22,Saddar,12,5,House,Naseer Wazir,Subhan Soomro,Litigated,Paid,Clear,Paid,94700000.0
11833,Nizam Nawaz,DEMO-KPT-11833,House No. BR-856,Street 22,Saddar,12,5,House,Nizam Nawaz,Jawad Nasar,Litigated,Paid,Issue Found,Due,90900000.0
13389,Muhammad Farooqi,DEMO-KPT-13389,House No. DB-300,Street 22,Saddar,12,5,House,Muhammad Farooqi,Asad Mughal,Litigated,Paid,Clear,Paid,98600000.0
4454,Arbaz Durrani,DEMO-KPT-4454,House No. RB-519,Street 23,Saddar,12,5,House,Arbaz Durrani,Fahim Shafiq,Litigated,Paid,Clear,Paid,87100000.0
11896,Mukhtar Zubairi,DEMO-KPT-11896,House No. RB-495,Street 23,Saddar,12,5,House,Mukhtar Zubairi,Aleena Hayat,Pending,Paid,Issue Found,Due,83700000.0
15254,Farwa Mahesar,DEMO-KPT-15254,House No. DRC-440,Street 23,Saddar,12,5,House,Farwa Mahesar,Rizwan Chaudhry,Litigated,Paid,Clear,Paid,82300000.0
8287,Anwar Yousaf,DEMO-KPT-8287,House No. DR-412,Street 29,Saddar,12,5,House,Anwar Yousaf,Nauman Raza,Pending,Due,Clear,Paid,88200000.0
11887,Nighat Lak,DEMO-KPT-11887,House No. DB-417,Street 29,Saddar,12,5,House,Nighat Lak,Iftikhar Qadir,Pending,Due,Clear,Paid,83200000.0
4455,Uzma Gilani,DEMO-KPT-4455,House No. RR-794,Street 30,Saddar,12,5,House,Uzma Gilani,Ruqayya Zubair,Verified,Due,Under Review,Paid,84600000.0
10205,Jannat Buriro,DEMO-KPT-10205,House No. CR-689,Street 1,Saddar,13,5,House,Jannat Buriro,Sagheer Riaz,Litigated,Due,Under Review,Paid,99600000.0
4505,Raheel Anwar,DEMO-KPT-4505,House No. DB-387,Street 4,Saddar,13,5,House,Raheel Anwar,Nouman Kharal,Verified,Paid,Issue Found,Paid,89800000.0
15324,Fahad Rana,DEMO-KPT-15324,House No. RBD-758,Street 6,Saddar,13,5,House,Fahad Rana,Sidra Lone,Pending,Paid,Under Review,Paid,89000000.0
11948,Yousaf Warraich,DEMO-KPT-11948,House No. CB-474,Street 7,Saddar,13,5,House,Yousaf Warraich,Naureen Zia,Litigated,Due,Issue Found,Due,88100000.0
6557,Tahreem Rafique,DEMO-KPT-6557,House No. RC-447,Street 12,Saddar,13,5,House,Tahreem Rafique,Aziz Saeed,Pending,Due,Under Review,Paid,92600000.0
8357,Rayyan Kazmi,DEMO-KPT-8357,House No. BC-684,Street 12,Saddar,13,5,House,Rayyan Kazmi,Ijaz Yousaf,Pending,Due,Under Review,Paid,90800000.0
2604,Tahseen Buriro,DEMO-KPT-2604,House No. B-403,Street 13,Saddar,13,5,House,Tahseen Buriro,Nosheen Mari,Litigated,Due,Issue Found,Paid,92300000.0
10129,Syeda Gondal,DEMO-KPT-10129,House No. DC-332,Street 15,Saddar,13,5,House,Syeda Gondal,Omer Sardar,Pending,Paid,Under Review,Due,97700000.0
13413,Daniyal Nasar,DEMO-KPT-13413,House No. RR-559,Street 16,Saddar,13,5,House,Daniyal Nasar,Shahbaz Randhawa,Verified,Paid,Under Review,Due,90500000.0
8332,Hania Lakhani,DEMO-KPT-8332,House No. CB-322,Street 17,Saddar,13,5,House,Hania Lakhani,Fida Kakar,Litigated,Due,Issue Found,Due,95400000.0
15313,Amber Buriro,DEMO-KPT-15313,House No. CDR-649,Street 17,Saddar,13,5,House,Amber Buriro,Kabir Mehmood,Verified,Due,Issue Found,Paid,96200000.0
8393,Noor Zaman,DEMO-KPT-8393,House No. CR-408,Street 18,Saddar,13,5,House,Noor Zaman,Ihtisham Dawood,Litigated,Paid,Clear,Paid,88500000.0
13427,Zohra Sindhi,DEMO-KPT-13427,House No. DD-836,Street 19,Saddar,13,5,House,Zohra Sindhi,Anmol Orakzai,Pending,Due,Issue Found,Paid,83500000.0
15320,Mina Warsi,DEMO-KPT-15320,House No. CRB-762,Street 20,Saddar,13,5,House,Mina Warsi,Tehmina Bijarani,Litigated,Paid,Issue Found,Due,96700000.0
13420,Bushra Zubairi,DEMO-KPT-13420,House No. BD-402,Street 22,Saddar,13,5,House,Bushra Zubairi,Kanwal Ansari,Pending,Paid,Issue Found,Due,86200000.0
8368,Zartaj Shafi,DEMO-KPT-8368,House No. BC-316,Street 27,Saddar,13,5,House,Zartaj Shafi,Saher Mohammadzai,Pending,Paid,Issue Found,Paid,89800000.0
2692,Zain Kazmi,DEMO-KPT-2692,House No. R-303,Street 7,Saddar,14,5,House,Zain Kazmi,Zamzam Mehmood,Verified,Paid,Clear,Paid,90700000.0
4639,Asad Virk,DEMO-KPT-4639,House No. BB-313,Street 10,Saddar,14,5,House,Asad Virk,Javaria Ghumman,Verified,Paid,Issue Found,Due,94000000.0
4729,Nouman Swati,DEMO-KPT-4729,House No. BR-740,Street 15,Saddar,14,5,House,Nouman Swati,Shaheer Lodhi,Pending,Paid,Under Review,Due,92700000.0
11982,Sibtain Noor,DEMO-KPT-11982,House No. DD-389,Street 15,Saddar,14,5,House,Sibtain Noor,Sabeen Panhwar,Verified,Due,Clear,Paid,93700000.0
10263,Zahra Shinwari,DEMO-KPT-10263,House No. CB-340,Street 16,Saddar,14,5,House,Zahra Shinwari,Shayan Sardar,Verified,Paid,Under Review,Due,93600000.0
15355,Azka Mari,DEMO-KPT-15355,House No. BRD-624,Street 16,Saddar,14,5,House,Azka Mari,Laraib Ansari,Pending,Paid,Under Review,Paid,92600000.0
8421,Anum Joiya,DEMO-KPT-8421,House No. DR-687,Street 19,Saddar,14,5,House,Anum Joiya,Syeda Barakzai,Verified,Paid,Clear,Paid,93600000.0
10277,Kashif Anwar,DEMO-KPT-10277,House No. RD-882,Street 19,Saddar,14,5,House,Kashif Anwar,Sahar Bhurgri,Pending,Due,Issue Found,Paid,93700000.0
12008,Kainat Rajper,DEMO-KPT-12008,House No. RC-302,Street 19,Saddar,14,5,House,Kainat Rajper,Fariha Marri,Verified,Paid,Under Review,Due,85800000.0
4622,Inayat Saeed,DEMO-KPT-4622,House No. BD-337,Street 20,Saddar,14,5,House,Inayat Saeed,Shaista Minhas,Pending,Paid,Under Review,Due,89800000.0
10270,Zainab Zahid,DEMO-KPT-10270,House No. BR-494,Street 22,Saddar,14,5,House,Zainab Zahid,Fatima Junejo,Pending,Paid,Issue Found,Due,82100000.0
12006,Isha Orakzai,DEMO-KPT-12006,House No. RD-885,Street 22,Saddar,14,5,House,Isha Orakzai,Mohsin Hinjra,Litigated,Paid,Issue Found,Due,94800000.0
12029,Rukhsana Raza,DEMO-KPT-12029,House No. RR-336,Street 27,Saddar,14,5,House,Rukhsana Raza,Mubeen Panhwar,Pending,Due,Issue Found,Paid,98300000.0
13514,Sidra Alvi,DEMO-KPT-13514,House No. BDR-825,Street 30,Saddar,14,5,House,Sidra Alvi,Rubab Turk,Pending,Paid,Clear,Paid,90700000.0
8503,Tahmina Marri,DEMO-KPT-8503,House No. DD-528,Street 1,Saddar,15,5,House,Tahmina Marri,Benazir Korai,Verified,Paid,Issue Found,Due,93400000.0
2790,Rakhshanda Rajper,DEMO-KPT-2790,House No. B-741,Street 2,Saddar,15,5,House,Rakhshanda Rajper,Sharjeel Lari,Verified,Due,Under Review,Due,94700000.0
4858,Idrees Yasin,DEMO-KPT-4858,House No. DD-596,Street 2,Saddar,15,5,House,Idrees Yasin,Kaif Daudzai,Pending,Due,Under Review,Paid,99800000.0
8555,Rafia Jamali,DEMO-KPT-8555,House No. CD-425,Street 4,Saddar,15,5,House,Rafia Jamali,Fida Talpur,Verified,Paid,Issue Found,Paid,97700000.0
6742,Mehmood Barakzai,DEMO-KPT-6742,House No. BR-705,Street 7,Saddar,15,5,House,Mehmood Barakzai,Wahab Shakir,Verified,Paid,Clear,Paid,99100000.0
13639,Sharmeen Bashir,DEMO-KPT-13639,House No. RDC-522,Street 10,Saddar,15,5,House,Sharmeen Bashir,Hussain Niazi,Verified,Paid,Issue Found,Due,85600000.0
12054,Subhan Yousaf,DEMO-KPT-12054,House No. DD-486,Street 13,Saddar,15,5,House,Subhan Yousaf,Mateen Zafar,Litigated,Due,Issue Found,Paid,97900000.0
13581,Zara Sial,DEMO-KPT-13581,House No. BCR-761,Street 13,Saddar,15,5,House,Zara Sial,Kinza Zubairi,Pending,Due,Under Review,Paid,82200000.0
4863,Shabbir Hinjra,DEMO-KPT-4863,House No. DD-706,Street 16,Saddar,15,5,House,Shabbir Hinjra,Rohail Awan,Verified,Paid,Under Review,Due,86000000.0
10363,Musa Mehmood,DEMO-KPT-10363,House No. RD-645,Street 17,Saddar,15,5,House,Musa Mehmood,Warda Mahar,Verified,Due,Issue Found,Paid,89200000.0
8509,Rafia Mian,DEMO-KPT-8509,House No. CC-400,Street 18,Saddar,15,5,House,Rafia Mian,Yasir Marwat,Verified,Paid,Under Review,Due,80000000.0
13553,Awais Mahar,DEMO-KPT-13553,House No. BCD-785,Street 18,Saddar,15,5,House,Awais Mahar,Naseer Mohmand,Litigated,Paid,Clear,Paid,85200000.0
2791,Rohail Rehman,DEMO-KPT-2791,House No. D-801,Street 19,Saddar,15,5,House,Rohail Rehman,Bakhtiar Majeed,Pending,Due,Issue Found,Paid,80400000.0
15453,Tehmina Tarar,DEMO-KPT-15453,House No. DRC-387,Street 20,Saddar,15,5,House,Tehmina Tarar,Kabir Tunio,Verified,Paid,Issue Found,Due,89200000.0
15496,Mahreen Zia,DEMO-KPT-15496,House No. RCB-519,Street 23,Saddar,15,5,House,Mahreen Zia,Rukhsana Tarar,Pending,Paid,Issue Found,Due,94200000.0
12065,Arsalan Lashari,DEMO-KPT-12065,House No. CB-722,Street 24,Saddar,15,5,House,Arsalan Lashari,Saeeda Gabol,Litigated,Due,Issue Found,Paid,92100000.0
13605,Liaquat Hafeez,DEMO-KPT-13605,House No. BRC-470,Street 26,Saddar,15,5,House,Liaquat Hafeez,Maaz Yazdani,Pending,Paid,Issue Found,Paid,83400000.0
6705,Sara Ghaffar,DEMO-KPT-6705,House No. BB-782,Street 30,Saddar,15,5,House,Sara Ghaffar,Urwa Gabol,Verified,Due,Under Review,Paid,82800000.0
8505,Noreen Marwat,DEMO-KPT-8505,House No. DD-342,Street 30,Saddar,15,5,House,Noreen Marwat,Sadiq Shakeel,Verified,Due,Under Review,Paid,81500000.0
8600,Sajjad Mir,DEMO-KPT-8600,House No. CR-310,Street 1,Saddar,16,5,House,Sajjad Mir,Afshan Noor,Pending,Paid,Issue Found,Due,88900000.0
10408,Wajid Lodhi,DEMO-KPT-10408,House No. CB-710,Street 1,Saddar,16,5,House,Wajid Lodhi,Aiman Rabbani,Pending,Paid,Clear,Paid,89200000.0
8574,Wajid Sahito,DEMO-KPT-8574,House No. BD-412,Street 6,Saddar,16,5,House,Wajid Sahito,Noreen Rajput,Pending,Paid,Under Review,Paid,99900000.0
2948,Kaneez Bhatti,DEMO-KPT-2948,House No. B-748,Street 7,Saddar,16,5,House,Kaneez Bhatti,Samiya Usmani,Litigated,Due,Issue Found,Due,83500000.0
6816,Nighat Mughal,DEMO-KPT-6816,House No. RR-431,Street 8,Saddar,16,5,House,Nighat Mughal,Iqra Rafique,Pending,Due,Clear,Due,87500000.0
12097,Uzair Bajwa,DEMO-KPT-12097,House No. CC-463,Street 8,Saddar,16,5,House,Uzair Bajwa,Ahad Mohammadzai,Litigated,Paid,Clear,Paid,91700000.0
12128,Qamar Turk,DEMO-KPT-12128,House No. DD-408,Street 9,Saddar,16,5,House,Qamar Turk,Nasreen Bangash,Litigated,Due,Issue Found,Paid,83600000.0
10396,Azka Wazir,DEMO-KPT-10396,House No. DC-885,Street 12,Saddar,16,5,House,Azka Wazir,Benazir Chaudhry,Litigated,Due,Under Review,Due,94100000.0
13819,Kainat Ansari,DEMO-KPT-13819,House No. BRC-798,Street 12,Saddar,16,5,House,Kainat Ansari,Qaiser Ranjha,Pending,Due,Issue Found,Paid,90700000.0
6831,Tabassum Hanif,DEMO-KPT-6831,House No. BR-594,Street 13,Saddar,16,5,House,Tabassum Hanif,Salman Mangi,Pending,Due,Under Review,Paid,86200000.0
6878,Muzammil Zubairi,DEMO-KPT-6878,House No. BB-632,Street 13,Saddar,16,5,House,Muzammil Zubairi,Qayyum Bangash,Litigated,Due,Issue Found,Due,85300000.0
10431,Maaz Noor,DEMO-KPT-10431,House No. DD-728,Street 13,Saddar,16,5,House,Maaz Noor,Areeba Ranjha,Pending,Due,Under Review,Paid,85700000.0
6867,Aslam Butt,DEMO-KPT-6867,House No. DD-552,Street 14,Saddar,16,5,House,Aslam Butt,Manzoor Bhat,Litigated,Due,Clear,Due,81400000.0
12111,Adil Mahsud,DEMO-KPT-12111,House No. RC-727,Street 16,Saddar,16,5,House,Adil Mahsud,Anila Kiani,Verified,Paid,Clear,Due,99100000.0
12109,Sana Alvi,DEMO-KPT-12109,House No. CC-643,Street 18,Saddar,16,5,House,Sana Alvi,Aqeel Mansoor,Verified,Paid,Under Review,Due,83500000.0
4877,Iqra Nasar,DEMO-KPT-4877,House No. RB-897,Street 19,Saddar,16,5,House,Iqra Nasar,Lubna Yasin,Pending,Due,Issue Found,Paid,83000000.0
8641,Sajida Panhwar,DEMO-KPT-8641,House No. CC-759,Street 19,Saddar,16,5,House,Sajida Panhwar,Aneela Tiwana,Pending,Due,Issue Found,Paid,97800000.0
10441,Tahmina Tariq,DEMO-KPT-10441,House No. BC-398,Street 19,Saddar,16,5,House,Tahmina Tariq,Dua Gandapur,Pending,Due,Issue Found,Paid,98000000.0
4887,Ijaz Achakzai,DEMO-KPT-4887,House No. CR-712,Street 20,Saddar,16,5,House,Ijaz Achakzai,Lina Jogezai,Litigated,Paid,Under Review,Due,83600000.0
6903,Minahil Sultan,DEMO-KPT-6903,House No. DB-495,Street 20,Saddar,16,5,House,Minahil Sultan,Saeed Toor,Verified,Paid,Issue Found,Due,89600000.0
15543,Asra Wazir,DEMO-KPT-15543,House No. DCB-591,Street 21,Saddar,16,5,House,Asra Wazir,Misbah Zaidi,Verified,Due,Issue Found,Paid,98700000.0
13696,Tahseen Sabri,DEMO-KPT-13696,House No. RCD-390,Street 23,Saddar,16,5,House,Tahseen Sabri,Affan Raza,Pending,Paid,Issue Found,Due,80600000.0
13722,Ahad Zubairi,DEMO-KPT-13722,House No. RBD-604,Street 23,Saddar,16,5,House,Ahad Zubairi,Adnan Mir,Litigated,Due,Under Review,Due,97800000.0
2907,Qudrat Imran,DEMO-KPT-2907,House No. C-612,Street 25,Saddar,16,5,House,Qudrat Imran,Aamir Hayat,Verified,Due,Under Review,Paid,90800000.0
13768,Zafar Dahri,DEMO-KPT-13768,House No. BCD-431,Street 27,Saddar,16,5,House,Zafar Dahri,Kamran Chaudhry,Pending,Paid,Issue Found,Paid,89500000.0
12155,Sameen Naqvi,DEMO-KPT-12155,House No. CD-312,Street 4,Saddar,17,5,House,Sameen Naqvi,Rafay Saif,Verified,Paid,Issue Found,Paid,81300000.0
12138,Tasneem Mian,DEMO-KPT-12138,House No. BD-388,Street 5,Saddar,17,5,House,Tasneem Mian,Ayeza Naqvi,Litigated,Due,Clear,Paid,97900000.0
4971,Kaleemullah Wazir,DEMO-KPT-4971,House No. CC-601,Street 7,Saddar,17,5,House,Kaleemullah Wazir,Saima Buriro,Verified,Due,Under Review,Due,82700000.0
8695,Sadia Randhawa,DEMO-KPT-8695,House No. CD-607,Street 8,Saddar,17,5,House,Sadia Randhawa,Adeel Khuhro,Verified,Paid,Under Review,Paid,96900000.0
13857,Azka Orakzai,DEMO-KPT-13857,House No. DRB-445,Street 9,Saddar,17,5,House,Azka Orakzai,Tayyab Dreshak,Litigated,Paid,Clear,Paid,94800000.0
3023,Farheen Saif,DEMO-KPT-3023,House No. B-879,Street 10,Saddar,17,5,House,Farheen Saif,Nimra Zubairi,Litigated,Due,Under Review,Paid,81800000.0
10489,Shabbir Mengal,DEMO-KPT-10489,House No. CD-800,Street 10,Saddar,17,5,House,Shabbir Mengal,Nadia Mahesar,Verified,Paid,Issue Found,Due,92200000.0
3019,Iqbal Kharal,DEMO-KPT-3019,House No. D-479,Street 12,Saddar,17,5,House,Iqbal Kharal,Mateen Siddiqui,Pending,Due,Issue Found,Paid,95200000.0
12222,Nabeel Kayani,DEMO-KPT-12222,House No. BR-391,Street 12,Saddar,17,5,House,Nabeel Kayani,Husna Ghazali,Pending,Paid,Under Review,Due,84000000.0
8678,Javed Bettani,DEMO-KPT-8678,House No. BC-837,Street 13,Saddar,17,5,House,Javed Bettani,Sibtain Barakzai,Litigated,Due,Issue Found,Due,80700000.0
10538,Rakhshanda Rajput,DEMO-KPT-10538,House No. BB-643,Street 13,Saddar,17,5,House,Rakhshanda Rajput,Mateen Abro,Pending,Paid,Clear,Paid,83700000.0
13854,Nighat Mahar,DEMO-KPT-13854,House No. BDC-795,Street 13,Saddar,17,5,House,Nighat Mahar,Mina Shah,Litigated,Due,Issue Found,Paid,89300000.0
13863,Aryan Shah,DEMO-KPT-13863,House No. BCD-308,Street 16,Saddar,17,5,House,Aryan Shah,Rizwaan Samo,Verified,Paid,Under Review,Due,83600000.0
15593,Nasir Soomro,DEMO-KPT-15593,House No. CDB-375,Street 18,Saddar,17,5,House,Nasir Soomro,Saima Akhtar,Litigated,Paid,Clear,Paid,82000000.0
13877,Babar Mahesar,DEMO-KPT-13877,House No. RBD-317,Street 19,Saddar,17,5,House,Babar Mahesar,Asifa Ansari,Pending,Due,Issue Found,Paid,86200000.0
8687,Saad Warraich,DEMO-KPT-8687,House No. CR-320,Street 21,Saddar,17,5,House,Saad Warraich,Sarah Cheena,Litigated,Due,Clear,Paid,81900000.0
8711,Ishaq Memon,DEMO-KPT-8711,House No. CD-353,Street 22,Saddar,17,5,House,Ishaq Memon,Mahwish Kamal,Pending,Due,Clear,Paid,80300000.0
13839,Javed Iqbal,DEMO-KPT-13839,House No. RBD-777,Street 22,Saddar,17,5,House,Javed Iqbal,Danish Aslam,Litigated,Paid,Clear,Paid,94500000.0
5046,Jahangir Baig,DEMO-KPT-5046,House No. BB-802,Street 23,Saddar,17,5,House,Jahangir Baig,Munib Mansoor,Litigated,Due,Issue Found,Due,90600000.0
10537,Nashra Talpur,DEMO-KPT-10537,House No. RD-434,Street 29,Saddar,17,5,House,Nashra Talpur,Nighat Alvi,Pending,Due,Clear,Paid,83800000.0
12172,Zarmeen Sial,DEMO-KPT-12172,House No. RD-378,Street 29,Saddar,17,5,House,Zarmeen Sial,Zehra Tiwana,Litigated,Due,Issue Found,Due,99500000.0
4964,Sumaira Gabol,DEMO-KPT-4964,House No. BC-697,Street 30,Saddar,17,5,House,Sumaira Gabol,Sikandar Butt,Pending,Paid,Clear,Paid,84600000.0
12164,Hira Hussain,DEMO-KPT-12164,House No. RR-407,Street 30,Saddar,17,5,House,Hira Hussain,Uzma Gakhar,Pending,Paid,Clear,Paid,92000000.0
3131,Imad Bugti,DEMO-KPT-3131,House No. D-729,Street 8,Saddar,18,5,House,Imad Bugti,Lubna Ghauri,Pending,Due,Clear,Paid,99000000.0
7086,Zartaj Kharal,DEMO-KPT-7086,House No. DC-769,Street 8,Saddar,18,5,House,Zartaj Kharal,Dilawar Ghumman,Pending,Paid,Under Review,Due,83500000.0
14016,Fozia Haral,DEMO-KPT-14016,House No. CRD-303,Street 8,Saddar,18,5,House,Fozia Haral,Nargis Saeed,Pending,Due,Clear,Due,99100000.0
13996,Zarmeen Soomro,DEMO-KPT-13996,House No. DRB-505,Street 12,Saddar,18,5,House,Zarmeen Soomro,Hussam Unar,Litigated,Due,Under Review,Due,93500000.0
5078,Noshaba Sohu,DEMO-KPT-5078,House No. DB-553,Street 13,Saddar,18,5,House,Noshaba Sohu,Zubia Mansoor,Litigated,Due,Issue Found,Due,97800000.0
7071,Rauf Khalid,DEMO-KPT-7071,House No. DC-450,Street 19,Saddar,18,5,House,Rauf Khalid,Shabbir Bhat,Verified,Paid,Clear,Paid,87600000.0
7127,Kabeer Bukhari,DEMO-KPT-7127,House No. RD-734,Street 19,Saddar,18,5,House,Kabeer Bukhari,Sumbal Talpur,Pending,Due,Issue Found,Paid,92000000.0
8871,Rameez Sandhu,DEMO-KPT-8871,House No. DD-580,Street 19,Saddar,18,5,House,Rameez Sandhu,Maham Yousaf,Verified,Paid,Clear,Paid,90500000.0
15687,Kashaf Kasi,DEMO-KPT-15687,House No. CBR-569,Street 20,Saddar,18,5,House,Kashaf Kasi,Humaira Joiya,Litigated,Paid,Under Review,Due,98400000.0
10546,Munib Ijaz,DEMO-KPT-10546,House No. RD-687,Street 23,Saddar,18,5,House,Munib Ijaz,Amna Cheema,Pending,Paid,Issue Found,Due,88600000.0
12246,Rizwaan Junejo,DEMO-KPT-12246,House No. CR-790,Street 23,Saddar,18,5,House,Rizwaan Junejo,Adeel Ahmed,Litigated,Due,Issue Found,Due,91300000.0
3200,Majid Zia,DEMO-KPT-3200,House No. D-462,Street 1,Saddar,19,5,House,Majid Zia,Kainat Yousaf,Pending,Paid,Issue Found,Due,100000000.0
8953,Ikhlaq Lone,DEMO-KPT-8953,House No. BR-454,Street 1,Saddar,19,5,House,Ikhlaq Lone,Zaynab Qazi,Verified,Paid,Issue Found,Due,96500000.0
5198,Neelam Zardari,DEMO-KPT-5198,House No. BD-780,Street 7,Saddar,19,5,House,Neelam Zardari,Mashal Leghari,Litigated,Due,Issue Found,Due,97700000.0
8947,Rahim Ranjha,DEMO-KPT-8947,House No. CR-846,Street 8,Saddar,19,5,House,Rahim Ranjha,Noor Raza,Litigated,Paid,Clear,Paid,80300000.0
5207,Danish Zubairi,DEMO-KPT-5207,House No. DD-628,Street 12,Saddar,19,5,House,Danish Zubairi,Rafiq Cheena,Pending,Due,Under Review,Paid,87300000.0
10669,Tayyaba Hayat,DEMO-KPT-10669,House No. DC-696,Street 12,Saddar,19,5,House,Tayyaba Hayat,Arooj Rizvi,Pending,Due,Issue Found,Paid,82800000.0
15796,Nasrullah Panhwar,DEMO-KPT-15796,House No. RDB-893,Street 12,Saddar,19,5,House,Nasrullah Panhwar,Safa Gandapur,Litigated,Due,Under Review,Due,83900000.0
15822,Rashida Hussain,DEMO-KPT-15822,House No. RBD-334,Street 12,Saddar,19,5,House,Rashida Hussain,Mubashra Imran,Pending,Paid,Under Review,Due,81500000.0
3278,Farrukh Barakzai,DEMO-KPT-3278,House No. C-518,Street 13,Saddar,19,5,House,Farrukh Barakzai,Sikandar Sindhi,Litigated,Due,Issue Found,Due,96400000.0
8910,Liaquat Ghani,DEMO-KPT-8910,House No. DB-464,Street 13,Saddar,19,5,House,Liaquat Ghani,Nudrat Daudzai,Litigated,Due,Clear,Paid,80800000.0
10704,Zarmeen Riaz,DEMO-KPT-10704,House No. CB-804,Street 13,Saddar,19,5,House,Zarmeen Riaz,Sikandar Mian,Litigated,Due,Issue Found,Paid,95400000.0
3233,Sajida Shafiq,DEMO-KPT-3233,House No. B-572,Street 18,Saddar,19,5,House,Sajida Shafiq,Farid Bhat,Litigated,Due,Issue Found,Paid,99200000.0
5157,Daniyal Janjua,DEMO-KPT-5157,House No. DD-461,Street 25,Saddar,19,5,House,Daniyal Janjua,Jabbar Rana,Verified,Due,Under Review,Paid,84400000.0
10695,Zehra Rajper,DEMO-KPT-10695,House No. CB-700,Street 28,Saddar,19,5,House,Zehra Rajper,Mehboob Lari,Litigated,Due,Clear,Due,92800000.0
7155,Jamil Ranjha,DEMO-KPT-7155,House No. RR-771,Street 30,Saddar,19,5,House,Jamil Ranjha,Abdullah Ghumman,Verified,Due,Under Review,Paid,84100000.0
10779,Farah Mansoor,DEMO-KPT-10779,House No. RR-419,Street 1,Saddar,20,5,House,Farah Mansoor,Ghulam Hoti,Pending,Due,Issue Found,Paid,80200000.0
12455,Saleha Naseem,DEMO-KPT-12455,House No. RD-641,Street 1,Saddar,20,5,House,Saleha Naseem,Aqeel Warsi,Litigated,Due,Under Review,Paid,90100000.0
10708,Tayyeb Zia,DEMO-KPT-10708,House No. RR-750,Street 2,Saddar,20,5,House,Tayyeb Zia,Daniya Palijo,Pending,Due,Under Review,Paid,90800000.0
14128,Firdous Khuhro,DEMO-KPT-14128,House No. BDC-335,Street 3,Saddar,20,5,House,Firdous Khuhro,Shoaib Zaidi,Pending,Paid,Under Review,Paid,97400000.0
9005,Akif Sabri,DEMO-KPT-9005,House No. RR-744,Street 4,Saddar,20,5,House,Akif Sabri,Samad Baig,Verified,Paid,Issue Found,Paid,91600000.0
3371,Nazia Randhawa,DEMO-KPT-3371,House No. C-782,Street 5,Saddar,20,5,House,Nazia Randhawa,Nageen Shah,Pending,Paid,Issue Found,Paid,94100000.0
10788,Mukarram Hameed,DEMO-KPT-10788,House No. CD-493,Street 5,Saddar,20,5,House,Mukarram Hameed,Farhan Farooqi,Litigated,Due,Clear,Paid,98200000.0
10747,Saleha Magsi,DEMO-KPT-10747,House No. CC-552,Street 8,Saddar,20,5,House,Saleha Magsi,Amal Bhutto,Litigated,Paid,Clear,Paid,86600000.0
5269,Laiba Daudzai,DEMO-KPT-5269,House No. CD-812,Street 12,Saddar,20,5,House,Laiba Daudzai,Nasrullah Hafeez,Pending,Due,Issue Found,Paid,94600000.0
12525,Jazib Baloch,DEMO-KPT-12525,House No. RB-311,Street 13,Saddar,20,5,House,Jazib Baloch,Kamil Yazdani,Pending,Paid,Clear,Due,92800000.0
3367,Saba Nadeem,DEMO-KPT-3367,House No. B-428,Street 16,Saddar,20,5,House,Saba Nadeem,Abdullah Niazi,Verified,Paid,Under Review,Paid,87800000.0
7255,Fayyaz Butt,DEMO-KPT-7255,House No. BC-493,Street 16,Saddar,20,5,House,Fayyaz Butt,Moeen Abbasi,Pending,Paid,Under Review,Paid,98100000.0
10713,Basit Saeed,DEMO-KPT-10713,House No. BC-527,Street 16,Saddar,20,5,House,Basit Saeed,Hashir Ghani,Verified,Paid,Under Review,Due,85800000.0
5258,Afzal Ghazali,DEMO-KPT-5258,House No. RR-897,Street 19,Saddar,20,5,House,Afzal Ghazali,Manzoor Durrani,Verified,Paid,Under Review,Due,90800000.0
5327,Umair Ghauri,DEMO-KPT-5327,House No. DR-678,Street 19,Saddar,20,5,House,Umair Ghauri,Shafiq Qadir,Pending,Due,Issue Found,Paid,84000000.0
12470,Zulekha Sipra,DEMO-KPT-12470,House No. DD-401,Street 19,Saddar,20,5,House,Zulekha Sipra,Iffat Mirza,Verified,Due,Issue Found,Paid,86900000.0
3303,Fatima Kayani,DEMO-KPT-3303,House No. C-372,Street 20,Saddar,20,5,House,Fatima Kayani,Feroz Shakir,Verified,Paid,Issue Found,Due,82300000.0
15887,Ashraf Achakzai,DEMO-KPT-15887,House No. DCB-873,Street 21,Saddar,20,5,House,Ashraf Achakzai,Akif Lughmani,Litigated,Due,Clear,Paid,93300000.0
15883,Azan Minhas,DEMO-KPT-15883,House No. DRB-491,Street 22,Saddar,20,5,House,Azan Minhas,Anwar Bhat,Litigated,Paid,Issue Found,Due,89600000.0
5315,Fatima Hayat,DEMO-KPT-5315,House No. DC-480,Street 24,Saddar,20,5,House,Fatima Hayat,Mukarram Abbasi,Litigated,Due,Issue Found,Paid,83200000.0
12515,Mahad Qadri,DEMO-KPT-12515,House No. RB-882,Street 24,Saddar,20,5,House,Mahad Qadri,Abeera Khuhro,Litigated,Due,Issue Found,Paid,99000000.0
8970,Sadaqat Lughmani,DEMO-KPT-8970,House No. RC-559,Street 26,Saddar,20,5,House,Sadaqat Lughmani,Saeed Bangash,Pending,Due,Under Review,Due,85400000.0
3337,Arooj Gilani,DEMO-KPT-3337,House No. D-588,Street 29,Saddar,20,5,House,Arooj Gilani,Farrukh Durrani,Pending,Due,Clear,Paid,90200000.0
7708,Junaid Mirza,DEMO-KPT-7708,House No. BB-639,Street 1,Tower,1,5,House,Junaid Mirza,Rooman Waheed,Pending,Paid,Clear,Paid,87500000.0
10753,Sheraz Sardar,DEMO-KPT-10753,House No. DD-490,Street 1,Tower,1,5,House,Sheraz Sardar,Zohair Naseem,Verified,Paid,Issue Found,Due,84800000.0
10821,Hanzala Sahito,DEMO-KPT-10821,House No. CR-803,Street 7,Tower,1,5,House,Hanzala Sahito,Zubair Saif,Verified,Due,Under Review,Due,90300000.0
4221,Aqib Junejo,DEMO-KPT-4221,House No. CR-793,Street 9,Tower,1,5,House,Aqib Junejo,Shanza Gakhar,Litigated,Paid,Under Review,Due,84500000.0
1489,Jamil Mahar,DEMO-KPT-1489,House No. C-530,Street 10,Tower,1,5,House,Jamil Mahar,Khushbu Unar,Verified,Paid,Issue Found,Due,95200000.0
7729,Sobia Tahir,DEMO-KPT-7729,House No. BC-312,Street 14,Tower,1,5,House,Sobia Tahir,Salma Samo,Verified,Due,Issue Found,Paid,87000000.0
10813,Arsalan Mustafa,DEMO-KPT-10813,House No. RB-687,Street 17,Tower,1,5,House,Arsalan Mustafa,Rida Sipra,Verified,Due,Issue Found,Paid,93500000.0
14182,Aun Baloch,DEMO-KPT-14182,House No. RDB-502,Street 17,Tower,1,5,House,Aun Baloch,Arisha Naqvi,Litigated,Due,Issue Found,Due,95500000.0
1022,Laiba Farooq,DEMO-KPT-1022,House No. A-862,Street 20,Tower,1,5,House,Laiba Farooq,Anaya Qureshi,Pending,Paid,Under Review,Due,92600000.0
10737,Fatima Qadri,DEMO-KPT-10737,House No. DD-786,Street 20,Tower,1,5,House,Fatima Qadri,Shazia Soomro,Litigated,Paid,Under Review,Due,93200000.0
1061,Alina Ahmed,DEMO-KPT-1061,House No. A-832,Street 22,Tower,1,5,House,Alina Ahmed,Zara Khan,Pending,Due,Clear,Paid,91000000.0
14157,Mahir Akhtar,DEMO-KPT-14157,House No. BCR-570,Street 25,Tower,1,5,House,Mahir Akhtar,Shehryar Tariq,Verified,Due,Under Review,Paid,82700000.0
1005,Kashif Khan,DEMO-KPT-1005,House No. A-580,Street 26,Tower,1,5,House,Kashif Khan,Fatima Haider,Pending,Paid,Issue Found,Paid,97400000.0
7620,Mahwish Rizvi,DEMO-KPT-7620,House No. BR-851,Street 26,Tower,1,5,House,Mahwish Rizvi,Waqar Rehman,Pending,Due,Under Review,Due,81200000.0
14055,Yasmeen Achakzai,DEMO-KPT-14055,House No. CBR-469,Street 26,Tower,1,5,House,Yasmeen Achakzai,Awais Gakhar,Pending,Paid,Issue Found,Paid,96500000.0
7664,Aslam Yaqoob,DEMO-KPT-7664,House No. CD-489,Street 30,Tower,1,5,House,Aslam Yaqoob,Nasir Sohu,Pending,Paid,Clear,Paid,86300000.0
14209,Asifa Barakzai,DEMO-KPT-14209,House No. RDB-760,Street 3,Tower,2,5,House,Asifa Barakzai,Zawar Nawaz,Litigated,Due,Clear,Due,82800000.0
14198,Umaima Kazmi,DEMO-KPT-14198,House No. RBC-690,Street 7,Tower,2,5,House,Umaima Kazmi,Hadi Gandapur,Litigated,Due,Issue Found,Due,85600000.0
1673,Zaib Mustafa,DEMO-KPT-1673,House No. C-328,Street 10,Tower,2,5,House,Zaib Mustafa,Esha Toor,Litigated,Due,Under Review,Paid,82900000.0
7761,Khizar Hoti,DEMO-KPT-7761,House No. DC-770,Street 10,Tower,2,5,House,Khizar Hoti,Hoor Jadoon,Litigated,Due,Under Review,Due,81300000.0
10939,Palwasha Saeed,DEMO-KPT-10939,House No. BR-464,Street 10,Tower,2,5,House,Palwasha Saeed,Sameen Aslam,Verified,Paid,Issue Found,Due,80900000.0
4369,Momina Mansoor,DEMO-KPT-4369,House No. CC-547,Street 12,Tower,2,5,House,Momina Mansoor,Sehar Haral,Pending,Due,Issue Found,Paid,94700000.0
14268,Minhaj Peerzada,DEMO-KPT-14268,House No. CBR-361,Street 14,Tower,2,5,House,Minhaj Peerzada,Shaista Lughmani,Verified,Due,Issue Found,Paid,86800000.0
7882,Zeshan Bukhari,DEMO-KPT-7882,House No. DD-409,Street 17,Tower,2,5,House,Zeshan Bukhari,Irfan Hanif,Litigated,Due,Issue Found,Due,86100000.0
4343,Haider Kharal,DEMO-KPT-4343,House No. DC-883,Street 18,Tower,2,5,House,Haider Kharal,Mahad Kamboh,Litigated,Paid,Clear,Paid,81600000.0
1658,Sehrish Achakzai,DEMO-KPT-1658,House No. B-471,Street 19,Tower,2,5,House,Sehrish Achakzai,Ifrah Bhatti,Verified,Paid,Under Review,Due,93600000.0
4347,Mehwish Tanvir,DEMO-KPT-4347,House No. DR-464,Street 25,Tower,2,5,House,Mehwish Tanvir,Anum Hinjra,Verified,Paid,Under Review,Paid,82500000.0
14247,Raees Akhtar,DEMO-KPT-14247,House No. CDB-747,Street 25,Tower,2,5,House,Raees Akhtar,Musa Hafeez,Verified,Paid,Under Review,Paid,87000000.0
1618,Umaima Pasha,DEMO-KPT-1618,House No. D-437,Street 27,Tower,2,5,House,Umaima Pasha,Zafar Mansoor,Pending,Paid,Issue Found,Paid,85700000.0
4318,Subhan Hanif,DEMO-KPT-4318,House No. BB-327,Street 27,Tower,2,5,House,Subhan Hanif,Hania Rabbani,Pending,Paid,Issue Found,Paid,95800000.0
7891,Sabika Shakeel,DEMO-KPT-7891,House No. RC-663,Street 29,Tower,2,5,House,Sabika Shakeel,Junaid Baloch,Verified,Due,Issue Found,Paid,97900000.0
1849,Nafisa Khalid,DEMO-KPT-1849,House No. C-701,Street 8,Tower,3,5,House,Nafisa Khalid,Shabbir Pirzada,Pending,Paid,Under Review,Paid,98300000.0
4478,Rizwaan Palijo,DEMO-KPT-4478,House No. BB-558,Street 9,Tower,3,5,House,Rizwaan Palijo,Faisal Ghani,Litigated,Due,Issue Found,Paid,90300000.0
11160,Isha Sipra,DEMO-KPT-11160,House No. BD-406,Street 13,Tower,3,5,House,Isha Sipra,Athar Javed,Litigated,Due,Clear,Paid,90000000.0
1713,Zeeshan Sabri,DEMO-KPT-1713,House No. R-307,Street 16,Tower,3,5,House,Zeeshan Sabri,Arsalan Tanvir,Verified,Paid,Under Review,Due,90000000.0
14271,Nadia Marri,DEMO-KPT-14271,House No. DRB-614,Street 19,Tower,3,5,House,Nadia Marri,Aqeel Bajwa,Verified,Paid,Clear,Paid,82500000.0
14320,Kabir Kamboh,DEMO-KPT-14320,House No. DBC-345,Street 22,Tower,3,5,House,Kabir Kamboh,Rukhsana Leghari,Pending,Paid,Issue Found,Due,85600000.0
1122,Imran Javed,DEMO-KPT-1122,House No. A-586,Street 23,Tower,3,5,House,Imran Javed,Sadia Farooq,Litigated,Due,Under Review,Due,98700000.0
11199,Dania Sardar,DEMO-KPT-11199,House No. CR-850,Street 24,Tower,3,5,House,Dania Sardar,Zehra Hayat,Pending,Paid,Issue Found,Paid,97700000.0
11097,Beenish Siddiqui,DEMO-KPT-11097,House No. DB-727,Street 25,Tower,3,5,House,Beenish Siddiqui,Shakeel Shinwari,Verified,Paid,Under Review,Paid,86800000.0
11205,Nabila Javed,DEMO-KPT-11205,House No. CC-384,Street 30,Tower,3,5,House,Nabila Javed,Lubna Yazdani,Verified,Due,Under Review,Paid,92600000.0
1890,Nawaz Sadiq,DEMO-KPT-1890,House No. R-365,Street 2,Tower,4,5,House,Nawaz Sadiq,Sahrish Mirza,Verified,Due,Under Review,Due,85200000.0
11299,Faizan Mohammadzai,DEMO-KPT-11299,House No. BR-486,Street 8,Tower,4,5,House,Faizan Mohammadzai,Farwa Laghari,Pending,Paid,Under Review,Paid,84300000.0
1857,Kaneez Warraich,DEMO-KPT-1857,House No. D-814,Street 12,Tower,4,5,House,Kaneez Warraich,Azhar Qadri,Verified,Due,Clear,Paid,85200000.0
1928,Momina Saif,DEMO-KPT-1928,House No. R-519,Street 13,Tower,4,5,House,Momina Saif,Nargis Rabbani,Litigated,Due,Issue Found,Due,88800000.0
8355,Yameen Joiya,DEMO-KPT-8355,House No. CD-579,Street 13,Tower,4,5,House,Yameen Joiya,Tamkeen Zahid,Litigated,Due,Under Review,Paid,96300000.0
1215,Shoaib Qureshi,DEMO-KPT-1215,House No. A-379,Street 15,Tower,4,5,House,Shoaib Qureshi,Talha Iqbal,Verified,Due,Clear,Paid,87300000.0
4782,Ayan Naqvi,DEMO-KPT-4782,House No. RR-501,Street 15,Tower,4,5,House,Ayan Naqvi,Zehra Mirza,Verified,Due,Clear,Paid,98000000.0
4815,Ilyas Mirani,DEMO-KPT-4815,House No. CC-644,Street 15,Tower,4,5,House,Ilyas Mirani,Komal Lakhani,Verified,Due,Clear,Paid,95200000.0
8142,Nasir Saleem,DEMO-KPT-8142,House No. RD-835,Street 15,Tower,4,5,House,Nasir Saleem,Lina Bugti,Pending,Due,Issue Found,Paid,87300000.0
1208,Zara Shah,DEMO-KPT-1208,House No. A-537,Street 19,Tower,4,5,House,Zara Shah,Mahnoor Ahmed,Verified,Paid,Under Review,Due,98700000.0
1953,Furqan Zardari,DEMO-KPT-1953,House No. C-716,Street 20,Tower,4,5,House,Furqan Zardari,Nageen Bangash,Verified,Paid,Issue Found,Due,80000000.0
8222,Inshal Hinjra,DEMO-KPT-8222,House No. DR-866,Street 20,Tower,4,5,House,Inshal Hinjra,Farah Panhwar,Pending,Paid,Under Review,Due,82400000.0
8233,Ghulam Talpur,DEMO-KPT-8233,House No. RR-590,Street 22,Tower,4,5,House,Ghulam Talpur,Bilquis Mirza,Litigated,Paid,Issue Found,Due,84700000.0
2089,Qurat Farooq,DEMO-KPT-2089,House No. C-491,Street 4,Tower,5,5,House,Qurat Farooq,Daniyal Warsi,Verified,Due,Issue Found,Paid,92800000.0
14737,Nayab Zahid,DEMO-KPT-14737,House No. DBC-496,Street 4,Tower,5,5,House,Nayab Zahid,Dania Rehman,Pending,Paid,Clear,Due,97900000.0
4974,Samina Anwar,DEMO-KPT-4974,House No. CC-877,Street 6,Tower,5,5,House,Samina Anwar,Malaika Chattha,Pending,Paid,Under Review,Paid,95900000.0
1236,Zara Ahmed,DEMO-KPT-1236,House No. A-427,Street 8,Tower,5,5,House,Zara Ahmed,Owais Iqbal,Pending,Paid,Under Review,Due,92200000.0
4931,Amara Jamal,DEMO-KPT-4931,House No. RD-463,Street 8,Tower,5,5,House,Amara Jamal,Shifa Rind,Pending,Due,Clear,Paid,98900000.0
1219,Kashif Javed,DEMO-KPT-1219,House No. A-397,Street 12,Tower,5,5,House,Kashif Javed,Talha Mirza,Pending,Due,Issue Found,Paid,87800000.0
14721,Ghulam Kidwai,DEMO-KPT-14721,House No. RBC-403,Street 19,Tower,5,5,House,Ghulam Kidwai,Tahseen Yasin,Verified,Paid,Clear,Paid,97600000.0
1229,Hamza Tariq,DEMO-KPT-1229,House No. A-394,Street 27,Tower,5,5,House,Hamza Tariq,Kashif Iqbal,Pending,Due,Issue Found,Paid,86100000.0
8429,Bilquis Ghani,DEMO-KPT-8429,House No. RC-307,Street 27,Tower,5,5,House,Bilquis Ghani,Zarmeen Lashari,Pending,Due,Issue Found,Paid,84300000.0
8445,Fauzia Dar,DEMO-KPT-8445,House No. CC-535,Street 28,Tower,5,5,House,Fauzia Dar,Ammar Nasar,Litigated,Due,Clear,Due,88000000.0
2041,Mohsin Chandio,DEMO-KPT-2041,House No. D-336,Street 29,Tower,5,5,House,Mohsin Chandio,Dawood Magsi,Verified,Due,Issue Found,Paid,97400000.0
14782,Mirha Sadiq,DEMO-KPT-14782,House No. RBC-790,Street 3,Tower,6,5,House,Mirha Sadiq,Malaika Kidwai,Litigated,Due,Clear,Due,81700000.0
1297,Sara Qureshi,DEMO-KPT-1297,House No. A-474,Street 8,Tower,6,5,House,Sara Qureshi,Usman Haider,Litigated,Paid,Clear,Paid,84200000.0
4999,Zuha Kakar,DEMO-KPT-4999,House No. RD-551,Street 8,Tower,6,5,House,Zuha Kakar,Danish Kakar,Pending,Paid,Under Review,Paid,84700000.0
11586,Sahrish Rehman,DEMO-KPT-11586,House No. CB-550,Street 8,Tower,6,5,House,Sahrish Rehman,Ayub Janjua,Pending,Paid,Under Review,Due,88500000.0
2228,Wajid Mengal,DEMO-KPT-2228,House No. R-859,Street 9,Tower,6,5,House,Wajid Mengal,Tayyaba Lak,Litigated,Due,Issue Found,Paid,91600000.0
11607,Atiya Kakar,DEMO-KPT-11607,House No. RC-883,Street 9,Tower,6,5,House,Atiya Kakar,Aamir Sheikh,Litigated,Paid,Clear,Paid,83600000.0
5061,Arfa Toor,DEMO-KPT-5061,House No. BR-459,Street 10,Tower,6,5,House,Arfa Toor,Sakina Tanvir,Litigated,Due,Under Review,Due,80300000.0
2322,Tahreem Ghaffar,DEMO-KPT-2322,House No. R-898,Street 12,Tower,6,5,House,Tahreem Ghaffar,Younas Tariq,Pending,Paid,Under Review,Due,97000000.0
8622,Zameer Hashmi,DEMO-KPT-8622,House No. CR-879,Street 12,Tower,6,5,House,Zameer Hashmi,Kanwar Raza,Pending,Paid,Under Review,Due,92100000.0
8475,Moiz Memon,DEMO-KPT-8475,House No. RD-640,Street 13,Tower,6,5,House,Moiz Memon,Nasrullah Dawood,Pending,Paid,Clear,Due,90900000.0
11610,Alamgir Zubair,DEMO-KPT-11610,House No. BC-485,Street 13,Tower,6,5,House,Alamgir Zubair,Bisma Abbasi,Litigated,Due,Clear,Paid,88500000.0
11568,Shaheer Kidwai,DEMO-KPT-11568,House No. DD-400,Street 14,Tower,6,5,House,Shaheer Kidwai,Mahmood Pasha,Verified,Due,Issue Found,Paid,80500000.0
8605,Sabir Hafeez,DEMO-KPT-8605,House No. CC-477,Street 16,Tower,6,5,House,Sabir Hafeez,Daniya Lari,Pending,Paid,Under Review,Paid,84500000.0
2333,Zahid Wazir,DEMO-KPT-2333,House No. D-678,Street 18,Tower,6,5,House,Zahid Wazir,Kaif Akhtar,Litigated,Due,Issue Found,Paid,86700000.0
1287,Waleed Tariq,DEMO-KPT-1287,House No. A-229,Street 20,Tower,6,5,House,Waleed Tariq,Saad Shah,Litigated,Paid,Under Review,Due,81900000.0
14787,Urwa Minhas,DEMO-KPT-14787,House No. CRB-747,Street 20,Tower,6,5,House,Urwa Minhas,Omer Shah,Litigated,Paid,Under Review,Due,84300000.0
11620,Kashif Sandhu,DEMO-KPT-11620,House No. CB-409,Street 22,Tower,6,5,House,Kashif Sandhu,Zaid Ranjha,Pending,Paid,Issue Found,Due,97300000.0
14799,Zaib Kalhoro,DEMO-KPT-14799,House No. CDR-457,Street 24,Tower,6,5,House,Zaib Kalhoro,Sadia Jafri,Pending,Paid,Issue Found,Paid,99400000.0
11547,Samiya Talpur,DEMO-KPT-11547,House No. CC-559,Street 25,Tower,6,5,House,Samiya Talpur,Azan Unar,Verified,Paid,Under Review,Paid,80200000.0
2145,Madiha Marri,DEMO-KPT-2145,House No. B-808,Street 28,Tower,6,5,House,Madiha Marri,Nasrullah Sheikh,Litigated,Due,Clear,Due,95200000.0
11750,Sameen Qadri,DEMO-KPT-11750,House No. BR-465,Street 1,Tower,7,5,House,Sameen Qadri,Akbar Bugti,Pending,Paid,Issue Found,Due,89000000.0
2428,Saleem Bilgrami,DEMO-KPT-2428,House No. D-457,Street 3,Tower,7,5,House,Saleem Bilgrami,Urooj Noor,Pending,Paid,Under Review,Paid,92100000.0
11632,Zarmeen Nawaz,DEMO-KPT-11632,House No. CC-731,Street 3,Tower,7,5,House,Zarmeen Nawaz,Wania Kharal,Litigated,Due,Clear,Due,94900000.0
5287,Kashif Iqbal,DEMO-KPT-5287,House No. RD-455,Street 4,Tower,7,5,House,Kashif Iqbal,Noaman Yazdani,Pending,Paid,Clear,Due,80000000.0
1338,Maham Javed,DEMO-KPT-1338,House No. A-487,Street 5,Tower,7,5,House,Maham Javed,Bilal Hussain,Litigated,Due,Clear,Paid,92500000.0
1342,Sana Farooq,DEMO-KPT-1342,House No. A-132,Street 7,Tower,7,5,House,Sana Farooq,Mariam Malik,Verified,Paid,Clear,Paid,86300000.0
1331,Ali Iqbal,DEMO-KPT-1331,House No. A-361,Street 8,Tower,7,5,House,Ali Iqbal,Ahmed Hussain,Pending,Due,Clear,Paid,92000000.0
1328,Ayesha Malik,DEMO-KPT-1328,House No. A-26,Street 9,Tower,7,5,House,Ayesha Malik,Waleed Mirza,Litigated,Due,Issue Found,Paid,82800000.0
8738,Jamshed Ghumman,DEMO-KPT-8738,House No. BC-644,Street 13,Tower,7,5,House,Jamshed Ghumman,Khawar Chandio,Pending,Paid,Clear,Paid,81100000.0
11783,Inam Laghari,DEMO-KPT-11783,House No. DB-407,Street 18,Tower,7,5,House,Inam Laghari,Ifrah Kasi,Litigated,Due,Issue Found,Paid,80400000.0
5270,Nasir Rabbani,DEMO-KPT-5270,House No. CD-641,Street 19,Tower,7,5,House,Nasir Rabbani,Sadia Shah,Verified,Due,Issue Found,Paid,94500000.0
15003,Zartaj Wani,DEMO-KPT-15003,House No. CBD-602,Street 20,Tower,7,5,House,Zartaj Wani,Israr Mengal,Verified,Paid,Issue Found,Due,97400000.0
5193,Shees Sabri,DEMO-KPT-5193,House No. RR-624,Street 21,Tower,7,5,House,Shees Sabri,Saba Usmani,Verified,Due,Issue Found,Paid,87400000.0
14987,Sharjeel Ghani,DEMO-KPT-14987,House No. DCR-727,Street 21,Tower,7,5,House,Sharjeel Ghani,Sakina Nasar,Litigated,Due,Clear,Paid,85800000.0
11654,Saleha Butt,DEMO-KPT-11654,House No. DR-841,Street 23,Tower,7,5,House,Saleha Butt,Rafay Khalid,Litigated,Paid,Clear,Paid,93400000.0
1320,Hussain Naeem,DEMO-KPT-1320,House No. A-313,Street 26,Tower,7,5,House,Hussain Naeem,Owais Butt,Pending,Due,Under Review,Due,92800000.0
2437,Nafisa Zubairi,DEMO-KPT-2437,House No. C-836,Street 29,Tower,7,5,House,Nafisa Zubairi,Umar Unar,Pending,Due,Clear,Paid,84200000.0
5191,Haroon Shah,DEMO-KPT-5191,House No. DB-599,Street 29,Tower,7,5,House,Haroon Shah,Saleem Bugti,Verified,Due,Issue Found,Paid,99300000.0
1373,Sadia Sheikh,DEMO-KPT-1373,House No. A-443,Street 3,Tower,8,5,House,Sadia Sheikh,Bilal Aslam,Litigated,Paid,Under Review,Paid,83700000.0
1374,Fahad Aslam,DEMO-KPT-1374,House No. A-239,Street 6,Tower,8,5,House,Fahad Aslam,Hussain Javed,Pending,Paid,Under Review,Paid,99800000.0
1371,Sara Malik,DEMO-KPT-1371,House No. A-248,Street 7,Tower,8,5,House,Sara Malik,Shoaib Javed,Verified,Due,Under Review,Due,82400000.0
8886,Bareera Jamal,DEMO-KPT-8886,House No. CC-455,Street 8,Tower,8,5,House,Bareera Jamal,Dua Lone,Pending,Paid,Under Review,Due,82500000.0
12036,Maryum Majeed,DEMO-KPT-12036,House No. DB-708,Street 8,Tower,8,5,House,Maryum Majeed,Shaista Sadiq,Pending,Paid,Under Review,Due,87700000.0
2438,Jahangir Peerzada,DEMO-KPT-2438,House No. B-480,Street 13,Tower,8,5,House,Jahangir Peerzada,Nazia Kidwai,Pending,Paid,Clear,Paid,98800000.0
15105,Mehrunnisa Rajper,DEMO-KPT-15105,House No. CRB-338,Street 13,Tower,8,5,House,Mehrunnisa Rajper,Uzair Bhatti,Litigated,Due,Under Review,Paid,88500000.0
8865,Mazhar Shinwari,DEMO-KPT-8865,House No. RC-492,Street 15,Tower,8,5,House,Mazhar Shinwari,Raees Hinjra,Verified,Due,Clear,Paid,91500000.0
2467,Haseeb Nasar,DEMO-KPT-2467,House No. R-787,Street 16,Tower,8,5,House,Haseeb Nasar,Mahreen Hoti,Verified,Paid,Under Review,Paid,92500000.0
5491,Lubna Mahesar,DEMO-KPT-5491,House No. DC-612,Street 19,Tower,8,5,House,Lubna Mahesar,Amber Chaudhry,Pending,Due,Issue Found,Paid,98800000.0
15170,Husna Ijaz,DEMO-KPT-15170,House No. BRD-397,Street 19,Tower,8,5,House,Husna Ijaz,Javaria Mohammadzai,Verified,Due,Issue Found,Paid,88900000.0
11853,Javed Pasha,DEMO-KPT-11853,House No. RR-722,Street 20,Tower,8,5,House,Javed Pasha,Shanza Wani,Verified,Paid,Issue Found,Due,93900000.0
11861,Basit Mir,DEMO-KPT-11861,House No. DR-557,Street 22,Tower,8,5,House,Basit Mir,Inaya Zubair,Pending,Due,Clear,Paid,86500000.0
2472,Tanveer Rafique,DEMO-KPT-2472,House No. C-389,Street 23,Tower,8,5,House,Tanveer Rafique,Ikram Farooqi,Litigated,Due,Under Review,Due,96900000.0
1347,Ayesha Shah,DEMO-KPT-1347,House No. A-845,Street 25,Tower,8,5,House,Ayesha Shah,Bilal Khan,Litigated,Paid,Clear,Paid,92400000.0
2457,Nabila Qureshi,DEMO-KPT-2457,House No. C-713,Street 25,Tower,8,5,House,Nabila Qureshi,Shafaq Marri,Verified,Due,Under Review,Paid,86400000.0
11997,Bareera Mir,DEMO-KPT-11997,House No. BC-596,Street 25,Tower,8,5,House,Bareera Mir,Yahya Randhawa,Verified,Paid,Under Review,Paid,89300000.0
15091,Qamar Mansoor,DEMO-KPT-15091,House No. CRD-694,Street 29,Tower,8,5,House,Qamar Mansoor,Farah Hussain,Verified,Due,Issue Found,Paid,91700000.0
9023,Isha Mansoor,DEMO-KPT-9023,House No. RR-730,Street 3,Tower,9,5,House,Isha Mansoor,Ijaz Khosa,Litigated,Paid,Under Review,Paid,80300000.0
2539,Emaad Lone,DEMO-KPT-2539,House No. D-703,Street 4,Tower,9,5,House,Emaad Lone,Muneeb Jamali,Verified,Due,Issue Found,Paid,89000000.0
15305,Aashir Jogezai,DEMO-KPT-15305,House No. CBD-605,Street 4,Tower,9,5,House,Aashir Jogezai,Rustam Janjua,Verified,Paid,Issue Found,Paid,87700000.0
12131,Zahida Bilgrami,DEMO-KPT-12131,House No. BR-882,Street 8,Tower,9,5,House,Zahida Bilgrami,Bisma Mian,Pending,Due,Clear,Paid,98100000.0
15281,Ammar Ghazali,DEMO-KPT-15281,House No. BCD-780,Street 8,Tower,9,5,House,Ammar Ghazali,Ambreen Tareen,Pending,Due,Clear,Paid,88500000.0
1407,Arsalan Naeem,DEMO-KPT-1407,House No. A-754,Street 12,Tower,9,5,House,Arsalan Naeem,Nimra Malik,Verified,Due,Clear,Paid,93200000.0
15357,Rimsha Tahir,DEMO-KPT-15357,House No. BDC-561,Street 12,Tower,9,5,House,Rimsha Tahir,Rubina Rajput,Verified,Due,Clear,Paid,99800000.0
12060,Shahida Yasin,DEMO-KPT-12060,House No. DD-751,Street 13,Tower,9,5,House,Shahida Yasin,Fahad Khosa,Litigated,Due,Clear,Paid,96900000.0
12075,Khushbu Mengal,DEMO-KPT-12075,House No. CB-482,Street 13,Tower,9,5,House,Khushbu Mengal,Minahil Tunio,Pending,Paid,Clear,Due,95200000.0
1429,Laiba Siddiqui,DEMO-KPT-1429,House No. A-395,Street 14,Tower,9,5,House,Laiba Siddiqui,Anaya Iqbal,Verified,Due,Issue Found,Paid,92300000.0
1433,Adnan Qureshi,DEMO-KPT-1433,House No. A-768,Street 18,Tower,9,5,House,Adnan Qureshi,Usman Haider,Litigated,Due,Issue Found,Paid,82800000.0
2659,Madiha Ansari,DEMO-KPT-2659,House No. R-544,Street 18,Tower,9,5,House,Madiha Ansari,Asad Pasha,Verified,Paid,Under Review,Due,86900000.0
9083,Kabir Soomro,DEMO-KPT-9083,House No. RR-367,Street 18,Tower,9,5,House,Kabir Soomro,Shaheer Mahsud,Litigated,Due,Issue Found,Paid,97500000.0
9091,Sikandar Janjua,DEMO-KPT-9091,House No. BB-471,Street 19,Tower,9,5,House,Sikandar Janjua,Nabeeha Majeed,Pending,Due,Issue Found,Paid,93200000.0
15227,Emaan Achakzai,DEMO-KPT-15227,House No. BRC-365,Street 19,Tower,9,5,House,Emaan Achakzai,Firdous Alvi,Pending,Due,Issue Found,Paid,98600000.0
9122,Salman Hinjra,DEMO-KPT-9122,House No. DR-514,Street 20,Tower,9,5,House,Salman Hinjra,Zawar Niazi,Pending,Paid,Under Review,Due,96300000.0
1398,Waleed Khan,DEMO-KPT-1398,House No. A-814,Street 23,Tower,9,5,House,Waleed Khan,Sadia Javed,Verified,Due,Clear,Paid,80500000.0
5607,Noaman Kayani,DEMO-KPT-5607,House No. BD-879,Street 25,Tower,9,5,House,Noaman Kayani,Nasreen Kalhoro,Verified,Due,Under Review,Paid,83700000.0
15195,Noreen Siddiqui,DEMO-KPT-15195,House No. CBD-407,Street 28,Tower,9,5,House,Noreen Siddiqui,Nabeel Javed,Litigated,Due,Clear,Due,90500000.0
5641,Abubakar Umer,DEMO-KPT-5641,House No. CR-733,Street 29,Tower,9,5,House,Abubakar Umer,Sakina Zahid,Verified,Due,Issue Found,Paid,85600000.0
12200,Raheel Sandhu,DEMO-KPT-12200,House No. CD-635,Street 1,Tower,10,5,House,Raheel Sandhu,Zehra Ghumman,Pending,Paid,Issue Found,Due,96800000.0
1440,Mariam Qureshi,DEMO-KPT-1440,House No. A-978,Street 2,Tower,10,5,House,Mariam Qureshi,Komal Aslam,Verified,Due,Under Review,Due,83600000.0
15478,Khadija Shinwari,DEMO-KPT-15478,House No. BDC-818,Street 3,Tower,10,5,House,Khadija Shinwari,Tooba Wazir,Pending,Paid,Under Review,Paid,89100000.0
15548,Shafiq Ranjha,DEMO-KPT-15548,House No. DCR-724,Street 7,Tower,10,5,House,Shafiq Ranjha,Mehwish Kakar,Litigated,Due,Issue Found,Due,92700000.0
2766,Laila Mehmood,DEMO-KPT-2766,House No. C-649,Street 8,Tower,10,5,House,Laila Mehmood,Shaista Leghari,Pending,Due,Clear,Due,80700000.0
12199,Asma Shakir,DEMO-KPT-12199,House No. BD-856,Street 8,Tower,10,5,House,Asma Shakir,Armaghan Ghumman,Pending,Paid,Under Review,Paid,86200000.0
2772,Neha Buriro,DEMO-KPT-2772,House No. D-332,Street 12,Tower,10,5,House,Neha Buriro,Sami Ranjha,Pending,Paid,Under Review,Due,94700000.0
9217,Tayyaba Rabbani,DEMO-KPT-9217,House No. CC-817,Street 16,Tower,10,5,House,Tayyaba Rabbani,Naureen Kasi,Verified,Paid,Under Review,Paid,98900000.0
5693,Masood Lone,DEMO-KPT-5693,House No. CR-703,Street 18,Tower,10,5,House,Masood Lone,Talal Hameed,Litigated,Paid,Clear,Paid,97800000.0
12303,Mehreen Sahito,DEMO-KPT-12303,House No. BB-748,Street 20,Tower,10,5,House,Mehreen Sahito,Mahjabeen Marri,Verified,Paid,Issue Found,Due,91000000.0
1446,Shoaib Naeem,DEMO-KPT-1446,House No. A-935,Street 23,Tower,10,5,House,Shoaib Naeem,Salman Noor,Litigated,Due,Issue Found,Due,89200000.0
5759,Bakhtawar Aslam,DEMO-KPT-5759,House No. BR-601,Street 25,Tower,10,5,House,Bakhtawar Aslam,Qadir Kakar,Verified,Due,Clear,Paid,85200000.0
2959,Fareed Wattoo,DEMO-KPT-2959,House No. C-431,Street 3,Tower,11,5,House,Fareed Wattoo,Bakhtawar Kalhoro,Litigated,Due,Clear,Due,99000000.0
5873,Jamil Kharal,DEMO-KPT-5873,House No. BC-785,Street 3,Tower,11,5,House,Jamil Kharal,Ahsan Cheena,Litigated,Paid,Under Review,Paid,82200000.0
2957,Luqman Mahar,DEMO-KPT-2957,House No. B-555,Street 12,Tower,11,5,House,Luqman Mahar,Nadeem Yousafzai,Pending,Due,Under Review,Paid,84900000.0
15557,Nadir Majeed,DEMO-KPT-15557,House No. CBR-809,Street 12,Tower,11,5,House,Nadir Majeed,Kausar Hayat,Pending,Due,Under Review,Paid,89600000.0
12504,Arsalan Bhittani,DEMO-KPT-12504,House No. CD-470,Street 13,Tower,11,5,House,Arsalan Bhittani,Moeen Gill,Litigated,Due,Issue Found,Paid,96300000.0
15615,Amara Dahri,DEMO-KPT-15615,House No. DCR-403,Street 15,Tower,11,5,House,Amara Dahri,Saleha Khokhar,Verified,Due,Clear,Paid,82700000.0
5941,Zuha Siddiqui,DEMO-KPT-5941,House No. CC-627,Street 19,Tower,11,5,House,Zuha Siddiqui,Arooj Lodhi,Pending,Due,Issue Found,Paid,87000000.0
5955,Gohar Usmani,DEMO-KPT-5955,House No. CR-714,Street 26,Tower,11,5,House,Gohar Usmani,Hussain Rajper,Pending,Paid,Issue Found,Paid,96000000.0
2941,Inshal Gandapur,DEMO-KPT-2941,House No. D-620,Street 29,Tower,11,5,House,Inshal Gandapur,Nosheen Kazmi,Verified,Due,Issue Found,Paid,97300000.0
12424,Kaif Wazir,DEMO-KPT-12424,House No. RR-711,Street 29,Tower,11,5,House,Kaif Wazir,Samiya Samo,Verified,Due,Clear,Paid,93900000.0
12555,Uzma Joiya,DEMO-KPT-12555,House No. DR-613,Street 30,Tower,11,5,House,Uzma Joiya,Fida Zahid,Verified,Due,Under Review,Paid,91500000.0
15729,Ayla Jafri,DEMO-KPT-15729,House No. CRD-558,Street 1,Tower,12,5,House,Ayla Jafri,Maham Gabol,Pending,Due,Issue Found,Paid,93400000.0
9473,Moiz Kamboh,DEMO-KPT-9473,House No. DC-804,Street 3,Tower,12,5,House,Moiz Kamboh,Munib Warraich,Litigated,Paid,Under Review,Paid,84400000.0
15774,Luqman Kazmi,DEMO-KPT-15774,House No. CRD-864,Street 6,Tower,12,5,House,Luqman Kazmi,Danish Gill,Pending,Paid,Under Review,Paid,86700000.0
12657,Sahar Marwat,DEMO-KPT-12657,House No. CC-897,Street 12,Tower,12,5,House,Sahar Marwat,Tooba Yaqoob,Verified,Due,Clear,Paid,97300000.0
3054,Qurat Imran,DEMO-KPT-3054,House No. R-538,Street 13,Tower,12,5,House,Qurat Imran,Ajmal Mughal,Litigated,Due,Issue Found,Paid,88900000.0
15675,Zahid Orakzai,DEMO-KPT-15675,House No. BCD-867,Street 13,Tower,12,5,House,Zahid Orakzai,Moeen Kamboh,Pending,Paid,Clear,Due,88400000.0
9583,Farhan Parvez,DEMO-KPT-9583,House No. CD-739,Street 22,Tower,12,5,House,Farhan Parvez,Kashif Akhtar,Litigated,Paid,Issue Found,Due,90000000.0
3059,Waqas Lakhani,DEMO-KPT-3059,House No. R-480,Street 25,Tower,12,5,House,Waqas Lakhani,Laila Lone,Verified,Due,Clear,Paid,95000000.0
6357,Kafeel Marri,DEMO-KPT-6357,House No. BD-404,Street 12,Tower,13,5,House,Kafeel Marri,Rahila Lakhani,Verified,Due,Clear,Paid,90600000.0
9679,Zarar Bijarani,DEMO-KPT-9679,House No. RD-733,Street 15,Tower,13,5,House,Zarar Bijarani,Tamim Hayat,Pending,Paid,Under Review,Due,87000000.0
12882,Tamkeen Niazi,DEMO-KPT-12882,House No. DR-667,Street 15,Tower,13,5,House,Tamkeen Niazi,Inaya Ghauri,Verified,Due,Clear,Paid,87900000.0
3205,Sadia Magsi,DEMO-KPT-3205,House No. R-425,Street 16,Tower,13,5,House,Sadia Magsi,Faiza Laghari,Pending,Paid,Under Review,Paid,84800000.0
12722,Haris Orakzai,DEMO-KPT-12722,House No. CR-875,Street 20,Tower,13,5,House,Haris Orakzai,Mishal Mengal,Pending,Paid,Under Review,Due,81000000.0
6189,Hamid Sheikh,DEMO-KPT-6189,House No. DD-388,Street 22,Tower,13,5,House,Hamid Sheikh,Vaqar Wazir,Litigated,Paid,Clear,Paid,94800000.0
9756,Zubaida Latif,DEMO-KPT-9756,House No. RD-540,Street 22,Tower,13,5,House,Zubaida Latif,Farid Zubair,Litigated,Paid,Issue Found,Due,93300000.0
12906,Naveed Ghauri,DEMO-KPT-12906,House No. DD-561,Street 22,Tower,13,5,House,Naveed Ghauri,Saleem Shaikh,Litigated,Paid,Issue Found,Due,97900000.0
6348,Nauman Zaidi,DEMO-KPT-6348,House No. BB-498,Street 23,Tower,13,5,House,Nauman Zaidi,Ajmal Javed,Verified,Due,Clear,Paid,88700000.0
9881,Tamkeen Rana,DEMO-KPT-9881,House No. DB-587,Street 8,Tower,14,5,House,Tamkeen Rana,Mehboob Tunio,Pending,Due,Clear,Paid,95600000.0
3379,Iram Tariq,DEMO-KPT-3379,House No. R-594,Street 15,Tower,14,5,House,Iram Tariq,Tayyeb Akhtar,Pending,Paid,Under Review,Due,83100000.0
9765,Alam Zubair,DEMO-KPT-9765,House No. RR-439,Street 15,Tower,14,5,House,Alam Zubair,Sharmeen Bhittani,Verified,Due,Clear,Paid,91000000.0
13092,Ayesha Mian,DEMO-KPT-13092,House No. DR-425,Street 15,Tower,14,5,House,Ayesha Mian,Saima Nawaz,Pending,Due,Issue Found,Paid,91600000.0
15979,Mahwish Magsi,DEMO-KPT-15979,House No. BCD-843,Street 15,Tower,14,5,House,Mahwish Magsi,Nayab Siddiqui,Pending,Paid,Under Review,Due,94500000.0
13105,Hina Usmani,DEMO-KPT-13105,House No. DR-344,Street 16,Tower,14,5,House,Hina Usmani,Adnan Jadoon,Pending,Paid,Under Review,Paid,88800000.0
15956,Sufyan Sabri,DEMO-KPT-15956,House No. DCB-408,Street 19,Tower,14,5,House,Sufyan Sabri,Rustam Farooq,Litigated,Paid,Issue Found,Due,87300000.0
16056,Zakir Rehman,DEMO-KPT-16056,House No. DRC-315,Street 22,Tower,14,5,House,Zakir Rehman,Sitara Dahri,Litigated,Paid,Issue Found,Due,82800000.0
9815,Saleem Ahmed,DEMO-KPT-9815,House No. DB-389,Street 24,Tower,14,5,House,Saleem Ahmed,Saif Majeed,Litigated,Due,Issue Found,Paid,80200000.0
6518,Saba Yousaf,DEMO-KPT-6518,House No. BC-612,Street 27,Tower,14,5,House,Saba Yousaf,Yameen Memon,Pending,Due,Under Review,Due,92700000.0
16192,Sakina Mohammadzai,DEMO-KPT-16192,House No. RBC-830,Street 7,Tower,15,5,House,Sakina Mohammadzai,Nizam Siddiqui,Verified,Paid,Clear,Paid,97500000.0
9949,Laraib Yazdani,DEMO-KPT-9949,House No. CC-357,Street 8,Tower,15,5,House,Laraib Yazdani,Naureen Leghari,Pending,Paid,Under Review,Paid,83700000.0
9966,Tanveer Akhtar,DEMO-KPT-9966,House No. RD-822,Street 8,Tower,15,5,House,Tanveer Akhtar,Rubab Akhtar,Pending,Due,Clear,Due,91900000.0
13305,Shafaq Mughal,DEMO-KPT-13305,House No. BR-818,Street 13,Tower,15,5,House,Shafaq Mughal,Mukhtar Sindhi,Litigated,Due,Under Review,Paid,97400000.0
6663,Amber Popalzai,DEMO-KPT-6663,House No. CR-370,Street 16,Tower,15,5,House,Amber Popalzai,Wajid Lakhani,Verified,Paid,Under Review,Due,83800000.0
13267,Ayaz Usmani,DEMO-KPT-13267,House No. BR-558,Street 16,Tower,15,5,House,Ayaz Usmani,Mahrukh Wazir,Verified,Paid,Under Review,Paid,93300000.0
16159,Qurat Hashmi,DEMO-KPT-16159,House No. CBR-840,Street 18,Tower,15,5,House,Qurat Hashmi,Sadiq Mangi,Verified,Paid,Under Review,Due,87400000.0
9991,Shahmeer Tarar,DEMO-KPT-9991,House No. DD-775,Street 19,Tower,15,5,House,Shahmeer Tarar,Sarfraz Dawood,Pending,Due,Issue Found,Paid,95900000.0
16220,Shahroz Laghari,DEMO-KPT-16220,House No. BCD-841,Street 20,Tower,15,5,House,Shahroz Laghari,Mehwish Shafi,Litigated,Paid,Issue Found,Due,94200000.0
10037,Aqeel Talpur,DEMO-KPT-10037,House No. RB-614,Street 21,Tower,15,5,House,Aqeel Talpur,Yameen Magsi,Litigated,Due,Clear,Paid,97000000.0
3489,Samina Saeed,DEMO-KPT-3489,House No. D-403,Street 22,Tower,15,5,House,Samina Saeed,Alizeh Zaidi,Litigated,Paid,Clear,Paid,84100000.0
13272,Sehrish Khattak,DEMO-KPT-13272,House No. CB-512,Street 23,Tower,15,5,House,Sehrish Khattak,Rakhshanda Mahesar,Litigated,Due,Under Review,Due,87700000.0
9897,Ruqayya Korai,DEMO-KPT-9897,House No. BD-420,Street 25,Tower,15,5,House,Ruqayya Korai,Shakeel Akhtar,Litigated,Paid,Clear,Paid,92400000.0
6800,Zubair Gilani,DEMO-KPT-6800,House No. BB-305,Street 1,Tower,16,5,House,Zubair Gilani,Khansa Khosa,Pending,Paid,Issue Found,Due,87300000.0
3623,Laraib Aslam,DEMO-KPT-3623,House No. R-889,Street 3,Tower,16,5,House,Laraib Aslam,Rizwaan Parvez,Litigated,Paid,Under Review,Paid,81600000.0
3621,Tahseen Tarar,DEMO-KPT-3621,House No. R-737,Street 7,Tower,16,5,House,Tahseen Tarar,Mazhar Kiani,Verified,Due,Under Review,Due,87500000.0
16339,Saqib Marri,DEMO-KPT-16339,House No. CDR-475,Street 10,Tower,16,5,House,Saqib Marri,Fakhar Joiya,Verified,Paid,Issue Found,Due,80300000.0
13369,Kanwal Mahesar,DEMO-KPT-13369,House No. DC-867,Street 12,Tower,16,5,House,Kanwal Mahesar,Rafiq Bhatti,Pending,Due,Issue Found,Paid,91600000.0
13437,Mahrukh Mazari,DEMO-KPT-13437,House No. RCB-578,Street 20,Tower,16,5,House,Mahrukh Mazari,Iqra Zaman,Litigated,Paid,Under Review,Due,81000000.0
3570,Shafaq Haral,DEMO-KPT-3570,House No. R-512,Street 26,Tower,16,5,House,Shafaq Haral,Kamal Yousafzai,Pending,Due,Under Review,Due,85500000.0
10329,Iqra Virk,DEMO-KPT-10329,House No. DD-636,Street 1,Tower,17,5,House,Iqra Virk,Sabahat Shinwari,Pending,Due,Issue Found,Paid,87200000.0
16489,Shama Kamal,DEMO-KPT-16489,House No. CBD-545,Street 4,Tower,17,5,House,Shama Kamal,Abeera Rehman,Verified,Due,Issue Found,Paid,95100000.0
13492,Zia Wazir,DEMO-KPT-13492,House No. BCR-825,Street 7,Tower,17,5,House,Zia Wazir,Iftikhar Mangi,Verified,Paid,Clear,Paid,83100000.0
16448,Ubaid Rana,DEMO-KPT-16448,House No. BRD-838,Street 7,Tower,17,5,House,Ubaid Rana,Faisal Unar,Litigated,Due,Issue Found,Due,81300000.0
13447,Musa Majeed,DEMO-KPT-13447,House No. RDC-607,Street 8,Tower,17,5,House,Musa Majeed,Emaan Qureshi,Litigated,Paid,Clear,Paid,92500000.0
13566,Shazia Junejo,DEMO-KPT-13566,House No. RCB-735,Street 8,Tower,17,5,House,Shazia Junejo,Naureen Sial,Pending,Due,Clear,Due,87800000.0
10215,Hafiz Mir,DEMO-KPT-10215,House No. DC-584,Street 15,Tower,17,5,House,Hafiz Mir,Mahnoor Durrani,Verified,Due,Clear,Paid,80100000.0
13555,Mariam Afridi,DEMO-KPT-13555,House No. DBC-686,Street 16,Tower,17,5,House,Mariam Afridi,Sarfraz Hussain,Pending,Paid,Under Review,Paid,91000000.0
7043,Kafeel Popalzai,DEMO-KPT-7043,House No. CB-414,Street 18,Tower,17,5,House,Kafeel Popalzai,Babar Nadeem,Litigated,Paid,Clear,Paid,89000000.0
16520,Shamim Pasha,DEMO-KPT-16520,House No. RBD-868,Street 19,Tower,17,5,House,Shamim Pasha,Kamran Unar,Verified,Due,Issue Found,Paid,96900000.0
6887,Saad Cheena,DEMO-KPT-6887,House No. BB-745,Street 21,Tower,17,5,House,Saad Cheena,Palwasha Abro,Litigated,Due,Clear,Paid,80000000.0
10206,Muneeba Swati,DEMO-KPT-10206,House No. RB-573,Street 22,Tower,17,5,House,Muneeba Swati,Pervaiz Hayat,Litigated,Paid,Issue Found,Due,81200000.0
7018,Ahtisham Chattha,DEMO-KPT-7018,House No. BD-305,Street 27,Tower,17,5,House,Ahtisham Chattha,Aneeqa Kidwai,Pending,Paid,Issue Found,Paid,86400000.0
13455,Irfan Pirzada,DEMO-KPT-13455,House No. RBC-886,Street 30,Tower,17,5,House,Irfan Pirzada,Haziq Mahesar,Verified,Due,Under Review,Paid,83500000.0
3905,Asifa Sohu,DEMO-KPT-3905,House No. BD-582,Street 1,Tower,18,5,House,Asifa Sohu,Uzma Hoti,Litigated,Due,Under Review,Paid,88900000.0
16558,Gohar Turk,DEMO-KPT-16558,House No. RBD-523,Street 2,Tower,18,5,House,Gohar Turk,Sabir Anwar,Pending,Due,Under Review,Paid,87200000.0
16673,Aashir Gondal,DEMO-KPT-16673,House No. CBR-739,Street 3,Tower,18,5,House,Aashir Gondal,Rafay Dar,Litigated,Paid,Under Review,Paid,92800000.0
10407,Ali Chandio,DEMO-KPT-10407,House No. RR-720,Street 12,Tower,18,5,House,Ali Chandio,Noman Jadoon,Verified,Due,Clear,Paid,97000000.0
13572,Hamza Sandhu,DEMO-KPT-13572,House No. BDR-334,Street 12,Tower,18,5,House,Hamza Sandhu,Nimra Nadeem,Pending,Paid,Under Review,Due,99600000.0
16560,Waheed Anwar,DEMO-KPT-16560,House No. DBC-476,Street 13,Tower,18,5,House,Waheed Anwar,Zulekha Riaz,Litigated,Due,Clear,Paid,94300000.0
7242,Zuha Raza,DEMO-KPT-7242,House No. RC-568,Street 15,Tower,18,5,House,Zuha Raza,Ashar Khalid,Pending,Due,Issue Found,Paid,83900000.0
7253,Alam Turk,DEMO-KPT-7253,House No. DR-856,Street 18,Tower,18,5,House,Alam Turk,Omer Raza,Litigated,Paid,Clear,Paid,82200000.0
7220,Murtaza Mazari,DEMO-KPT-7220,House No. RR-502,Street 20,Tower,18,5,House,Murtaza Mazari,Muneeba Toor,Litigated,Paid,Issue Found,Due,98200000.0
16587,Hussnain Sial,DEMO-KPT-16587,House No. CRD-688,Street 20,Tower,18,5,House,Hussnain Sial,Hanzala Rafique,Litigated,Paid,Under Review,Due,86900000.0
3807,Benazir Siddiqui,DEMO-KPT-3807,House No. C-656,Street 25,Tower,18,5,House,Benazir Siddiqui,Javed Warsi,Verified,Due,Under Review,Paid,83600000.0
10639,Munir Achakzai,DEMO-KPT-10639,House No. RR-397,Street 4,Tower,19,5,House,Munir Achakzai,Asad Gill,Verified,Due,Issue Found,Paid,98700000.0
4038,Taimur Tareen,DEMO-KPT-4038,House No. CB-751,Street 5,Tower,19,5,House,Taimur Tareen,Aun Lughmani,Litigated,Due,Clear,Paid,85000000.0
16674,Zulfiqar Jogezai,DEMO-KPT-16674,House No. BDR-632,Street 6,Tower,19,5,House,Zulfiqar Jogezai,Zarar Sadiq,Pending,Paid,Under Review,Paid,91000000.0
4116,Saima Ali,DEMO-KPT-4116,House No. RB-806,Street 8,Tower,19,5,House,Saima Ali,Sajida Abro,Pending,Due,Clear,Due,94900000.0
4122,Mahira Shafi,DEMO-KPT-4122,House No. DC-514,Street 12,Tower,19,5,House,Mahira Shafi,Aisha Sheikh,Pending,Paid,Under Review,Due,82000000.0
13729,Urooj Bilgrami,DEMO-KPT-13729,House No. BDR-471,Street 15,Tower,19,5,House,Urooj Bilgrami,Kainat Achakzai,Pending,Paid,Under Review,Due,87400000.0
3963,Sharjeel Mazari,DEMO-KPT-3963,House No. CD-446,Street 16,Tower,19,5,House,Sharjeel Mazari,Aneeqa Nawaz,Verified,Paid,Under Review,Due,85600000.0
16698,Gohar Lodhi,DEMO-KPT-16698,House No. CDR-753,Street 23,Tower,19,5,House,Gohar Lodhi,Shama Hoti,Verified,Due,Clear,Paid,80800000.0
4047,Zaheer Pasha,DEMO-KPT-4047,House No. BR-670,Street 25,Tower,19,5,House,Zaheer Pasha,Jannat Hashmi,Litigated,Paid,Clear,Paid,92100000.0
13797,Ayla Soomro,DEMO-KPT-13797,House No. BCR-368,Street 25,Tower,19,5,House,Ayla Soomro,Qaiser Mirza,Verified,Paid,Under Review,Paid,89000000.0
7582,Saqib Lodhi,DEMO-KPT-7582,House No. CB-517,Street 3,Tower,20,5,House,Saqib Lodhi,Sabrina Lodhi,Litigated,Due,Clear,Due,86300000.0
7557,Akbar Kalhoro,DEMO-KPT-7557,House No. RC-637,Street 9,Tower,20,5,House,Akbar Kalhoro,Rubab Sipra,Litigated,Paid,Clear,Paid,97300000.0
7457,Saqib Bijarani,DEMO-KPT-7457,House No. CR-744,Street 12,Tower,20,5,House,Saqib Bijarani,Zunaira Achakzai,Pending,Due,Under Review,Paid,96300000.0
7519,Tooba Zubair,DEMO-KPT-7519,House No. BR-608,Street 12,Tower,20,5,House,Tooba Zubair,Zakariya Ghumman,Pending,Due,Issue Found,Paid,89800000.0
4131,Anam Bashir,DEMO-KPT-4131,House No. BD-661,Street 13,Tower,20,5,House,Anam Bashir,Iftikhar Zafar,Pending,Due,Under Review,Paid,90800000.0
16943,Shahbaz Memon,DEMO-KPT-16943,House No. CBR-814,Street 18,Tower,20,5,House,Shahbaz Memon,Sarmad Peerzada,Litigated,Paid,Clear,Paid,90200000.0
16971,Mehak Mirza,DEMO-KPT-16971,House No. CDR-872,Street 19,Tower,20,5,House,Mehak Mirza,Obaid Nadeem,Verified,Paid,Clear,Paid,82500000.0
4172,Mariam Warraich,DEMO-KPT-4172,House No. RB-593,Street 20,Tower,20,5,House,Mariam Warraich,Mohsin Peerzada,Pending,Paid,Under Review,Due,86600000.0
10689,Fawad Toor,DEMO-KPT-10689,House No. RC-863,Street 22,Tower,20,5,House,Fawad Toor,Arfa Magsi,Litigated,Paid,Clear,Paid,87700000.0
7559,Ashraf Majeed,DEMO-KPT-7559,House No. RC-771,Street 25,Tower,20,5,House,Ashraf Majeed,Raheel Kakar,Verified,Due,Clear,Paid,95200000.0
16979,Zunair Khokhar,DEMO-KPT-16979,House No. BDC-857,Street 27,Tower,20,5,House,Zunair Khokhar,Yusra Hameed,Pending,Due,Issue Found,Paid,87900000.0
7474,Kamil Sadiq,DEMO-KPT-7474,House No. RR-560,Street 29,Tower,20,5,House,Kamil Sadiq,Tayyab Randhawa,Verified,Due,Clear,Paid,84400000.0
