Owner ID,Owner Name,Property ID,House Number,Street Number,Area,Block,Rooms,Property Type,Property Owner,Previous Owner,Ownership Status,Taxes Status,Legal Check,Utilities Bill,Price (PKR)
1648,Usman Sial,DEMO-KPT-1648,House No. C-667,Street 3,Bahria Town,1,0,Plot,Usman Sial,Maimoona Gilani,Litigated,Paid,Under Review,Due,45400000.0
15364,Habib Niazi,DEMO-KPT-15364,House No. RBD-639,Street 3,Bahria Town,1,0,Plot,Habib Niazi,Saeeda Shakeel,Pending,Paid,Issue Found,Due,39600000.0
1517,Taha Mazari,DEMO-KPT-1517,House No. C-826,Street 14,Bahria Town,1,0,Plot,Taha Mazari,Shahid Nasar,Pending,Paid,Under Review,Due,39400000.0
8301,Asifa Dahri,DEMO-KPT-8301,House No. BD-726,Street 17,Bahria Town,1,0,Plot,Asifa Dahri,Faiza Yousaf,Verified,Paid,Under Review,Paid,74900000.0
1691,Kamil Mirza,DEMO-KPT-1691,House No. B-552,Street 18,Bahria Town,1,0,Plot,Kamil Mirza,Subhan Farooqi,Verified,Due,Clear,Due,65900000.0
15260,Sami Jamali,DEMO-KPT-15260,House No. BRD-817,Street 18,Bahria Town,1,0,Plot,Sami Jamali,Hira Panezai,Verified,Paid,Under Review,Paid,34300000.0
15429,Saba Sardar,DEMO-KPT-15429,House No. DRB-638,Street 21,Bahria Town,1,0,Plot,Saba Sardar,Vaqar Bajwa,Litigated,Due,Issue Found,Paid,63200000.0
15814,Farheen Gill,DEMO-KPT-15814,House No. BRD-424,Street 3,Bahria Town,2,0,Plot,Farheen Gill,Mubashra Soomro,Pending,Paid,Issue Found,Due,38700000.0
1906,Luqmaan Durrani,DEMO-KPT-1906,House No. B-633,Street 6,Bahria Town,2,0,Plot,Luqmaan Durrani,Sabahat Malik,Pending,Due,Issue Found,Paid,48500000.0
8740,Mahmood Shakeel,DEMO-KPT-8740,House No. DB-641,Street 9,Bahria Town,2,0,Plot,Mahmood Shakeel,Safa Qureshi,Verified,Due,Under Review,Due,67300000.0
2149,Sabih Hafeez,DEMO-KPT-2149,House No. B-524,Street 6,Bahria Town,3,0,Plot,Sabih Hafeez,Tehmina Mohmand,Litigated,Due,Under Review,Due,45500000.0
9162,Zehra Aslam,DEMO-KPT-9162,House No. CC-394,Street 9,Bahria Town,3,0,Plot,Zehra Aslam,Tabassum Yousafzai,Litigated,Due,Under Review,Due,27700000.0
1914,Shabana Cheema,DEMO-KPT-1914,House No. B-674,Street 15,Bahria Town,3,0,Plot,Shabana Cheema,Ibrahim Raza,Verified,Due,Issue Found,Paid,65300000.0
16365,Aneela Yaqoob,DEMO-KPT-16365,House No. BCD-682,Street 16,Bahria Town,3,0,Plot,Aneela Yaqoob,Zunair Buriro,Litigated,Due,Issue Found,Due,76300000.0
1985,Sajida Alvi,DEMO-KPT-1985,House No. D-767,Street 18,Bahria Town,3,0,Plot,Sajida Alvi,Mateen Magsi,Pending,Due,Issue Found,Paid,30000000.0
16423,Saif Khokhar,DEMO-KPT-16423,House No. BRD-306,Street 26,Bahria Town,3,0,Plot,Saif Khokhar,Azka Randhawa,Pending,Due,Under Review,Due,25100000.0
16318,Rakhshanda Niazi,DEMO-KPT-16318,House No. DBC-455,Street 29,Bahria Town,3,0,Plot,Rakhshanda Niazi,Shahid Shakir,Litigated,Paid,Issue Found,Paid,75300000.0
16567,Kaneez Mazari,DEMO-KPT-16567,House No. RCD-737,Street 5,Bahria Town,4,0,Plot,Kaneez Mazari,Faizan Shaikh,Pending,Paid,Clear,Paid,21500000.0
2546,Ishaq Sadiq,DEMO-KPT-2546,House No. R-501,Street 7,Bahria Town,4,0,Plot,Ishaq Sadiq,Shahroz Bhittani,Pending,Due,Issue Found,Due,29500000.0
16812,Adnan Achakzai,DEMO-KPT-16812,House No. DBR-418,Street 9,Bahria Town,4,0,Plot,Adnan Achakzai,Kabeer Sabri,Litigated,Due,Under Review,Due,44200000.0
9560,Sami Sultan,DEMO-KPT-9560,House No. RC-839,Street 13,Bahria Town,4,0,Plot,Sami Sultan,Humaira Tiwana,Verified,Due,Under Review,Due,37000000.0
9530,Salahuddin Lak,DEMO-KPT-9530,House No. CR-633,Street 17,Bahria Town,4,0,Plot,Salahuddin Lak,Rashida Akhtar,Verified,Paid,Issue Found,Due,61600000.0
2889,Uzma Rizvi,DEMO-KPT-2889,House No. D-827,Street 8,Bahria Town,5,0,Plot,Uzma Rizvi,Masood Kidwai,Pending,Paid,Under Review,Paid,69700000.0
2685,Zara Mustafa,DEMO-KPT-2685,House No. D-704,Street 14,Bahria Town,5,0,Plot,Zara Mustafa,Talal Mari,Verified,Due,Issue Found,Paid,69200000.0
16817,Shanza Anwar,DEMO-KPT-16817,House No. BCD-580,Street 14,Bahria Town,5,0,Plot,Shanza Anwar,Nayab Baloch,Pending,Paid,Under Review,Due,41800000.0
9816,Tauseef Sabri,DEMO-KPT-9816,House No. CC-715,Street 16,Bahria Town,5,0,Plot,Tauseef Sabri,Alamgir Javed,Litigated,Due,Issue Found,Due,61000000.0
2901,Marium Jafri,DEMO-KPT-2901,House No. C-718,Street 17,Bahria Town,5,0,Plot,Marium Jafri,Shazia Qazi,Verified,Paid,Under Review,Paid,26000000.0
10031,Ahad Ghaffar,DEMO-KPT-10031,House No. RC-842,Street 17,Bahria Town,5,0,Plot,Ahad Ghaffar,Sibtain Jogezai,Litigated,Due,Clear,Due,36800000.0
9860,Batool Saif,DEMO-KPT-9860,House No. BR-356,Street 18,Bahria Town,5,0,Plot,Batool Saif,Mina Jadoon,Verified,Paid,Under Review,Paid,58800000.0
2686,Luqman Junejo,DEMO-KPT-2686,House No. R-367,Street 27,Bahria Town,5,0,Plot,Luqman Junejo,Sadiq Raza,Pending,Paid,Issue Found,Paid,20200000.0
2830,Aun Joiya,DEMO-KPT-2830,House No. B-891,Street 29,Bahria Town,5,0,Plot,Aun Joiya,Rahim Lone,Litigated,Paid,Under Review,Due,59900000.0
10335,Saleha Jamali,DEMO-KPT-10335,House No. CB-562,Street 14,Bahria Town,6,0,Plot,Saleha Jamali,Mehak Wattoo,Verified,Due,Issue Found,Paid,47100000.0
3315,Abbas Kayani,DEMO-KPT-3315,House No. R-523,Street 16,Bahria Town,6,0,Plot,Abbas Kayani,Tahir Mir,Litigated,Due,Issue Found,Due,66500000.0
10266,Shagufta Zardari,DEMO-KPT-10266,House No. BC-441,Street 16,Bahria Town,6,0,Plot,Shagufta Zardari,Musa Shafiq,Litigated,Due,Issue Found,Due,49200000.0
3009,Rabia Saleem,DEMO-KPT-3009,House No. B-675,Street 19,Bahria Town,6,0,Plot,Rabia Saleem,Aiman Jamal,Litigated,Due,Clear,Paid,63300000.0
10163,Zartaj Siddiqui,DEMO-KPT-10163,House No. CD-866,Street 19,Bahria Town,6,0,Plot,Zartaj Siddiqui,Aqsa Shinwari,Pending,Paid,Issue Found,Paid,76900000.0
3236,Fozia Kalhoro,DEMO-KPT-3236,House No. D-480,Street 21,Bahria Town,6,0,Plot,Fozia Kalhoro,Bakht Tahir,Verified,Due,Under Review,Due,69800000.0
3461,Rimsha Sahito,DEMO-KPT-3461,House No. R-668,Street 3,Bahria Town,7,0,Plot,Rimsha Sahito,Aslam Saleem,Pending,Due,Issue Found,Paid,35800000.0
3505,Ilyas Ali,DEMO-KPT-3505,House No. D-602,Street 5,Bahria Town,7,0,Plot,Ilyas Ali,Zunaira Javed,Pending,Paid,Issue Found,Due,39400000.0
3388,Jazib Pasha,DEMO-KPT-3388,House No. R-706,Street 8,Bahria Town,7,0,Plot,Jazib Pasha,Nayyar Tareen,Pending,Paid,Issue Found,Due,50300000.0
10469,Azhar Swati,DEMO-KPT-10469,House No. RC-561,Street 22,Bahria Town,7,0,Plot,Azhar Swati,Fauzia Qazi,Verified,Paid,Under Review,Due,42200000.0
10597,Zaynab Khan,DEMO-KPT-10597,House No. BR-826,Street 26,Bahria Town,7,0,Plot,Zaynab Khan,Muneeb Korai,Litigated,Paid,Under Review,Due,25900000.0
3431,Umair Yasin,DEMO-KPT-3431,House No. D-521,Street 29,Bahria Town,7,0,Plot,Umair Yasin,Nawal Mahsud,Pending,Due,Clear,Due,79300000.0
3838,Zohair Farooqi,DEMO-KPT-3838,House No. R-398,Street 8,Bahria Town,8,0,Plot,Zohair Farooqi,Nazia Shaikh,Pending,Paid,Issue Found,Due,75500000.0
10989,Zaib Kamboh,DEMO-KPT-10989,House No. RR-581,Street 8,Bahria Town,8,0,Plot,Zaib Kamboh,Anila Randhawa,Pending,Paid,Under Review,Paid,26200000.0
10999,Fareeha Dogar,DEMO-KPT-10999,House No. RR-816,Street 11,Bahria Town,8,0,Plot,Fareeha Dogar,Marwa Saleem,Pending,Due,Issue Found,Due,52100000.0
3569,Nuzhat Junejo,DEMO-KPT-3569,House No. R-834,Street 20,Bahria Town,8,0,Plot,Nuzhat Junejo,Lina Wazir,Verified,Due,Clear,Paid,25800000.0
10918,Bilal Sohu,DEMO-KPT-10918,House No. DB-737,Street 29,Bahria Town,8,0,Plot,Bilal Sohu,Yahya Wani,Litigated,Paid,Issue Found,Paid,25100000.0
11111,Aleeza Umer,DEMO-KPT-11111,House No. RC-478,Street 3,Bahria Town,9,0,Plot,Aleeza Umer,Mehak Nadeem,Pending,Due,Issue Found,Paid,79800000.0
4239,Ilyas Anwar,DEMO-KPT-4239,House No. RC-476,Street 8,Bahria Town,10,0,Plot,Ilyas Anwar,Faizan Marri,Pending,Paid,Under Review,Paid,68800000.0
11345,Yahya Gill,DEMO-KPT-11345,House No. CB-566,Street 27,Bahria Town,10,0,Plot,Yahya Gill,Akram Qadir,Pending,Due,Clear,Paid,71400000.0
11531,Tamim Kamal,DEMO-KPT-11531,House No. DC-679,Street 29,Bahria Town,10,0,Plot,Tamim Kamal,Rameez Nawaz,Pending,Due,Clear,Due,74300000.0
11806,Yusra Panezai,DEMO-KPT-11806,House No. RR-575,Street 6,Bahria Town,11,0,Plot,Yusra Panezai,Rabia Bhatti,Pending,Due,Issue Found,Paid,36100000.0
4526,Mehreen Hoti,DEMO-KPT-4526,House No. RB-749,Street 11,Bahria Town,11,0,Plot,Mehreen Hoti,Ehsan Kiani,Verified,Due,Issue Found,Due,25800000.0
11789,Qaiser Shah,DEMO-KPT-11789,House No. BR-419,Street 14,Bahria Town,11,0,Plot,Qaiser Shah,Aisha Hinjra,Verified,Due,Under Review,Due,72000000.0
11814,Zafar Sadiq,DEMO-KPT-11814,House No. CC-439,Street 15,Bahria Town,11,0,Plot,Zafar Sadiq,Imad Pasha,Verified,Due,Issue Found,Paid,28200000.0
4642,Nayab Shaikh,DEMO-KPT-4642,House No. RD-550,Street 20,Bahria Town,11,0,Plot,Nayab Shaikh,Parvez Baig,Litigated,Due,Clear,Paid,39000000.0
11743,Tahmina Kiani,DEMO-KPT-11743,House No. BR-751,Street 25,Bahria Town,11,0,Plot,Tahmina Kiani,Fatima Cheena,Pending,Due,Under Review,Paid,27000000.0
11877,Affan Jaffri,DEMO-KPT-11877,House No. RC-313,Street 28,Bahria Town,11,0,Plot,Affan Jaffri,Hafsa Chaudhry,Verified,Paid,Under Review,Due,26900000.0
12336,Shaheer Qureshi,DEMO-KPT-12336,House No. BC-810,Street 7,Bahria Town,13,0,Plot,Shaheer Qureshi,Sarmad Qadri,Pending,Paid,Under Review,Paid,44000000.0
12585,Zeshan Saeed,DEMO-KPT-12585,House No. RB-349,Street 14,Bahria Town,13,0,Plot,Zeshan Saeed,Iqbal Rafique,Verified,Due,Issue Found,Paid,61300000.0
12282,Mahjabeen Javed,DEMO-KPT-12282,House No. BC-830,Street 18,Bahria Town,13,0,Plot,Mahjabeen Javed,Rehman Bettani,Pending,Due,Issue Found,Paid,32200000.0
5698,Zarar Parvez,DEMO-KPT-5698,House No. DC-583,Street 3,Bahria Town,14,0,Plot,Zarar Parvez,Bilawal Rajper,Litigated,Paid,Under Review,Due,78300000.0
12966,Naila Mohmand,DEMO-KPT-12966,House No. CD-423,Street 16,Bahria Town,14,0,Plot,Naila Mohmand,Rehmat Shaikh,Litigated,Due,Issue Found,Due,45200000.0
13152,Iram Qureshi,DEMO-KPT-13152,House No. CB-548,Street 2,Bahria Town,15,0,Plot,Iram Qureshi,Haziq Ghumman,Litigated,Paid,Clear,Paid,79200000.0
13236,Zainab Shah,DEMO-KPT-13236,House No. DC-403,Street 7,Bahria Town,15,0,Plot,Zainab Shah,Saeed Virk,Pending,Paid,Under Review,Paid,24000000.0
13024,Sabih Khuhro,DEMO-KPT-13024,House No. CC-767,Street 20,Bahria Town,15,0,Plot,Sabih Khuhro,Zubia Riaz,Pending,Due,Clear,Paid,28300000.0
5979,Unaiza Peerzada,DEMO-KPT-5979,House No. CB-590,Street 21,Bahria Town,15,0,Plot,Unaiza Peerzada,Ahmed Rashid,Litigated,Due,Issue Found,Paid,62900000.0
5968,Mansoor Lak,DEMO-KPT-5968,House No. BC-699,Street 29,Bahria Town,15,0,Plot,Mansoor Lak,Rehan Anwar,Litigated,Paid,Issue Found,Paid,79700000.0
6007,Tanzeela Mari,DEMO-KPT-6007,House No. CD-435,Street 30,Bahria Town,15,0,Plot,Tanzeela Mari,Zahid Butt,Pending,Paid,Clear,Due,77800000.0
13728,Sajida Hameed,DEMO-KPT-13728,House No. BRC-519,Street 11,Bahria Town,16,0,Plot,Sajida Hameed,Sikandar Khokhar,Verified,Paid,Issue Found,Paid,73500000.0
13614,Hasnain Sadiq,DEMO-KPT-13614,House No. DCB-374,Street 15,Bahria Town,16,0,Plot,Hasnain Sadiq,Shahzadi Jadoon,Verified,Due,Issue Found,Paid,52300000.0
13391,Omer Hafeez,DEMO-KPT-13391,House No. BB-889,Street 18,Bahria Town,16,0,Plot,Omer Hafeez,Sadaf Sahito,Verified,Due,Clear,Due,46700000.0
13769,Usman Durrani,DEMO-KPT-13769,House No. CBR-519,Street 25,Bahria Town,16,0,Plot,Usman Durrani,Sabahat Siddiqui,Verified,Due,Under Review,Due,40900000.0
6200,Esha Raza,DEMO-KPT-6200,House No. DB-544,Street 27,Bahria Town,16,0,Plot,Esha Raza,Esha Rind,Verified,Paid,Issue Found,Paid,52100000.0
6649,Sami Zaman,DEMO-KPT-6649,House No. RD-796,Street 6,Bahria Town,17,0,Plot,Sami Zaman,Shabbir Tanvir,Litigated,Due,Under Review,Due,44400000.0
13792,Komal Memon,DEMO-KPT-13792,House No. DRC-703,Street 12,Bahria Town,17,0,Plot,Komal Memon,Atiya Peerzada,Litigated,Due,Clear,Paid,47100000.0
6431,Ijaz Randhawa,DEMO-KPT-6431,House No. BR-631,Street 17,Bahria Town,17,0,Plot,Ijaz Randhawa,Shabbir Riaz,Litigated,Due,Clear,Due,60500000.0
6485,Shamim Sipra,DEMO-KPT-6485,House No. DC-314,Street 18,Bahria Town,17,0,Plot,Shamim Sipra,Salman Hafeez,Pending,Due,Issue Found,Paid,33400000.0
13841,Fozia Abbasi,DEMO-KPT-13841,House No. DRC-728,Street 18,Bahria Town,17,0,Plot,Fozia Abbasi,Salahuddin Lone,Verified,Due,Clear,Due,50700000.0
14050,Sajjad Qazi,DEMO-KPT-14050,House No. CDR-375,Street 4,Bahria Town,18,0,Plot,Sajjad Qazi,Mazhar Zaidi,Pending,Due,Under Review,Due,66800000.0
14589,Ghulam Tarar,DEMO-KPT-14589,House No. DBC-566,Street 8,Bahria Town,18,0,Plot,Ghulam Tarar,Suleman Gondal,Pending,Paid,Under Review,Paid,52300000.0
7362,Afzal Virk,DEMO-KPT-7362,House No. CB-619,Street 9,Bahria Town,18,0,Plot,Afzal Virk,Shahroz Gandapur,Litigated,Due,Under Review,Due,27400000.0
14140,Saher Khokhar,DEMO-KPT-14140,House No. BRC-897,Street 9,Bahria Town,18,0,Plot,Saher Khokhar,Rashida Warsi,Verified,Due,Under Review,Due,20900000.0
7118,Fariha Bashir,DEMO-KPT-7118,House No. BB-692,Street 15,Bahria Town,18,0,Plot,Fariha Bashir,Ashar Majeed,Verified,Paid,Issue Found,Due,66900000.0
14519,Rashid Qureshi,DEMO-KPT-14519,House No. BDR-648,Street 22,Bahria Town,18,0,Plot,Rashid Qureshi,Zulfiqar Gabol,Verified,Paid,Under Review,Due,77600000.0
6714,Nighat Orakzai,DEMO-KPT-6714,House No. CC-421,Street 27,Bahria Town,18,0,Plot,Nighat Orakzai,Noman Khattak,Verified,Due,Issue Found,Paid,30200000.0
7139,Saeeda Bilgrami,DEMO-KPT-7139,House No. DB-575,Street 30,Bahria Town,18,0,Plot,Saeeda Bilgrami,Sitara Rehman,Litigated,Due,Issue Found,Paid,27500000.0
7498,Aziz Khuhro,DEMO-KPT-7498,House No. RC-583,Street 3,Bahria Town,19,0,Plot,Aziz Khuhro,Nuzhat Rafique,Litigated,Paid,Under Review,Due,75000000.0
7525,Asifa Hanif,DEMO-KPT-7525,House No. RC-750,Street 8,Bahria Town,19,0,Plot,Asifa Hanif,Mubashra Sandhu,Litigated,Paid,Under Review,Due,41800000.0
14939,Komal Sial,DEMO-KPT-14939,House No. BDR-429,Street 14,Bahria Town,19,0,Plot,Komal Sial,Mahnoor Zaidi,Verified,Due,Under Review,Due,71800000.0
14768,Samra Daudzai,DEMO-KPT-14768,House No. BDR-785,Street 15,Bahria Town,19,0,Plot,Samra Daudzai,Zeshan Lakhani,Verified,Paid,Issue Found,Due,47100000.0
7447,Erum Siddiqui,DEMO-KPT-7447,House No. CR-884,Street 26,Bahria Town,19,0,Plot,Erum Siddiqui,Naila Mahesar,Litigated,Paid,Under Review,Due,33500000.0
8005,Akram Gill,DEMO-KPT-8005,House No. BC-479,Street 5,Bahria Town,20,0,Plot,Akram Gill,Asra Mehmood,Pending,Paid,Issue Found,Due,55700000.0
15217,Kabeer Orakzai,DEMO-KPT-15217,House No. DCB-413,Street 5,Bahria Town,20,0,Plot,Kabeer Orakzai,Mahnoor Bangash,Pending,Paid,Clear,Paid,27000000.0
15049,Noor Sindhi,DEMO-KPT-15049,House No. CRB-718,Street 11,Bahria Town,20,0,Plot,Noor Sindhi,Sahrish Sardar,Pending,Due,Issue Found,Due,45000000.0
14949,Inshal Afridi,DEMO-KPT-14949,House No. BDC-843,Street 20,Bahria Town,20,0,Plot,Inshal Afridi,Majid Zafar,Verified,Due,Clear,Due,57800000.0
15161,Arooj Talpur,DEMO-KPT-15161,House No. RBC-499,Street 3,Clifton,1,0,Plot,Arooj Talpur,Umar Bilgrami,Pending,Due,Issue Found,Paid,112400000.0
1738,Manahil Gill,DEMO-KPT-1738,House No. D-840,Street 8,Clifton,1,0,Plot,Manahil Gill,Riaz Siddiqui,Verified,Paid,Issue Found,Paid,146700000.0
9286,Kinza Bashir,DEMO-KPT-9286,House No. BD-648,Street 9,Clifton,1,0,Plot,Kinza Bashir,Laila Memon,Pending,Paid,Clear,Paid,113600000.0
9114,Hasnain Zafar,DEMO-KPT-9114,House No. RC-632,Street 15,Clifton,1,0,Plot,Hasnain Zafar,Saqib Afridi,Verified,Due,Issue Found,Paid,147500000.0
1515,Ghulam Zardari,DEMO-KPT-1515,House No. D-440,Street 16,Clifton,1,0,Plot,Ghulam Zardari,Sumayya Farooqi,Litigated,Due,Issue Found,Due,168300000.0
15485,Parveen Marri,DEMO-KPT-15485,House No. CDB-801,Street 18,Clifton,1,0,Plot,Parveen Marri,Tamkeen Korai,Pending,Due,Issue Found,Paid,154300000.0
15073,Emaad Afridi,DEMO-KPT-15073,House No. RDC-846,Street 26,Clifton,1,0,Plot,Emaad Afridi,Zia Yousaf,Pending,Due,Under Review,Due,157200000.0
8971,Mina Peerzada,DEMO-KPT-8971,House No. RC-486,Street 28,Clifton,1,0,Plot,Mina Peerzada,Zafar Bhittani,Litigated,Due,Under Review,Due,160900000.0
8976,Daniya Afridi,DEMO-KPT-8976,House No. RB-454,Street 29,Clifton,1,0,Plot,Daniya Afridi,Sundas Gabol,Pending,Due,Issue Found,Due,132400000.0
9645,Aneeqa Baig,DEMO-KPT-9645,House No. BB-333,Street 2,Clifton,2,0,Plot,Aneeqa Baig,Hira Ilyas,Verified,Paid,Clear,Paid,177300000.0
2060,Zaib Mirani,DEMO-KPT-2060,House No. C-813,Street 3,Clifton,2,0,Plot,Zaib Mirani,Aashir Lashari,Pending,Due,Clear,Due,145300000.0
2045,Sharmeen Bhurgri,DEMO-KPT-2045,House No. D-452,Street 5,Clifton,2,0,Plot,Sharmeen Bhurgri,Dilawar Mirza,Pending,Paid,Issue Found,Paid,162700000.0
9746,Naureen Nadeem,DEMO-KPT-9746,House No. DR-563,Street 7,Clifton,2,0,Plot,Naureen Nadeem,Athar Rafique,Pending,Due,Issue Found,Due,173600000.0
1999,Azka Sultan,DEMO-KPT-1999,House No. D-879,Street 11,Clifton,2,0,Plot,Azka Sultan,Shumaila Mustafa,Pending,Due,Issue Found,Due,151600000.0
1910,Rafia Leghari,DEMO-KPT-1910,House No. B-701,Street 13,Clifton,2,0,Plot,Rafia Leghari,Zeeshan Mahsud,Verified,Due,Under Review,Due,143600000.0
2026,Benazir Unar,DEMO-KPT-2026,House No. C-625,Street 27,Clifton,2,0,Plot,Benazir Unar,Zunaira Turk,Litigated,Paid,Clear,Due,156100000.0
15714,Tayyaba Shinwari,DEMO-KPT-15714,House No. CRD-440,Street 27,Clifton,2,0,Plot,Tayyaba Shinwari,Nadia Mangi,Verified,Due,Issue Found,Paid,145600000.0
15736,Shaheen Panezai,DEMO-KPT-15736,House No. DCR-849,Street 27,Clifton,2,0,Plot,Shaheen Panezai,Sabrina Saleem,Pending,Paid,Issue Found,Paid,116200000.0
2167,Ajmal Tunio,DEMO-KPT-2167,House No. B-583,Street 5,Clifton,3,0,Plot,Ajmal Tunio,Sahil Kazmi,Pending,Paid,Clear,Paid,176100000.0
16144,Samina Panhwar,DEMO-KPT-16144,House No. CBD-583,Street 7,Clifton,3,0,Plot,Samina Panhwar,Sarmad Soomro,Verified,Due,Under Review,Paid,148600000.0
15860,Musa Usmani,DEMO-KPT-15860,House No. RCD-560,Street 13,Clifton,3,0,Plot,Musa Usmani,Nabeeha Yousafzai,Verified,Due,Under Review,Due,146000000.0
15900,Amna Cheena,DEMO-KPT-15900,House No. RCD-363,Street 14,Clifton,3,0,Plot,Amna Cheena,Noaman Sipra,Verified,Paid,Clear,Due,126500000.0
2141,Ubaid Khuhro,DEMO-KPT-2141,House No. C-407,Street 18,Clifton,3,0,Plot,Ubaid Khuhro,Hashim Leghari,Verified,Due,Clear,Due,176900000.0
10030,Munir Jamali,DEMO-KPT-10030,House No. CB-491,Street 29,Clifton,3,0,Plot,Munir Jamali,Sharjeel Swati,Litigated,Paid,Under Review,Due,125300000.0
2764,Sabika Marwat,DEMO-KPT-2764,House No. R-479,Street 3,Clifton,4,0,Plot,Sabika Marwat,Zahid Javed,Pending,Paid,Issue Found,Due,165200000.0
2605,Kinza Tanoli,DEMO-KPT-2605,House No. D-435,Street 5,Clifton,4,0,Plot,Kinza Tanoli,Aneela Abro,Pending,Paid,Issue Found,Due,128300000.0
2440,Ubaid Jamal,DEMO-KPT-2440,House No. B-463,Street 9,Clifton,4,0,Plot,Ubaid Jamal,Bahadur Bhatti,Verified,Due,Under Review,Due,178400000.0
10099,Aftab Ghazali,DEMO-KPT-10099,House No. RB-689,Street 11,Clifton,4,0,Plot,Aftab Ghazali,Daniyal Mohmand,Pending,Due,Issue Found,Due,179600000.0
10128,Mehmood Baloch,DEMO-KPT-10128,House No. CD-570,Street 11,Clifton,4,0,Plot,Mehmood Baloch,Rafia Dar,Verified,Paid,Issue Found,Paid,153300000.0
2390,Kanwal Janjua,DEMO-KPT-2390,House No. D-720,Street 15,Clifton,4,0,Plot,Kanwal Janjua,Zakariya Bajwa,Pending,Paid,Under Review,Due,149600000.0
10085,Mudassar Zaman,DEMO-KPT-10085,House No. RD-724,Street 18,Clifton,4,0,Plot,Mudassar Zaman,Sarfraz Mansoor,Pending,Due,Issue Found,Paid,164100000.0
16299,Tayyab Sohu,DEMO-KPT-16299,House No. RDB-335,Street 20,Clifton,4,0,Plot,Tayyab Sohu,Nauman Mian,Verified,Due,Clear,Due,124400000.0
2676,Aqib Rabbani,DEMO-KPT-2676,House No. D-727,Street 29,Clifton,4,0,Plot,Aqib Rabbani,Samiya Durrani,Pending,Due,Issue Found,Due,128100000.0
2840,Sameen Shah,DEMO-KPT-2840,House No. C-761,Street 15,Clifton,5,0,Plot,Sameen Shah,Rooman Ranjha,Pending,Paid,Under Review,Due,145000000.0
10401,Shazia Dar,DEMO-KPT-10401,House No. DD-399,Street 16,Clifton,5,0,Plot,Shazia Dar,Alamgir Kasi,Pending,Paid,Under Review,Due,107900000.0
16701,Atif Zubair,DEMO-KPT-16701,House No. RBC-347,Street 16,Clifton,5,0,Plot,Atif Zubair,Wajid Shakeel,Pending,Paid,Under Review,Due,173000000.0
3041,Kamal Rashid,DEMO-KPT-3041,House No. C-861,Street 18,Clifton,5,0,Plot,Kamal Rashid,Mustafa Bhat,Verified,Due,Clear,Due,129200000.0
3074,Hussain Sahito,DEMO-KPT-3074,House No. R-454,Street 26,Clifton,5,0,Plot,Hussain Sahito,Laila Jogezai,Litigated,Paid,Clear,Due,124000000.0
10314,Nimra Latif,DEMO-KPT-10314,House No. DD-854,Street 27,Clifton,5,0,Plot,Nimra Latif,Salma Siddiqui,Verified,Due,Issue Found,Paid,127800000.0
3291,Zehra Lak,DEMO-KPT-3291,House No. R-547,Street 3,Clifton,6,0,Plot,Zehra Lak,Mahira Rashid,Pending,Paid,Issue Found,Paid,134300000.0
3448,Abdullah Soomro,DEMO-KPT-3448,House No. C-797,Street 3,Clifton,6,0,Plot,Abdullah Soomro,Azan Bashir,Litigated,Paid,Under Review,Due,132700000.0
3517,Tooba Lari,DEMO-KPT-3517,House No. B-731,Street 5,Clifton,6,0,Plot,Tooba Lari,Rehana Mian,Pending,Paid,Clear,Paid,155300000.0
10456,Zahid Zaidi,DEMO-KPT-10456,House No. DC-750,Street 6,Clifton,6,0,Plot,Zahid Zaidi,Yousaf Daudzai,Pending,Due,Issue Found,Paid,108200000.0
10536,Marium Bhutto,DEMO-KPT-10536,House No. BB-343,Street 7,Clifton,6,0,Plot,Marium Bhutto,Mahad Bukhari,Pending,Paid,Under Review,Paid,114100000.0
3491,Owais Majeed,DEMO-KPT-3491,House No. B-485,Street 18,Clifton,6,0,Plot,Owais Majeed,Imad Jaffri,Verified,Due,Clear,Due,115400000.0
10436,Jamila Naseem,DEMO-KPT-10436,House No. BC-307,Street 21,Clifton,6,0,Plot,Jamila Naseem,Minahil Laghari,Verified,Due,Under Review,Due,123600000.0
10600,Shamoon Ghaffar,DEMO-KPT-10600,House No. CD-631,Street 27,Clifton,6,0,Plot,Shamoon Ghaffar,Irum Ali,Pending,Due,Clear,Paid,139200000.0
10404,Hira Tariq,DEMO-KPT-10404,House No. DB-391,Street 30,Clifton,6,0,Plot,Hira Tariq,Anila Yasin,Verified,Paid,Issue Found,Paid,171000000.0
10610,Rimsha Ansari,DEMO-KPT-10610,House No. RC-604,Street 3,Clifton,7,0,Plot,Rimsha Ansari,Zartaj Jadoon,Pending,Due,Clear,Due,115600000.0
3706,Jibran Ghazali,DEMO-KPT-3706,House No. C-567,Street 6,Clifton,7,0,Plot,Jibran Ghazali,Emaan Wazir,Pending,Due,Issue Found,Paid,172300000.0
3799,Sumbal Mirza,DEMO-KPT-3799,House No. B-366,Street 11,Clifton,7,0,Plot,Sumbal Mirza,Bakht Lakhani,Pending,Due,Issue Found,Due,121900000.0
10633,Tahira Bukhari,DEMO-KPT-10633,House No. CR-626,Street 17,Clifton,7,0,Plot,Tahira Bukhari,Sajid Tanvir,Litigated,Paid,Issue Found,Due,106500000.0
10619,Nageen Jadoon,DEMO-KPT-10619,House No. RC-871,Street 25,Clifton,7,0,Plot,Nageen Jadoon,Shafaq Imran,Verified,Due,Under Review,Due,142400000.0
3911,Qasim Hussain,DEMO-KPT-3911,House No. DC-302,Street 3,Clifton,8,0,Plot,Qasim Hussain,Abeera Sultan,Pending,Due,Issue Found,Paid,141700000.0
4191,Hadiqa Shafiq,DEMO-KPT-4191,House No. CR-883,Street 3,Clifton,8,0,Plot,Hadiqa Shafiq,Aleena Rana,Pending,Paid,Issue Found,Paid,133800000.0
11001,Mansha Gabol,DEMO-KPT-11001,House No. BD-729,Street 17,Clifton,8,0,Plot,Mansha Gabol,Rayyan Talpur,Verified,Paid,Under Review,Paid,155500000.0
3881,Younas Riaz,DEMO-KPT-3881,House No. RR-631,Street 29,Clifton,8,0,Plot,Younas Riaz,Mustafa Magsi,Pending,Due,Clear,Due,147700000.0
11495,Aisha Wazir,DEMO-KPT-11495,House No. CB-830,Street 5,Clifton,9,0,Plot,Aisha Wazir,Wasim Virk,Pending,Paid,Issue Found,Paid,142500000.0
11546,Tahreem Wazir,DEMO-KPT-11546,House No. CD-557,Street 7,Clifton,9,0,Plot,Tahreem Wazir,Faizan Soomro,Pending,Due,Issue Found,Due,106300000.0
4240,Noreen Ranjha,DEMO-KPT-4240,House No. DR-654,Street 9,Clifton,9,0,Plot,Noreen Ranjha,Nihal Umer,Verified,Due,Under Review,Due,121100000.0
11542,Armaghan Shakeel,DEMO-KPT-11542,House No. CD-559,Street 12,Clifton,9,0,Plot,Armaghan Shakeel,Aneela Lashari,Litigated,Due,Clear,Paid,143000000.0
4599,Sumbal Yousafzai,DEMO-KPT-4599,House No. DC-862,Street 20,Clifton,9,0,Plot,Sumbal Yousafzai,Mustafa Mohmand,Verified,Due,Clear,Due,139800000.0
4704,Aqsa Kharal,DEMO-KPT-4704,House No. DC-857,Street 4,Clifton,10,0,Plot,Aqsa Kharal,Wahab Haral,Verified,Due,Issue Found,Paid,178800000.0
4686,Taha Hayat,DEMO-KPT-4686,House No. RD-859,Street 7,Clifton,10,0,Plot,Taha Hayat,Nasreen Marri,Pending,Paid,Under Review,Paid,159800000.0
4662,Nihal Magsi,DEMO-KPT-4662,House No. RD-575,Street 9,Clifton,10,0,Plot,Nihal Magsi,Owais Popalzai,Litigated,Due,Under Review,Due,171200000.0
4809,Hina Zahid,DEMO-KPT-4809,House No. CD-569,Street 19,Clifton,10,0,Plot,Hina Zahid,Hoorain Riaz,Litigated,Due,Clear,Paid,102000000.0
4629,Rafia Hanif,DEMO-KPT-4629,House No. DB-623,Street 21,Clifton,10,0,Plot,Rafia Hanif,Shahid Dar,Litigated,Due,Issue Found,Paid,178300000.0
12324,Tabish Hussain,DEMO-KPT-12324,House No. CD-389,Street 2,Clifton,11,0,Plot,Tabish Hussain,Rahila Ghaffar,Verified,Paid,Clear,Paid,158900000.0
12268,Aftab Shakir,DEMO-KPT-12268,House No. CB-835,Street 29,Clifton,11,0,Plot,Aftab Shakir,Arooj Mangi,Litigated,Paid,Issue Found,Paid,138900000.0
5601,Javaria Popalzai,DEMO-KPT-5601,House No. CR-535,Street 17,Clifton,12,0,Plot,Javaria Popalzai,Farid Barakzai,Verified,Paid,Under Review,Paid,148800000.0
12419,Bisma Mohmand,DEMO-KPT-12419,House No. RC-844,Street 25,Clifton,12,0,Plot,Bisma Mohmand,Sameen Butt,Verified,Due,Under Review,Due,100600000.0
12898,Amna Bhutto,DEMO-KPT-12898,House No. BD-606,Street 3,Clifton,13,0,Plot,Amna Bhutto,Saira Mohammadzai,Litigated,Paid,Under Review,Due,136000000.0
6015,Babar Gandapur,DEMO-KPT-6015,House No. DD-331,Street 16,Clifton,13,0,Plot,Babar Gandapur,Zainab Tareen,Litigated,Due,Issue Found,Due,130500000.0
6414,Balaj Iqbal,DEMO-KPT-6414,House No. BD-732,Street 15,Clifton,14,0,Plot,Balaj Iqbal,Ihtisham Sardar,Verified,Due,Issue Found,Paid,177100000.0
6523,Ashar Butt,DEMO-KPT-6523,House No. BR-361,Street 26,Clifton,14,0,Plot,Ashar Butt,Kashif Ghani,Pending,Due,Under Review,Due,139900000.0
13300,Sumbal Soomro,DEMO-KPT-13300,House No. BR-476,Street 27,Clifton,14,0,Plot,Sumbal Soomro,Benazir Bangash,Pending,Due,Clear,Paid,142900000.0
13331,Ejaz Butt,DEMO-KPT-13331,House No. RR-655,Street 29,Clifton,14,0,Plot,Ejaz Butt,Nayyar Rizvi,Pending,Due,Clear,Due,155100000.0
13600,Sana Nadeem,DEMO-KPT-13600,House No. RBC-507,Street 4,Clifton,15,0,Plot,Sana Nadeem,Kanwar Mansoor,Pending,Due,Under Review,Due,176500000.0
13606,Nadia Bijarani,DEMO-KPT-13606,House No. DBC-611,Street 6,Clifton,15,0,Plot,Nadia Bijarani,Nabeeha Kakar,Pending,Due,Issue Found,Paid,175200000.0
6875,Shaista Ahmed,DEMO-KPT-6875,House No. BC-495,Street 9,Clifton,15,0,Plot,Shaista Ahmed,Izhar Chaudhry,Pending,Paid,Under Review,Paid,155900000.0
6951,Arooj Randhawa,DEMO-KPT-6951,House No. BD-858,Street 17,Clifton,15,0,Plot,Arooj Randhawa,Nida Tunio,Verified,Paid,Under Review,Paid,161700000.0
13710,Sahrish Ghani,DEMO-KPT-13710,House No. BCD-597,Street 1,Clifton,16,0,Plot,Sahrish Ghani,Amna Hanif,Verified,Due,Under Review,Paid,122500000.0
13976,Shagufta Riaz,DEMO-KPT-13976,House No. RDC-578,Street 11,Clifton,16,0,Plot,Shagufta Riaz,Sharmeen Talpur,Verified,Due,Issue Found,Due,149900000.0
13868,Zehra Ahmed,DEMO-KPT-13868,House No. BRC-607,Street 15,Clifton,16,0,Plot,Zehra Ahmed,Mehwish Tanoli,Verified,Paid,Issue Found,Due,122400000.0
13763,Anam Mangi,DEMO-KPT-13763,House No. DRC-875,Street 19,Clifton,16,0,Plot,Anam Mangi,Kanwar Kidwai,Pending,Paid,Issue Found,Paid,127900000.0
7254,Firdous Rafique,DEMO-KPT-7254,House No. BR-744,Street 30,Clifton,16,0,Plot,Firdous Rafique,Junaid Sindhi,Verified,Paid,Issue Found,Paid,144600000.0
7496,Sabrina Haral,DEMO-KPT-7496,House No. CR-857,Street 7,Clifton,17,0,Plot,Sabrina Haral,Nabila Popalzai,Pending,Due,Issue Found,Due,149700000.0
7617,Kamal Gill,DEMO-KPT-7617,House No. CC-829,Street 7,Clifton,17,0,Plot,Kamal Gill,Nauman Rizvi,Verified,Due,Clear,Due,102900000.0
14136,Palwasha Tahir,DEMO-KPT-14136,House No. CBR-889,Street 7,Clifton,17,0,Plot,Palwasha Tahir,Yameen Dogar,Pending,Paid,Under Review,Paid,139800000.0
14213,Nasrullah Khokhar,DEMO-KPT-14213,House No. RCD-584,Street 19,Clifton,17,0,Plot,Nasrullah Khokhar,Afshan Hinjra,Pending,Paid,Issue Found,Paid,134400000.0
7621,Akbar Chandio,DEMO-KPT-7621,House No. CD-366,Street 28,Clifton,17,0,Plot,Akbar Chandio,Nashra Zafar,Litigated,Due,Under Review,Due,168400000.0
7824,Urooj Gill,DEMO-KPT-7824,House No. CB-383,Street 2,Clifton,18,0,Plot,Urooj Gill,Kashaf Sadiq,Verified,Paid,Clear,Paid,169500000.0
14407,Sadaf Bukhari,DEMO-KPT-14407,House No. CRB-628,Street 17,Clifton,18,0,Plot,Sadaf Bukhari,Misbah Bhittani,Pending,Due,Clear,Paid,141400000.0
14374,Bareera Saleem,DEMO-KPT-14374,House No. RCD-574,Street 20,Clifton,18,0,Plot,Bareera Saleem,Nimra Anwar,Pending,Due,Clear,Paid,174100000.0
8345,Sibtain Rizvi,DEMO-KPT-8345,House No. DR-329,Street 5,Clifton,19,0,Plot,Sibtain Rizvi,Saima Dahri,Pending,Paid,Issue Found,Paid,116900000.0
8449,Israr Korai,DEMO-KPT-8449,House No. DC-620,Street 6,Clifton,19,0,Plot,Israr Korai,Mubeen Hussain,Litigated,Due,Under Review,Due,147800000.0
14564,Zunaira Sabri,DEMO-KPT-14564,House No. BCD-818,Street 10,Clifton,19,0,Plot,Zunaira Sabri,Yumna Bhatti,Pending,Paid,Issue Found,Paid,113000000.0
14514,Daniyal Rehman,DEMO-KPT-14514,House No. DBR-750,Street 15,Clifton,19,0,Plot,Daniyal Rehman,Tariq Hoti,Verified,Due,Issue Found,Paid,163700000.0
14518,Izhar Kayani,DEMO-KPT-14518,House No. RDB-624,Street 29,Clifton,19,0,Plot,Izhar Kayani,Mubeen Leghari,Litigated,Paid,Issue Found,Paid,154600000.0
14681,Samiya Umer,DEMO-KPT-14681,House No. BRD-747,Street 29,Clifton,19,0,Plot,Samiya Umer,Omer Butt,Pending,Due,Clear,Due,102700000.0
8749,Minhaj Hoti,DEMO-KPT-8749,House No. BD-408,Street 11,Clifton,20,0,Plot,Minhaj Hoti,Malaika Kasi,Pending,Due,Issue Found,Due,140300000.0
14960,Afshan Sultan,DEMO-KPT-14960,House No. DRB-716,Street 13,Clifton,20,0,Plot,Afshan Sultan,Shahid Zahid,Verified,Due,Under Review,Due,160600000.0
8647,Emaad Mustafa,DEMO-KPT-8647,House No. BD-458,Street 17,Clifton,20,0,Plot,Emaad Mustafa,Sitara Panhwar,Litigated,Due,Issue Found,Due,157700000.0
15035,Saima Noor,DEMO-KPT-15035,House No. RBD-516,Street 18,Clifton,20,0,Plot,Saima Noor,Madiha Mohmand,Pending,Due,Issue Found,Paid,167800000.0
14824,Zahid Bhatti,DEMO-KPT-14824,House No. BRD-433,Street 20,Clifton,20,0,Plot,Zahid Bhatti,Unaiza Dreshak,Pending,Due,Clear,Paid,102700000.0
7046,Basit Mari,DEMO-KPT-7046,House No. BB-784,Street 7,DHA,1,0,Plot,Basit Mari,Mahad Ansari,Pending,Due,Issue Found,Due,129500000.0
7160,Daniya Ghazali,DEMO-KPT-7160,House No. BC-732,Street 18,DHA,1,0,Plot,Daniya Ghazali,Numan Aslam,Verified,Paid,Under Review,Paid,144900000.0
7013,Khushbu Tanoli,DEMO-KPT-7013,House No. CR-760,Street 19,DHA,1,0,Plot,Khushbu Tanoli,Firdous Dayo,Pending,Paid,Issue Found,Paid,112700000.0
13695,Nasreen Kamal,DEMO-KPT-13695,House No. DCR-485,Street 2,DHA,2,0,Plot,Nasreen Kamal,Shahbaz Jaffri,Verified,Paid,Clear,Paid,147900000.0
7555,Noman Naqvi,DEMO-KPT-7555,House No. BB-433,Street 5,DHA,2,0,Plot,Noman Naqvi,Shahid Khan,Pending,Paid,Issue Found,Due,170500000.0
1851,Nashra Tiwana,DEMO-KPT-1851,House No. R-430,Street 16,DHA,2,0,Plot,Nashra Tiwana,Iqra Shakir,Pending,Paid,Under Review,Due,131100000.0
13631,Ruqayya Rabbani,DEMO-KPT-13631,House No. RDB-807,Street 17,DHA,2,0,Plot,Ruqayya Rabbani,Kanwal Bhatti,Litigated,Due,Clear,Due,171600000.0
13957,Affan Rafique,DEMO-KPT-13957,House No. DBC-563,Street 17,DHA,2,0,Plot,Affan Rafique,Unaiza Gondal,Pending,Due,Clear,Paid,141200000.0
13630,Alina Aslam,DEMO-KPT-13630,House No. DBR-664,Street 29,DHA,2,0,Plot,Alina Aslam,Atif Palijo,Litigated,Paid,Under Review,Due,127800000.0
2155,Ammar Kamal,DEMO-KPT-2155,House No. B-635,Street 5,DHA,3,0,Plot,Ammar Kamal,Nawaz Shah,Pending,Paid,Issue Found,Due,151200000.0
2125,Humaira Mahar,DEMO-KPT-2125,House No. D-891,Street 8,DHA,3,0,Plot,Humaira Mahar,Nuzhat Turk,Litigated,Paid,Under Review,Due,155200000.0
2092,Noreen Bijarani,DEMO-KPT-2092,House No. B-696,Street 12,DHA,3,0,Plot,Noreen Bijarani,Rafia Mari,Litigated,Due,Clear,Paid,150500000.0
2252,Taimur Mahsud,DEMO-KPT-2252,House No. D-537,Street 13,DHA,3,0,Plot,Taimur Mahsud,Maimoona Hanif,Verified,Due,Clear,Paid,144800000.0
14027,Aneesa Marri,DEMO-KPT-14027,House No. RBC-579,Street 13,DHA,3,0,Plot,Aneesa Marri,Mahjabeen Gondal,Pending,Due,Under Review,Due,108200000.0
14060,Mushtaq Ghumman,DEMO-KPT-14060,House No. BRC-422,Street 13,DHA,3,0,Plot,Mushtaq Ghumman,Kamil Sipra,Verified,Due,Under Review,Due,161200000.0
7701,Jawad Farooqi,DEMO-KPT-7701,House No. CD-799,Street 16,DHA,3,0,Plot,Jawad Farooqi,Javed Rizvi,Pending,Paid,Under Review,Due,104000000.0
14360,Munir Sahito,DEMO-KPT-14360,House No. CBD-554,Street 18,DHA,4,0,Plot,Munir Sahito,Zarar Wazir,Verified,Paid,Under Review,Paid,144200000.0
8086,Zoya Kiani,DEMO-KPT-8086,House No. BD-410,Street 27,DHA,4,0,Plot,Zoya Kiani,Mehmood Bettani,Pending,Paid,Issue Found,Paid,175200000.0
14371,Sadaf Haral,DEMO-KPT-14371,House No. RDC-774,Street 28,DHA,4,0,Plot,Sadaf Haral,Khawar Saleem,Litigated,Due,Under Review,Due,133000000.0
8494,Safa Bhurgri,DEMO-KPT-8494,House No. RB-584,Street 7,DHA,5,0,Plot,Safa Bhurgri,Saqib Swati,Verified,Due,Under Review,Paid,161800000.0
8466,Mustafa Rafique,DEMO-KPT-8466,House No. BC-472,Street 16,DHA,5,0,Plot,Mustafa Rafique,Qadir Tareen,Litigated,Due,Issue Found,Due,125600000.0
14565,Sadaqat Naseem,DEMO-KPT-14565,House No. RBD-487,Street 16,DHA,5,0,Plot,Sadaqat Naseem,Muneeb Kamboh,Litigated,Due,Issue Found,Due,102600000.0
2799,Haleema Sadiq,DEMO-KPT-2799,House No. B-336,Street 20,DHA,5,0,Plot,Haleema Sadiq,Parveen Marwat,Verified,Due,Clear,Due,109300000.0
8489,Sobia Kasi,DEMO-KPT-8489,House No. RB-626,Street 30,DHA,5,0,Plot,Sobia Kasi,Tooba Randhawa,Litigated,Due,Issue Found,Paid,123400000.0
8754,Rubab Zafar,DEMO-KPT-8754,House No. RR-828,Street 4,DHA,6,0,Plot,Rubab Zafar,Ayesha Noor,Verified,Due,Issue Found,Paid,169000000.0
8675,Ahmed Bijarani,DEMO-KPT-8675,House No. BR-841,Street 9,DHA,6,0,Plot,Ahmed Bijarani,Sohaib Kayani,Pending,Paid,Under Review,Paid,158900000.0
14990,Rakhshanda Laghari,DEMO-KPT-14990,House No. BRC-421,Street 15,DHA,6,0,Plot,Rakhshanda Laghari,Murtaza Bhittani,Pending,Paid,Under Review,Due,160100000.0
3157,Zia Sultan,DEMO-KPT-3157,House No. D-687,Street 17,DHA,6,0,Plot,Zia Sultan,Mahir Jadoon,Pending,Due,Clear,Paid,102100000.0
14969,Numan Butt,DEMO-KPT-14969,House No. DCR-451,Street 22,DHA,6,0,Plot,Numan Butt,Nimra Mughal,Verified,Paid,Under Review,Due,178300000.0
3050,Huma Awan,DEMO-KPT-3050,House No. B-848,Street 27,DHA,6,0,Plot,Huma Awan,Sarah Rabbani,Verified,Paid,Issue Found,Paid,168800000.0
9106,Ubaid Bashir,DEMO-KPT-9106,House No. CD-890,Street 6,DHA,7,0,Plot,Ubaid Bashir,Ifrah Haral,Pending,Due,Issue Found,Paid,127500000.0
3279,Sohaib Gabol,DEMO-KPT-3279,House No. B-884,Street 21,DHA,7,0,Plot,Sohaib Gabol,Sabika Randhawa,Litigated,Due,Issue Found,Paid,159000000.0
3419,Shaheen Marwat,DEMO-KPT-3419,House No. C-727,Street 25,DHA,7,0,Plot,Shaheen Marwat,Hina Mian,Verified,Due,Under Review,Due,104100000.0
9054,Hania Zubairi,DEMO-KPT-9054,House No. CR-432,Street 30,DHA,7,0,Plot,Hania Zubairi,Bushra Niazi,Verified,Paid,Issue Found,Paid,178100000.0
3725,Majid Bangash,DEMO-KPT-3725,House No. R-402,Street 9,DHA,8,0,Plot,Majid Bangash,Saif Ansari,Pending,Paid,Under Review,Paid,177400000.0
15586,Iqra Zafar,DEMO-KPT-15586,House No. DCR-466,Street 9,DHA,8,0,Plot,Iqra Zafar,Bilquis Butt,Pending,Paid,Clear,Paid,117900000.0
3518,Asifa Sipra,DEMO-KPT-3518,House No. B-469,Street 15,DHA,8,0,Plot,Asifa Sipra,Noreen Barakzai,Verified,Paid,Issue Found,Due,148100000.0
9216,Adnan Zubair,DEMO-KPT-9216,House No. BC-300,Street 19,DHA,8,0,Plot,Adnan Zubair,Afzal Malik,Verified,Due,Clear,Paid,153100000.0
15523,Nargis Yasin,DEMO-KPT-15523,House No. DRC-773,Street 26,DHA,8,0,Plot,Nargis Yasin,Moeen Khattak,Pending,Due,Under Review,Due,166700000.0
3564,Shehryar Achakzai,DEMO-KPT-3564,House No. C-644,Street 27,DHA,8,0,Plot,Shehryar Achakzai,Minahil Abbasi,Verified,Due,Issue Found,Paid,145200000.0
9250,Shazia Kharal,DEMO-KPT-9250,House No. CR-529,Street 27,DHA,8,0,Plot,Shazia Kharal,Lubna Hashmi,Pending,Due,Clear,Paid,128400000.0
15891,Ali Marri,DEMO-KPT-15891,House No. CDB-693,Street 3,DHA,9,0,Plot,Ali Marri,Luqmaan Zaman,Pending,Paid,Issue Found,Paid,118500000.0
9355,Bashir Zafar,DEMO-KPT-9355,House No. BB-589,Street 5,DHA,9,0,Plot,Bashir Zafar,Waheed Khokhar,Pending,Paid,Issue Found,Due,159900000.0
9367,Fauzia Haral,DEMO-KPT-9367,House No. CC-430,Street 5,DHA,9,0,Plot,Fauzia Haral,Sajida Gakhar,Pending,Paid,Clear,Paid,144600000.0
15866,Aleeza Dogar,DEMO-KPT-15866,House No. BCR-387,Street 13,DHA,9,0,Plot,Aleeza Dogar,Raees Jamali,Pending,Paid,Clear,Paid,165000000.0
4375,Anmol Rabbani,DEMO-KPT-4375,House No. CC-898,Street 8,DHA,10,0,Plot,Anmol Rabbani,Zaheer Jamali,Litigated,Paid,Under Review,Due,150300000.0
16138,Shahida Mahsud,DEMO-KPT-16138,House No. BCD-777,Street 8,DHA,10,0,Plot,Shahida Mahsud,Dilshad Parvez,Verified,Paid,Issue Found,Paid,109300000.0
4200,Nihal Zafar,DEMO-KPT-4200,House No. DC-542,Street 14,DHA,10,0,Plot,Nihal Zafar,Yameen Sultan,Verified,Paid,Clear,Due,148100000.0
16319,Irum Bijarani,DEMO-KPT-16319,House No. BRC-361,Street 22,DHA,10,0,Plot,Irum Bijarani,Nimra Cheena,Verified,Paid,Under Review,Due,135600000.0
4297,Neelam Haral,DEMO-KPT-4297,House No. RB-322,Street 26,DHA,10,0,Plot,Neelam Haral,Shumaila Tunio,Litigated,Paid,Under Review,Due,141800000.0
4632,Syeda Khan,DEMO-KPT-4632,House No. DD-663,Street 18,DHA,11,0,Plot,Syeda Khan,Aleena Mangi,Pending,Due,Issue Found,Paid,134100000.0
4619,Wajid Nawaz,DEMO-KPT-4619,House No. RD-681,Street 22,DHA,11,0,Plot,Wajid Nawaz,Ijaz Unar,Verified,Paid,Under Review,Due,132800000.0
4486,Sana Shaikh,DEMO-KPT-4486,House No. RB-516,Street 27,DHA,11,0,Plot,Sana Shaikh,Waqar Farooqi,Pending,Paid,Issue Found,Paid,168600000.0
16756,Uzair Bukhari,DEMO-KPT-16756,House No. RCD-463,Street 6,DHA,12,0,Plot,Uzair Bukhari,Daniya Swati,Pending,Due,Issue Found,Paid,110700000.0
4917,Alizeh Hayat,DEMO-KPT-4917,House No. BC-770,Street 7,DHA,12,0,Plot,Alizeh Hayat,Kashaf Zia,Verified,Due,Clear,Due,116400000.0
16693,Muneeba Khan,DEMO-KPT-16693,House No. DCR-562,Street 25,DHA,12,0,Plot,Muneeba Khan,Raees Mazari,Pending,Due,Under Review,Paid,133700000.0
4914,Samina Nawaz,DEMO-KPT-4914,House No. RB-816,Street 27,DHA,12,0,Plot,Samina Nawaz,Nabeeha Jamali,Verified,Due,Issue Found,Paid,142100000.0
10963,Raees Lakhani,DEMO-KPT-10963,House No. CC-347,Street 1,DHA,13,0,Plot,Raees Lakhani,Mehboob Lashari,Litigated,Paid,Clear,Paid,171000000.0
5052,Nadia Zaman,DEMO-KPT-5052,House No. RD-355,Street 2,DHA,13,0,Plot,Nadia Zaman,Sobia Siddiqui,Litigated,Paid,Clear,Paid,150700000.0
5091,Rooman Mari,DEMO-KPT-5091,House No. DB-741,Street 3,DHA,13,0,Plot,Rooman Mari,Wania Dreshak,Pending,Paid,Issue Found,Paid,129500000.0
11004,Waqas Kasi,DEMO-KPT-11004,House No. CC-572,Street 4,DHA,13,0,Plot,Waqas Kasi,Saleha Leghari,Verified,Due,Issue Found,Paid,167800000.0
10769,Rayyan Chaudhry,DEMO-KPT-10769,House No. BR-523,Street 20,DHA,13,0,Plot,Rayyan Chaudhry,Arif Saleem,Verified,Due,Clear,Paid,141000000.0
5080,Zohaib Pasha,DEMO-KPT-5080,House No. DD-447,Street 29,DHA,13,0,Plot,Zohaib Pasha,Mohib Mansoor,Litigated,Paid,Under Review,Due,177800000.0
11149,Aiman Cheena,DEMO-KPT-11149,House No. BD-754,Street 6,DHA,14,0,Plot,Aiman Cheena,Hoor Mian,Litigated,Due,Under Review,Due,156300000.0
5628,Younas Sultan,DEMO-KPT-5628,House No. DR-659,Street 11,DHA,14,0,Plot,Younas Sultan,Iftikhar Shafi,Verified,Paid,Issue Found,Paid,103700000.0
11339,Mehboob Wazir,DEMO-KPT-11339,House No. CD-620,Street 14,DHA,14,0,Plot,Mehboob Wazir,Akif Kamboh,Verified,Due,Under Review,Due,146500000.0
5542,Urwa Riaz,DEMO-KPT-5542,House No. BR-432,Street 20,DHA,14,0,Plot,Urwa Riaz,Fauzia Sandhu,Litigated,Due,Clear,Paid,109000000.0
5530,Anmol Jamal,DEMO-KPT-5530,House No. CR-450,Street 29,DHA,14,0,Plot,Anmol Jamal,Nabeeha Tanoli,Litigated,Paid,Under Review,Due,132200000.0
5914,Abbas Ijaz,DEMO-KPT-5914,House No. BC-459,Street 3,DHA,15,0,Plot,Abbas Ijaz,Shamim Ranjha,Pending,Paid,Issue Found,Due,125800000.0
5956,Raza Chandio,DEMO-KPT-5956,House No. CC-635,Street 6,DHA,15,0,Plot,Raza Chandio,Musa Farooqi,Pending,Due,Issue Found,Paid,133100000.0
11780,Lina Popalzai,DEMO-KPT-11780,House No. RR-847,Street 17,DHA,15,0,Plot,Lina Popalzai,Fida Bajwa,Verified,Paid,Issue Found,Due,111800000.0
11660,Uroosa Sohu,DEMO-KPT-11660,House No. BC-683,Street 18,DHA,15,0,Plot,Uroosa Sohu,Rauf Mirza,Verified,Paid,Under Review,Paid,179100000.0
11786,Bareera Khosa,DEMO-KPT-11786,House No. CD-676,Street 21,DHA,15,0,Plot,Bareera Khosa,Waheed Aslam,Verified,Due,Under Review,Due,141300000.0
11671,Mohib Latif,DEMO-KPT-11671,House No. CR-451,Street 28,DHA,15,0,Plot,Mohib Latif,Zulekha Hashmi,Litigated,Due,Under Review,Due,152600000.0
6078,Fauzia Ranjha,DEMO-KPT-6078,House No. CR-493,Street 11,DHA,16,0,Plot,Fauzia Ranjha,Athar Pirzada,Verified,Paid,Issue Found,Paid,100100000.0
11831,Haroon Ranjha,DEMO-KPT-11831,House No. DC-802,Street 17,DHA,16,0,Plot,Haroon Ranjha,Sehar Sohu,Litigated,Due,Clear,Due,167300000.0
11981,Rayyan Niazi,DEMO-KPT-11981,House No. RB-767,Street 29,DHA,16,0,Plot,Rayyan Niazi,Fakhar Noor,Pending,Due,Clear,Due,155500000.0
12124,Sabir Umer,DEMO-KPT-12124,House No. DD-420,Street 20,DHA,17,0,Plot,Sabir Umer,Hadiqa Palijo,Pending,Due,Clear,Paid,147300000.0
12074,Ikhlaq Orakzai,DEMO-KPT-12074,House No. CD-315,Street 26,DHA,17,0,Plot,Ikhlaq Orakzai,Beenish Toor,Litigated,Paid,Clear,Due,142300000.0
12136,Faisal Dayo,DEMO-KPT-12136,House No. BC-542,Street 27,DHA,17,0,Plot,Faisal Dayo,Safa Mian,Pending,Paid,Issue Found,Paid,105500000.0
6406,Jawad Farooq,DEMO-KPT-6406,House No. CB-301,Street 6,DHA,18,0,Plot,Jawad Farooq,Saba Chattha,Pending,Due,Issue Found,Paid,119200000.0
6538,Hina Rajput,DEMO-KPT-6538,House No. BD-546,Street 8,DHA,18,0,Plot,Hina Rajput,Noman Chaudhry,Pending,Paid,Issue Found,Due,153000000.0
12279,Mukarram Sahito,DEMO-KPT-12279,House No. DC-807,Street 21,DHA,18,0,Plot,Mukarram Sahito,Kaneez Qureshi,Litigated,Due,Issue Found,Paid,137000000.0
12245,Nasreen Tareen,DEMO-KPT-12245,House No. CB-432,Street 27,DHA,18,0,Plot,Nasreen Tareen,Iram Yasin,Pending,Due,Clear,Paid,163700000.0
6418,Mahmood Mahar,DEMO-KPT-6418,House No. BD-324,Street 29,DHA,18,0,Plot,Mahmood Mahar,Amber Mirza,Litigated,Paid,Issue Found,Paid,177400000.0
6694,Farid Ahmed,DEMO-KPT-6694,House No. BC-824,Street 7,DHA,19,0,Plot,Farid Ahmed,Bilal Sabri,Verified,Due,Under Review,Paid,151000000.0
12475,Pervaiz Bhat,DEMO-KPT-12475,House No. CB-724,Street 8,DHA,19,0,Plot,Pervaiz Bhat,Aslam Hinjra,Litigated,Paid,Under Review,Due,164000000.0
12607,Kaif Khalid,DEMO-KPT-12607,House No. CD-879,Street 17,DHA,19,0,Plot,Kaif Khalid,Hadi Anwar,Pending,Due,Clear,Paid,145200000.0
12459,Anila Mansoor,DEMO-KPT-12459,House No. CB-704,Street 19,DHA,19,0,Plot,Anila Mansoor,Sarmad Gabol,Litigated,Due,Clear,Paid,177800000.0
6954,Taha Joiya,DEMO-KPT-6954,House No. DD-494,Street 4,DHA,20,0,Plot,Taha Joiya,Ramsha Niazi,Verified,Due,Issue Found,Paid,105200000.0
12845,Moiz Shakir,DEMO-KPT-12845,House No. BC-525,Street 5,DHA,20,0,Plot,Moiz Shakir,Shahida Warraich,Pending,Paid,Issue Found,Paid,120800000.0
13101,Erum Jafri,DEMO-KPT-13101,House No. RD-334,Street 16,DHA,20,0,Plot,Erum Jafri,Shehryar Mari,Pending,Paid,Under Review,Due,127300000.0
13147,Daniya Wani,DEMO-KPT-13147,House No. BC-839,Street 17,DHA,20,0,Plot,Daniya Wani,Ihtisham Khosa,Litigated,Due,Issue Found,Due,156200000.0
13019,Shahida Rizvi,DEMO-KPT-13019,House No. BB-479,Street 20,DHA,20,0,Plot,Shahida Rizvi,Wajid Bukhari,Verified,Due,Clear,Paid,113400000.0
13180,Fabiha Mughal,DEMO-KPT-13180,House No. CD-801,Street 29,DHA,20,0,Plot,Fabiha Mughal,Hania Abro,Litigated,Paid,Under Review,Due,129400000.0
12741,Asifa Bhat,DEMO-KPT-12741,House No. BB-726,Street 3,FB Area,1,0,Plot,Asifa Bhat,Zehra Swati,Pending,Paid,Issue Found,Paid,52000000.0
3250,Lamia Randhawa,DEMO-KPT-3250,House No. B-615,Street 4,FB Area,1,0,Plot,Lamia Randhawa,Mehak Hinjra,Pending,Due,Under Review,Due,52600000.0
11155,Mahmood Abbasi,DEMO-KPT-11155,House No. CB-770,Street 5,FB Area,1,0,Plot,Mahmood Abbasi,Fazal Raza,Pending,Paid,Issue Found,Due,55300000.0
12786,Mazhar Jogezai,DEMO-KPT-12786,House No. DD-427,Street 7,FB Area,1,0,Plot,Mazhar Jogezai,Maham Turk,Pending,Paid,Under Review,Paid,60800000.0
11188,Kaif Sultan,DEMO-KPT-11188,House No. RD-310,Street 8,FB Area,1,0,Plot,Kaif Sultan,Nimra Nawaz,Verified,Paid,Issue Found,Paid,33300000.0
7878,Shumaila Randhawa,DEMO-KPT-7878,House No. CC-490,Street 11,FB Area,1,0,Plot,Shumaila Randhawa,Dawood Anwar,Verified,Paid,Issue Found,Paid,57900000.0
9476,Jazib Jamali,DEMO-KPT-9476,House No. RB-616,Street 11,FB Area,1,0,Plot,Jazib Jamali,Fazal Bashir,Verified,Due,Issue Found,Due,72700000.0
3239,Salma Dayo,DEMO-KPT-3239,House No. R-503,Street 14,FB Area,1,0,Plot,Salma Dayo,Muneeb Palijo,Verified,Due,Under Review,Due,77500000.0
4701,Qamar Shah,DEMO-KPT-4701,House No. CC-561,Street 17,FB Area,1,0,Plot,Qamar Shah,Muneeb Butt,Verified,Paid,Under Review,Paid,30800000.0
7851,Afshan Gandapur,DEMO-KPT-7851,House No. CR-843,Street 17,FB Area,1,0,Plot,Afshan Gandapur,Sidra Saleem,Verified,Paid,Under Review,Paid,52600000.0
16174,Mirha Mustafa,DEMO-KPT-16174,House No. BCR-896,Street 20,FB Area,1,0,Plot,Mirha Mustafa,Yumna Lak,Pending,Due,Clear,Paid,44700000.0
1479,Younas Shah,DEMO-KPT-1479,House No. D-773,Street 21,FB Area,1,0,Plot,Younas Shah,Talha Jogezai,Litigated,Due,Issue Found,Paid,67700000.0
14529,Saher Kayani,DEMO-KPT-14529,House No. DRC-564,Street 21,FB Area,1,0,Plot,Saher Kayani,Alamgir Kharal,Litigated,Due,Issue Found,Paid,32500000.0
6301,Afzal Zubair,DEMO-KPT-6301,House No. RD-763,Street 25,FB Area,1,0,Plot,Afzal Zubair,Aashir Sohu,Litigated,Paid,Clear,Due,47300000.0
4726,Tauseef Mahesar,DEMO-KPT-4726,House No. DB-454,Street 27,FB Area,1,0,Plot,Tauseef Mahesar,Abbas Mazari,Litigated,Paid,Clear,Due,66000000.0
7900,Basit Mazari,DEMO-KPT-7900,House No. CR-603,Street 27,FB Area,1,0,Plot,Basit Mazari,Shafaq Ghaffar,Pending,Due,Clear,Paid,45300000.0
16176,Sadiq Mustafa,DEMO-KPT-16176,House No. DRB-847,Street 29,FB Area,1,0,Plot,Sadiq Mustafa,Haris Zaidi,Pending,Due,Issue Found,Due,34400000.0
1507,Rustam Rana,DEMO-KPT-1507,House No. B-800,Street 30,FB Area,1,0,Plot,Rustam Rana,Sara Tahir,Pending,Paid,Clear,Due,29900000.0
14574,Shama Jaffri,DEMO-KPT-14574,House No. DCR-400,Street 2,FB Area,2,0,Plot,Shama Jaffri,Kanwal Yousafzai,Verified,Paid,Clear,Paid,25100000.0
4760,Sheraz Yousaf,DEMO-KPT-4760,House No. BB-790,Street 3,FB Area,2,0,Plot,Sheraz Yousaf,Imad Jamal,Pending,Due,Clear,Due,49700000.0
1554,Rakhshanda Jadoon,DEMO-KPT-1554,House No. C-520,Street 4,FB Area,2,0,Plot,Rakhshanda Jadoon,Maimoona Khuhro,Verified,Due,Issue Found,Paid,59300000.0
11217,Shumaila Butt,DEMO-KPT-11217,House No. CD-871,Street 7,FB Area,2,0,Plot,Shumaila Butt,Basit Mahsud,Verified,Due,Clear,Due,62800000.0
16202,Aun Sial,DEMO-KPT-16202,House No. BDR-784,Street 13,FB Area,2,0,Plot,Aun Sial,Aun Hameed,Verified,Due,Clear,Paid,45400000.0
16277,Adnan Chandio,DEMO-KPT-16277,House No. DCR-436,Street 13,FB Area,2,0,Plot,Adnan Chandio,Umair Zardari,Pending,Due,Under Review,Due,36300000.0
7937,Ashraf Tunio,DEMO-KPT-7937,House No. BC-886,Street 14,FB Area,2,0,Plot,Ashraf Tunio,Ambreen Kayani,Verified,Paid,Under Review,Due,53500000.0
3290,Hina Saeed,DEMO-KPT-3290,House No. C-751,Street 15,FB Area,2,0,Plot,Hina Saeed,Alizeh Junejo,Pending,Paid,Under Review,Due,79100000.0
1551,Ahsan Durrani,DEMO-KPT-1551,House No. B-384,Street 17,FB Area,2,0,Plot,Ahsan Durrani,Uroosa Butt,Verified,Paid,Under Review,Paid,52000000.0
3281,Sarfraz Kasi,DEMO-KPT-3281,House No. D-799,Street 17,FB Area,2,0,Plot,Sarfraz Kasi,Hania Imran,Litigated,Due,Clear,Due,39400000.0
6397,Fauzia Rabbani,DEMO-KPT-6397,House No. BD-893,Street 17,FB Area,2,0,Plot,Fauzia Rabbani,Yumna Zahid,Litigated,Due,Issue Found,Due,36300000.0
12883,Faizan Talpur,DEMO-KPT-12883,House No. RD-331,Street 17,FB Area,2,0,Plot,Faizan Talpur,Salahuddin Chaudhry,Litigated,Paid,Issue Found,Due,71000000.0
3282,Urwa Warraich,DEMO-KPT-3282,House No. C-611,Street 18,FB Area,2,0,Plot,Urwa Warraich,Umar Gill,Pending,Due,Issue Found,Paid,72700000.0
6432,Laila Saleem,DEMO-KPT-6432,House No. CD-844,Street 18,FB Area,2,0,Plot,Laila Saleem,Amara Sahito,Pending,Due,Issue Found,Paid,67800000.0
11210,Farwa Sohu,DEMO-KPT-11210,House No. CB-525,Street 18,FB Area,2,0,Plot,Farwa Sohu,Qadir Gondal,Verified,Paid,Under Review,Paid,71000000.0
14532,Shahab Orakzai,DEMO-KPT-14532,House No. BCR-707,Street 18,FB Area,2,0,Plot,Shahab Orakzai,Bahadur Chandio,Pending,Due,Issue Found,Paid,51500000.0
7959,Maqsood Kazmi,DEMO-KPT-7959,House No. DR-340,Street 19,FB Area,2,0,Plot,Maqsood Kazmi,Rizwaan Niazi,Litigated,Due,Clear,Paid,70900000.0
16286,Nabila Qadri,DEMO-KPT-16286,House No. BRD-894,Street 21,FB Area,2,0,Plot,Nabila Qadri,Dua Khattak,Verified,Due,Under Review,Due,22300000.0
12869,Amara Mazari,DEMO-KPT-12869,House No. CR-704,Street 25,FB Area,2,0,Plot,Amara Mazari,Salman Lari,Verified,Due,Under Review,Due,29200000.0
11236,Hussam Nawaz,DEMO-KPT-11236,House No. RC-511,Street 27,FB Area,2,0,Plot,Hussam Nawaz,Nashra Jaffri,Pending,Paid,Issue Found,Paid,60200000.0
12850,Sehrish Peerzada,DEMO-KPT-12850,House No. DD-632,Street 27,FB Area,2,0,Plot,Sehrish Peerzada,Rukhsana Jafri,Pending,Due,Clear,Paid,71700000.0
16295,Saif Dayo,DEMO-KPT-16295,House No. BCD-304,Street 27,FB Area,2,0,Plot,Saif Dayo,Muneeb Soomro,Pending,Due,Clear,Paid,66800000.0
11221,Tahreem Peerzada,DEMO-KPT-11221,House No. CB-455,Street 28,FB Area,2,0,Plot,Tahreem Peerzada,Muneeb Pasha,Litigated,Due,Under Review,Due,44600000.0
3268,Shamoon Hashmi,DEMO-KPT-3268,House No. R-747,Street 29,FB Area,2,0,Plot,Shamoon Hashmi,Zoya Bijarani,Litigated,Paid,Issue Found,Paid,42000000.0
4781,Talat Shakir,DEMO-KPT-4781,House No. RR-829,Street 29,FB Area,2,0,Plot,Talat Shakir,Iram Mehmood,Pending,Due,Clear,Due,79700000.0
11189,Tayyaba Korai,DEMO-KPT-11189,House No. RD-815,Street 30,FB Area,2,0,Plot,Tayyaba Korai,Shamim Durrani,Litigated,Due,Issue Found,Paid,56100000.0
6474,Saba Janjua,DEMO-KPT-6474,House No. RB-783,Street 2,FB Area,3,0,Plot,Saba Janjua,Jamila Shafiq,Verified,Paid,Clear,Paid,24900000.0
6495,Ashfaq Rabbani,DEMO-KPT-6495,House No. CD-375,Street 2,FB Area,3,0,Plot,Ashfaq Rabbani,Shama Haral,Verified,Paid,Clear,Paid,25100000.0
16374,Munib Sultan,DEMO-KPT-16374,House No. DBC-750,Street 2,FB Area,3,0,Plot,Munib Sultan,Zahid Mir,Verified,Paid,Clear,Paid,48800000.0
6504,Sajid Mari,DEMO-KPT-6504,House No. RB-848,Street 4,FB Area,3,0,Plot,Sajid Mari,Arham Baig,Verified,Due,Issue Found,Paid,70600000.0
9654,Mehrunnisa Mian,DEMO-KPT-9654,House No. RC-768,Street 4,FB Area,3,0,Plot,Mehrunnisa Mian,Saba Sindhi,Verified,Due,Issue Found,Paid,68100000.0
7999,Shamim Bangash,DEMO-KPT-7999,House No. BC-782,Street 6,FB Area,3,0,Plot,Shamim Bangash,Ehsan Yaqoob,Litigated,Due,Under Review,Due,49200000.0
1646,Awais Zaman,DEMO-KPT-1646,House No. B-344,Street 7,FB Area,3,0,Plot,Awais Zaman,Lamia Virk,Pending,Due,Issue Found,Due,74900000.0
3339,Fahim Gill,DEMO-KPT-3339,House No. D-499,Street 8,FB Area,3,0,Plot,Fahim Gill,Afshan Kharal,Pending,Paid,Under Review,Paid,20800000.0
12925,Mohsin Nadeem,DEMO-KPT-12925,House No. CC-338,Street 8,FB Area,3,0,Plot,Mohsin Nadeem,Ammar Memon,Litigated,Paid,Under Review,Due,31000000.0
16389,Rubina Saeed,DEMO-KPT-16389,House No. BDR-552,Street 8,FB Area,3,0,Plot,Rubina Saeed,Zakir Ahmed,Pending,Paid,Under Review,Paid,64100000.0
3312,Rafia Warsi,DEMO-KPT-3312,House No. C-309,Street 9,FB Area,3,0,Plot,Rafia Warsi,Anwar Gill,Litigated,Due,Under Review,Due,33700000.0
11366,Muhammad Ghani,DEMO-KPT-11366,House No. CD-805,Street 13,FB Area,3,0,Plot,Muhammad Ghani,Mehboob Lughmani,Pending,Paid,Clear,Paid,47000000.0
6467,Tahreem Daudzai,DEMO-KPT-6467,House No. BD-894,Street 14,FB Area,3,0,Plot,Tahreem Daudzai,Yaqoob Tahir,Pending,Paid,Under Review,Due,57400000.0
11347,Haider Gill,DEMO-KPT-11347,House No. RR-644,Street 17,FB Area,3,0,Plot,Haider Gill,Usman Yousaf,Litigated,Due,Issue Found,Due,61200000.0
9713,Sahar Iqbal,DEMO-KPT-9713,House No. DD-861,Street 19,FB Area,3,0,Plot,Sahar Iqbal,Erum Sindhi,Pending,Paid,Issue Found,Paid,57400000.0
9697,Sikandar Junejo,DEMO-KPT-9697,House No. CC-517,Street 26,FB Area,3,0,Plot,Sikandar Junejo,Iqbal Noor,Litigated,Paid,Under Review,Due,24600000.0
14650,Khansa Bilgrami,DEMO-KPT-14650,House No. RCD-862,Street 27,FB Area,3,0,Plot,Khansa Bilgrami,Nuzhat Bukhari,Pending,Due,Clear,Paid,61000000.0
11460,Maqsood Memon,DEMO-KPT-11460,House No. CD-786,Street 1,FB Area,4,0,Plot,Maqsood Memon,Haseeb Hussain,Verified,Due,Under Review,Paid,25200000.0
16410,Sara Sheikh,DEMO-KPT-16410,House No. BRD-531,Street 1,FB Area,4,0,Plot,Sara Sheikh,Neha Butt,Verified,Due,Under Review,Paid,78300000.0
6560,Shanza Kayani,DEMO-KPT-6560,House No. DC-300,Street 3,FB Area,4,0,Plot,Shanza Kayani,Zohaib Bugti,Pending,Due,Clear,Due,77500000.0
16460,Irum Khattak,DEMO-KPT-16460,House No. CRB-895,Street 3,FB Area,4,0,Plot,Irum Khattak,Zohaib Mari,Pending,Due,Clear,Due,39900000.0
9736,Zaib Baig,DEMO-KPT-9736,House No. CD-732,Street 9,FB Area,4,0,Plot,Zaib Baig,Samra Sahito,Pending,Paid,Clear,Paid,57100000.0
11414,Fawad Ghaffar,DEMO-KPT-11414,House No. BD-372,Street 10,FB Area,4,0,Plot,Fawad Ghaffar,Aftab Anwar,Pending,Paid,Issue Found,Paid,76600000.0
3442,Murtaza Magsi,DEMO-KPT-3442,House No. D-581,Street 12,FB Area,4,0,Plot,Murtaza Magsi,Mahnaz Kamboh,Litigated,Due,Clear,Paid,49500000.0
3437,Jamil Sadiq,DEMO-KPT-3437,House No. C-465,Street 14,FB Area,4,0,Plot,Jamil Sadiq,Bilal Hussain,Verified,Paid,Under Review,Due,27500000.0
8085,Tauseef Swati,DEMO-KPT-8085,House No. CD-841,Street 14,FB Area,4,0,Plot,Tauseef Swati,Dilshad Nasar,Verified,Due,Issue Found,Paid,59500000.0
11415,Fozia Aslam,DEMO-KPT-11415,House No. CC-346,Street 16,FB Area,4,0,Plot,Fozia Aslam,Eman Orakzai,Litigated,Due,Issue Found,Due,71600000.0
9733,Mahwish Sial,DEMO-KPT-9733,House No. RD-466,Street 17,FB Area,4,0,Plot,Mahwish Sial,Saad Lodhi,Litigated,Paid,Issue Found,Due,66100000.0
14683,Alizeh Farooq,DEMO-KPT-14683,House No. DCR-686,Street 17,FB Area,4,0,Plot,Alizeh Farooq,Muneeb Jaffri,Litigated,Paid,Issue Found,Due,76300000.0
14709,Mehrunnisa Bhittani,DEMO-KPT-14709,House No. BDC-350,Street 19,FB Area,4,0,Plot,Mehrunnisa Bhittani,Nayyar Mansoor,Litigated,Due,Clear,Paid,48600000.0
1774,Sabika Leghari,DEMO-KPT-1774,House No. B-529,Street 20,FB Area,4,0,Plot,Sabika Leghari,Esha Peerzada,Pending,Due,Clear,Paid,32100000.0
11379,Nasreen Ghumman,DEMO-KPT-11379,House No. BB-892,Street 21,FB Area,4,0,Plot,Nasreen Ghumman,Beenish Naseem,Litigated,Due,Issue Found,Paid,33100000.0
13051,Zameer Chattha,DEMO-KPT-13051,House No. CD-740,Street 25,FB Area,4,0,Plot,Zameer Chattha,Malaika Baloch,Litigated,Paid,Clear,Due,29900000.0
13093,Asra Nasar,DEMO-KPT-13093,House No. BC-568,Street 25,FB Area,4,0,Plot,Asra Nasar,Iram Ahmed,Pending,Due,Under Review,Paid,60300000.0
3400,Aun Zafar,DEMO-KPT-3400,House No. R-534,Street 27,FB Area,4,0,Plot,Aun Zafar,Mashal Riaz,Pending,Due,Clear,Paid,58200000.0
8064,Humaira Tunio,DEMO-KPT-8064,House No. DC-675,Street 27,FB Area,4,0,Plot,Humaira Tunio,Khushbu Joiya,Verified,Due,Issue Found,Paid,54700000.0
4926,Madiha Cheena,DEMO-KPT-4926,House No. BD-759,Street 29,FB Area,4,0,Plot,Madiha Cheena,Ahad Khosa,Pending,Due,Issue Found,Due,77100000.0
1941,Samra Mangi,DEMO-KPT-1941,House No. R-667,Street 3,FB Area,5,0,Plot,Samra Mangi,Fariha Zaman,Pending,Paid,Issue Found,Paid,57400000.0
13114,Anwar Hashmi,DEMO-KPT-13114,House No. BR-422,Street 3,FB Area,5,0,Plot,Anwar Hashmi,Sarfraz Hayat,Pending,Paid,Issue Found,Due,34700000.0
16511,Arooj Kazmi,DEMO-KPT-16511,House No. RBD-388,Street 3,FB Area,5,0,Plot,Arooj Kazmi,Haroon Mansoor,Pending,Due,Issue Found,Paid,40300000.0
3481,Laiba Sial,DEMO-KPT-3481,House No. D-394,Street 5,FB Area,5,0,Plot,Laiba Sial,Ramsha Kamboh,Verified,Due,Under Review,Due,72100000.0
13156,Sumaira Bhurgri,DEMO-KPT-13156,House No. CC-749,Street 6,FB Area,5,0,Plot,Sumaira Bhurgri,Aleena Ghumman,Pending,Due,Issue Found,Paid,61100000.0
13166,Mahreen Kiani,DEMO-KPT-13166,House No. DR-722,Street 13,FB Area,5,0,Plot,Mahreen Kiani,Tariq Sadiq,Pending,Paid,Clear,Paid,71200000.0
16487,Atiya Gakhar,DEMO-KPT-16487,House No. DBR-601,Street 14,FB Area,5,0,Plot,Atiya Gakhar,Yahya Lak,Verified,Paid,Under Review,Due,24100000.0
1880,Tayyaba Marwat,DEMO-KPT-1880,House No. B-625,Street 17,FB Area,5,0,Plot,Tayyaba Marwat,Aryan Lakhani,Verified,Paid,Issue Found,Due,24600000.0
8180,Mahrukh Bilgrami,DEMO-KPT-8180,House No. DD-640,Street 17,FB Area,5,0,Plot,Mahrukh Bilgrami,Taimoor Bukhari,Verified,Paid,Issue Found,Due,23900000.0
8197,Rashida Janjua,DEMO-KPT-8197,House No. RC-649,Street 17,FB Area,5,0,Plot,Rashida Janjua,Ifrah Ghazali,Litigated,Due,Issue Found,Due,34000000.0
16483,Yumna Mahesar,DEMO-KPT-16483,House No. DBR-503,Street 17,FB Area,5,0,Plot,Yumna Mahesar,Ayeza Kakar,Litigated,Paid,Issue Found,Due,54100000.0
16509,Malaika Qazi,DEMO-KPT-16509,House No. DBC-864,Street 19,FB Area,5,0,Plot,Malaika Qazi,Arsalan Virk,Litigated,Due,Clear,Paid,68500000.0
11473,Zeshan Butt,DEMO-KPT-11473,House No. CB-780,Street 26,FB Area,5,0,Plot,Zeshan Butt,Iffat Warraich,Pending,Due,Under Review,Due,73100000.0
1895,Sultan Chandio,DEMO-KPT-1895,House No. D-570,Street 27,FB Area,5,0,Plot,Sultan Chandio,Kausar Tunio,Pending,Due,Clear,Paid,66700000.0
3500,Sidrah Panezai,DEMO-KPT-3500,House No. D-648,Street 27,FB Area,5,0,Plot,Sidrah Panezai,Sadaqat Janjua,Verified,Paid,Issue Found,Paid,35200000.0
9864,Feryal Wattoo,DEMO-KPT-9864,House No. DD-590,Street 27,FB Area,5,0,Plot,Feryal Wattoo,Nida Sahito,Verified,Due,Issue Found,Paid,72700000.0
11500,Fozia Rind,DEMO-KPT-11500,House No. BC-345,Street 27,FB Area,5,0,Plot,Fozia Rind,Babar Minhas,Pending,Due,Clear,Paid,34300000.0
1930,Sumaira Hoti,DEMO-KPT-1930,House No. B-768,Street 29,FB Area,5,0,Plot,Sumaira Hoti,Aneela Bhatti,Litigated,Paid,Under Review,Due,53500000.0
8202,Bilal Panhwar,DEMO-KPT-8202,House No. DC-847,Street 2,FB Area,6,0,Plot,Bilal Panhwar,Marwa Shinwari,Litigated,Paid,Clear,Paid,52600000.0
10002,Asma Usmani,DEMO-KPT-10002,House No. DC-668,Street 2,FB Area,6,0,Plot,Asma Usmani,Zia Tariq,Litigated,Paid,Clear,Paid,36600000.0
11561,Yasmeen Rana,DEMO-KPT-11561,House No. BB-755,Street 3,FB Area,6,0,Plot,Yasmeen Rana,Wajid Chattha,Pending,Due,Issue Found,Paid,60200000.0
16531,Farrukh Dayo,DEMO-KPT-16531,House No. CRB-690,Street 5,FB Area,6,0,Plot,Farrukh Dayo,Saeeda Mansoor,Verified,Due,Under Review,Due,50600000.0
5056,Mazhar Aslam,DEMO-KPT-5056,House No. CR-430,Street 6,FB Area,6,0,Plot,Mazhar Aslam,Sikandar Mohmand,Pending,Due,Issue Found,Paid,54400000.0
16525,Nighat Hafeez,DEMO-KPT-16525,House No. DBC-861,Street 8,FB Area,6,0,Plot,Nighat Hafeez,Shagufta Usmani,Litigated,Paid,Under Review,Due,71900000.0
16588,Liaquat Gill,DEMO-KPT-16588,House No. RDC-769,Street 8,FB Area,6,0,Plot,Liaquat Gill,Nasreen Mengal,Verified,Paid,Issue Found,Paid,72100000.0
14876,Suleman Naseem,DEMO-KPT-14876,House No. CDR-454,Street 11,FB Area,6,0,Plot,Suleman Naseem,Afshan Joiya,Verified,Due,Issue Found,Due,74500000.0
8210,Ayub Qadri,DEMO-KPT-8210,House No. DR-620,Street 13,FB Area,6,0,Plot,Ayub Qadri,Inshal Aslam,Verified,Due,Under Review,Due,70100000.0
14852,Parvez Mohammadzai,DEMO-KPT-14852,House No. DRB-386,Street 13,FB Area,6,0,Plot,Parvez Mohammadzai,Farah Randhawa,Verified,Due,Clear,Paid,77600000.0
5039,Ismail Ghaffar,DEMO-KPT-5039,House No. CR-605,Street 14,FB Area,6,0,Plot,Ismail Ghaffar,Rameez Laghari,Verified,Due,Under Review,Due,50600000.0
13190,Sabrina Kalhoro,DEMO-KPT-13190,House No. CB-465,Street 15,FB Area,6,0,Plot,Sabrina Kalhoro,Hanzala Tariq,Pending,Paid,Under Review,Due,68600000.0
1965,Minahil Kayani,DEMO-KPT-1965,House No. R-703,Street 16,FB Area,6,0,Plot,Minahil Kayani,Urwa Palijo,Litigated,Due,Issue Found,Due,21700000.0
8265,Mahrukh Tanvir,DEMO-KPT-8265,House No. RD-836,Street 16,FB Area,6,0,Plot,Mahrukh Tanvir,Arisha Tareen,Litigated,Due,Issue Found,Due,57700000.0
6757,Fabiha Mirza,DEMO-KPT-6757,House No. CC-388,Street 17,FB Area,6,0,Plot,Fabiha Mirza,Abid Saleem,Pending,Due,Clear,Paid,53900000.0
13235,Palwasha Mahesar,DEMO-KPT-13235,House No. DB-886,Street 18,FB Area,6,0,Plot,Palwasha Mahesar,Kamran Daudzai,Pending,Due,Issue Found,Paid,31200000.0
6719,Aleena Ahmed,DEMO-KPT-6719,House No. BR-394,Street 20,FB Area,6,0,Plot,Aleena Ahmed,Azhar Anwar,Verified,Due,Clear,Paid,62600000.0
5045,Sahar Kamboh,DEMO-KPT-5045,House No. CR-701,Street 27,FB Area,6,0,Plot,Sahar Kamboh,Mahir Yasin,Pending,Due,Clear,Paid,79700000.0
3571,Haider Zahid,DEMO-KPT-3571,House No. R-529,Street 28,FB Area,6,0,Plot,Haider Zahid,Tabish Ghazali,Litigated,Due,Under Review,Due,51500000.0
6721,Ayla Sial,DEMO-KPT-6721,House No. RR-422,Street 28,FB Area,6,0,Plot,Ayla Sial,Mahad Ghani,Litigated,Due,Under Review,Due,22700000.0
8277,Yawar Khosa,DEMO-KPT-8277,House No. BD-804,Street 28,FB Area,6,0,Plot,Yawar Khosa,Feryal Alvi,Verified,Paid,Under Review,Due,68500000.0
6689,Rizwaan Rajper,DEMO-KPT-6689,House No. RR-889,Street 30,FB Area,6,0,Plot,Rizwaan Rajper,Asma Hafeez,Litigated,Due,Issue Found,Paid,47100000.0
16589,Kaleemullah Zubair,DEMO-KPT-16589,House No. RCD-701,Street 30,FB Area,6,0,Plot,Kaleemullah Zubair,Zohair Barakzai,Litigated,Due,Issue Found,Paid,79200000.0
8310,Minahil Shaikh,DEMO-KPT-8310,House No. DC-614,Street 1,FB Area,7,0,Plot,Minahil Shaikh,Kamran Dahri,Verified,Due,Under Review,Paid,79100000.0
14952,Farheen Awan,DEMO-KPT-14952,House No. CBR-445,Street 2,FB Area,7,0,Plot,Farheen Awan,Zaib Chandio,Litigated,Paid,Clear,Paid,43300000.0
6856,Ijaz Gakhar,DEMO-KPT-6856,House No. RC-456,Street 6,FB Area,7,0,Plot,Ijaz Gakhar,Iffat Zia,Pending,Due,Issue Found,Paid,25200000.0
2096,Nigar Hussain,DEMO-KPT-2096,House No. D-707,Street 7,FB Area,7,0,Plot,Nigar Hussain,Osama Zubairi,Pending,Due,Issue Found,Due,79700000.0
5136,Nayab Hameed,DEMO-KPT-5136,House No. BD-862,Street 7,FB Area,7,0,Plot,Nayab Hameed,Luqmaan Jamal,Pending,Paid,Under Review,Paid,69100000.0
11667,Ali Umer,DEMO-KPT-11667,House No. DC-566,Street 7,FB Area,7,0,Plot,Ali Umer,Talat Kidwai,Verified,Due,Clear,Due,37400000.0
5139,Saher Wani,DEMO-KPT-5139,House No. CC-660,Street 8,FB Area,7,0,Plot,Saher Wani,Bashir Bijarani,Pending,Paid,Under Review,Paid,73600000.0
3710,Alizeh Wattoo,DEMO-KPT-3710,House No. C-320,Street 13,FB Area,7,0,Plot,Alizeh Wattoo,Ahmed Tiwana,Verified,Due,Under Review,Due,58900000.0
6827,Anmol Sultan,DEMO-KPT-6827,House No. RB-552,Street 13,FB Area,7,0,Plot,Anmol Sultan,Gohar Dayo,Pending,Due,Under Review,Due,35100000.0
5110,Sobia Umer,DEMO-KPT-5110,House No. CR-652,Street 14,FB Area,7,0,Plot,Sobia Umer,Pervaiz Mir,Litigated,Due,Issue Found,Paid,44800000.0
3731,Bakhtiar Kamboh,DEMO-KPT-3731,House No. D-869,Street 17,FB Area,7,0,Plot,Bakhtiar Kamboh,Nashra Toor,Litigated,Due,Clear,Due,23200000.0
13251,Samina Mahar,DEMO-KPT-13251,House No. RC-436,Street 17,FB Area,7,0,Plot,Samina Mahar,Batool Daudzai,Verified,Paid,Under Review,Paid,78600000.0
16657,Siddique Palijo,DEMO-KPT-16657,House No. DCR-739,Street 17,FB Area,7,0,Plot,Siddique Palijo,Sara Waheed,Pending,Due,Clear,Paid,31200000.0
8285,Mukarram Jamal,DEMO-KPT-8285,House No. BD-799,Street 18,FB Area,7,0,Plot,Mukarram Jamal,Kausar Naseem,Pending,Due,Issue Found,Paid,39500000.0
8363,Fareed Samo,DEMO-KPT-8363,House No. DR-725,Street 19,FB Area,7,0,Plot,Fareed Samo,Noreen Ilyas,Pending,Paid,Issue Found,Paid,21900000.0
10042,Safa Talpur,DEMO-KPT-10042,House No. DD-740,Street 20,FB Area,7,0,Plot,Safa Talpur,Rohail Chaudhry,Litigated,Due,Clear,Paid,65100000.0
11669,Naseer Saleem,DEMO-KPT-11669,House No. CD-647,Street 20,FB Area,7,0,Plot,Naseer Saleem,Zaib Leghari,Verified,Due,Clear,Paid,52100000.0
10029,Farah Lari,DEMO-KPT-10029,House No. DC-680,Street 21,FB Area,7,0,Plot,Farah Lari,Huma Khattak,Litigated,Due,Issue Found,Paid,62800000.0
14945,Alizeh Jadoon,DEMO-KPT-14945,House No. CBR-872,Street 27,FB Area,7,0,Plot,Alizeh Jadoon,Zohair Tunio,Pending,Due,Clear,Paid,35500000.0
3718,Arfa Sahito,DEMO-KPT-3718,House No. B-540,Street 29,FB Area,7,0,Plot,Arfa Sahito,Izhar Kamal,Litigated,Paid,Issue Found,Paid,62200000.0
10018,Beenish Tanoli,DEMO-KPT-10018,House No. CR-499,Street 29,FB Area,7,0,Plot,Beenish Tanoli,Asad Memon,Litigated,Paid,Issue Found,Paid,40800000.0
14968,Mohib Qureshi,DEMO-KPT-14968,House No. BRC-468,Street 29,FB Area,7,0,Plot,Mohib Qureshi,Usman Jamal,Litigated,Paid,Issue Found,Paid,62000000.0
3654,Nabila Zubairi,DEMO-KPT-3654,House No. C-421,Street 30,FB Area,7,0,Plot,Nabila Zubairi,Zia Hinjra,Verified,Paid,Issue Found,Paid,71300000.0
15045,Shahbaz Cheema,DEMO-KPT-15045,House No. RCD-498,Street 2,FB Area,8,0,Plot,Shahbaz Cheema,Nashra Sardar,Verified,Paid,Clear,Paid,68200000.0
8398,Shoaib Rana,DEMO-KPT-8398,House No. DR-864,Street 3,FB Area,8,0,Plot,Shoaib Rana,Affan Mangi,Litigated,Paid,Under Review,Due,26300000.0
8431,Tamkeen Afridi,DEMO-KPT-8431,House No. DB-303,Street 5,FB Area,8,0,Plot,Tamkeen Afridi,Tayyaba Saleem,Verified,Due,Under Review,Due,34100000.0
5246,Abdullah Noor,DEMO-KPT-5246,House No. DC-638,Street 7,FB Area,8,0,Plot,Abdullah Noor,Nighat Bhutto,Pending,Due,Issue Found,Due,73100000.0
2188,Mehwish Joiya,DEMO-KPT-2188,House No. C-475,Street 8,FB Area,8,0,Plot,Mehwish Joiya,Erum Dar,Verified,Paid,Issue Found,Paid,41200000.0
15012,Hasnain Magsi,DEMO-KPT-15012,House No. RCD-852,Street 9,FB Area,8,0,Plot,Hasnain Magsi,Atiya Mahesar,Litigated,Due,Under Review,Due,77400000.0
6860,Zakariya Mirza,DEMO-KPT-6860,House No. DD-667,Street 13,FB Area,8,0,Plot,Zakariya Mirza,Ghazanfar Bijarani,Verified,Due,Under Review,Due,53200000.0
11702,Anas Kazmi,DEMO-KPT-11702,House No. RR-749,Street 13,FB Area,8,0,Plot,Anas Kazmi,Rimsha Cheema,Verified,Due,Clear,Paid,68900000.0
13502,Nosheen Bukhari,DEMO-KPT-13502,House No. CDB-579,Street 13,FB Area,8,0,Plot,Nosheen Bukhari,Aun Kayani,Verified,Due,Clear,Paid,73800000.0
15000,Waleed Tareen,DEMO-KPT-15000,House No. BRD-793,Street 14,FB Area,8,0,Plot,Waleed Tareen,Najma Saleem,Verified,Paid,Clear,Due,58500000.0
6864,Rabia Awan,DEMO-KPT-6864,House No. DD-657,Street 15,FB Area,8,0,Plot,Rabia Awan,Kabeer Ansari,Verified,Due,Issue Found,Paid,52100000.0
3785,Naila Mirani,DEMO-KPT-3785,House No. R-570,Street 18,FB Area,8,0,Plot,Naila Mirani,Jahangir Zahid,Pending,Due,Issue Found,Paid,37700000.0
6882,Nudrat Zia,DEMO-KPT-6882,House No. DR-706,Street 18,FB Area,8,0,Plot,Nudrat Zia,Hussam Gandapur,Pending,Due,Issue Found,Paid,67000000.0
10116,Jamshed Baig,DEMO-KPT-10116,House No. BC-482,Street 19,FB Area,8,0,Plot,Jamshed Baig,Sidrah Gandapur,Verified,Due,Clear,Paid,74500000.0
14992,Nadir Imran,DEMO-KPT-14992,House No. CRD-469,Street 20,FB Area,8,0,Plot,Nadir Imran,Sehrish Randhawa,Litigated,Due,Clear,Paid,55000000.0
5282,Sadaf Niazi,DEMO-KPT-5282,House No. DB-768,Street 22,FB Area,8,0,Plot,Sadaf Niazi,Javaria Bilgrami,Pending,Due,Issue Found,Paid,75900000.0
2174,Athar Shafiq,DEMO-KPT-2174,House No. D-567,Street 26,FB Area,8,0,Plot,Athar Shafiq,Yaqoob Sandhu,Litigated,Paid,Clear,Due,56200000.0
10123,Feryal Jafri,DEMO-KPT-10123,House No. CB-631,Street 26,FB Area,8,0,Plot,Feryal Jafri,Mahad Chaudhry,Pending,Due,Under Review,Due,47000000.0
10147,Sanam Bajwa,DEMO-KPT-10147,House No. CB-654,Street 26,FB Area,8,0,Plot,Sanam Bajwa,Manzoor Zaidi,Litigated,Paid,Under Review,Due,69500000.0
2150,Atif Rajper,DEMO-KPT-2150,House No. R-812,Street 27,FB Area,8,0,Plot,Atif Rajper,Nosheen Korai,Verified,Paid,Issue Found,Paid,39600000.0
11686,Asma Tanvir,DEMO-KPT-11686,House No. RR-736,Street 27,FB Area,8,0,Plot,Asma Tanvir,Mahad Mohmand,Pending,Paid,Issue Found,Paid,45200000.0
15007,Fabiha Mahsud,DEMO-KPT-15007,House No. BCD-596,Street 30,FB Area,8,0,Plot,Fabiha Mahsud,Moeen Khokhar,Pending,Paid,Clear,Due,48500000.0
6924,Atiya Ali,DEMO-KPT-6924,House No. BD-646,Street 2,FB Area,9,0,Plot,Atiya Ali,Ismail Kalhoro,Verified,Paid,Clear,Paid,77100000.0
11800,Ibrahim Qadri,DEMO-KPT-11800,House No. RB-609,Street 4,FB Area,9,0,Plot,Ibrahim Qadri,Noman Zubairi,Pending,Due,Under Review,Due,50500000.0
6936,Asad Tariq,DEMO-KPT-6936,House No. RC-840,Street 7,FB Area,9,0,Plot,Asad Tariq,Urooj Ghani,Pending,Paid,Under Review,Paid,43000000.0
5338,Tayyab Kidwai,DEMO-KPT-5338,House No. DD-680,Street 8,FB Area,9,0,Plot,Tayyab Kidwai,Noshaba Mustafa,Verified,Paid,Issue Found,Paid,50400000.0
6912,Iqra Peerzada,DEMO-KPT-6912,House No. DC-416,Street 9,FB Area,9,0,Plot,Iqra Peerzada,Rizwaan Bhutto,Litigated,Due,Under Review,Due,49500000.0
6940,Ramsha Qadir,DEMO-KPT-6940,House No. RB-415,Street 9,FB Area,9,0,Plot,Ramsha Qadir,Sahar Mustafa,Verified,Due,Under Review,Due,41200000.0
3892,Shaheen Pirzada,DEMO-KPT-3892,House No. RR-344,Street 12,FB Area,9,0,Plot,Shaheen Pirzada,Javeria Chaudhry,Litigated,Due,Clear,Paid,70000000.0
16810,Hira Sultan,DEMO-KPT-16810,House No. CBR-622,Street 14,FB Area,9,0,Plot,Hira Sultan,Yameen Kakar,Litigated,Due,Issue Found,Paid,52400000.0
5318,Saqib Junejo,DEMO-KPT-5318,House No. BD-474,Street 15,FB Area,9,0,Plot,Saqib Junejo,Uroosa Jamal,Verified,Paid,Issue Found,Due,69100000.0
16815,Anas Tunio,DEMO-KPT-16815,House No. BCR-302,Street 16,FB Area,9,0,Plot,Anas Tunio,Mahnoor Zia,Litigated,Due,Issue Found,Due,55700000.0
13597,Muneeb Saleem,DEMO-KPT-13597,House No. RDB-650,Street 17,FB Area,9,0,Plot,Muneeb Saleem,Aleeza Ghauri,Litigated,Due,Issue Found,Due,77300000.0
16781,Unaiza Malik,DEMO-KPT-16781,House No. DRC-835,Street 17,FB Area,9,0,Plot,Unaiza Malik,Ayan Joiya,Litigated,Due,Clear,Due,48000000.0
5360,Luqmaan Sardar,DEMO-KPT-5360,House No. CR-835,Street 18,FB Area,9,0,Plot,Luqmaan Sardar,Fawad Ghauri,Verified,Paid,Under Review,Paid,49400000.0
6935,Erum Gandapur,DEMO-KPT-6935,House No. CR-485,Street 18,FB Area,9,0,Plot,Erum Gandapur,Rafia Kamboh,Pending,Due,Issue Found,Paid,32400000.0
8441,Waleed Kayani,DEMO-KPT-8441,House No. RR-868,Street 18,FB Area,9,0,Plot,Waleed Kayani,Umaima Bugti,Verified,Due,Clear,Due,78700000.0
3909,Sehar Ali,DEMO-KPT-3909,House No. DC-736,Street 19,FB Area,9,0,Plot,Sehar Ali,Usman Panhwar,Litigated,Due,Clear,Paid,75600000.0
8519,Raees Panezai,DEMO-KPT-8519,House No. CC-350,Street 20,FB Area,9,0,Plot,Raees Panezai,Hina Yousaf,Verified,Due,Clear,Paid,58800000.0
8524,Mirha Warraich,DEMO-KPT-8524,House No. RR-663,Street 20,FB Area,9,0,Plot,Mirha Warraich,Wania Dar,Pending,Due,Clear,Paid,60400000.0
2214,Tayyaba Kayani,DEMO-KPT-2214,House No. B-455,Street 27,FB Area,9,0,Plot,Tayyaba Kayani,Shahida Marwat,Verified,Due,Issue Found,Paid,55300000.0
13554,Liaquat Rind,DEMO-KPT-13554,House No. DRB-528,Street 30,FB Area,9,0,Plot,Liaquat Rind,Mahreen Unar,Verified,Paid,Issue Found,Paid,34900000.0
13641,Ajmal Mahesar,DEMO-KPT-13641,House No. DCB-655,Street 3,FB Area,10,0,Plot,Ajmal Mahesar,Zartaj Mangi,Pending,Paid,Issue Found,Paid,49700000.0
10294,Fazal Qazi,DEMO-KPT-10294,House No. DD-810,Street 7,FB Area,10,0,Plot,Fazal Qazi,Rukhsana Sipra,Verified,Due,Under Review,Paid,24300000.0
15244,Usman Naseem,DEMO-KPT-15244,House No. BRD-411,Street 7,FB Area,10,0,Plot,Usman Naseem,Inaya Rizvi,Verified,Due,Under Review,Paid,49400000.0
13625,Burhan Cheena,DEMO-KPT-13625,House No. CBD-604,Street 9,FB Area,10,0,Plot,Burhan Cheena,Wahab Hanif,Pending,Paid,Under Review,Paid,28000000.0
15136,Abdullah Abbasi,DEMO-KPT-15136,House No. CDB-356,Street 9,FB Area,10,0,Plot,Abdullah Abbasi,Kaleem Rashid,Pending,Paid,Clear,Paid,55400000.0
5426,Furqan Cheena,DEMO-KPT-5426,House No. RD-693,Street 11,FB Area,10,0,Plot,Furqan Cheena,Anum Warsi,Verified,Due,Issue Found,Due,65200000.0
16849,Faisal Noor,DEMO-KPT-16849,House No. DBC-368,Street 11,FB Area,10,0,Plot,Faisal Noor,Rayyan Kakar,Pending,Due,Issue Found,Due,46200000.0
8627,Salahuddin Ghani,DEMO-KPT-8627,House No. BC-753,Street 13,FB Area,10,0,Plot,Salahuddin Ghani,Rehmat Sheikh,Pending,Due,Under Review,Due,69000000.0
13616,Laila Wazir,DEMO-KPT-13616,House No. RCD-371,Street 13,FB Area,10,0,Plot,Laila Wazir,Taha Cheena,Pending,Paid,Clear,Paid,41900000.0
13650,Mashal Warraich,DEMO-KPT-13650,House No. BDC-413,Street 14,FB Area,10,0,Plot,Mashal Warraich,Jamil Rizvi,Verified,Paid,Clear,Due,40600000.0
8630,Manahil Ilyas,DEMO-KPT-8630,House No. RB-509,Street 17,FB Area,10,0,Plot,Manahil Ilyas,Humaira Unar,Verified,Paid,Issue Found,Due,75100000.0
15133,Tamkeen Chattha,DEMO-KPT-15133,House No. DBC-661,Street 17,FB Area,10,0,Plot,Tamkeen Chattha,Saeeda Mangi,Litigated,Paid,Issue Found,Due,47700000.0
13632,Dawood Saeed,DEMO-KPT-13632,House No. DBC-660,Street 18,FB Area,10,0,Plot,Dawood Saeed,Sarah Randhawa,Pending,Due,Issue Found,Paid,77500000.0
16866,Moeen Qureshi,DEMO-KPT-16866,House No. BCR-808,Street 19,FB Area,10,0,Plot,Moeen Qureshi,Zuha Wani,Verified,Due,Clear,Paid,47800000.0
10324,Syeda Gill,DEMO-KPT-10324,House No. DD-688,Street 20,FB Area,10,0,Plot,Syeda Gill,Nashra Panezai,Pending,Due,Clear,Paid,34000000.0
11819,Talat Zubair,DEMO-KPT-11819,House No. CD-886,Street 22,FB Area,10,0,Plot,Talat Zubair,Zawar Lari,Verified,Paid,Under Review,Due,31100000.0
6973,Khansa Yaqoob,DEMO-KPT-6973,House No. BC-814,Street 26,FB Area,10,0,Plot,Khansa Yaqoob,Javed Lone,Pending,Due,Under Review,Due,80000000.0
11857,Shahab Marri,DEMO-KPT-11857,House No. BB-573,Street 30,FB Area,10,0,Plot,Shahab Marri,Sabrina Mahar,Pending,Paid,Clear,Due,44500000.0
15239,Zamzam Khattak,DEMO-KPT-15239,House No. CDR-540,Street 30,FB Area,10,0,Plot,Zamzam Khattak,Akif Khuhro,Litigated,Due,Issue Found,Paid,44800000.0
7048,Fida Khan,DEMO-KPT-7048,House No. BC-501,Street 3,FB Area,11,0,Plot,Fida Khan,Dilshad Bhutto,Litigated,Paid,Under Review,Due,25100000.0
2454,Shagufta Mughal,DEMO-KPT-2454,House No. C-579,Street 4,FB Area,11,0,Plot,Shagufta Mughal,Burhan Lashari,Verified,Due,Issue Found,Paid,74300000.0
11945,Noreen Ghazali,DEMO-KPT-11945,House No. RD-324,Street 5,FB Area,11,0,Plot,Noreen Ghazali,Waleed Durrani,Pending,Paid,Issue Found,Paid,43100000.0
4017,Daniyal Barakzai,DEMO-KPT-4017,House No. BR-435,Street 7,FB Area,11,0,Plot,Daniyal Barakzai,Murtaza Bhatti,Verified,Due,Clear,Due,43800000.0
16975,Sarmad Bhutto,DEMO-KPT-16975,House No. DCB-614,Street 8,FB Area,11,0,Plot,Sarmad Bhutto,Majid Janjua,Litigated,Paid,Under Review,Due,25300000.0
7036,Uzair Rizvi,DEMO-KPT-7036,House No. DD-807,Street 9,FB Area,11,0,Plot,Uzair Rizvi,Yusra Samo,Pending,Paid,Clear,Paid,30200000.0
10376,Amara Kamal,DEMO-KPT-10376,House No. BB-627,Street 11,FB Area,11,0,Plot,Amara Kamal,Sahil Mangi,Verified,Due,Issue Found,Due,62300000.0
11992,Manzoor Ghaffar,DEMO-KPT-11992,House No. DD-830,Street 12,FB Area,11,0,Plot,Manzoor Ghaffar,Ruqayya Bhatti,Litigated,Due,Clear,Paid,53800000.0
4052,Bilal Abro,DEMO-KPT-4052,House No. DB-612,Street 13,FB Area,11,0,Plot,Bilal Abro,Ambreen Riaz,Verified,Due,Clear,Paid,68300000.0
15307,Tanzeela Mian,DEMO-KPT-15307,House No. CBR-841,Street 17,FB Area,11,0,Plot,Tanzeela Mian,Tahir Hoti,Pending,Due,Clear,Paid,30200000.0
11963,Bilquis Minhas,DEMO-KPT-11963,House No. DC-415,Street 19,FB Area,11,0,Plot,Bilquis Minhas,Kamran Qadri,Pending,Paid,Issue Found,Paid,34000000.0
13716,Muhammad Tareen,DEMO-KPT-13716,House No. CBR-523,Street 19,FB Area,11,0,Plot,Muhammad Tareen,Syeda Rabbani,Verified,Due,Clear,Paid,20500000.0
15274,Saima Bhat,DEMO-KPT-15274,House No. RCB-786,Street 20,FB Area,11,0,Plot,Saima Bhat,Naseer Mangi,Pending,Due,Clear,Paid,76300000.0
15301,Asra Laghari,DEMO-KPT-15301,House No. CBR-582,Street 25,FB Area,11,0,Plot,Asra Laghari,Amal Panhwar,Litigated,Paid,Clear,Due,36100000.0
4021,Shama Gakhar,DEMO-KPT-4021,House No. DC-714,Street 28,FB Area,11,0,Plot,Shama Gakhar,Furqan Wani,Litigated,Due,Under Review,Due,61600000.0
4026,Neelam Achakzai,DEMO-KPT-4026,House No. CD-621,Street 29,FB Area,11,0,Plot,Neelam Achakzai,Qurat Zaman,Pending,Due,Issue Found,Due,68700000.0
8668,Bakhtawar Bukhari,DEMO-KPT-8668,House No. CB-488,Street 29,FB Area,11,0,Plot,Bakhtawar Bukhari,Mahnoor Mian,Litigated,Paid,Issue Found,Paid,68800000.0
2407,Bahadur Lakhani,DEMO-KPT-2407,House No. D-510,Street 30,FB Area,11,0,Plot,Bahadur Lakhani,Javeria Haral,Pending,Paid,Clear,Due,40400000.0
8745,Shahab Kidwai,DEMO-KPT-8745,House No. RD-765,Street 2,FB Area,12,0,Plot,Shahab Kidwai,Naureen Chaudhry,Verified,Paid,Clear,Paid,49400000.0
10452,Maryam Nawaz,DEMO-KPT-10452,House No. CC-324,Street 2,FB Area,12,0,Plot,Maryam Nawaz,Farzana Qadir,Litigated,Paid,Clear,Paid,52800000.0
4114,Husna Lakhani,DEMO-KPT-4114,House No. BB-815,Street 3,FB Area,12,0,Plot,Husna Lakhani,Jabbar Naqvi,Pending,Paid,Issue Found,Due,49200000.0
5541,Moiz Ali,DEMO-KPT-5541,House No. RC-343,Street 3,FB Area,12,0,Plot,Moiz Ali,Tauseef Zaidi,Pending,Paid,Issue Found,Paid,26000000.0
12011,Sharmeen Rana,DEMO-KPT-12011,House No. DC-424,Street 3,FB Area,12,0,Plot,Sharmeen Rana,Rustam Jafri,Pending,Due,Issue Found,Paid,29100000.0
15441,Arfa Hafeez,DEMO-KPT-15441,House No. BDC-647,Street 3,FB Area,12,0,Plot,Arfa Hafeez,Anum Malik,Pending,Paid,Issue Found,Paid,78700000.0
12055,Abubakar Farooqi,DEMO-KPT-12055,House No. DR-753,Street 5,FB Area,12,0,Plot,Abubakar Farooqi,Sohaib Nawaz,Pending,Paid,Issue Found,Due,43700000.0
7099,Rahila Marri,DEMO-KPT-7099,House No. CD-461,Street 6,FB Area,12,0,Plot,Rahila Marri,Kaif Pirzada,Litigated,Due,Under Review,Due,74700000.0
8778,Ikhlaq Tareen,DEMO-KPT-8778,House No. RC-366,Street 11,FB Area,12,0,Plot,Ikhlaq Tareen,Burhan Hayat,Verified,Paid,Issue Found,Paid,23800000.0
10510,Dua Dreshak,DEMO-KPT-10510,House No. BD-469,Street 14,FB Area,12,0,Plot,Dua Dreshak,Zahid Sohu,Litigated,Due,Issue Found,Paid,37900000.0
10517,Shahmeer Rabbani,DEMO-KPT-10517,House No. DC-642,Street 14,FB Area,12,0,Plot,Shahmeer Rabbani,Fiza Shaikh,Pending,Paid,Under Review,Due,62700000.0
15450,Akbar Bhatti,DEMO-KPT-15450,House No. BDR-873,Street 14,FB Area,12,0,Plot,Akbar Bhatti,Amara Wani,Verified,Paid,Clear,Due,38000000.0
8690,Sohaib Zardari,DEMO-KPT-8690,House No. RR-588,Street 15,FB Area,12,0,Plot,Sohaib Zardari,Samra Afridi,Pending,Paid,Under Review,Due,23700000.0
12066,Shahbaz Tariq,DEMO-KPT-12066,House No. RC-748,Street 16,FB Area,12,0,Plot,Shahbaz Tariq,Tamim Nasar,Litigated,Due,Issue Found,Due,60600000.0
10481,Shaheer Korai,DEMO-KPT-10481,House No. BB-586,Street 17,FB Area,12,0,Plot,Shaheer Korai,Ayan Nawaz,Litigated,Due,Clear,Due,70700000.0
12041,Nizam Sheikh,DEMO-KPT-12041,House No. DC-350,Street 18,FB Area,12,0,Plot,Nizam Sheikh,Kabir Jafri,Verified,Due,Clear,Due,39000000.0
7124,Arooj Bhutto,DEMO-KPT-7124,House No. DD-460,Street 26,FB Area,12,0,Plot,Arooj Bhutto,Kanwal Sadiq,Litigated,Paid,Clear,Due,49600000.0
13747,Mehrunnisa Ghani,DEMO-KPT-13747,House No. BCD-588,Street 26,FB Area,12,0,Plot,Mehrunnisa Ghani,Haider Ilyas,Litigated,Paid,Under Review,Due,23800000.0
2531,Ahsan Rashid,DEMO-KPT-2531,House No. B-541,Street 29,FB Area,12,0,Plot,Ahsan Rashid,Fawad Khan,Pending,Due,Clear,Due,20900000.0
13781,Zehra Tariq,DEMO-KPT-13781,House No. RCB-566,Street 29,FB Area,12,0,Plot,Zehra Tariq,Ahtisham Marwat,Pending,Due,Clear,Due,50500000.0
15495,Nadeem Sultan,DEMO-KPT-15495,House No. BRC-352,Street 2,FB Area,13,0,Plot,Nadeem Sultan,Tayyaba Leghari,Verified,Paid,Clear,Paid,78100000.0
8810,Zaynab Randhawa,DEMO-KPT-8810,House No. DR-781,Street 3,FB Area,13,0,Plot,Zaynab Randhawa,Alamgir Virk,Pending,Due,Clear,Due,30900000.0
8861,Sadia Usmani,DEMO-KPT-8861,House No. BC-773,Street 3,FB Area,13,0,Plot,Sadia Usmani,Saleem Yaqoob,Pending,Due,Issue Found,Paid,54300000.0
13798,Amara Sultan,DEMO-KPT-13798,House No. CDR-465,Street 3,FB Area,13,0,Plot,Amara Sultan,Hania Mustafa,Litigated,Paid,Under Review,Due,49100000.0
4156,Tahira Sheikh,DEMO-KPT-4156,House No. CB-847,Street 6,FB Area,13,0,Plot,Tahira Sheikh,Aneeqa Javed,Pending,Due,Issue Found,Paid,66500000.0
2644,Yasmeen Siddiqui,DEMO-KPT-2644,House No. C-419,Street 7,FB Area,13,0,Plot,Yasmeen Siddiqui,Jawad Bukhari,Verified,Due,Under Review,Paid,75600000.0
13796,Zartaj Naseem,DEMO-KPT-13796,House No. BCD-316,Street 7,FB Area,13,0,Plot,Zartaj Naseem,Siddique Joiya,Pending,Due,Issue Found,Due,73600000.0
2575,Syeda Lone,DEMO-KPT-2575,House No. C-554,Street 8,FB Area,13,0,Plot,Syeda Lone,Salma Sabri,Litigated,Paid,Under Review,Due,70500000.0
13825,Ghulam Gakhar,DEMO-KPT-13825,House No. BRD-354,Street 8,FB Area,13,0,Plot,Ghulam Gakhar,Fariha Bettani,Litigated,Paid,Under Review,Due,33700000.0
4175,Farooq Mahsud,DEMO-KPT-4175,House No. CR-885,Street 9,FB Area,13,0,Plot,Farooq Mahsud,Wahab Mahsud,Pending,Paid,Under Review,Paid,71600000.0
10540,Fiza Khokhar,DEMO-KPT-10540,House No. DR-463,Street 9,FB Area,13,0,Plot,Fiza Khokhar,Najma Khuhro,Verified,Due,Under Review,Due,67900000.0
10549,Nouman Magsi,DEMO-KPT-10549,House No. RR-831,Street 11,FB Area,13,0,Plot,Nouman Magsi,Rahim Turk,Pending,Due,Issue Found,Due,47900000.0
5692,Aslam Waheed,DEMO-KPT-5692,House No. BR-760,Street 12,FB Area,13,0,Plot,Aslam Waheed,Najma Buriro,Litigated,Due,Clear,Paid,39700000.0
4164,Noman Durrani,DEMO-KPT-4164,House No. DR-859,Street 15,FB Area,13,0,Plot,Noman Durrani,Sehrish Bhatti,Verified,Due,Issue Found,Paid,31500000.0
15501,Shahzadi Unar,DEMO-KPT-15501,House No. RCD-576,Street 17,FB Area,13,0,Plot,Shahzadi Unar,Mahir Chattha,Verified,Paid,Under Review,Paid,53800000.0
2660,Mahwish Zubair,DEMO-KPT-2660,House No. C-410,Street 18,FB Area,13,0,Plot,Mahwish Zubair,Hania Ilyas,Verified,Paid,Under Review,Paid,36600000.0
5663,Kamal Tanoli,DEMO-KPT-5663,House No. BB-360,Street 19,FB Area,13,0,Plot,Kamal Tanoli,Sami Anwar,Pending,Paid,Issue Found,Paid,66900000.0
13809,Alishba Lughmani,DEMO-KPT-13809,House No. BRD-485,Street 19,FB Area,13,0,Plot,Alishba Lughmani,Mahrukh Sial,Litigated,Due,Clear,Paid,46300000.0
15516,Sultan Aslam,DEMO-KPT-15516,House No. BDC-875,Street 19,FB Area,13,0,Plot,Sultan Aslam,Akbar Magsi,Verified,Due,Clear,Paid,39000000.0
5669,Tahira Kalhoro,DEMO-KPT-5669,House No. RB-374,Street 25,FB Area,13,0,Plot,Tahira Kalhoro,Noreen Hinjra,Verified,Due,Under Review,Due,21400000.0
5647,Sabrina Niazi,DEMO-KPT-5647,House No. RD-450,Street 26,FB Area,13,0,Plot,Sabrina Niazi,Asma Farooq,Litigated,Paid,Under Review,Due,54500000.0
2664,Kashaf Mohammadzai,DEMO-KPT-2664,House No. R-577,Street 27,FB Area,13,0,Plot,Kashaf Mohammadzai,Anila Ilyas,Verified,Due,Issue Found,Paid,50200000.0
7171,Waseem Ghani,DEMO-KPT-7171,House No. RB-500,Street 28,FB Area,13,0,Plot,Waseem Ghani,Nabeel Bettani,Litigated,Due,Under Review,Due,78100000.0
4180,Madiha Khuhro,DEMO-KPT-4180,House No. RR-423,Street 29,FB Area,13,0,Plot,Madiha Khuhro,Dua Siddiqui,Litigated,Paid,Under Review,Due,39700000.0
8899,Laila Rana,DEMO-KPT-8899,House No. DC-305,Street 6,FB Area,14,0,Plot,Laila Rana,Fariha Shaikh,Litigated,Due,Under Review,Due,37900000.0
13917,Asim Hussain,DEMO-KPT-13917,House No. RDC-565,Street 7,FB Area,14,0,Plot,Asim Hussain,Bahadur Minhas,Verified,Due,Clear,Due,61500000.0
8938,Anwar Mohammadzai,DEMO-KPT-8938,House No. RC-479,Street 8,FB Area,14,0,Plot,Anwar Mohammadzai,Jamila Shaikh,Verified,Paid,Issue Found,Paid,63700000.0
10642,Shehryar Dahri,DEMO-KPT-10642,House No. BC-792,Street 12,FB Area,14,0,Plot,Shehryar Dahri,Kanwal Rashid,Litigated,Due,Clear,Paid,72700000.0
2702,Aziz Dreshak,DEMO-KPT-2702,House No. R-362,Street 13,FB Area,14,0,Plot,Aziz Dreshak,Areeba Ali,Verified,Due,Clear,Paid,53500000.0
7289,Nafisa Rafique,DEMO-KPT-7289,House No. RC-494,Street 14,FB Area,14,0,Plot,Nafisa Rafique,Sabeen Kharal,Verified,Due,Under Review,Due,28800000.0
4235,Dilawar Chattha,DEMO-KPT-4235,House No. RD-728,Street 18,FB Area,14,0,Plot,Dilawar Chattha,Wania Rabbani,Pending,Due,Issue Found,Paid,61000000.0
5741,Rafia Lakhani,DEMO-KPT-5741,House No. RC-781,Street 18,FB Area,14,0,Plot,Rafia Lakhani,Ammar Khosa,Verified,Due,Clear,Due,29700000.0
7299,Mehak Khattak,DEMO-KPT-7299,House No. CC-307,Street 20,FB Area,14,0,Plot,Mehak Khattak,Isha Ahmed,Verified,Due,Clear,Due,38900000.0
13874,Warda Magsi,DEMO-KPT-13874,House No. CDR-710,Street 26,FB Area,14,0,Plot,Warda Magsi,Bashir Qadir,Litigated,Paid,Clear,Due,34300000.0
7295,Zunaira Durrani,DEMO-KPT-7295,House No. DB-577,Street 27,FB Area,14,0,Plot,Zunaira Durrani,Mahjabeen Tanvir,Pending,Due,Clear,Paid,68800000.0
15550,Lamia Unar,DEMO-KPT-15550,House No. BCD-670,Street 27,FB Area,14,0,Plot,Lamia Unar,Nighat Mohammadzai,Pending,Due,Clear,Paid,53100000.0
15581,Obaid Bugti,DEMO-KPT-15581,House No. BDC-406,Street 29,FB Area,14,0,Plot,Obaid Bugti,Ayan Gakhar,Pending,Due,Clear,Due,45400000.0
8939,Farhan Barakzai,DEMO-KPT-8939,House No. CR-781,Street 30,FB Area,14,0,Plot,Farhan Barakzai,Tamim Zubairi,Litigated,Due,Issue Found,Paid,20600000.0
10717,Zohair Tanoli,DEMO-KPT-10717,House No. CB-784,Street 5,FB Area,15,0,Plot,Zohair Tanoli,Mohib Qazi,Pending,Paid,Clear,Paid,46700000.0
12256,Inaya Sindhi,DEMO-KPT-12256,House No. RR-339,Street 6,FB Area,15,0,Plot,Inaya Sindhi,Sidra Qureshi,Pending,Due,Issue Found,Paid,59200000.0
4278,Fatima Gondal,DEMO-KPT-4278,House No. BB-345,Street 11,FB Area,15,0,Plot,Fatima Gondal,Fareeha Marri,Verified,Paid,Issue Found,Paid,44100000.0
7399,Hadi Bhutto,DEMO-KPT-7399,House No. RC-894,Street 11,FB Area,15,0,Plot,Hadi Bhutto,Sohaib Bugti,Pending,Due,Issue Found,Due,65700000.0
2777,Habib Zaman,DEMO-KPT-2777,House No. B-600,Street 13,FB Area,15,0,Plot,Habib Zaman,Abubakar Shakeel,Pending,Due,Under Review,Due,47300000.0
5852,Naila Gakhar,DEMO-KPT-5852,House No. DB-824,Street 13,FB Area,15,0,Plot,Naila Gakhar,Sabrina Bashir,Verified,Due,Clear,Paid,53700000.0
12260,Benazir Saeed,DEMO-KPT-12260,House No. CR-764,Street 13,FB Area,15,0,Plot,Benazir Saeed,Nawal Kasi,Verified,Due,Under Review,Due,50900000.0
12290,Rida Anwar,DEMO-KPT-12290,House No. DR-802,Street 15,FB Area,15,0,Plot,Rida Anwar,Yaqoob Sultan,Pending,Paid,Under Review,Due,79600000.0
2743,Mina Khattak,DEMO-KPT-2743,House No. B-810,Street 25,FB Area,15,0,Plot,Mina Khattak,Wali Soomro,Pending,Due,Under Review,Paid,78600000.0
5851,Hashim Virk,DEMO-KPT-5851,House No. DR-530,Street 25,FB Area,15,0,Plot,Hashim Virk,Affan Abro,Litigated,Paid,Clear,Due,21100000.0
10724,Aqib Mehmood,DEMO-KPT-10724,House No. BC-797,Street 26,FB Area,15,0,Plot,Aqib Mehmood,Afshan Gill,Litigated,Paid,Clear,Due,46700000.0
4276,Kamran Cheema,DEMO-KPT-4276,House No. RC-465,Street 27,FB Area,15,0,Plot,Kamran Cheema,Zara Mehmood,Litigated,Paid,Clear,Due,56800000.0
8986,Zawar Bilgrami,DEMO-KPT-8986,House No. RR-653,Street 27,FB Area,15,0,Plot,Zawar Bilgrami,Farooq Mohmand,Pending,Paid,Issue Found,Paid,44100000.0
10764,Jamshed Siddiqui,DEMO-KPT-10764,House No. CD-303,Street 27,FB Area,15,0,Plot,Jamshed Siddiqui,Amjad Mahesar,Verified,Due,Issue Found,Paid,26300000.0
2818,Mubashir Pirzada,DEMO-KPT-2818,House No. D-625,Street 29,FB Area,15,0,Plot,Mubashir Pirzada,Nigar Khalid,Litigated,Paid,Issue Found,Paid,32100000.0
5789,Ahtisham Imran,DEMO-KPT-5789,House No. CD-658,Street 30,FB Area,15,0,Plot,Ahtisham Imran,Atiya Rind,Litigated,Due,Issue Found,Paid,67600000.0
2863,Raheel Gondal,DEMO-KPT-2863,House No. B-752,Street 1,FB Area,16,0,Plot,Raheel Gondal,Samiya Kidwai,Litigated,Paid,Clear,Paid,51400000.0
14052,Qayyum Rafique,DEMO-KPT-14052,House No. BCR-313,Street 2,FB Area,16,0,Plot,Qayyum Rafique,Aslam Jamal,Litigated,Paid,Clear,Paid,36300000.0
12354,Zahra Latif,DEMO-KPT-12354,House No. BB-568,Street 4,FB Area,16,0,Plot,Zahra Latif,Tahseen Naqvi,Verified,Due,Issue Found,Paid,61500000.0
4438,Shama Marri,DEMO-KPT-4438,House No. BB-357,Street 8,FB Area,16,0,Plot,Shama Marri,Maqsood Shah,Verified,Paid,Issue Found,Paid,71400000.0
2862,Kinza Kayani,DEMO-KPT-2862,House No. R-861,Street 9,FB Area,16,0,Plot,Kinza Kayani,Afreen Rizvi,Litigated,Due,Under Review,Due,51800000.0
2890,Firdous Randhawa,DEMO-KPT-2890,House No. B-387,Street 9,FB Area,16,0,Plot,Firdous Randhawa,Firdous Parvez,Verified,Due,Under Review,Due,32000000.0
12314,Arisha Ijaz,DEMO-KPT-12314,House No. DR-393,Street 10,FB Area,16,0,Plot,Arisha Ijaz,Isha Jamal,Pending,Paid,Issue Found,Paid,50200000.0
10826,Suleman Sultan,DEMO-KPT-10826,House No. RR-844,Street 11,FB Area,16,0,Plot,Suleman Sultan,Mehwish Qazi,Verified,Due,Issue Found,Due,57600000.0
7492,Fasih Bilgrami,DEMO-KPT-7492,House No. RB-494,Street 12,FB Area,16,0,Plot,Fasih Bilgrami,Masood Jadoon,Litigated,Due,Clear,Paid,42600000.0
12315,Fawad Zubairi,DEMO-KPT-12315,House No. DB-406,Street 16,FB Area,16,0,Plot,Fawad Zubairi,Sharjeel Gilani,Litigated,Due,Issue Found,Due,42400000.0
9080,Sajida Achakzai,DEMO-KPT-9080,House No. RD-523,Street 17,FB Area,16,0,Plot,Sajida Achakzai,Farwa Shakir,Verified,Paid,Issue Found,Due,33600000.0
14047,Ajmal Bugti,DEMO-KPT-14047,House No. RCB-782,Street 17,FB Area,16,0,Plot,Ajmal Bugti,Sabeen Baloch,Litigated,Due,Issue Found,Due,68900000.0
7541,Kanwar Sandhu,DEMO-KPT-7541,House No. DB-321,Street 18,FB Area,16,0,Plot,Kanwar Sandhu,Ramsha Mari,Verified,Due,Clear,Due,35600000.0
5949,Sabrina Soomro,DEMO-KPT-5949,House No. DB-320,Street 20,FB Area,16,0,Plot,Sabrina Soomro,Rafia Kazmi,Verified,Due,Clear,Due,66500000.0
2829,Farid Yousaf,DEMO-KPT-2829,House No. B-516,Street 21,FB Area,16,0,Plot,Farid Yousaf,Esha Pasha,Litigated,Due,Issue Found,Paid,58200000.0
14036,Sabir Khokhar,DEMO-KPT-14036,House No. DCR-477,Street 21,FB Area,16,0,Plot,Sabir Khokhar,Moeen Hanif,Verified,Due,Under Review,Due,62500000.0
14069,Naureen Jamali,DEMO-KPT-14069,House No. CRB-432,Street 22,FB Area,16,0,Plot,Naureen Jamali,Arif Hinjra,Verified,Paid,Under Review,Due,76200000.0
4400,Sidra Mari,DEMO-KPT-4400,House No. DB-342,Street 27,FB Area,16,0,Plot,Sidra Mari,Manzoor Rehman,Verified,Paid,Issue Found,Paid,68200000.0
2877,Shafiq Baig,DEMO-KPT-2877,House No. R-869,Street 28,FB Area,16,0,Plot,Shafiq Baig,Marwa Rafique,Verified,Paid,Under Review,Due,75000000.0
12307,Shehryar Rind,DEMO-KPT-12307,House No. DC-522,Street 30,FB Area,16,0,Plot,Shehryar Rind,Shazia Naseem,Pending,Paid,Clear,Due,42300000.0
2895,Kaleemullah Chandio,DEMO-KPT-2895,House No. R-729,Street 2,FB Area,17,0,Plot,Kaleemullah Chandio,Nauman Hinjra,Verified,Paid,Clear,Paid,45300000.0
9102,Maham Lone,DEMO-KPT-9102,House No. CR-637,Street 2,FB Area,17,0,Plot,Maham Lone,Shaheen Sahito,Litigated,Paid,Clear,Paid,28300000.0
14145,Munir Mughal,DEMO-KPT-14145,House No. RDC-766,Street 2,FB Area,17,0,Plot,Munir Mughal,Zahra Rehman,Verified,Paid,Clear,Paid,73800000.0
15852,Zeshan Pirzada,DEMO-KPT-15852,House No. CBR-853,Street 2,FB Area,17,0,Plot,Zeshan Pirzada,Saleha Shaikh,Litigated,Paid,Clear,Paid,65700000.0
5991,Nimra Mustafa,DEMO-KPT-5991,House No. RR-558,Street 3,FB Area,17,0,Plot,Nimra Mustafa,Hassan Laghari,Pending,Paid,Issue Found,Paid,74000000.0
10864,Mashal Lakhani,DEMO-KPT-10864,House No. CD-648,Street 3,FB Area,17,0,Plot,Mashal Lakhani,Amal Kamboh,Pending,Paid,Issue Found,Due,57000000.0
15856,Naseer Mughal,DEMO-KPT-15856,House No. RCD-870,Street 6,FB Area,17,0,Plot,Naseer Mughal,Parveen Dreshak,Pending,Due,Issue Found,Paid,27900000.0
4467,Asim Marri,DEMO-KPT-4467,House No. BR-729,Street 7,FB Area,17,0,Plot,Asim Marri,Hamid Awan,Verified,Due,Clear,Due,77700000.0
7594,Qudrat Yousafzai,DEMO-KPT-7594,House No. DC-818,Street 7,FB Area,17,0,Plot,Qudrat Yousafzai,Lubna Korai,Verified,Due,Under Review,Paid,31400000.0
7588,Shahmeer Nawaz,DEMO-KPT-7588,House No. DD-655,Street 8,FB Area,17,0,Plot,Shahmeer Nawaz,Haseeb Joiya,Verified,Paid,Issue Found,Paid,26300000.0
5975,Rahila Yazdani,DEMO-KPT-5975,House No. DB-519,Street 9,FB Area,17,0,Plot,Rahila Yazdani,Shumaila Abbasi,Pending,Paid,Under Review,Paid,76000000.0
2899,Irfan Qureshi,DEMO-KPT-2899,House No. R-829,Street 11,FB Area,17,0,Plot,Irfan Qureshi,Arfa Dawood,Pending,Due,Issue Found,Due,71700000.0
12378,Aqeel Nawaz,DEMO-KPT-12378,House No. DB-450,Street 11,FB Area,17,0,Plot,Aqeel Nawaz,Minahil Ansari,Verified,Paid,Issue Found,Paid,40700000.0
15827,Iqra Dreshak,DEMO-KPT-15827,House No. CBR-738,Street 13,FB Area,17,0,Plot,Iqra Dreshak,Yahya Laghari,Pending,Due,Under Review,Due,78600000.0
6010,Munir Mir,DEMO-KPT-6010,House No. CB-886,Street 14,FB Area,17,0,Plot,Munir Mir,Ihtisham Achakzai,Litigated,Due,Issue Found,Paid,74900000.0
9160,Ayub Bhat,DEMO-KPT-9160,House No. RR-883,Street 14,FB Area,17,0,Plot,Ayub Bhat,Nadeem Lakhani,Litigated,Due,Issue Found,Paid,35300000.0
14100,Nizam Zaidi,DEMO-KPT-14100,House No. RDB-882,Street 14,FB Area,17,0,Plot,Nizam Zaidi,Kausar Turk,Verified,Paid,Clear,Due,36800000.0
5990,Hoor Zubair,DEMO-KPT-5990,House No. RB-560,Street 15,FB Area,17,0,Plot,Hoor Zubair,Waseem Bhat,Pending,Paid,Under Review,Due,53500000.0
15864,Sumbal Majeed,DEMO-KPT-15864,House No. CDR-695,Street 15,FB Area,17,0,Plot,Sumbal Majeed,Najma Saeed,Verified,Due,Issue Found,Paid,73200000.0
7566,Azan Bhurgri,DEMO-KPT-7566,House No. CB-331,Street 16,FB Area,17,0,Plot,Azan Bhurgri,Raza Rind,Litigated,Due,Issue Found,Due,65200000.0
14115,Ihtisham Ghumman,DEMO-KPT-14115,House No. CRB-340,Street 16,FB Area,17,0,Plot,Ihtisham Ghumman,Mansha Mahesar,Litigated,Due,Issue Found,Due,31900000.0
9097,Sobia Imran,DEMO-KPT-9097,House No. RR-393,Street 17,FB Area,17,0,Plot,Sobia Imran,Rafia Ijaz,Litigated,Due,Issue Found,Due,41000000.0
14082,Sagheer Jaffri,DEMO-KPT-14082,House No. DBR-833,Street 18,FB Area,17,0,Plot,Sagheer Jaffri,Shazia Gill,Pending,Due,Issue Found,Paid,79700000.0
4469,Alam Shafiq,DEMO-KPT-4469,House No. DB-541,Street 20,FB Area,17,0,Plot,Alam Shafiq,Anam Cheema,Verified,Due,Clear,Paid,70000000.0
14092,Sadaf Bijarani,DEMO-KPT-14092,House No. RDB-564,Street 20,FB Area,17,0,Plot,Sadaf Bijarani,Yasmeen Tunio,Litigated,Due,Clear,Paid,29300000.0
12397,Shabana Sardar,DEMO-KPT-12397,House No. BB-672,Street 26,FB Area,17,0,Plot,Shabana Sardar,Burhan Qadri,Litigated,Paid,Under Review,Due,72200000.0
4464,Urooj Zubair,DEMO-KPT-4464,House No. RD-356,Street 27,FB Area,17,0,Plot,Urooj Zubair,Hoorain Waheed,Verified,Due,Issue Found,Paid,65600000.0
9095,Yameen Gabol,DEMO-KPT-9095,House No. BB-481,Street 27,FB Area,17,0,Plot,Yameen Gabol,Nihal Haral,Pending,Due,Clear,Paid,25600000.0
10895,Ayan Zardari,DEMO-KPT-10895,House No. BB-768,Street 27,FB Area,17,0,Plot,Ayan Zardari,Sumbal Gandapur,Pending,Due,Clear,Paid,66400000.0
12376,Kaleem Bijarani,DEMO-KPT-12376,House No. DD-893,Street 27,FB Area,17,0,Plot,Kaleem Bijarani,Noor Peerzada,Litigated,Paid,Clear,Due,33500000.0
12400,Nigar Tahir,DEMO-KPT-12400,House No. BB-630,Street 27,FB Area,17,0,Plot,Nigar Tahir,Jalal Chaudhry,Pending,Due,Clear,Paid,72500000.0
7589,Sobia Ahmed,DEMO-KPT-7589,House No. RD-694,Street 30,FB Area,17,0,Plot,Sobia Ahmed,Zunaira Zaidi,Litigated,Due,Issue Found,Paid,62500000.0
9163,Nazia Shinwari,DEMO-KPT-9163,House No. BB-393,Street 1,FB Area,18,0,Plot,Nazia Shinwari,Shamoon Jamal,Litigated,Paid,Clear,Paid,66700000.0
9195,Tahir Javed,DEMO-KPT-9195,House No. RB-379,Street 2,FB Area,18,0,Plot,Tahir Javed,Mirza Shakeel,Verified,Paid,Clear,Paid,77700000.0
3011,Khansa Alvi,DEMO-KPT-3011,House No. C-726,Street 3,FB Area,18,0,Plot,Khansa Alvi,Abeera Palijo,Pending,Due,Issue Found,Paid,25900000.0
9204,Beenish Shakeel,DEMO-KPT-9204,House No. BB-859,Street 4,FB Area,18,0,Plot,Beenish Shakeel,Ehsan Awan,Verified,Due,Issue Found,Paid,77200000.0
14154,Sabir Ahmed,DEMO-KPT-14154,House No. DRB-745,Street 4,FB Area,18,0,Plot,Sabir Ahmed,Salman Yousafzai,Verified,Due,Issue Found,Paid,67300000.0
2996,Nimra Hoti,DEMO-KPT-2996,House No. B-706,Street 7,FB Area,18,0,Plot,Nimra Hoti,Faiza Anwar,Pending,Due,Issue Found,Due,51500000.0
9186,Isha Sabri,DEMO-KPT-9186,House No. BD-591,Street 7,FB Area,18,0,Plot,Isha Sabri,Nabeel Ranjha,Pending,Paid,Under Review,Paid,22200000.0
2938,Kaneez Lughmani,DEMO-KPT-2938,House No. R-415,Street 8,FB Area,18,0,Plot,Kaneez Lughmani,Ikhlaq Sial,Pending,Paid,Issue Found,Due,60500000.0
9190,Gohar Peerzada,DEMO-KPT-9190,House No. CR-819,Street 9,FB Area,18,0,Plot,Gohar Peerzada,Noman Malik,Verified,Due,Under Review,Due,46000000.0
15914,Irtaza Kazmi,DEMO-KPT-15914,House No. DBR-797,Street 10,FB Area,18,0,Plot,Irtaza Kazmi,Shaheen Mirza,Pending,Paid,Issue Found,Paid,20300000.0
2992,Taha Leghari,DEMO-KPT-2992,House No. R-644,Street 12,FB Area,18,0,Plot,Taha Leghari,Zuha Memon,Litigated,Due,Clear,Paid,42300000.0
12491,Sumbal Chandio,DEMO-KPT-12491,House No. RD-611,Street 18,FB Area,18,0,Plot,Sumbal Chandio,Esha Dawood,Verified,Due,Clear,Due,79200000.0
15882,Erum Kasi,DEMO-KPT-15882,House No. BDR-736,Street 18,FB Area,18,0,Plot,Erum Kasi,Esha Bugti,Pending,Due,Issue Found,Paid,27400000.0
12413,Mazen Cheena,DEMO-KPT-12413,House No. CD-652,Street 19,FB Area,18,0,Plot,Mazen Cheena,Mahad Aslam,Pending,Paid,Issue Found,Paid,24600000.0
7619,Madiha Ghumman,DEMO-KPT-7619,House No. RR-454,Street 20,FB Area,18,0,Plot,Madiha Ghumman,Taha Qadir,Verified,Due,Clear,Paid,63300000.0
7624,Farhan Sheikh,DEMO-KPT-7624,House No. DD-812,Street 20,FB Area,18,0,Plot,Farhan Sheikh,Iqra Gill,Pending,Due,Clear,Paid,55200000.0
10942,Sajid Noor,DEMO-KPT-10942,House No. DB-501,Street 20,FB Area,18,0,Plot,Sajid Noor,Uzma Chandio,Litigated,Due,Clear,Paid,26500000.0
15892,Waseem Mahar,DEMO-KPT-15892,House No. CRB-462,Street 20,FB Area,18,0,Plot,Waseem Mahar,Khalid Tahir,Litigated,Due,Clear,Paid,75400000.0
12482,Rabia Gandapur,DEMO-KPT-12482,House No. BR-586,Street 22,FB Area,18,0,Plot,Rabia Gandapur,Tabish Yaqoob,Pending,Due,Issue Found,Paid,26100000.0
7693,Fareed Orakzai,DEMO-KPT-7693,House No. DR-846,Street 25,FB Area,18,0,Plot,Fareed Orakzai,Mahnaz Ghani,Pending,Due,Under Review,Paid,27000000.0
14197,Saif Bhutto,DEMO-KPT-14197,House No. CRD-484,Street 26,FB Area,18,0,Plot,Saif Bhutto,Liaquat Bhatti,Litigated,Paid,Under Review,Due,68300000.0
6076,Nargis Mengal,DEMO-KPT-6076,House No. RB-658,Street 27,FB Area,18,0,Plot,Nargis Mengal,Tasneem Bashir,Litigated,Paid,Clear,Due,23200000.0
10977,Fawad Achakzai,DEMO-KPT-10977,House No. BR-448,Street 28,FB Area,18,0,Plot,Fawad Achakzai,Sameer Chandio,Verified,Paid,Under Review,Due,49300000.0
6131,Arisha Bashir,DEMO-KPT-6131,House No. CC-863,Street 29,FB Area,18,0,Plot,Arisha Bashir,Sadiq Palijo,Pending,Due,Clear,Due,61800000.0
10930,Uzma Kamal,DEMO-KPT-10930,House No. BR-352,Street 29,FB Area,18,0,Plot,Uzma Kamal,Furqan Tareen,Litigated,Paid,Under Review,Due,38400000.0
15868,Saeeda Rafique,DEMO-KPT-15868,House No. RBC-311,Street 29,FB Area,18,0,Plot,Saeeda Rafique,Ibrahim Noor,Litigated,Paid,Issue Found,Paid,33800000.0
7752,Abrar Hussain,DEMO-KPT-7752,House No. CR-844,Street 2,FB Area,19,0,Plot,Abrar Hussain,Momina Zia,Litigated,Paid,Clear,Paid,63000000.0
4564,Saleha Naqvi,DEMO-KPT-4564,House No. CD-761,Street 3,FB Area,19,0,Plot,Saleha Naqvi,Zaib Kazmi,Pending,Paid,Issue Found,Due,58300000.0
3067,Zehra Chattha,DEMO-KPT-3067,House No. B-437,Street 5,FB Area,19,0,Plot,Zehra Chattha,Ashfaq Hoti,Pending,Paid,Clear,Paid,59100000.0
14281,Sufyan Yousaf,DEMO-KPT-14281,House No. DCR-459,Street 5,FB Area,19,0,Plot,Sufyan Yousaf,Ambreen Hinjra,Verified,Due,Under Review,Due,65900000.0
15995,Mohsin Rizvi,DEMO-KPT-15995,House No. BDR-839,Street 5,FB Area,19,0,Plot,Mohsin Rizvi,Khalid Panhwar,Pending,Paid,Issue Found,Paid,58600000.0
3088,Hafeez Iqbal,DEMO-KPT-3088,House No. R-650,Street 8,FB Area,19,0,Plot,Hafeez Iqbal,Abeera Mohmand,Verified,Paid,Issue Found,Paid,58400000.0
12538,Hania Qureshi,DEMO-KPT-12538,House No. BB-884,Street 8,FB Area,19,0,Plot,Hania Qureshi,Nudrat Qadri,Verified,Paid,Issue Found,Paid,28200000.0
15988,Javed Niazi,DEMO-KPT-15988,House No. RCD-490,Street 8,FB Area,19,0,Plot,Javed Niazi,Anwar Sandhu,Pending,Paid,Issue Found,Due,75200000.0
6136,Waheed Qazi,DEMO-KPT-6136,House No. RB-843,Street 9,FB Area,19,0,Plot,Waheed Qazi,Humaira Zubairi,Pending,Paid,Clear,Paid,33600000.0
10990,Nageen Dar,DEMO-KPT-10990,House No. BD-323,Street 9,FB Area,19,0,Plot,Nageen Dar,Beenish Randhawa,Verified,Due,Under Review,Due,55600000.0
7727,Samad Cheena,DEMO-KPT-7727,House No. DD-441,Street 13,FB Area,19,0,Plot,Samad Cheena,Marium Saeed,Pending,Due,Under Review,Due,32100000.0
7739,Nida Mari,DEMO-KPT-7739,House No. RD-819,Street 14,FB Area,19,0,Plot,Nida Mari,Zia Palijo,Verified,Due,Under Review,Due,38200000.0
14237,Izhar Bhittani,DEMO-KPT-14237,House No. CDB-839,Street 14,FB Area,19,0,Plot,Izhar Bhittani,Zaynab Achakzai,Verified,Paid,Under Review,Due,75000000.0
3066,Amjad Farooqi,DEMO-KPT-3066,House No. B-830,Street 16,FB Area,19,0,Plot,Amjad Farooqi,Jabbar Hinjra,Litigated,Due,Issue Found,Due,60200000.0
10985,Zeeshan Zardari,DEMO-KPT-10985,House No. BR-827,Street 18,FB Area,19,0,Plot,Zeeshan Zardari,Rauf Shinwari,Pending,Due,Issue Found,Paid,74100000.0
9332,Najma Kiani,DEMO-KPT-9332,House No. RB-307,Street 22,FB Area,19,0,Plot,Najma Kiani,Nayab Bhurgri,Pending,Due,Issue Found,Paid,33000000.0
16000,Rukhsana Shah,DEMO-KPT-16000,House No. BRD-524,Street 27,FB Area,19,0,Plot,Rukhsana Shah,Anmol Sabri,Pending,Due,Clear,Paid,42800000.0
4663,Usman Cheema,DEMO-KPT-4663,House No. CC-524,Street 1,FB Area,20,0,Plot,Usman Cheema,Nailah Gakhar,Litigated,Paid,Clear,Paid,20300000.0
11060,Bareera Qureshi,DEMO-KPT-11060,House No. DC-556,Street 3,FB Area,20,0,Plot,Bareera Qureshi,Shahzadi Hoti,Pending,Due,Clear,Due,22300000.0
6217,Zaib Jogezai,DEMO-KPT-6217,House No. RD-697,Street 5,FB Area,20,0,Plot,Zaib Jogezai,Ghazala Farooqi,Pending,Paid,Clear,Paid,50500000.0
14317,Hashir Magsi,DEMO-KPT-14317,House No. DCB-849,Street 5,FB Area,20,0,Plot,Hashir Magsi,Danish Junejo,Pending,Paid,Clear,Paid,67400000.0
3094,Saleha Sadiq,DEMO-KPT-3094,House No. D-303,Street 7,FB Area,20,0,Plot,Saleha Sadiq,Siddique Hussain,Verified,Due,Under Review,Paid,75700000.0
9394,Hidayat Zafar,DEMO-KPT-9394,House No. BD-436,Street 7,FB Area,20,0,Plot,Hidayat Zafar,Wali Lari,Verified,Due,Under Review,Paid,63400000.0
7812,Aamir Ghazali,DEMO-KPT-7812,House No. DD-645,Street 9,FB Area,20,0,Plot,Aamir Ghazali,Salahuddin Rafique,Litigated,Due,Under Review,Due,74400000.0
7849,Armaghan Mian,DEMO-KPT-7849,House No. CD-522,Street 11,FB Area,20,0,Plot,Armaghan Mian,Saira Turk,Pending,Due,Issue Found,Due,58800000.0
7800,Noman Javed,DEMO-KPT-7800,House No. RB-400,Street 14,FB Area,20,0,Plot,Noman Javed,Rubina Pasha,Verified,Paid,Clear,Due,43500000.0
6218,Naveed Toor,DEMO-KPT-6218,House No. CR-659,Street 15,FB Area,20,0,Plot,Naveed Toor,Suleman Barakzai,Verified,Paid,Issue Found,Due,45300000.0
12651,Farheen Riaz,DEMO-KPT-12651,House No. BD-897,Street 16,FB Area,20,0,Plot,Farheen Riaz,Musa Tanoli,Pending,Paid,Under Review,Due,67100000.0
7781,Yameen Yousaf,DEMO-KPT-7781,House No. DC-433,Street 17,FB Area,20,0,Plot,Yameen Yousaf,Faisal Nasar,Litigated,Due,Clear,Due,55400000.0
6260,Nazia Umer,DEMO-KPT-6260,House No. CR-431,Street 18,FB Area,20,0,Plot,Nazia Umer,Naeem Yasin,Verified,Paid,Under Review,Paid,35800000.0
9341,Nida Hussain,DEMO-KPT-9341,House No. CC-379,Street 18,FB Area,20,0,Plot,Nida Hussain,Hadiqa Gondal,Verified,Due,Clear,Due,48200000.0
16091,Unaiza Hinjra,DEMO-KPT-16091,House No. CBD-398,Street 18,FB Area,20,0,Plot,Unaiza Hinjra,Marwa Barakzai,Verified,Due,Clear,Due,39300000.0
3114,Zahra Lughmani,DEMO-KPT-3114,House No. D-754,Street 27,FB Area,20,0,Plot,Zahra Lughmani,Samiya Alvi,Verified,Due,Issue Found,Paid,31500000.0
3126,Minhaj Baig,DEMO-KPT-3126,House No. R-877,Street 29,FB Area,20,0,Plot,Minhaj Baig,Jamila Haral,Pending,Due,Issue Found,Due,23200000.0
1452,Shahida Waheed,DEMO-KPT-1452,House No. A-350,Street 2,Gulistan-e-Johar,1,0,Plot,Shahida Waheed,Amber Mir,Litigated,Paid,Clear,Paid,66200000.0
11510,Ishaq Naseem,DEMO-KPT-11510,House No. CR-802,Street 3,Gulistan-e-Johar,1,0,Plot,Ishaq Naseem,Asra Mari,Pending,Due,Clear,Due,51500000.0
4745,Rizwan Bhatti,DEMO-KPT-4745,House No. BB-611,Street 5,Gulistan-e-Johar,1,0,Plot,Rizwan Bhatti,Ifrah Alvi,Pending,Paid,Issue Found,Paid,67400000.0
13295,Arooj Tunio,DEMO-KPT-13295,House No. BD-526,Street 5,Gulistan-e-Johar,1,0,Plot,Arooj Tunio,Muhammad Nasar,Pending,Paid,Issue Found,Paid,47100000.0
14956,Tauseef Ghaffar,DEMO-KPT-14956,House No. BDR-480,Street 6,Gulistan-e-Johar,1,0,Plot,Tauseef Ghaffar,Asifa Ranjha,Pending,Due,Issue Found,Paid,32200000.0
4796,Bilawal Qazi,DEMO-KPT-4796,House No. CD-691,Street 7,Gulistan-e-Johar,1,0,Plot,Bilawal Qazi,Vaqar Mazari,Pending,Due,Issue Found,Due,29200000.0
3025,Sidra Lodhi,DEMO-KPT-3025,House No. C-501,Street 8,Gulistan-e-Johar,1,0,Plot,Sidra Lodhi,Fiza Kamboh,Litigated,Paid,Under Review,Due,36100000.0
8102,Faizan Kharal,DEMO-KPT-8102,House No. DC-865,Street 13,Gulistan-e-Johar,1,0,Plot,Faizan Kharal,Qudrat Dar,Verified,Due,Clear,Paid,51100000.0
6450,Rida Marwat,DEMO-KPT-6450,House No. RC-441,Street 14,Gulistan-e-Johar,1,0,Plot,Rida Marwat,Furqan Rafique,Verified,Paid,Clear,Due,24100000.0
16739,Tayyeb Gakhar,DEMO-KPT-16739,House No. DCB-356,Street 14,Gulistan-e-Johar,1,0,Plot,Tayyeb Gakhar,Shahid Tanvir,Verified,Due,Under Review,Due,42000000.0
1481,Beenish Saif,DEMO-KPT-1481,House No. R-445,Street 17,Gulistan-e-Johar,1,0,Plot,Beenish Saif,Mahira Noor,Litigated,Due,Clear,Due,53500000.0
11533,Ruqayya Turk,DEMO-KPT-11533,House No. CC-516,Street 17,Gulistan-e-Johar,1,0,Plot,Ruqayya Turk,Hoorain Noor,Litigated,Paid,Issue Found,Due,35100000.0
9791,Wahab Hafeez,DEMO-KPT-9791,House No. DC-611,Street 18,Gulistan-e-Johar,1,0,Plot,Wahab Hafeez,Fiza Hussain,Verified,Due,Clear,Due,29300000.0
6429,Raheel Tiwana,DEMO-KPT-6429,House No. RD-609,Street 21,Gulistan-e-Johar,1,0,Plot,Raheel Tiwana,Sadaqat Junejo,Litigated,Due,Issue Found,Paid,45400000.0
1469,Husna Bettani,DEMO-KPT-1469,House No. C-481,Street 22,Gulistan-e-Johar,1,0,Plot,Husna Bettani,Aqsa Lak,Verified,Paid,Under Review,Due,56400000.0
8143,Rida Warraich,DEMO-KPT-8143,House No. RD-723,Street 25,Gulistan-e-Johar,1,0,Plot,Rida Warraich,Aun Rana,Pending,Due,Under Review,Paid,60500000.0
16621,Mehmood Saleem,DEMO-KPT-16621,House No. BDR-613,Street 28,Gulistan-e-Johar,1,0,Plot,Mehmood Saleem,Zuha Yousaf,Litigated,Due,Under Review,Due,72500000.0
1480,Khushbu Kharal,DEMO-KPT-1480,House No. B-491,Street 29,Gulistan-e-Johar,1,0,Plot,Khushbu Kharal,Sami Tarar,Litigated,Paid,Under Review,Due,25000000.0
6430,Nazia Bhurgri,DEMO-KPT-6430,House No. CD-701,Street 29,Gulistan-e-Johar,1,0,Plot,Nazia Bhurgri,Ayla Mahar,Litigated,Paid,Under Review,Due,50600000.0
8241,Mahjabeen Warsi,DEMO-KPT-8241,House No. RB-301,Street 3,Gulistan-e-Johar,2,0,Plot,Mahjabeen Warsi,Idrees Farooqi,Pending,Paid,Issue Found,Paid,46600000.0
16750,Ahtisham Usmani,DEMO-KPT-16750,House No. CBR-345,Street 4,Gulistan-e-Johar,2,0,Plot,Ahtisham Usmani,Zubaida Naqvi,Pending,Due,Under Review,Due,37800000.0
4831,Wasim Hayat,DEMO-KPT-4831,House No. BC-415,Street 5,Gulistan-e-Johar,2,0,Plot,Wasim Hayat,Fareeha Tunio,Verified,Due,Under Review,Due,23100000.0
11605,Nadia Lashari,DEMO-KPT-11605,House No. BR-753,Street 5,Gulistan-e-Johar,2,0,Plot,Nadia Lashari,Muneeb Khan,Pending,Paid,Issue Found,Due,61400000.0
11617,Haleema Zubairi,DEMO-KPT-11617,House No. BB-729,Street 5,Gulistan-e-Johar,2,0,Plot,Haleema Zubairi,Ghazanfar Panhwar,Pending,Paid,Clear,Paid,66300000.0
13381,Mustafa Naseem,DEMO-KPT-13381,House No. BB-849,Street 5,Gulistan-e-Johar,2,0,Plot,Mustafa Naseem,Mahnoor Wattoo,Verified,Due,Under Review,Due,76900000.0
15095,Yameen Rizvi,DEMO-KPT-15095,House No. RCB-803,Street 5,Gulistan-e-Johar,2,0,Plot,Yameen Rizvi,Ibrahim Dar,Pending,Paid,Issue Found,Paid,76300000.0
9844,Mahjabeen Shinwari,DEMO-KPT-9844,House No. BB-447,Street 7,Gulistan-e-Johar,2,0,Plot,Mahjabeen Shinwari,Zeeshan Pasha,Verified,Due,Under Review,Paid,45500000.0
13346,Ashar Sabri,DEMO-KPT-13346,House No. DD-558,Street 7,Gulistan-e-Johar,2,0,Plot,Ashar Sabri,Mateen Ahmed,Pending,Due,Issue Found,Due,29600000.0
9838,Maimoona Qureshi,DEMO-KPT-9838,House No. RB-447,Street 8,Gulistan-e-Johar,2,0,Plot,Maimoona Qureshi,Mahir Shafiq,Verified,Paid,Issue Found,Paid,67300000.0
15039,Fida Bashir,DEMO-KPT-15039,House No. RCD-667,Street 8,Gulistan-e-Johar,2,0,Plot,Fida Bashir,Yusra Khuhro,Pending,Paid,Under Review,Paid,30400000.0
15088,Yasir Kazmi,DEMO-KPT-15088,House No. CDR-348,Street 8,Gulistan-e-Johar,2,0,Plot,Yasir Kazmi,Nimra Khosa,Pending,Paid,Issue Found,Due,34300000.0
1578,Nigar Abbasi,DEMO-KPT-1578,House No. C-779,Street 11,Gulistan-e-Johar,2,0,Plot,Nigar Abbasi,Feroz Saleem,Verified,Paid,Issue Found,Paid,32400000.0
8189,Abid Dar,DEMO-KPT-8189,House No. BC-578,Street 14,Gulistan-e-Johar,2,0,Plot,Abid Dar,Hanzala Anwar,Verified,Due,Under Review,Due,21200000.0
15017,Nailah Ghazali,DEMO-KPT-15017,House No. RBD-620,Street 14,Gulistan-e-Johar,2,0,Plot,Nailah Ghazali,Nouman Pasha,Pending,Paid,Under Review,Due,26300000.0
4868,Ayaz Randhawa,DEMO-KPT-4868,House No. CR-731,Street 15,Gulistan-e-Johar,2,0,Plot,Ayaz Randhawa,Afshan Memon,Verified,Paid,Issue Found,Due,42700000.0
13418,Nudrat Qazi,DEMO-KPT-13418,House No. BC-738,Street 15,Gulistan-e-Johar,2,0,Plot,Nudrat Qazi,Nosheen Majeed,Verified,Paid,Issue Found,Due,33300000.0
13416,Maira Farooq,DEMO-KPT-13416,House No. RB-410,Street 16,Gulistan-e-Johar,2,0,Plot,Maira Farooq,Khizar Joiya,Litigated,Due,Issue Found,Due,40200000.0
16747,Aleeza Daudzai,DEMO-KPT-16747,House No. DCB-751,Street 17,Gulistan-e-Johar,2,0,Plot,Aleeza Daudzai,Nadia Wani,Litigated,Due,Issue Found,Due,61000000.0
3110,Arooj Qureshi,DEMO-KPT-3110,House No. R-665,Street 18,Gulistan-e-Johar,2,0,Plot,Arooj Qureshi,Ijaz Mir,Verified,Paid,Under Review,Paid,58100000.0
4841,Lina Bhittani,DEMO-KPT-4841,House No. CR-356,Street 18,Gulistan-e-Johar,2,0,Plot,Lina Bhittani,Rabia Bangash,Verified,Due,Clear,Due,28600000.0
11591,Waqas Bashir,DEMO-KPT-11591,House No. RD-319,Street 18,Gulistan-e-Johar,2,0,Plot,Waqas Bashir,Shamoon Sabri,Verified,Due,Clear,Due,79600000.0
16779,Feroz Ansari,DEMO-KPT-16779,House No. BRC-424,Street 21,Gulistan-e-Johar,2,0,Plot,Feroz Ansari,Nouman Sheikh,Litigated,Due,Issue Found,Paid,80000000.0
16769,Jahangir Jamal,DEMO-KPT-16769,House No. CBR-621,Street 22,Gulistan-e-Johar,2,0,Plot,Jahangir Jamal,Shakeel Bhittani,Verified,Paid,Under Review,Due,46500000.0
1600,Shahroz Farooq,DEMO-KPT-1600,House No. D-412,Street 27,Gulistan-e-Johar,2,0,Plot,Shahroz Farooq,Rafay Mazari,Pending,Due,Clear,Paid,27600000.0
3136,Mehak Tarar,DEMO-KPT-3136,House No. R-550,Street 27,Gulistan-e-Johar,2,0,Plot,Mehak Tarar,Shaheen Jafri,Pending,Paid,Issue Found,Paid,22200000.0
9800,Subhan Ijaz,DEMO-KPT-9800,House No. RD-438,Street 27,Gulistan-e-Johar,2,0,Plot,Subhan Ijaz,Neha Jaffri,Verified,Paid,Issue Found,Paid,26600000.0
6457,Sakina Hanif,DEMO-KPT-6457,House No. BD-889,Street 30,Gulistan-e-Johar,2,0,Plot,Sakina Hanif,Zubia Buriro,Pending,Paid,Clear,Due,40200000.0
9839,Hassan Unar,DEMO-KPT-9839,House No. CB-608,Street 30,Gulistan-e-Johar,2,0,Plot,Hassan Unar,Hidayat Rana,Litigated,Due,Issue Found,Paid,65400000.0
8274,Israr Mansoor,DEMO-KPT-8274,House No. DD-436,Street 2,Gulistan-e-Johar,3,0,Plot,Israr Mansoor,Nazia Zaidi,Verified,Paid,Clear,Paid,33100000.0
16824,Iqbal Jafri,DEMO-KPT-16824,House No. RDB-326,Street 2,Gulistan-e-Johar,3,0,Plot,Iqbal Jafri,Rafay Gill,Verified,Paid,Clear,Paid,29400000.0
1661,Zubaid Shafiq,DEMO-KPT-1661,House No. D-600,Street 3,Gulistan-e-Johar,3,0,Plot,Zubaid Shafiq,Zeshan Wani,Pending,Due,Issue Found,Paid,53900000.0
1636,Uroosa Lashari,DEMO-KPT-1636,House No. C-489,Street 9,Gulistan-e-Johar,3,0,Plot,Uroosa Lashari,Aqeel Awan,Pending,Paid,Clear,Paid,32500000.0
1642,Taimoor Bangash,DEMO-KPT-1642,House No. B-874,Street 12,Gulistan-e-Johar,3,0,Plot,Taimoor Bangash,Raheel Rajper,Litigated,Due,Clear,Paid,24300000.0
3152,Hussam Nasar,DEMO-KPT-3152,House No. R-426,Street 13,Gulistan-e-Johar,3,0,Plot,Hussam Nasar,Atiya Dawood,Verified,Due,Clear,Paid,67200000.0
9977,Ahtisham Ghani,DEMO-KPT-9977,House No. DC-671,Street 13,Gulistan-e-Johar,3,0,Plot,Ahtisham Ghani,Ishaq Haral,Pending,Due,Under Review,Due,25100000.0
1637,Mirza Laghari,DEMO-KPT-1637,House No. R-591,Street 14,Gulistan-e-Johar,3,0,Plot,Mirza Laghari,Atiya Mirza,Verified,Paid,Under Review,Due,37200000.0
4935,Zubia Minhas,DEMO-KPT-4935,House No. BB-497,Street 14,Gulistan-e-Johar,3,0,Plot,Zubia Minhas,Aneesa Dayo,Verified,Due,Issue Found,Paid,78700000.0
6587,Neha Abbasi,DEMO-KPT-6587,House No. CB-430,Street 14,Gulistan-e-Johar,3,0,Plot,Neha Abbasi,Nudrat Sahito,Verified,Paid,Under Review,Due,64300000.0
8369,Akbar Wattoo,DEMO-KPT-8369,House No. RR-370,Street 25,Gulistan-e-Johar,3,0,Plot,Akbar Wattoo,Sadaf Chattha,Verified,Due,Under Review,Due,60400000.0
9943,Rehman Hinjra,DEMO-KPT-9943,House No. BC-377,Street 25,Gulistan-e-Johar,3,0,Plot,Rehman Hinjra,Laila Sindhi,Pending,Due,Under Review,Paid,70800000.0
8350,Nayyar Mahsud,DEMO-KPT-8350,House No. BR-817,Street 27,Gulistan-e-Johar,3,0,Plot,Nayyar Mahsud,Ihsan Dogar,Pending,Due,Clear,Paid,23000000.0
16827,Asim Mari,DEMO-KPT-16827,House No. RDC-842,Street 28,Gulistan-e-Johar,3,0,Plot,Asim Mari,Hashim Marri,Verified,Paid,Under Review,Due,59100000.0
11676,Babar Hameed,DEMO-KPT-11676,House No. RC-729,Street 29,Gulistan-e-Johar,3,0,Plot,Babar Hameed,Nageen Hameed,Pending,Due,Issue Found,Due,63600000.0
4889,Maryam Saleem,DEMO-KPT-4889,House No. RR-773,Street 30,Gulistan-e-Johar,3,0,Plot,Maryam Saleem,Subhan Lughmani,Litigated,Due,Issue Found,Paid,37600000.0
5014,Rooman Lashari,DEMO-KPT-5014,House No. RC-580,Street 3,Gulistan-e-Johar,4,0,Plot,Rooman Lashari,Mahnaz Gakhar,Pending,Paid,Issue Found,Due,56200000.0
13564,Kaneez Dogar,DEMO-KPT-13564,House No. CBR-532,Street 3,Gulistan-e-Johar,4,0,Plot,Kaneez Dogar,Iram Parvez,Pending,Paid,Issue Found,Due,41900000.0
3340,Burhan Bugti,DEMO-KPT-3340,House No. C-376,Street 9,Gulistan-e-Johar,4,0,Plot,Burhan Bugti,Ayesha Tariq,Verified,Due,Under Review,Due,39100000.0
16878,Inshal Khalid,DEMO-KPT-16878,House No. BCR-575,Street 11,Gulistan-e-Johar,4,0,Plot,Inshal Khalid,Younas Qureshi,Verified,Paid,Issue Found,Paid,48100000.0
8387,Zia Soomro,DEMO-KPT-8387,House No. CC-882,Street 14,Gulistan-e-Johar,4,0,Plot,Zia Soomro,Haseeb Yazdani,Verified,Paid,Under Review,Due,48600000.0
10060,Maham Mir,DEMO-KPT-10060,House No. CC-300,Street 14,Gulistan-e-Johar,4,0,Plot,Maham Mir,Idrees Riaz,Litigated,Due,Issue Found,Paid,65600000.0
11850,Ifrah Shafi,DEMO-KPT-11850,House No. RB-308,Street 14,Gulistan-e-Johar,4,0,Plot,Ifrah Shafi,Majid Wani,Verified,Paid,Clear,Due,35200000.0
1718,Rubab Bhat,DEMO-KPT-1718,House No. R-434,Street 15,Gulistan-e-Johar,4,0,Plot,Rubab Bhat,Shehryar Mian,Verified,Paid,Issue Found,Due,23500000.0
11751,Qasim Kamboh,DEMO-KPT-11751,House No. BR-834,Street 16,Gulistan-e-Johar,4,0,Plot,Qasim Kamboh,Samiya Ijaz,Pending,Paid,Under Review,Due,45100000.0
13507,Rimsha Baloch,DEMO-KPT-13507,House No. CRD-723,Street 17,Gulistan-e-Johar,4,0,Plot,Rimsha Baloch,Lina Sipra,Pending,Due,Clear,Paid,50200000.0
16851,Fahim Imran,DEMO-KPT-16851,House No. RBC-504,Street 17,Gulistan-e-Johar,4,0,Plot,Fahim Imran,Kaneez Shinwari,Verified,Paid,Under Review,Paid,71000000.0
15191,Amara Niazi,DEMO-KPT-15191,House No. RCB-574,Street 18,Gulistan-e-Johar,4,0,Plot,Amara Niazi,Mehwish Mirza,Verified,Due,Clear,Due,62100000.0
8409,Zoya Shafiq,DEMO-KPT-8409,House No. BC-434,Street 19,Gulistan-e-Johar,4,0,Plot,Zoya Shafiq,Jamshed Gabol,Litigated,Due,Clear,Paid,76300000.0
3292,Furqan Anwar,DEMO-KPT-3292,House No. C-346,Street 20,Gulistan-e-Johar,4,0,Plot,Furqan Anwar,Benazir Abbasi,Litigated,Due,Clear,Paid,69000000.0
1682,Shahzadi Palijo,DEMO-KPT-1682,House No. R-373,Street 22,Gulistan-e-Johar,4,0,Plot,Shahzadi Palijo,Kinza Abbasi,Pending,Due,Issue Found,Paid,26200000.0
8432,Kamran Kazmi,DEMO-KPT-8432,House No. RR-892,Street 22,Gulistan-e-Johar,4,0,Plot,Kamran Kazmi,Asra Khalid,Pending,Due,Issue Found,Paid,28900000.0
13543,Shaista Zaidi,DEMO-KPT-13543,House No. DBC-599,Street 25,Gulistan-e-Johar,4,0,Plot,Shaista Zaidi,Luqmaan Mustafa,Pending,Due,Under Review,Paid,48600000.0
1724,Tabassum Sandhu,DEMO-KPT-1724,House No. C-893,Street 26,Gulistan-e-Johar,4,0,Plot,Tabassum Sandhu,Urooj Nasar,Litigated,Paid,Clear,Due,59200000.0
6674,Nighat Riaz,DEMO-KPT-6674,House No. DB-649,Street 26,Gulistan-e-Johar,4,0,Plot,Nighat Riaz,Furqan Abbasi,Litigated,Paid,Clear,Due,34000000.0
16876,Laila Qureshi,DEMO-KPT-16876,House No. DRC-723,Street 27,Gulistan-e-Johar,4,0,Plot,Laila Qureshi,Kanwal Jadoon,Litigated,Paid,Clear,Due,62900000.0
11830,Vaqar Rabbani,DEMO-KPT-11830,House No. DB-445,Street 29,Gulistan-e-Johar,4,0,Plot,Vaqar Rabbani,Abdullah Swati,Litigated,Paid,Under Review,Due,40400000.0
11910,Zamzam Wattoo,DEMO-KPT-11910,House No. RC-866,Street 1,Gulistan-e-Johar,5,0,Plot,Zamzam Wattoo,Awais Aslam,Verified,Due,Under Review,Paid,73800000.0
16910,Shan Kayani,DEMO-KPT-16910,House No. BCD-862,Street 3,Gulistan-e-Johar,5,0,Plot,Shan Kayani,Javeria Hussain,Pending,Due,Clear,Due,45500000.0
11886,Noaman Niazi,DEMO-KPT-11886,House No. CC-746,Street 7,Gulistan-e-Johar,5,0,Plot,Noaman Niazi,Emaan Saeed,Pending,Paid,Under Review,Paid,75600000.0
6688,Fabiha Qadri,DEMO-KPT-6688,House No. RD-548,Street 8,Gulistan-e-Johar,5,0,Plot,Fabiha Qadri,Marium Korai,Verified,Paid,Issue Found,Paid,21900000.0
11938,Akif Lone,DEMO-KPT-11938,House No. CD-833,Street 8,Gulistan-e-Johar,5,0,Plot,Akif Lone,Sonia Zardari,Pending,Paid,Issue Found,Due,59100000.0
11862,Adil Chaudhry,DEMO-KPT-11862,House No. DB-328,Street 9,Gulistan-e-Johar,5,0,Plot,Adil Chaudhry,Faisal Bhutto,Litigated,Due,Under Review,Due,56700000.0
11899,Rooman Lone,DEMO-KPT-11899,House No. CR-834,Street 11,Gulistan-e-Johar,5,0,Plot,Rooman Lone,Samiya Mian,Pending,Due,Issue Found,Due,69100000.0
6735,Firdous Lughmani,DEMO-KPT-6735,House No. BB-310,Street 14,Gulistan-e-Johar,5,0,Plot,Firdous Lughmani,Alizeh Chattha,Verified,Due,Issue Found,Paid,75700000.0
13589,Zohair Zardari,DEMO-KPT-13589,House No. BDC-650,Street 14,Gulistan-e-Johar,5,0,Plot,Zohair Zardari,Furqan Kalhoro,Verified,Due,Under Review,Due,69600000.0
15351,Kamil Chattha,DEMO-KPT-15351,House No. CRB-459,Street 16,Gulistan-e-Johar,5,0,Plot,Kamil Chattha,Sanam Kidwai,Pending,Paid,Under Review,Due,55200000.0
5081,Zakir Farooq,DEMO-KPT-5081,House No. DB-589,Street 17,Gulistan-e-Johar,5,0,Plot,Zakir Farooq,Hoorain Marri,Litigated,Due,Clear,Due,77900000.0
5049,Rakhshanda Samo,DEMO-KPT-5049,House No. BB-378,Street 20,Gulistan-e-Johar,5,0,Plot,Rakhshanda Samo,Usman Hameed,Verified,Due,Clear,Due,71400000.0
15269,Shahid Shinwari,DEMO-KPT-15269,House No. DRB-852,Street 20,Gulistan-e-Johar,5,0,Plot,Shahid Shinwari,Madiha Mahsud,Verified,Due,Clear,Paid,52900000.0
13586,Rehmat Nasar,DEMO-KPT-13586,House No. RCD-471,Street 21,Gulistan-e-Johar,5,0,Plot,Rehmat Nasar,Rooman Sahito,Verified,Due,Under Review,Due,59700000.0
3376,Mehreen Hinjra,DEMO-KPT-3376,House No. C-513,Street 27,Gulistan-e-Johar,5,0,Plot,Mehreen Hinjra,Aamir Mahesar,Litigated,Paid,Clear,Due,47600000.0
15286,Tahreem Minhas,DEMO-KPT-15286,House No. BCD-872,Street 27,Gulistan-e-Johar,5,0,Plot,Tahreem Minhas,Mahnoor Sohu,Pending,Paid,Issue Found,Paid,38400000.0
1739,Aryan Lone,DEMO-KPT-1739,House No. D-431,Street 30,Gulistan-e-Johar,5,0,Plot,Aryan Lone,Hina Janjua,Litigated,Due,Issue Found,Paid,22600000.0
13663,Saleha Javed,DEMO-KPT-13663,House No. RBC-551,Street 1,Gulistan-e-Johar,6,0,Plot,Saleha Javed,Zaheer Warsi,Litigated,Paid,Clear,Paid,52600000.0
10160,Aslam Khan,DEMO-KPT-10160,House No. BR-659,Street 3,Gulistan-e-Johar,6,0,Plot,Aslam Khan,Hammad Bhittani,Pending,Due,Clear,Due,42400000.0
11960,Abrar Samo,DEMO-KPT-11960,House No. CD-865,Street 3,Gulistan-e-Johar,6,0,Plot,Abrar Samo,Hania Yousafzai,Pending,Due,Clear,Due,23000000.0
16961,Umaima Ghaffar,DEMO-KPT-16961,House No. BCD-416,Street 3,Gulistan-e-Johar,6,0,Plot,Umaima Ghaffar,Ifrah Hoti,Pending,Due,Issue Found,Paid,48700000.0
15406,Naseer Shafi,DEMO-KPT-15406,House No. CBR-326,Street 6,Gulistan-e-Johar,6,0,Plot,Naseer Shafi,Mahnaz Ali,Pending,Due,Issue Found,Paid,25900000.0
13686,Bilal Hashmi,DEMO-KPT-13686,House No. RBD-541,Street 7,Gulistan-e-Johar,6,0,Plot,Bilal Hashmi,Ifrah Lone,Pending,Paid,Under Review,Paid,68300000.0
3538,Talal Pasha,DEMO-KPT-3538,House No. D-607,Street 8,Gulistan-e-Johar,6,0,Plot,Talal Pasha,Bilquis Latif,Verified,Paid,Issue Found,Paid,74200000.0
3436,Yusra Shafiq,DEMO-KPT-3436,House No. D-502,Street 9,Gulistan-e-Johar,6,0,Plot,Yusra Shafiq,Sajjad Jamali,Pending,Paid,Clear,Paid,56600000.0
5140,Manahil Tareen,DEMO-KPT-5140,House No. DC-506,Street 9,Gulistan-e-Johar,6,0,Plot,Manahil Tareen,Abrar Kalhoro,Verified,Due,Under Review,Due,79800000.0
10186,Aneela Buriro,DEMO-KPT-10186,House No. RD-799,Street 9,Gulistan-e-Johar,6,0,Plot,Aneela Buriro,Mirza Sadiq,Pending,Paid,Clear,Paid,43800000.0
5178,Aqeel Unar,DEMO-KPT-5178,House No. DB-701,Street 11,Gulistan-e-Johar,6,0,Plot,Aqeel Unar,Athar Majeed,Verified,Paid,Issue Found,Paid,36300000.0
6839,Mushtaq Tarar,DEMO-KPT-6839,House No. DC-653,Street 14,Gulistan-e-Johar,6,0,Plot,Mushtaq Tarar,Zunaira Buriro,Verified,Due,Under Review,Due,30200000.0
13640,Shazia Warraich,DEMO-KPT-13640,House No. CRD-852,Street 15,Gulistan-e-Johar,6,0,Plot,Shazia Warraich,Ismail Mohmand,Pending,Paid,Under Review,Due,45300000.0
15414,Sheeba Mahesar,DEMO-KPT-15414,House No. DBR-333,Street 15,Gulistan-e-Johar,6,0,Plot,Sheeba Mahesar,Bareera Jamali,Verified,Due,Issue Found,Paid,44600000.0
6830,Beenish Durrani,DEMO-KPT-6830,House No. RR-634,Street 17,Gulistan-e-Johar,6,0,Plot,Beenish Durrani,Burhan Sultan,Verified,Paid,Issue Found,Due,47200000.0
10241,Fareeha Nasar,DEMO-KPT-10241,House No. DB-826,Street 18,Gulistan-e-Johar,6,0,Plot,Fareeha Nasar,Aiman Butt,Verified,Due,Clear,Due,74600000.0
16982,Ghazanfar Awan,DEMO-KPT-16982,House No. CBD-503,Street 22,Gulistan-e-Johar,6,0,Plot,Ghazanfar Awan,Aisha Bilgrami,Pending,Due,Issue Found,Paid,25700000.0
1843,Imran Mahesar,DEMO-KPT-1843,House No. C-677,Street 25,Gulistan-e-Johar,6,0,Plot,Imran Mahesar,Sumayya Joiya,Pending,Due,Under Review,Paid,42400000.0
3524,Shafiq Gilani,DEMO-KPT-3524,House No. C-413,Street 26,Gulistan-e-Johar,6,0,Plot,Shafiq Gilani,Sara Yaqoob,Litigated,Paid,Clear,Due,78900000.0
5173,Marium Zia,DEMO-KPT-5173,House No. CD-895,Street 26,Gulistan-e-Johar,6,0,Plot,Marium Zia,Hafiz Swati,Pending,Due,Under Review,Due,59700000.0
6845,Fiza Kalhoro,DEMO-KPT-6845,House No. CD-743,Street 27,Gulistan-e-Johar,6,0,Plot,Fiza Kalhoro,Rizwaan Durrani,Pending,Due,Clear,Paid,56300000.0
10267,Obaid Saif,DEMO-KPT-10267,House No. BC-645,Street 5,Gulistan-e-Johar,7,0,Plot,Obaid Saif,Laila Bhat,Pending,Paid,Clear,Paid,37700000.0
10249,Iram Ghaffar,DEMO-KPT-10249,House No. CR-418,Street 6,Gulistan-e-Johar,7,0,Plot,Iram Ghaffar,Zubia Mian,Litigated,Due,Under Review,Due,38000000.0
12049,Arbaz Memon,DEMO-KPT-12049,House No. DD-582,Street 6,Gulistan-e-Johar,7,0,Plot,Arbaz Memon,Zawar Zia,Litigated,Due,Under Review,Due,44200000.0
15462,Shumaila Hinjra,DEMO-KPT-15462,House No. RDB-863,Street 9,Gulistan-e-Johar,7,0,Plot,Shumaila Hinjra,Unaiza Ghazali,Litigated,Due,Under Review,Due,52500000.0
15464,Ghazala Iqbal,DEMO-KPT-15464,House No. BRC-597,Street 10,Gulistan-e-Johar,7,0,Plot,Ghazala Iqbal,Zaynab Junejo,Pending,Paid,Issue Found,Paid,56700000.0
1877,Shafay Farooqi,DEMO-KPT-1877,House No. R-524,Street 13,Gulistan-e-Johar,7,0,Plot,Shafay Farooqi,Zuha Rind,Pending,Due,Under Review,Due,22800000.0
1950,Nabila Akhtar,DEMO-KPT-1950,House No. B-498,Street 14,Gulistan-e-Johar,7,0,Plot,Nabila Akhtar,Aleeza Qadir,Verified,Paid,Clear,Due,56000000.0
1897,Noreen Yaqoob,DEMO-KPT-1897,House No. C-476,Street 17,Gulistan-e-Johar,7,0,Plot,Noreen Yaqoob,Sadaf Rizvi,Litigated,Due,Issue Found,Due,78100000.0
1931,Yaqoob Kharal,DEMO-KPT-1931,House No. R-502,Street 17,Gulistan-e-Johar,7,0,Plot,Yaqoob Kharal,Parvez Kidwai,Litigated,Due,Clear,Due,77700000.0
6881,Aleena Zahid,DEMO-KPT-6881,House No. CB-361,Street 17,Gulistan-e-Johar,7,0,Plot,Aleena Zahid,Saqib Hayat,Litigated,Due,Clear,Due,34500000.0
1932,Mukarram Kalhoro,DEMO-KPT-1932,House No. R-701,Street 18,Gulistan-e-Johar,7,0,Plot,Mukarram Kalhoro,Unaiza Nadeem,Pending,Due,Issue Found,Paid,77600000.0
12119,Qasim Zaidi,DEMO-KPT-12119,House No. DR-581,Street 20,Gulistan-e-Johar,7,0,Plot,Qasim Zaidi,Rimsha Hoti,Verified,Due,Clear,Paid,39200000.0
6879,Asifa Sultan,DEMO-KPT-6879,House No. DR-820,Street 21,Gulistan-e-Johar,7,0,Plot,Asifa Sultan,Sitara Wattoo,Litigated,Due,Issue Found,Paid,70400000.0
8669,Shamim Peerzada,DEMO-KPT-8669,House No. BR-812,Street 22,Gulistan-e-Johar,7,0,Plot,Shamim Peerzada,Zara Minhas,Verified,Paid,Under Review,Due,75500000.0
3601,Tahir Wani,DEMO-KPT-3601,House No. C-809,Street 25,Gulistan-e-Johar,7,0,Plot,Tahir Wani,Atif Lughmani,Litigated,Paid,Clear,Due,51600000.0
10274,Ikhlaq Tanvir,DEMO-KPT-10274,House No. CB-580,Street 26,Gulistan-e-Johar,7,0,Plot,Ikhlaq Tanvir,Irtaza Umer,Litigated,Paid,Clear,Due,37900000.0
10250,Sabeen Gill,DEMO-KPT-10250,House No. DD-743,Street 27,Gulistan-e-Johar,7,0,Plot,Sabeen Gill,Mehreen Tiwana,Verified,Paid,Issue Found,Paid,70200000.0
6927,Tasneem Bangash,DEMO-KPT-6927,House No. BD-642,Street 28,Gulistan-e-Johar,7,0,Plot,Tasneem Bangash,Erum Qadri,Verified,Paid,Under Review,Due,23800000.0
5231,Rooman Pirzada,DEMO-KPT-5231,House No. BR-704,Street 29,Gulistan-e-Johar,7,0,Plot,Rooman Pirzada,Nabeel Zubairi,Pending,Due,Clear,Due,29200000.0
12126,Inshal Zafar,DEMO-KPT-12126,House No. BD-883,Street 29,Gulistan-e-Johar,7,0,Plot,Inshal Zafar,Hamid Mehmood,Pending,Due,Issue Found,Due,25700000.0
15457,Athar Randhawa,DEMO-KPT-15457,House No. BCD-706,Street 30,Gulistan-e-Johar,7,0,Plot,Athar Randhawa,Sabih Hoti,Pending,Paid,Clear,Due,43800000.0
1963,Alizeh Rizvi,DEMO-KPT-1963,House No. D-885,Street 1,Gulistan-e-Johar,8,0,Plot,Alizeh Rizvi,Tayyab Mirani,Litigated,Paid,Clear,Paid,42400000.0
7010,Haider Majeed,DEMO-KPT-7010,House No. BD-592,Street 3,Gulistan-e-Johar,8,0,Plot,Haider Majeed,Nighat Laghari,Pending,Due,Clear,Due,22000000.0
13867,Nihal Wattoo,DEMO-KPT-13867,House No. DBR-537,Street 5,Gulistan-e-Johar,8,0,Plot,Nihal Wattoo,Zohra Saif,Pending,Paid,Clear,Paid,73900000.0
1986,Haroon Sandhu,DEMO-KPT-1986,House No. B-573,Street 7,Gulistan-e-Johar,8,0,Plot,Haroon Sandhu,Zunaira Wani,Pending,Paid,Under Review,Paid,68900000.0
10317,Irum Rana,DEMO-KPT-10317,House No. DD-468,Street 7,Gulistan-e-Johar,8,0,Plot,Irum Rana,Ayeza Sardar,Verified,Due,Clear,Due,20000000.0
15538,Afzal Swati,DEMO-KPT-15538,House No. CRB-773,Street 8,Gulistan-e-Johar,8,0,Plot,Afzal Swati,Sadia Majeed,Pending,Paid,Issue Found,Due,53900000.0
12227,Hoor Dawood,DEMO-KPT-12227,House No. DR-527,Street 13,Gulistan-e-Johar,8,0,Plot,Hoor Dawood,Fakhar Sadiq,Pending,Due,Under Review,Due,40600000.0
1960,Nida Hanif,DEMO-KPT-1960,House No. R-885,Street 14,Gulistan-e-Johar,8,0,Plot,Nida Hanif,Samra Shakir,Litigated,Due,Issue Found,Paid,33300000.0
1967,Nabeeha Warraich,DEMO-KPT-1967,House No. B-309,Street 14,Gulistan-e-Johar,8,0,Plot,Nabeeha Warraich,Momina Bugti,Pending,Paid,Under Review,Due,54800000.0
8700,Bilquis Yasin,DEMO-KPT-8700,House No. BR-542,Street 14,Gulistan-e-Johar,8,0,Plot,Bilquis Yasin,Nasrullah Panezai,Verified,Paid,Clear,Due,38100000.0
12201,Farheen Alvi,DEMO-KPT-12201,House No. CC-453,Street 16,Gulistan-e-Johar,8,0,Plot,Farheen Alvi,Bilawal Popalzai,Pending,Paid,Under Review,Due,53100000.0
8692,Tasneem Hashmi,DEMO-KPT-8692,House No. BC-466,Street 20,Gulistan-e-Johar,8,0,Plot,Tasneem Hashmi,Shahzad Niazi,Litigated,Due,Clear,Paid,26000000.0
12249,Beenish Anwar,DEMO-KPT-12249,House No. DD-429,Street 20,Gulistan-e-Johar,8,0,Plot,Beenish Anwar,Ahmed Kayani,Verified,Due,Clear,Due,22200000.0
5401,Bilal Dogar,DEMO-KPT-5401,House No. BC-301,Street 25,Gulistan-e-Johar,8,0,Plot,Bilal Dogar,Arfa Pasha,Litigated,Paid,Clear,Due,35100000.0
5324,Saba Marwat,DEMO-KPT-5324,House No. RD-698,Street 26,Gulistan-e-Johar,8,0,Plot,Saba Marwat,Husna Memon,Litigated,Paid,Clear,Due,80000000.0
8773,Laila Mangi,DEMO-KPT-8773,House No. BB-697,Street 26,Gulistan-e-Johar,8,0,Plot,Laila Mangi,Salma Ali,Pending,Due,Under Review,Due,34500000.0
6976,Hafiz Lari,DEMO-KPT-6976,House No. RC-326,Street 27,Gulistan-e-Johar,8,0,Plot,Hafiz Lari,Maham Mengal,Litigated,Paid,Clear,Due,31300000.0
5339,Aqsa Chaudhry,DEMO-KPT-5339,House No. RB-404,Street 30,Gulistan-e-Johar,8,0,Plot,Aqsa Chaudhry,Misbah Tiwana,Litigated,Due,Issue Found,Paid,73800000.0
13889,Zubia Bhat,DEMO-KPT-13889,House No. RDC-387,Street 30,Gulistan-e-Johar,8,0,Plot,Zubia Bhat,Arslan Talpur,Litigated,Due,Issue Found,Paid,57300000.0
3741,Shabana Randhawa,DEMO-KPT-3741,House No. D-368,Street 3,Gulistan-e-Johar,9,0,Plot,Shabana Randhawa,Jawad Baig,Pending,Paid,Issue Found,Paid,27400000.0
10491,Aneela Zardari,DEMO-KPT-10491,House No. CC-558,Street 3,Gulistan-e-Johar,9,0,Plot,Aneela Zardari,Naureen Hinjra,Pending,Paid,Issue Found,Paid,58200000.0
15631,Zayan Pasha,DEMO-KPT-15631,House No. CBD-520,Street 5,Gulistan-e-Johar,9,0,Plot,Zayan Pasha,Nazia Ghaffar,Verified,Due,Under Review,Due,60500000.0
15649,Mina Talpur,DEMO-KPT-15649,House No. BRD-311,Street 6,Gulistan-e-Johar,9,0,Plot,Mina Talpur,Dilawar Javed,Litigated,Due,Under Review,Due,80000000.0
8846,Feroz Mangi,DEMO-KPT-8846,House No. CR-636,Street 7,Gulistan-e-Johar,9,0,Plot,Feroz Mangi,Shahzadi Kamal,Pending,Due,Issue Found,Due,30300000.0
10475,Masood Ghauri,DEMO-KPT-10475,House No. CC-385,Street 9,Gulistan-e-Johar,9,0,Plot,Masood Ghauri,Malaika Majeed,Pending,Paid,Under Review,Paid,54400000.0
12275,Azka Lughmani,DEMO-KPT-12275,House No. RR-862,Street 9,Gulistan-e-Johar,9,0,Plot,Azka Lughmani,Laraib Khokhar,Pending,Paid,Under Review,Paid,50900000.0
3764,Alizeh Mirza,DEMO-KPT-3764,House No. C-459,Street 10,Gulistan-e-Johar,9,0,Plot,Alizeh Mirza,Ismail Niazi,Pending,Paid,Issue Found,Paid,53000000.0
3716,Yousaf Panezai,DEMO-KPT-3716,House No. R-592,Street 13,Gulistan-e-Johar,9,0,Plot,Yousaf Panezai,Muneeba Yaqoob,Pending,Paid,Clear,Paid,33900000.0
12266,Naureen Lari,DEMO-KPT-12266,House No. CB-522,Street 13,Gulistan-e-Johar,9,0,Plot,Naureen Lari,Sumaira Rizvi,Pending,Paid,Clear,Paid,36100000.0
3750,Jazib Junejo,DEMO-KPT-3750,House No. B-379,Street 14,Gulistan-e-Johar,9,0,Plot,Jazib Junejo,Imad Waheed,Verified,Paid,Clear,Due,64700000.0
7037,Husna Usmani,DEMO-KPT-7037,House No. DC-893,Street 14,Gulistan-e-Johar,9,0,Plot,Husna Usmani,Zakariya Virk,Verified,Paid,Under Review,Due,69800000.0
10447,Ruqayya Rind,DEMO-KPT-10447,House No. DR-303,Street 17,Gulistan-e-Johar,9,0,Plot,Ruqayya Rind,Hafsa Khattak,Litigated,Due,Issue Found,Due,52400000.0
3732,Tabish Joiya,DEMO-KPT-3732,House No. D-694,Street 18,Gulistan-e-Johar,9,0,Plot,Tabish Joiya,Laiba Bashir,Pending,Due,Issue Found,Paid,37800000.0
10482,Azka Hayat,DEMO-KPT-10482,House No. DR-311,Street 18,Gulistan-e-Johar,9,0,Plot,Azka Hayat,Khushbu Dar,Pending,Due,Issue Found,Paid,77500000.0
2063,Sadaf Dahri,DEMO-KPT-2063,House No. B-461,Street 19,Gulistan-e-Johar,9,0,Plot,Sadaf Dahri,Rahila Imran,Pending,Paid,Issue Found,Paid,56500000.0
2050,Iffat Achakzai,DEMO-KPT-2050,House No. C-847,Street 27,Gulistan-e-Johar,9,0,Plot,Iffat Achakzai,Idrees Tarar,Pending,Due,Clear,Paid,42800000.0
13914,Asra Alvi,DEMO-KPT-13914,House No. CBR-565,Street 27,Gulistan-e-Johar,9,0,Plot,Asra Alvi,Misbah Parvez,Verified,Due,Issue Found,Paid,37900000.0
13936,Khansa Kamboh,DEMO-KPT-13936,House No. DBC-512,Street 27,Gulistan-e-Johar,9,0,Plot,Khansa Kamboh,Fabiha Jaffri,Pending,Paid,Issue Found,Paid,58700000.0
12410,Alamgir Swati,DEMO-KPT-12410,House No. BB-563,Street 3,Gulistan-e-Johar,10,0,Plot,Alamgir Swati,Nigar Shakir,Pending,Due,Clear,Due,51400000.0
8905,Shumaila Abro,DEMO-KPT-8905,House No. BD-492,Street 5,Gulistan-e-Johar,10,0,Plot,Shumaila Abro,Muhammad Ghaffar,Pending,Paid,Issue Found,Due,50100000.0
3786,Pervaiz Rana,DEMO-KPT-3786,House No. B-672,Street 7,Gulistan-e-Johar,10,0,Plot,Pervaiz Rana,Anas Shah,Pending,Paid,Under Review,Paid,33000000.0
3789,Nayab Sabri,DEMO-KPT-3789,House No. D-558,Street 8,Gulistan-e-Johar,10,0,Plot,Nayab Sabri,Rayyan Mirani,Pending,Paid,Under Review,Paid,38100000.0
10588,Suleman Ilyas,DEMO-KPT-10588,House No. DC-502,Street 8,Gulistan-e-Johar,10,0,Plot,Suleman Ilyas,Noshaba Raza,Pending,Paid,Issue Found,Due,20100000.0
3790,Inaya Siddiqui,DEMO-KPT-3790,House No. R-793,Street 9,Gulistan-e-Johar,10,0,Plot,Inaya Siddiqui,Tamkeen Farooq,Verified,Due,Under Review,Due,78600000.0
5516,Mirza Mahar,DEMO-KPT-5516,House No. CC-769,Street 13,Gulistan-e-Johar,10,0,Plot,Mirza Mahar,Nasrullah Laghari,Pending,Paid,Clear,Paid,60000000.0
3767,Wania Daudzai,DEMO-KPT-3767,House No. C-354,Street 14,Gulistan-e-Johar,10,0,Plot,Wania Daudzai,Amara Ansari,Pending,Paid,Under Review,Due,78100000.0
5514,Hania Bilgrami,DEMO-KPT-5514,House No. CD-788,Street 15,Gulistan-e-Johar,10,0,Plot,Hania Bilgrami,Siddique Akhtar,Verified,Due,Issue Found,Paid,23300000.0
2083,Irtaza Wattoo,DEMO-KPT-2083,House No. D-326,Street 17,Gulistan-e-Johar,10,0,Plot,Irtaza Wattoo,Tahreem Randhawa,Litigated,Paid,Issue Found,Due,38600000.0
3816,Ayla Ranjha,DEMO-KPT-3816,House No. C-385,Street 19,Gulistan-e-Johar,10,0,Plot,Ayla Ranjha,Arham Hafeez,Verified,Due,Clear,Paid,52500000.0
15719,Lamia Farooqi,DEMO-KPT-15719,House No. DCR-394,Street 20,Gulistan-e-Johar,10,0,Plot,Lamia Farooqi,Waleed Pasha,Verified,Due,Clear,Paid,42600000.0
5529,Zubair Shah,DEMO-KPT-5529,House No. DD-312,Street 21,Gulistan-e-Johar,10,0,Plot,Zubair Shah,Marium Tariq,Litigated,Due,Issue Found,Paid,77900000.0
12373,Zakir Janjua,DEMO-KPT-12373,House No. CC-677,Street 26,Gulistan-e-Johar,10,0,Plot,Zakir Janjua,Hussam Zubairi,Pending,Due,Under Review,Due,30600000.0
10507,Sabir Lone,DEMO-KPT-10507,House No. DR-710,Street 30,Gulistan-e-Johar,10,0,Plot,Sabir Lone,Arsalan Bilgrami,Pending,Paid,Clear,Due,70800000.0
14091,Ifrah Lakhani,DEMO-KPT-14091,House No. RCB-850,Street 3,Gulistan-e-Johar,11,0,Plot,Ifrah Lakhani,Zaib Qadri,Pending,Paid,Issue Found,Paid,34400000.0
3828,Ubaid Unar,DEMO-KPT-3828,House No. R-768,Street 11,Gulistan-e-Johar,11,0,Plot,Ubaid Unar,Mina Buriro,Verified,Paid,Issue Found,Paid,53900000.0
5599,Emaan Junejo,DEMO-KPT-5599,House No. DD-819,Street 11,Gulistan-e-Johar,11,0,Plot,Emaan Junejo,Nayab Soomro,Pending,Due,Issue Found,Due,27900000.0
12437,Adeel Swati,DEMO-KPT-12437,House No. BR-674,Street 14,Gulistan-e-Johar,11,0,Plot,Adeel Swati,Faizan Daudzai,Verified,Paid,Under Review,Due,44300000.0
14110,Mirza Rajput,DEMO-KPT-14110,House No. RBC-575,Street 14,Gulistan-e-Johar,11,0,Plot,Mirza Rajput,Mehreen Sial,Litigated,Due,Issue Found,Paid,55500000.0
10718,Warda Kiani,DEMO-KPT-10718,House No. CR-347,Street 15,Gulistan-e-Johar,11,0,Plot,Warda Kiani,Rukhsana Ranjha,Verified,Paid,Issue Found,Due,52700000.0
2166,Nouman Panezai,DEMO-KPT-2166,House No. D-825,Street 16,Gulistan-e-Johar,11,0,Plot,Nouman Panezai,Masood Zahid,Litigated,Due,Issue Found,Due,37100000.0
10716,Ashar Sial,DEMO-KPT-10716,House No. DB-760,Street 16,Gulistan-e-Johar,11,0,Plot,Ashar Sial,Imran Latif,Litigated,Due,Issue Found,Due,29000000.0
15830,Hussain Farooq,DEMO-KPT-15830,House No. CBD-643,Street 17,Gulistan-e-Johar,11,0,Plot,Hussain Farooq,Sehrish Sultan,Verified,Paid,Issue Found,Due,54300000.0
2210,Subhan Ghumman,DEMO-KPT-2210,House No. D-697,Street 18,Gulistan-e-Johar,11,0,Plot,Subhan Ghumman,Aleeza Ranjha,Verified,Paid,Under Review,Paid,65700000.0
10691,Imad Bhurgri,DEMO-KPT-10691,House No. BR-313,Street 18,Gulistan-e-Johar,11,0,Plot,Imad Bhurgri,Ayla Gill,Verified,Due,Clear,Due,21100000.0
15836,Ishaq Lodhi,DEMO-KPT-15836,House No. CDB-853,Street 21,Gulistan-e-Johar,11,0,Plot,Ishaq Lodhi,Iqbal Afridi,Verified,Due,Under Review,Due,47100000.0
9001,Tahmina Mughal,DEMO-KPT-9001,House No. RD-605,Street 25,Gulistan-e-Johar,11,0,Plot,Tahmina Mughal,Arbaz Lak,Litigated,Paid,Clear,Due,41400000.0
7363,Shamim Tanoli,DEMO-KPT-7363,House No. RD-869,Street 1,Gulistan-e-Johar,12,0,Plot,Shamim Tanoli,Fariha Khattak,Litigated,Paid,Clear,Paid,45500000.0
9100,Khansa Gondal,DEMO-KPT-9100,House No. RR-534,Street 4,Gulistan-e-Johar,12,0,Plot,Khansa Gondal,Arsalan Hanif,Pending,Due,Under Review,Due,26900000.0
15850,Aziz Ghauri,DEMO-KPT-15850,House No. RDC-445,Street 4,Gulistan-e-Johar,12,0,Plot,Aziz Ghauri,Uroosa Mengal,Pending,Due,Under Review,Due,55800000.0
14195,Sidra Shakir,DEMO-KPT-14195,House No. RCB-860,Street 5,Gulistan-e-Johar,12,0,Plot,Sidra Shakir,Sikandar Hameed,Pending,Paid,Issue Found,Paid,46200000.0
7325,Waqas Shinwari,DEMO-KPT-7325,House No. DR-688,Street 9,Gulistan-e-Johar,12,0,Plot,Waqas Shinwari,Younas Randhawa,Pending,Paid,Under Review,Paid,31000000.0
15875,Amara Rind,DEMO-KPT-15875,House No. RDB-832,Street 9,Gulistan-e-Johar,12,0,Plot,Amara Rind,Ishaq Jamali,Pending,Paid,Under Review,Paid,20100000.0
3968,Shagufta Turk,DEMO-KPT-3968,House No. BC-549,Street 15,Gulistan-e-Johar,12,0,Plot,Shagufta Turk,Samina Akhtar,Verified,Paid,Issue Found,Due,24900000.0
7365,Suleman Gakhar,DEMO-KPT-7365,House No. RC-428,Street 16,Gulistan-e-Johar,12,0,Plot,Suleman Gakhar,Malaika Sohu,Litigated,Due,Issue Found,Due,59500000.0
15915,Mubeen Virk,DEMO-KPT-15915,House No. BDR-534,Street 16,Gulistan-e-Johar,12,0,Plot,Mubeen Virk,Ghulam Lone,Litigated,Due,Issue Found,Due,64800000.0
14233,Shehzad Lashari,DEMO-KPT-14233,House No. RDB-342,Street 17,Gulistan-e-Johar,12,0,Plot,Shehzad Lashari,Naveed Tahir,Litigated,Paid,Issue Found,Due,62900000.0
7318,Mohsin Sandhu,DEMO-KPT-7318,House No. RD-459,Street 29,Gulistan-e-Johar,12,0,Plot,Mohsin Sandhu,Haseeb Ghazali,Litigated,Paid,Issue Found,Paid,37000000.0
12539,Abeera Bangash,DEMO-KPT-12539,House No. BC-303,Street 30,Gulistan-e-Johar,12,0,Plot,Abeera Bangash,Moeen Barakzai,Litigated,Due,Issue Found,Paid,62300000.0
12702,Tahmina Bhatti,DEMO-KPT-12702,House No. RC-390,Street 2,Gulistan-e-Johar,13,0,Plot,Tahmina Bhatti,Zeeshan Kazmi,Litigated,Paid,Clear,Paid,70400000.0
9141,Tayyeb Mughal,DEMO-KPT-9141,House No. CR-341,Street 3,Gulistan-e-Johar,13,0,Plot,Tayyeb Mughal,Subhan Sipra,Pending,Paid,Issue Found,Paid,58700000.0
2350,Sania Pasha,DEMO-KPT-2350,House No. D-589,Street 4,Gulistan-e-Johar,13,0,Plot,Sania Pasha,Mubeen Shafi,Pending,Due,Under Review,Due,55900000.0
5767,Fahad Memon,DEMO-KPT-5767,House No. BD-855,Street 5,Gulistan-e-Johar,13,0,Plot,Fahad Memon,Hassan Qazi,Pending,Paid,Clear,Paid,75900000.0
7389,Moiz Jogezai,DEMO-KPT-7389,House No. BR-733,Street 8,Gulistan-e-Johar,13,0,Plot,Moiz Jogezai,Akram Hinjra,Pending,Paid,Under Review,Paid,58400000.0
9125,Salma Lakhani,DEMO-KPT-9125,House No. CD-839,Street 9,Gulistan-e-Johar,13,0,Plot,Salma Lakhani,Mina Khalid,Pending,Paid,Under Review,Paid,30300000.0
12626,Masood Wazir,DEMO-KPT-12626,House No. DR-863,Street 11,Gulistan-e-Johar,13,0,Plot,Masood Wazir,Haseeb Khan,Verified,Due,Issue Found,Due,69000000.0
15949,Muzammil Tiwana,DEMO-KPT-15949,House No. CRD-802,Street 11,Gulistan-e-Johar,13,0,Plot,Muzammil Tiwana,Shahbaz Mahar,Pending,Due,Issue Found,Due,79100000.0
2327,Rafia Bashir,DEMO-KPT-2327,House No. R-327,Street 13,Gulistan-e-Johar,13,0,Plot,Rafia Bashir,Maira Kamboh,Pending,Due,Under Review,Due,43000000.0
9150,Danish Khalid,DEMO-KPT-9150,House No. CD-583,Street 14,Gulistan-e-Johar,13,0,Plot,Danish Khalid,Zubair Unar,Verified,Paid,Clear,Due,36600000.0
10880,Saeeda Raza,DEMO-KPT-10880,House No. RR-519,Street 17,Gulistan-e-Johar,13,0,Plot,Saeeda Raza,Bisma Shakeel,Verified,Paid,Issue Found,Due,66200000.0
12680,Shan Daudzai,DEMO-KPT-12680,House No. RB-302,Street 17,Gulistan-e-Johar,13,0,Plot,Shan Daudzai,Samiya Shakeel,Verified,Paid,Issue Found,Due,27500000.0
14291,Zakariya Haral,DEMO-KPT-14291,House No. BRD-545,Street 18,Gulistan-e-Johar,13,0,Plot,Zakariya Haral,Eman Iqbal,Verified,Due,Clear,Due,23400000.0
14259,Naseer Latif,DEMO-KPT-14259,House No. BRD-720,Street 19,Gulistan-e-Johar,13,0,Plot,Naseer Latif,Fauzia Hanif,Litigated,Due,Clear,Paid,50100000.0
4019,Masood Durrani,DEMO-KPT-4019,House No. DC-577,Street 20,Gulistan-e-Johar,13,0,Plot,Masood Durrani,Tanzeela Wattoo,Verified,Due,Clear,Paid,22000000.0
5824,Anam Aslam,DEMO-KPT-5824,House No. DB-700,Street 20,Gulistan-e-Johar,13,0,Plot,Anam Aslam,Sikandar Mirza,Pending,Due,Clear,Paid,52600000.0
9142,Waqas Ranjha,DEMO-KPT-9142,House No. DC-815,Street 20,Gulistan-e-Johar,13,0,Plot,Waqas Ranjha,Zainab Siddiqui,Litigated,Due,Clear,Paid,46700000.0
7377,Farah Malik,DEMO-KPT-7377,House No. RR-543,Street 28,Gulistan-e-Johar,13,0,Plot,Farah Malik,Naeem Dawood,Verified,Paid,Under Review,Due,30700000.0
15927,Samina Bhurgri,DEMO-KPT-15927,House No. BRD-470,Street 28,Gulistan-e-Johar,13,0,Plot,Samina Bhurgri,Sehrish Hashmi,Verified,Paid,Under Review,Due,27500000.0
3989,Sadaqat Mirza,DEMO-KPT-3989,House No. BC-443,Street 30,Gulistan-e-Johar,13,0,Plot,Sadaqat Mirza,Humayun Ghaffar,Litigated,Due,Issue Found,Paid,55000000.0
7567,Zulekha Shafiq,DEMO-KPT-7567,House No. CR-779,Street 5,Gulistan-e-Johar,14,0,Plot,Zulekha Shafiq,Feroz Orakzai,Pending,Paid,Clear,Paid,37400000.0
2356,Nauman Ilyas,DEMO-KPT-2356,House No. R-420,Street 6,Gulistan-e-Johar,14,0,Plot,Nauman Ilyas,Jamshed Nasar,Pending,Due,Issue Found,Paid,58400000.0
16046,Rehana Panezai,DEMO-KPT-16046,House No. CRB-617,Street 7,Gulistan-e-Johar,14,0,Plot,Rehana Panezai,Arslan Ranjha,Pending,Due,Issue Found,Due,36400000.0
4076,Saleha Afridi,DEMO-KPT-4076,House No. DB-513,Street 11,Gulistan-e-Johar,14,0,Plot,Saleha Afridi,Azeem Hussain,Verified,Due,Issue Found,Due,27600000.0
9199,Uzma Rajput,DEMO-KPT-9199,House No. RD-595,Street 11,Gulistan-e-Johar,14,0,Plot,Uzma Rajput,Liaquat Raza,Pending,Due,Issue Found,Due,76000000.0
14426,Adeel Sabri,DEMO-KPT-14426,House No. CBD-704,Street 11,Gulistan-e-Johar,14,0,Plot,Adeel Sabri,Sidrah Jamali,Verified,Due,Issue Found,Due,29500000.0
10916,Sana Mir,DEMO-KPT-10916,House No. BC-637,Street 13,Gulistan-e-Johar,14,0,Plot,Sana Mir,Haseeb Sadiq,Pending,Paid,Clear,Paid,54600000.0
2410,Zahra Noor,DEMO-KPT-2410,House No. C-871,Street 14,Gulistan-e-Johar,14,0,Plot,Zahra Noor,Mahira Mirza,Litigated,Due,Issue Found,Paid,69400000.0
12767,Moiz Butt,DEMO-KPT-12767,House No. RR-723,Street 14,Gulistan-e-Johar,14,0,Plot,Moiz Butt,Noor Rafique,Pending,Paid,Under Review,Due,23100000.0
14385,Zulfiqar Hameed,DEMO-KPT-14385,House No. BRC-845,Street 14,Gulistan-e-Johar,14,0,Plot,Zulfiqar Hameed,Danish Awan,Verified,Due,Issue Found,Paid,64100000.0
10940,Azan Sipra,DEMO-KPT-10940,House No. DR-865,Street 15,Gulistan-e-Johar,14,0,Plot,Azan Sipra,Masood Jamal,Pending,Paid,Under Review,Due,36800000.0
12714,Zakariya Wani,DEMO-KPT-12714,House No. BR-389,Street 15,Gulistan-e-Johar,14,0,Plot,Zakariya Wani,Zaib Waheed,Verified,Due,Issue Found,Paid,64400000.0
12731,Maham Gakhar,DEMO-KPT-12731,House No. BB-699,Street 17,Gulistan-e-Johar,14,0,Plot,Maham Gakhar,Mahjabeen Ansari,Litigated,Due,Clear,Due,36000000.0
2392,Sharmeen Swati,DEMO-KPT-2392,House No. B-651,Street 20,Gulistan-e-Johar,14,0,Plot,Sharmeen Swati,Bareera Anwar,Litigated,Due,Clear,Paid,25400000.0
10899,Ayan Mirza,DEMO-KPT-10899,House No. CD-445,Street 20,Gulistan-e-Johar,14,0,Plot,Ayan Mirza,Afreen Mehmood,Verified,Due,Clear,Due,30300000.0
10929,Tabassum Shinwari,DEMO-KPT-10929,House No. BD-743,Street 21,Gulistan-e-Johar,14,0,Plot,Tabassum Shinwari,Neelam Zubair,Litigated,Due,Issue Found,Paid,53900000.0
7532,Rubab Bukhari,DEMO-KPT-7532,House No. RB-820,Street 22,Gulistan-e-Johar,14,0,Plot,Rubab Bukhari,Ayesha Anwar,Pending,Due,Issue Found,Paid,41000000.0
15973,Kanwar Daudzai,DEMO-KPT-15973,House No. DCR-818,Street 26,Gulistan-e-Johar,14,0,Plot,Kanwar Daudzai,Ihtisham Mengal,Pending,Due,Under Review,Due,39400000.0
15997,Rameez Panezai,DEMO-KPT-15997,House No. BCD-503,Street 26,Gulistan-e-Johar,14,0,Plot,Rameez Panezai,Luqman Janjua,Litigated,Paid,Under Review,Due,61900000.0
12718,Jamila Abbasi,DEMO-KPT-12718,House No. BR-426,Street 29,Gulistan-e-Johar,14,0,Plot,Jamila Abbasi,Marwa Cheena,Litigated,Paid,Issue Found,Paid,76700000.0
2460,Isha Jaffri,DEMO-KPT-2460,House No. C-828,Street 1,Gulistan-e-Johar,15,0,Plot,Isha Jaffri,Shees Bijarani,Verified,Due,Under Review,Paid,75300000.0
10974,Fasih Bhat,DEMO-KPT-10974,House No. CR-738,Street 2,Gulistan-e-Johar,15,0,Plot,Fasih Bhat,Aneeqa Samo,Verified,Paid,Clear,Paid,47100000.0
10995,Shees Ghazali,DEMO-KPT-10995,House No. DC-741,Street 2,Gulistan-e-Johar,15,0,Plot,Shees Ghazali,Aneesa Gandapur,Verified,Paid,Clear,Paid,48800000.0
14502,Zaynab Qadir,DEMO-KPT-14502,House No. RCD-789,Street 2,Gulistan-e-Johar,15,0,Plot,Zaynab Qadir,Farheen Baig,Litigated,Paid,Clear,Paid,50400000.0
9311,Arbaz Qadri,DEMO-KPT-9311,House No. RC-624,Street 3,Gulistan-e-Johar,15,0,Plot,Arbaz Qadri,Sabih Dahri,Pending,Due,Issue Found,Paid,44300000.0
4150,Nadeem Gilani,DEMO-KPT-4150,House No. RD-821,Street 4,Gulistan-e-Johar,15,0,Plot,Nadeem Gilani,Sania Panezai,Pending,Due,Under Review,Due,29800000.0
11045,Mehreen Usmani,DEMO-KPT-11045,House No. DD-422,Street 5,Gulistan-e-Johar,15,0,Plot,Mehreen Usmani,Sadiq Wazir,Pending,Paid,Issue Found,Paid,25000000.0
14506,Rehmat Afridi,DEMO-KPT-14506,House No. RBD-699,Street 6,Gulistan-e-Johar,15,0,Plot,Rehmat Afridi,Saba Parvez,Pending,Due,Issue Found,Paid,60200000.0
12838,Maryum Tahir,DEMO-KPT-12838,House No. DR-389,Street 8,Gulistan-e-Johar,15,0,Plot,Maryum Tahir,Ayesha Marri,Pending,Paid,Issue Found,Due,78500000.0
16075,Tabish Jamal,DEMO-KPT-16075,House No. BDC-498,Street 8,Gulistan-e-Johar,15,0,Plot,Tabish Jamal,Mahnoor Khattak,Litigated,Paid,Under Review,Due,76200000.0
9292,Zohaib Tanoli,DEMO-KPT-9292,House No. DB-848,Street 12,Gulistan-e-Johar,15,0,Plot,Zohaib Tanoli,Jamila Chattha,Litigated,Due,Clear,Paid,70200000.0
4160,Rahim Kiani,DEMO-KPT-4160,House No. BD-571,Street 13,Gulistan-e-Johar,15,0,Plot,Rahim Kiani,Mahreen Qadri,Verified,Due,Under Review,Due,35700000.0
7652,Urooj Randhawa,DEMO-KPT-7652,House No. DC-471,Street 13,Gulistan-e-Johar,15,0,Plot,Urooj Randhawa,Lubna Bijarani,Verified,Due,Clear,Paid,25500000.0
14510,Jamila Samo,DEMO-KPT-14510,House No. CDR-517,Street 13,Gulistan-e-Johar,15,0,Plot,Jamila Samo,Jannat Shah,Verified,Due,Under Review,Due,56900000.0
7635,Nashra Khuhro,DEMO-KPT-7635,House No. DC-527,Street 14,Gulistan-e-Johar,15,0,Plot,Nashra Khuhro,Wajiha Buriro,Verified,Due,Issue Found,Paid,20300000.0
10950,Nafisa Raza,DEMO-KPT-10950,House No. RC-339,Street 14,Gulistan-e-Johar,15,0,Plot,Nafisa Raza,Qadir Zubairi,Verified,Paid,Clear,Due,63700000.0
11016,Rakhshanda Gilani,DEMO-KPT-11016,House No. CB-611,Street 19,Gulistan-e-Johar,15,0,Plot,Rakhshanda Gilani,Nudrat Durrani,Verified,Due,Clear,Paid,28900000.0
9247,Ishaq Mahsud,DEMO-KPT-9247,House No. BB-659,Street 26,Gulistan-e-Johar,15,0,Plot,Ishaq Mahsud,Dilshad Sultan,Litigated,Paid,Under Review,Due,50100000.0
12823,Anas Panezai,DEMO-KPT-12823,House No. CD-596,Street 26,Gulistan-e-Johar,15,0,Plot,Anas Panezai,Haseeb Baig,Pending,Due,Under Review,Due,69100000.0
2476,Gohar Lak,DEMO-KPT-2476,House No. B-707,Street 27,Gulistan-e-Johar,15,0,Plot,Gohar Lak,Murtaza Khalid,Litigated,Paid,Clear,Due,40400000.0
9281,Muzammil Iqbal,DEMO-KPT-9281,House No. CC-435,Street 29,Gulistan-e-Johar,15,0,Plot,Muzammil Iqbal,Junaid Virk,Pending,Due,Clear,Due,29900000.0
16139,Mahreen Panezai,DEMO-KPT-16139,House No. BCD-370,Street 30,Gulistan-e-Johar,15,0,Plot,Mahreen Panezai,Kaleem Ranjha,Litigated,Due,Issue Found,Paid,22600000.0
6060,Hoor Qazi,DEMO-KPT-6060,House No. CC-562,Street 1,Gulistan-e-Johar,16,0,Plot,Hoor Qazi,Anila Imran,Verified,Due,Under Review,Paid,41100000.0
2581,Shamoon Mahar,DEMO-KPT-2581,House No. D-356,Street 5,Gulistan-e-Johar,16,0,Plot,Shamoon Mahar,Maira Durrani,Verified,Due,Under Review,Due,37400000.0
2617,Akram Kharal,DEMO-KPT-2617,House No. C-757,Street 5,Gulistan-e-Johar,16,0,Plot,Akram Kharal,Shaheen Majeed,Pending,Paid,Clear,Paid,49800000.0
4295,Mukarram Panezai,DEMO-KPT-4295,House No. RR-592,Street 5,Gulistan-e-Johar,16,0,Plot,Mukarram Panezai,Syeda Randhawa,Pending,Paid,Issue Found,Paid,28300000.0
11086,Shazia Iqbal,DEMO-KPT-11086,House No. DB-301,Street 9,Gulistan-e-Johar,16,0,Plot,Shazia Iqbal,Mehboob Mangi,Pending,Paid,Clear,Paid,68400000.0
14525,Nawal Sardar,DEMO-KPT-14525,House No. DBR-406,Street 9,Gulistan-e-Johar,16,0,Plot,Nawal Sardar,Najma Hussain,Pending,Paid,Under Review,Paid,31800000.0
4214,Mashal Lone,DEMO-KPT-4214,House No. DR-469,Street 10,Gulistan-e-Johar,16,0,Plot,Mashal Lone,Hoorain Gakhar,Pending,Paid,Issue Found,Paid,51500000.0
16226,Sabih Hussain,DEMO-KPT-16226,House No. CDR-650,Street 11,Gulistan-e-Johar,16,0,Plot,Sabih Hussain,Maham Mahar,Verified,Due,Issue Found,Due,60700000.0
11092,Hidayat Tanvir,DEMO-KPT-11092,House No. BR-305,Street 12,Gulistan-e-Johar,16,0,Plot,Hidayat Tanvir,Samad Joiya,Litigated,Due,Clear,Paid,68200000.0
14516,Mazhar Turk,DEMO-KPT-14516,House No. CBD-566,Street 13,Gulistan-e-Johar,16,0,Plot,Mazhar Turk,Rafia Baloch,Pending,Paid,Clear,Paid,70000000.0
12887,Emaad Rabbani,DEMO-KPT-12887,House No. RB-363,Street 14,Gulistan-e-Johar,16,0,Plot,Emaad Rabbani,Riaz Naseem,Verified,Paid,Under Review,Due,47100000.0
14550,Tabish Virk,DEMO-KPT-14550,House No. DCR-338,Street 14,Gulistan-e-Johar,16,0,Plot,Tabish Virk,Zunair Unar,Verified,Paid,Clear,Due,29300000.0
14540,Israr Ghani,DEMO-KPT-14540,House No. BRD-483,Street 15,Gulistan-e-Johar,16,0,Plot,Israr Ghani,Waqas Khuhro,Pending,Paid,Under Review,Due,75700000.0
4215,Zulfiqar Shinwari,DEMO-KPT-4215,House No. DB-676,Street 16,Gulistan-e-Johar,16,0,Plot,Zulfiqar Shinwari,Shumaila Shafi,Litigated,Due,Issue Found,Due,59600000.0
14531,Ahad Sheikh,DEMO-KPT-14531,House No. BCD-401,Street 17,Gulistan-e-Johar,16,0,Plot,Ahad Sheikh,Sobia Lodhi,Litigated,Due,Clear,Due,38900000.0
9410,Amara Chattha,DEMO-KPT-9410,House No. DC-749,Street 18,Gulistan-e-Johar,16,0,Plot,Amara Chattha,Waheed Mahar,Verified,Paid,Under Review,Paid,57900000.0
16243,Mehwish Rabbani,DEMO-KPT-16243,House No. RDC-410,Street 25,Gulistan-e-Johar,16,0,Plot,Mehwish Rabbani,Arisha Khuhro,Pending,Due,Under Review,Paid,59000000.0
12847,Sameen Kalhoro,DEMO-KPT-12847,House No. RB-481,Street 26,Gulistan-e-Johar,16,0,Plot,Sameen Kalhoro,Haziq Ali,Litigated,Paid,Under Review,Due,57800000.0
14610,Sehrish Niazi,DEMO-KPT-14610,House No. DRB-768,Street 1,Gulistan-e-Johar,17,0,Plot,Sehrish Niazi,Waqas Panhwar,Verified,Due,Under Review,Paid,39100000.0
16300,Wania Mengal,DEMO-KPT-16300,House No. RBD-897,Street 4,Gulistan-e-Johar,17,0,Plot,Wania Mengal,Arbaz Hussain,Pending,Due,Under Review,Due,65600000.0
7775,Bahadur Yousaf,DEMO-KPT-7775,House No. RR-585,Street 9,Gulistan-e-Johar,17,0,Plot,Bahadur Yousaf,Sharjeel Ilyas,Pending,Paid,Under Review,Paid,24500000.0
16325,Aneesa Hoti,DEMO-KPT-16325,House No. RBC-772,Street 9,Gulistan-e-Johar,17,0,Plot,Aneesa Hoti,Aslam Ilyas,Pending,Paid,Under Review,Paid,46900000.0
7814,Tahira Shah,DEMO-KPT-7814,House No. RD-664,Street 10,Gulistan-e-Johar,17,0,Plot,Tahira Shah,Javaria Wattoo,Pending,Paid,Issue Found,Paid,65000000.0
14599,Iqra Samo,DEMO-KPT-14599,House No. CRB-587,Street 11,Gulistan-e-Johar,17,0,Plot,Iqra Samo,Azan Lari,Pending,Due,Issue Found,Due,67600000.0
6137,Inshal Barakzai,DEMO-KPT-6137,House No. BC-838,Street 14,Gulistan-e-Johar,17,0,Plot,Inshal Barakzai,Neha Soomro,Verified,Paid,Under Review,Due,46900000.0
9435,Sidrah Tiwana,DEMO-KPT-9435,House No. RB-474,Street 14,Gulistan-e-Johar,17,0,Plot,Sidrah Tiwana,Ghazala Raza,Verified,Due,Issue Found,Paid,43100000.0
16289,Gohar Sultan,DEMO-KPT-16289,House No. CRB-382,Street 14,Gulistan-e-Johar,17,0,Plot,Gohar Sultan,Zahra Qureshi,Verified,Due,Under Review,Due,47500000.0
16340,Farah Hinjra,DEMO-KPT-16340,House No. BCR-892,Street 15,Gulistan-e-Johar,17,0,Plot,Farah Hinjra,Zahra Waheed,Pending,Paid,Under Review,Due,77700000.0
16251,Balaj Imran,DEMO-KPT-16251,House No. BRD-436,Street 16,Gulistan-e-Johar,17,0,Plot,Balaj Imran,Ahad Rizvi,Pending,Paid,Under Review,Due,26300000.0
4333,Faiza Bhittani,DEMO-KPT-4333,House No. DB-802,Street 17,Gulistan-e-Johar,17,0,Plot,Faiza Bhittani,Maira Lak,Litigated,Paid,Issue Found,Due,35400000.0
16280,Amir Zubair,DEMO-KPT-16280,House No. BRC-712,Street 17,Gulistan-e-Johar,17,0,Plot,Amir Zubair,Hussnain Tunio,Verified,Paid,Issue Found,Due,29900000.0
4359,Eman Swati,DEMO-KPT-4359,House No. DC-737,Street 19,Gulistan-e-Johar,17,0,Plot,Eman Swati,Nigar Hinjra,Litigated,Due,Clear,Paid,28700000.0
14616,Feroz Kazmi,DEMO-KPT-14616,House No. BCR-525,Street 19,Gulistan-e-Johar,17,0,Plot,Feroz Kazmi,Nosheen Rind,Verified,Due,Clear,Paid,55200000.0
7749,Majid Warsi,DEMO-KPT-7749,House No. RR-587,Street 20,Gulistan-e-Johar,17,0,Plot,Majid Warsi,Subhan Alvi,Verified,Due,Clear,Due,75400000.0
11132,Taimoor Wazir,DEMO-KPT-11132,House No. CR-794,Street 22,Gulistan-e-Johar,17,0,Plot,Taimoor Wazir,Iqra Lone,Pending,Due,Issue Found,Paid,62300000.0
9451,Shahroz Chandio,DEMO-KPT-9451,House No. CC-323,Street 25,Gulistan-e-Johar,17,0,Plot,Shahroz Chandio,Shabbir Ansari,Litigated,Paid,Clear,Due,43200000.0
6073,Zubia Butt,DEMO-KPT-6073,House No. BC-332,Street 26,Gulistan-e-Johar,17,0,Plot,Zubia Butt,Sana Zardari,Pending,Due,Under Review,Due,76600000.0
2671,Tehmina Chattha,DEMO-KPT-2671,House No. D-562,Street 28,Gulistan-e-Johar,17,0,Plot,Tehmina Chattha,Hira Mustafa,Litigated,Due,Under Review,Due,26200000.0
9426,Qayyum Khattak,DEMO-KPT-9426,House No. BB-631,Street 29,Gulistan-e-Johar,17,0,Plot,Qayyum Khattak,Arif Rajput,Pending,Due,Issue Found,Due,59600000.0
7807,Lina Usmani,DEMO-KPT-7807,House No. CR-388,Street 30,Gulistan-e-Johar,17,0,Plot,Lina Usmani,Sadia Gandapur,Pending,Paid,Clear,Due,73500000.0
7860,Ayan Awan,DEMO-KPT-7860,House No. BC-440,Street 1,Gulistan-e-Johar,18,0,Plot,Ayan Awan,Zohair Jadoon,Verified,Due,Under Review,Paid,62800000.0
7845,Mansoor Nadeem,DEMO-KPT-7845,House No. DR-818,Street 2,Gulistan-e-Johar,18,0,Plot,Mansoor Nadeem,Kashif Kalhoro,Verified,Paid,Clear,Paid,74800000.0
16395,Inam Khosa,DEMO-KPT-16395,House No. DCR-560,Street 2,Gulistan-e-Johar,18,0,Plot,Inam Khosa,Iffat Hussain,Verified,Paid,Clear,Paid,68600000.0
9514,Zahida Magsi,DEMO-KPT-9514,House No. BR-819,Street 3,Gulistan-e-Johar,18,0,Plot,Zahida Magsi,Parvez Iqbal,Pending,Paid,Issue Found,Due,78600000.0
4405,Tahir Soomro,DEMO-KPT-4405,House No. RD-532,Street 5,Gulistan-e-Johar,18,0,Plot,Tahir Soomro,Nargis Panezai,Pending,Paid,Issue Found,Due,44100000.0
14749,Akbar Gabol,DEMO-KPT-14749,House No. BRD-679,Street 6,Gulistan-e-Johar,18,0,Plot,Akbar Gabol,Zartaj Kiani,Litigated,Due,Under Review,Due,68700000.0
6146,Majid Orakzai,DEMO-KPT-6146,House No. DR-548,Street 7,Gulistan-e-Johar,18,0,Plot,Majid Orakzai,Hadiqa Jogezai,Pending,Due,Issue Found,Due,50600000.0
14687,Zubia Saif,DEMO-KPT-14687,House No. CDB-427,Street 14,Gulistan-e-Johar,18,0,Plot,Zubia Saif,Asad Qazi,Verified,Paid,Under Review,Due,28000000.0
16367,Fabiha Awan,DEMO-KPT-16367,House No. RDB-634,Street 14,Gulistan-e-Johar,18,0,Plot,Fabiha Awan,Bareera Dogar,Pending,Paid,Under Review,Due,60400000.0
11224,Ashraf Nawaz,DEMO-KPT-11224,House No. CR-475,Street 20,Gulistan-e-Johar,18,0,Plot,Ashraf Nawaz,Noor Mian,Pending,Due,Clear,Paid,23500000.0
4382,Salma Dar,DEMO-KPT-4382,House No. RB-515,Street 22,Gulistan-e-Johar,18,0,Plot,Salma Dar,Taha Wattoo,Pending,Due,Issue Found,Paid,71400000.0
13036,Rubina Sardar,DEMO-KPT-13036,House No. DR-522,Street 27,Gulistan-e-Johar,18,0,Plot,Rubina Sardar,Mahir Lashari,Pending,Paid,Issue Found,Paid,78400000.0
4471,Sania Dahri,DEMO-KPT-4471,House No. RC-352,Street 28,Gulistan-e-Johar,18,0,Plot,Sania Dahri,Amir Tanvir,Litigated,Due,Under Review,Due,72900000.0
13021,Nasir Shinwari,DEMO-KPT-13021,House No. CR-881,Street 28,Gulistan-e-Johar,18,0,Plot,Nasir Shinwari,Ihtisham Saleem,Litigated,Due,Under Review,Due,78500000.0
9504,Siddique Khalid,DEMO-KPT-9504,House No. BR-728,Street 30,Gulistan-e-Johar,18,0,Plot,Siddique Khalid,Sania Mustafa,Verified,Paid,Issue Found,Paid,35000000.0
2910,Muneeba Rafique,DEMO-KPT-2910,House No. D-811,Street 1,Gulistan-e-Johar,19,0,Plot,Muneeba Rafique,Saif Minhas,Verified,Due,Under Review,Paid,32300000.0
13213,Ikhlaq Sindhi,DEMO-KPT-13213,House No. RB-827,Street 1,Gulistan-e-Johar,19,0,Plot,Ikhlaq Sindhi,Mina Kayani,Litigated,Paid,Clear,Paid,65900000.0
2874,Ashraf Shakir,DEMO-KPT-2874,House No. B-346,Street 2,Gulistan-e-Johar,19,0,Plot,Ashraf Shakir,Munib Kamboh,Verified,Paid,Clear,Paid,37700000.0
11352,Maira Daudzai,DEMO-KPT-11352,House No. BC-638,Street 2,Gulistan-e-Johar,19,0,Plot,Maira Daudzai,Aiman Sahito,Litigated,Paid,Clear,Paid,37100000.0
7961,Ahsan Bijarani,DEMO-KPT-7961,House No. CD-527,Street 3,Gulistan-e-Johar,19,0,Plot,Ahsan Bijarani,Shamim Majeed,Pending,Due,Issue Found,Paid,41600000.0
7936,Subhan Lari,DEMO-KPT-7936,House No. RB-326,Street 9,Gulistan-e-Johar,19,0,Plot,Subhan Lari,Dilshad Yaqoob,Pending,Paid,Clear,Paid,39700000.0
13175,Fida Toor,DEMO-KPT-13175,House No. CD-619,Street 9,Gulistan-e-Johar,19,0,Plot,Fida Toor,Fareeha Unar,Pending,Paid,Under Review,Paid,32900000.0
2864,Shanza Jadoon,DEMO-KPT-2864,House No. R-332,Street 10,Gulistan-e-Johar,19,0,Plot,Shanza Jadoon,Qamar Mangi,Pending,Paid,Issue Found,Paid,24300000.0
13214,Waleed Hussain,DEMO-KPT-13214,House No. BB-363,Street 10,Gulistan-e-Johar,19,0,Plot,Waleed Hussain,Wajid Yazdani,Pending,Paid,Issue Found,Paid,63300000.0
2867,Aqib Samo,DEMO-KPT-2867,House No. B-528,Street 14,Gulistan-e-Johar,19,0,Plot,Aqib Samo,Ihsan Yousaf,Pending,Paid,Under Review,Due,28000000.0
6285,Farah Tarar,DEMO-KPT-6285,House No. RR-487,Street 14,Gulistan-e-Johar,19,0,Plot,Farah Tarar,Zaib Soomro,Verified,Due,Issue Found,Paid,64500000.0
9600,Zawar Daudzai,DEMO-KPT-9600,House No. BR-309,Street 14,Gulistan-e-Johar,19,0,Plot,Zawar Daudzai,Mahreen Riaz,Verified,Paid,Clear,Due,40600000.0
9617,Ghazanfar Baig,DEMO-KPT-9617,House No. DD-373,Street 14,Gulistan-e-Johar,19,0,Plot,Ghazanfar Baig,Lubna Talpur,Pending,Paid,Under Review,Due,35100000.0
11381,Akram Saeed,DEMO-KPT-11381,House No. RC-505,Street 17,Gulistan-e-Johar,19,0,Plot,Akram Saeed,Ghulam Mazari,Litigated,Due,Clear,Due,46400000.0
16463,Shifa Turk,DEMO-KPT-16463,House No. RDB-417,Street 19,Gulistan-e-Johar,19,0,Plot,Shifa Turk,Shahroz Mohammadzai,Pending,Paid,Issue Found,Paid,52700000.0
9592,Rahim Shaikh,DEMO-KPT-9592,House No. DD-320,Street 20,Gulistan-e-Johar,19,0,Plot,Rahim Shaikh,Jamshed Chandio,Litigated,Due,Clear,Paid,26800000.0
14826,Sajid Ahmed,DEMO-KPT-14826,House No. BDR-599,Street 29,Gulistan-e-Johar,19,0,Plot,Sajid Ahmed,Zubia Wazir,Pending,Due,Issue Found,Due,28900000.0
9607,Owais Farooq,DEMO-KPT-9607,House No. BC-564,Street 30,Gulistan-e-Johar,19,0,Plot,Owais Farooq,Asifa Dayo,Pending,Paid,Clear,Due,59700000.0
14789,Ishaq Ghani,DEMO-KPT-14789,House No. RDC-678,Street 30,Gulistan-e-Johar,19,0,Plot,Ishaq Ghani,Imran Hashmi,Litigated,Due,Issue Found,Paid,76900000.0
11445,Dilawar Warsi,DEMO-KPT-11445,House No. DD-689,Street 2,Gulistan-e-Johar,20,0,Plot,Dilawar Warsi,Maryum Awan,Verified,Paid,Clear,Paid,60600000.0
9636,Mansha Rajper,DEMO-KPT-9636,House No. RC-711,Street 7,Gulistan-e-Johar,20,0,Plot,Mansha Rajper,Ihtisham Khokhar,Pending,Paid,Under Review,Paid,76500000.0
16594,Shahzad Bukhari,DEMO-KPT-16594,House No. DBR-870,Street 7,Gulistan-e-Johar,20,0,Plot,Shahzad Bukhari,Fatima Latif,Verified,Due,Under Review,Paid,53300000.0
13239,Aisha Ghani,DEMO-KPT-13239,House No. BB-448,Street 8,Gulistan-e-Johar,20,0,Plot,Aisha Ghani,Zunair Bhurgri,Pending,Paid,Under Review,Paid,48200000.0
2986,Mansoor Mohmand,DEMO-KPT-2986,House No. R-498,Street 9,Gulistan-e-Johar,20,0,Plot,Mansoor Mohmand,Ismail Peerzada,Pending,Paid,Clear,Paid,73200000.0
4577,Bakht Khattak,DEMO-KPT-4577,House No. RB-617,Street 13,Gulistan-e-Johar,20,0,Plot,Bakht Khattak,Zohaib Turk,Pending,Due,Under Review,Due,66900000.0
4660,Lamia Lone,DEMO-KPT-4660,House No. RB-792,Street 14,Gulistan-e-Johar,20,0,Plot,Lamia Lone,Atiya Khalid,Litigated,Due,Issue Found,Paid,21200000.0
4551,Misbah Mahsud,DEMO-KPT-4551,House No. DB-343,Street 16,Gulistan-e-Johar,20,0,Plot,Misbah Mahsud,Danish Khosa,Pending,Paid,Under Review,Due,73500000.0
6380,Obaid Kasi,DEMO-KPT-6380,House No. DR-758,Street 17,Gulistan-e-Johar,20,0,Plot,Obaid Kasi,Fida Yousaf,Verified,Paid,Issue Found,Due,62900000.0
13266,Sumbal Gill,DEMO-KPT-13266,House No. CR-522,Street 19,Gulistan-e-Johar,20,0,Plot,Sumbal Gill,Nasrullah Mangi,Verified,Due,Clear,Paid,31500000.0
14936,Zameer Sabri,DEMO-KPT-14936,House No. RDC-799,Street 21,Gulistan-e-Johar,20,0,Plot,Zameer Sabri,Maira Bhutto,Verified,Due,Under Review,Due,62400000.0
7982,Tasneem Wattoo,DEMO-KPT-7982,House No. CC-849,Street 22,Gulistan-e-Johar,20,0,Plot,Tasneem Wattoo,Amjad Khosa,Pending,Due,Issue Found,Paid,35300000.0
11497,Kaif Rana,DEMO-KPT-11497,House No. CB-777,Street 26,Gulistan-e-Johar,20,0,Plot,Kaif Rana,Alamgir Gilani,Litigated,Paid,Under Review,Due,35100000.0
16574,Zartaj Tiwana,DEMO-KPT-16574,House No. CRD-590,Street 26,Gulistan-e-Johar,20,0,Plot,Zartaj Tiwana,Zartaj Lone,Litigated,Paid,Clear,Due,78000000.0
2926,Raza Lodhi,DEMO-KPT-2926,House No. R-440,Street 27,Gulistan-e-Johar,20,0,Plot,Raza Lodhi,Moeen Gilani,Litigated,Paid,Clear,Due,79600000.0
8000,Ramsha Rana,DEMO-KPT-8000,House No. DD-845,Street 27,Gulistan-e-Johar,20,0,Plot,Ramsha Rana,Afzal Lone,Verified,Paid,Issue Found,Paid,30200000.0
11427,Hira Turk,DEMO-KPT-11427,House No. CR-570,Street 28,Gulistan-e-Johar,20,0,Plot,Hira Turk,Munib Parvez,Verified,Paid,Under Review,Due,30800000.0
4657,Aleeza Nadeem,DEMO-KPT-4657,House No. BD-604,Street 30,Gulistan-e-Johar,20,0,Plot,Aleeza Nadeem,Junaid Bhurgri,Pending,Paid,Clear,Due,77600000.0
14904,Saqib Hoti,DEMO-KPT-14904,House No. BDR-804,Street 30,Gulistan-e-Johar,20,0,Plot,Saqib Hoti,Anila Leghari,Verified,Paid,Issue Found,Paid,30300000.0
1524,Kinza Janjua,DEMO-KPT-1524,House No. C-448,Street 2,Gulshan-e-Iqbal,1,0,Plot,Kinza Janjua,Hafsa Sardar,Verified,Paid,Clear,Paid,60200000.0
11998,Fabiha Lone,DEMO-KPT-11998,House No. BR-561,Street 3,Gulshan-e-Iqbal,1,0,Plot,Fabiha Lone,Sabahat Sheikh,Litigated,Paid,Under Review,Due,42000000.0
1536,Abeera Ahmed,DEMO-KPT-1536,House No. D-675,Street 7,Gulshan-e-Iqbal,1,0,Plot,Abeera Ahmed,Alina Hinjra,Pending,Paid,Under Review,Paid,66800000.0
1025,Laiba Aslam,DEMO-KPT-1025,House No. A-242,Street 9,Gulshan-e-Iqbal,1,0,Plot,Laiba Aslam,Talha Khan,Pending,Paid,Under Review,Paid,39500000.0
8290,Tehmina Aslam,DEMO-KPT-8290,House No. BB-528,Street 9,Gulshan-e-Iqbal,1,0,Plot,Tehmina Aslam,Hassan Cheena,Verified,Due,Under Review,Due,54600000.0
8328,Mahreen Bhutto,DEMO-KPT-8328,House No. RC-689,Street 11,Gulshan-e-Iqbal,1,0,Plot,Mahreen Bhutto,Ramsha Leghari,Verified,Paid,Issue Found,Paid,31000000.0
8392,Habib Lakhani,DEMO-KPT-8392,House No. DC-600,Street 12,Gulshan-e-Iqbal,1,0,Plot,Habib Lakhani,Yumna Jaffri,Litigated,Due,Clear,Paid,62400000.0
5027,Qurat Panhwar,DEMO-KPT-5027,House No. BB-412,Street 13,Gulshan-e-Iqbal,1,0,Plot,Qurat Panhwar,Shaista Farooqi,Pending,Due,Under Review,Due,24700000.0
1031,Iqra Noor,DEMO-KPT-1031,House No. A-625,Street 17,Gulshan-e-Iqbal,1,0,Plot,Iqra Noor,Nimra Qureshi,Litigated,Due,Clear,Due,32600000.0
15935,Rubina Wazir,DEMO-KPT-15935,House No. BCR-483,Street 18,Gulshan-e-Iqbal,1,0,Plot,Rubina Wazir,Sehrish Rabbani,Pending,Due,Issue Found,Paid,66100000.0
12114,Ihtisham Cheema,DEMO-KPT-12114,House No. BB-826,Street 27,Gulshan-e-Iqbal,1,0,Plot,Ihtisham Cheema,Saira Daudzai,Verified,Due,Issue Found,Paid,66800000.0
16061,Inam Qadri,DEMO-KPT-16061,House No. BDC-824,Street 3,Gulshan-e-Iqbal,2,0,Plot,Inam Qadri,Fahim Khattak,Pending,Due,Issue Found,Paid,71600000.0
12250,Munib Saif,DEMO-KPT-12250,House No. DC-337,Street 4,Gulshan-e-Iqbal,2,0,Plot,Munib Saif,Esha Siddiqui,Pending,Due,Under Review,Due,33700000.0
1681,Wasim Rajput,DEMO-KPT-1681,House No. C-670,Street 5,Gulshan-e-Iqbal,2,0,Plot,Wasim Rajput,Naveed Lone,Verified,Due,Under Review,Due,71000000.0
5195,Fauzia Ilyas,DEMO-KPT-5195,House No. BD-302,Street 5,Gulshan-e-Iqbal,2,0,Plot,Fauzia Ilyas,Najma Jadoon,Pending,Paid,Issue Found,Paid,20400000.0
8517,Nudrat Dahri,DEMO-KPT-8517,House No. DR-516,Street 7,Gulshan-e-Iqbal,2,0,Plot,Nudrat Dahri,Tahseen Yaqoob,Verified,Due,Clear,Due,74300000.0
1675,Rashid Anwar,DEMO-KPT-1675,House No. R-828,Street 8,Gulshan-e-Iqbal,2,0,Plot,Rashid Anwar,Haseeb Kamboh,Litigated,Paid,Under Review,Due,24900000.0
15939,Israr Waheed,DEMO-KPT-15939,House No. BCD-448,Street 8,Gulshan-e-Iqbal,2,0,Plot,Israr Waheed,Maaz Mahsud,Pending,Paid,Under Review,Paid,76600000.0
1062,Bilal Sheikh,DEMO-KPT-1062,House No. A-995,Street 9,Gulshan-e-Iqbal,2,0,Plot,Bilal Sheikh,Salman Sheikh,Litigated,Due,Under Review,Due,64300000.0
8666,Majid Peerzada,DEMO-KPT-8666,House No. DC-762,Street 13,Gulshan-e-Iqbal,2,0,Plot,Majid Peerzada,Ayeza Ansari,Pending,Paid,Clear,Paid,79900000.0
1566,Samiya Mirani,DEMO-KPT-1566,House No. C-532,Street 19,Gulshan-e-Iqbal,2,0,Plot,Samiya Mirani,Hammad Latif,Verified,Due,Clear,Paid,69400000.0
16013,Ubaid Mahsud,DEMO-KPT-16013,House No. CBD-546,Street 19,Gulshan-e-Iqbal,2,0,Plot,Ubaid Mahsud,Lamia Kalhoro,Pending,Paid,Issue Found,Paid,72000000.0
8551,Maaz Bajwa,DEMO-KPT-8551,House No. BC-594,Street 25,Gulshan-e-Iqbal,2,0,Plot,Maaz Bajwa,Ikhlaq Yasin,Litigated,Paid,Clear,Due,38100000.0
1573,Marium Hoti,DEMO-KPT-1573,House No. D-779,Street 26,Gulshan-e-Iqbal,2,0,Plot,Marium Hoti,Fahad Wani,Pending,Due,Under Review,Due,79200000.0
5200,Farwa Sial,DEMO-KPT-5200,House No. BR-321,Street 27,Gulshan-e-Iqbal,2,0,Plot,Farwa Sial,Emaan Hashmi,Pending,Due,Clear,Paid,37700000.0
1145,Sana Mirza,DEMO-KPT-1145,House No. A-70,Street 5,Gulshan-e-Iqbal,3,0,Plot,Sana Mirza,Hamza Naeem,Pending,Paid,Issue Found,Paid,33100000.0
16105,Khansa Mohmand,DEMO-KPT-16105,House No. DRC-386,Street 5,Gulshan-e-Iqbal,3,0,Plot,Khansa Mohmand,Rauf Shakir,Pending,Paid,Issue Found,Due,30600000.0
5402,Yusuf Malik,DEMO-KPT-5402,House No. RC-717,Street 13,Gulshan-e-Iqbal,3,0,Plot,Yusuf Malik,Ejaz Latif,Verified,Due,Clear,Paid,59600000.0
8837,Younas Bukhari,DEMO-KPT-8837,House No. CR-322,Street 14,Gulshan-e-Iqbal,3,0,Plot,Younas Bukhari,Shazia Mian,Verified,Paid,Under Review,Due,52900000.0
1716,Nabila Abbasi,DEMO-KPT-1716,House No. R-740,Street 16,Gulshan-e-Iqbal,3,0,Plot,Nabila Abbasi,Saleha Chandio,Litigated,Due,Issue Found,Due,71600000.0
8766,Zartaj Hayat,DEMO-KPT-8766,House No. BB-382,Street 19,Gulshan-e-Iqbal,3,0,Plot,Zartaj Hayat,Ashfaq Yazdani,Verified,Due,Clear,Paid,59300000.0
1126,Hamza Butt,DEMO-KPT-1126,House No. A-60,Street 27,Gulshan-e-Iqbal,3,0,Plot,Hamza Butt,Laiba Qureshi,Litigated,Paid,Clear,Due,62800000.0
5386,Naureen Ghumman,DEMO-KPT-5386,House No. DC-848,Street 27,Gulshan-e-Iqbal,3,0,Plot,Naureen Ghumman,Sadaf Mahesar,Pending,Paid,Issue Found,Paid,45400000.0
5371,Nasir Tiwana,DEMO-KPT-5371,House No. BR-671,Street 28,Gulshan-e-Iqbal,3,0,Plot,Nasir Tiwana,Javaria Talpur,Litigated,Due,Under Review,Due,48000000.0
8831,Shafay Yousaf,DEMO-KPT-8831,House No. BC-799,Street 29,Gulshan-e-Iqbal,3,0,Plot,Shafay Yousaf,Jahangir Qadri,Pending,Due,Clear,Due,60700000.0
2111,Luqmaan Sheikh,DEMO-KPT-2111,House No. B-462,Street 3,Gulshan-e-Iqbal,4,0,Plot,Luqmaan Sheikh,Nuzhat Hameed,Pending,Due,Issue Found,Paid,55100000.0
1962,Ghazala Baig,DEMO-KPT-1962,House No. B-399,Street 9,Gulshan-e-Iqbal,4,0,Plot,Ghazala Baig,Noman Zia,Litigated,Due,Under Review,Due,50100000.0
12677,Ashfaq Mansoor,DEMO-KPT-12677,House No. CC-521,Street 13,Gulshan-e-Iqbal,4,0,Plot,Ashfaq Mansoor,Syeda Lughmani,Pending,Due,Under Review,Due,66300000.0
5497,Farooq Bilgrami,DEMO-KPT-5497,House No. CD-860,Street 17,Gulshan-e-Iqbal,4,0,Plot,Farooq Bilgrami,Aqeel Mari,Litigated,Due,Issue Found,Due,33600000.0
9007,Munib Bhutto,DEMO-KPT-9007,House No. RB-604,Street 17,Gulshan-e-Iqbal,4,0,Plot,Munib Bhutto,Aneela Sindhi,Pending,Due,Clear,Paid,34100000.0
12601,Sheraz Popalzai,DEMO-KPT-12601,House No. CC-893,Street 25,Gulshan-e-Iqbal,4,0,Plot,Sheraz Popalzai,Farrukh Nasar,Litigated,Paid,Clear,Due,62200000.0
2352,Dua Magsi,DEMO-KPT-2352,House No. D-407,Street 2,Gulshan-e-Iqbal,5,0,Plot,Dua Magsi,Nargis Mustafa,Litigated,Paid,Clear,Paid,72400000.0
5731,Rahila Jaffri,DEMO-KPT-5731,House No. CD-371,Street 5,Gulshan-e-Iqbal,5,0,Plot,Rahila Jaffri,Bareera Bajwa,Verified,Due,Under Review,Due,50600000.0
1249,Sadia Noor,DEMO-KPT-1249,House No. A-535,Street 6,Gulshan-e-Iqbal,5,0,Plot,Sadia Noor,Sana Shah,Litigated,Due,Under Review,Due,76000000.0
16390,Wania Afridi,DEMO-KPT-16390,House No. BDC-313,Street 9,Gulshan-e-Iqbal,5,0,Plot,Wania Afridi,Sheraz Siddiqui,Verified,Due,Under Review,Due,52100000.0
9164,Firdous Wani,DEMO-KPT-9164,House No. DB-394,Street 10,Gulshan-e-Iqbal,5,0,Plot,Firdous Wani,Fazal Gabol,Pending,Paid,Issue Found,Paid,76600000.0
2276,Shamim Kamboh,DEMO-KPT-2276,House No. R-581,Street 11,Gulshan-e-Iqbal,5,0,Plot,Shamim Kamboh,Sahrish Ali,Verified,Due,Issue Found,Due,42200000.0
12799,Nayyar Palijo,DEMO-KPT-12799,House No. DC-670,Street 11,Gulshan-e-Iqbal,5,0,Plot,Nayyar Palijo,Shahab Ahmed,Pending,Due,Issue Found,Due,40500000.0
16399,Nageen Tunio,DEMO-KPT-16399,House No. RDC-860,Street 11,Gulshan-e-Iqbal,5,0,Plot,Nageen Tunio,Shehzad Alvi,Pending,Due,Issue Found,Due,41400000.0
16360,Tahmina Khan,DEMO-KPT-16360,House No. CRB-885,Street 14,Gulshan-e-Iqbal,5,0,Plot,Tahmina Khan,Unaiza Lakhani,Litigated,Due,Issue Found,Paid,49700000.0
2224,Rubina Noor,DEMO-KPT-2224,House No. B-851,Street 20,Gulshan-e-Iqbal,5,0,Plot,Rubina Noor,Alamgir Usmani,Pending,Due,Clear,Paid,55300000.0
9086,Waheed Sandhu,DEMO-KPT-9086,House No. DR-771,Street 21,Gulshan-e-Iqbal,5,0,Plot,Waheed Sandhu,Sheeba Abbasi,Verified,Due,Under Review,Due,33500000.0
9119,Tabassum Hoti,DEMO-KPT-9119,House No. DR-572,Street 22,Gulshan-e-Iqbal,5,0,Plot,Tabassum Hoti,Sehrish Ghani,Verified,Paid,Under Review,Due,38200000.0
2293,Khadija Qazi,DEMO-KPT-2293,House No. D-810,Street 25,Gulshan-e-Iqbal,5,0,Plot,Khadija Qazi,Noman Ghani,Pending,Due,Under Review,Paid,71500000.0
1250,Alina Butt,DEMO-KPT-1250,House No. A-590,Street 27,Gulshan-e-Iqbal,5,0,Plot,Alina Butt,Talha Qureshi,Verified,Paid,Issue Found,Paid,75500000.0
2236,Fauzia Durrani,DEMO-KPT-2236,House No. C-692,Street 27,Gulshan-e-Iqbal,5,0,Plot,Fauzia Durrani,Ghazala Malik,Pending,Paid,Issue Found,Paid,53000000.0
16450,Mina Durrani,DEMO-KPT-16450,House No. BRD-669,Street 27,Gulshan-e-Iqbal,5,0,Plot,Mina Durrani,Shazia Zardari,Pending,Due,Clear,Paid,31800000.0
12777,Aryan Anwar,DEMO-KPT-12777,House No. BD-577,Street 28,Gulshan-e-Iqbal,5,0,Plot,Aryan Anwar,Younas Khosa,Verified,Paid,Under Review,Due,56000000.0
2424,Huma Riaz,DEMO-KPT-2424,House No. R-497,Street 2,Gulshan-e-Iqbal,6,0,Plot,Huma Riaz,Dania Marwat,Verified,Paid,Clear,Paid,77500000.0
2391,Ihtisham Daudzai,DEMO-KPT-2391,House No. D-493,Street 3,Gulshan-e-Iqbal,6,0,Plot,Ihtisham Daudzai,Yusuf Abro,Pending,Paid,Issue Found,Paid,69100000.0
1255,Shoaib Hussain,DEMO-KPT-1255,House No. A-646,Street 5,Gulshan-e-Iqbal,6,0,Plot,Shoaib Hussain,Komal Farooq,Pending,Paid,Issue Found,Due,79600000.0
5749,Qayyum Ahmed,DEMO-KPT-5749,House No. BC-537,Street 6,Gulshan-e-Iqbal,6,0,Plot,Qayyum Ahmed,Afshan Dogar,Litigated,Due,Under Review,Due,78400000.0
2439,Naureen Kakar,DEMO-KPT-2439,House No. C-331,Street 8,Gulshan-e-Iqbal,6,0,Plot,Naureen Kakar,Humayun Laghari,Pending,Paid,Under Review,Paid,62700000.0
2536,Zohaib Jogezai,DEMO-KPT-2536,House No. B-551,Street 9,Gulshan-e-Iqbal,6,0,Plot,Zohaib Jogezai,Farzana Umer,Pending,Paid,Clear,Paid,74600000.0
5876,Emaan Mazari,DEMO-KPT-5876,House No. CD-465,Street 11,Gulshan-e-Iqbal,6,0,Plot,Emaan Mazari,Parvez Dogar,Verified,Due,Issue Found,Due,49200000.0
2415,Anila Gandapur,DEMO-KPT-2415,House No. R-603,Street 16,Gulshan-e-Iqbal,6,0,Plot,Anila Gandapur,Kausar Nawaz,Litigated,Due,Issue Found,Due,63200000.0
9283,Maqsood Nawaz,DEMO-KPT-9283,House No. CR-342,Street 17,Gulshan-e-Iqbal,6,0,Plot,Maqsood Nawaz,Zeeshan Ali,Litigated,Paid,Issue Found,Due,21300000.0
5810,Shamim Ghauri,DEMO-KPT-5810,House No. CB-680,Street 18,Gulshan-e-Iqbal,6,0,Plot,Shamim Ghauri,Affan Ranjha,Verified,Paid,Under Review,Paid,73500000.0
1274,Zara Farooq,DEMO-KPT-1274,House No. A-377,Street 26,Gulshan-e-Iqbal,6,0,Plot,Zara Farooq,Sara Ahmed,Litigated,Paid,Clear,Due,30900000.0
1336,Talha Tariq,DEMO-KPT-1336,House No. A-858,Street 27,Gulshan-e-Iqbal,6,0,Plot,Talha Tariq,Usman Ahmed,Pending,Paid,Issue Found,Paid,22500000.0
1326,Adnan Raza,DEMO-KPT-1326,House No. A-966,Street 29,Gulshan-e-Iqbal,6,0,Plot,Adnan Raza,Sana Naeem,Pending,Due,Issue Found,Due,59000000.0
1289,Laiba Khan,DEMO-KPT-1289,House No. A-821,Street 30,Gulshan-e-Iqbal,6,0,Plot,Laiba Khan,Sara Khan,Litigated,Due,Issue Found,Paid,34800000.0
5952,Sania Shah,DEMO-KPT-5952,House No. BC-666,Street 2,Gulshan-e-Iqbal,7,0,Plot,Sania Shah,Saeeda Bettani,Litigated,Paid,Clear,Paid,25400000.0
13191,Zahra Nasar,DEMO-KPT-13191,House No. RR-392,Street 3,Gulshan-e-Iqbal,7,0,Plot,Zahra Nasar,Omer Bilgrami,Pending,Paid,Issue Found,Paid,25700000.0
13150,Sanam Farooq,DEMO-KPT-13150,House No. DR-870,Street 4,Gulshan-e-Iqbal,7,0,Plot,Sanam Farooq,Khadija Laghari,Pending,Due,Under Review,Due,40400000.0
9612,Zubaida Sindhi,DEMO-KPT-9612,House No. CC-528,Street 9,Gulshan-e-Iqbal,7,0,Plot,Zubaida Sindhi,Tabish Pirzada,Litigated,Due,Under Review,Due,47300000.0
13212,Manahil Hameed,DEMO-KPT-13212,House No. BD-568,Street 9,Gulshan-e-Iqbal,7,0,Plot,Manahil Hameed,Shanza Malik,Litigated,Due,Under Review,Due,36400000.0
1376,Hira Ali,DEMO-KPT-1376,House No. A-864,Street 11,Gulshan-e-Iqbal,7,0,Plot,Hira Ali,Fatima Javed,Verified,Due,Issue Found,Due,49300000.0
5964,Rooman Talpur,DEMO-KPT-5964,House No. RB-398,Street 15,Gulshan-e-Iqbal,7,0,Plot,Rooman Talpur,Saeed Afridi,Verified,Due,Issue Found,Paid,45600000.0
2616,Mahir Sheikh,DEMO-KPT-2616,House No. B-821,Street 16,Gulshan-e-Iqbal,7,0,Plot,Mahir Sheikh,Mahira Lakhani,Litigated,Due,Issue Found,Due,34900000.0
1357,Shoaib Malik,DEMO-KPT-1357,House No. A-256,Street 17,Gulshan-e-Iqbal,7,0,Plot,Shoaib Malik,Hassan Tariq,Pending,Due,Clear,Paid,26300000.0
5947,Sumaira Jamali,DEMO-KPT-5947,House No. BD-703,Street 17,Gulshan-e-Iqbal,7,0,Plot,Sumaira Jamali,Samiya Mughal,Litigated,Due,Issue Found,Due,50200000.0
13182,Emaan Pasha,DEMO-KPT-13182,House No. BB-876,Street 18,Gulshan-e-Iqbal,7,0,Plot,Emaan Pasha,Yasmeen Ghazali,Pending,Due,Issue Found,Paid,40800000.0
1351,Imran Siddiqui,DEMO-KPT-1351,House No. A-917,Street 25,Gulshan-e-Iqbal,7,0,Plot,Imran Siddiqui,Salman Ahmed,Litigated,Paid,Clear,Due,75400000.0
9493,Nazia Butt,DEMO-KPT-9493,House No. BR-640,Street 25,Gulshan-e-Iqbal,7,0,Plot,Nazia Butt,Inaya Zaidi,Pending,Due,Under Review,Paid,23300000.0
1404,Shoaib Ahmed,DEMO-KPT-1404,House No. A-117,Street 30,Gulshan-e-Iqbal,7,0,Plot,Shoaib Ahmed,Ayesha Raza,Verified,Paid,Issue Found,Paid,56700000.0
16704,Adeel Zafar,DEMO-KPT-16704,House No. BCR-889,Street 30,Gulshan-e-Iqbal,7,0,Plot,Adeel Zafar,Sahil Zubair,Verified,Paid,Issue Found,Paid,66300000.0
16860,Marium Mughal,DEMO-KPT-16860,House No. DBC-714,Street 1,Gulshan-e-Iqbal,8,0,Plot,Marium Mughal,Aftab Palijo,Verified,Due,Under Review,Paid,30400000.0
6045,Mehreen Noor,DEMO-KPT-6045,House No. CB-492,Street 2,Gulshan-e-Iqbal,8,0,Plot,Mehreen Noor,Khawar Kamal,Verified,Paid,Clear,Paid,77500000.0
9748,Shees Kharal,DEMO-KPT-9748,House No. DR-604,Street 3,Gulshan-e-Iqbal,8,0,Plot,Shees Kharal,Aun Umer,Litigated,Paid,Under Review,Due,42900000.0
16791,Adeel Sahito,DEMO-KPT-16791,House No. RDB-739,Street 3,Gulshan-e-Iqbal,8,0,Plot,Adeel Sahito,Furqan Bashir,Pending,Paid,Issue Found,Paid,77400000.0
16854,Osama Nasar,DEMO-KPT-16854,House No. RDC-810,Street 4,Gulshan-e-Iqbal,8,0,Plot,Osama Nasar,Hashim Tunio,Verified,Due,Issue Found,Paid,59800000.0
3031,Shanza Mazari,DEMO-KPT-3031,House No. D-618,Street 5,Gulshan-e-Iqbal,8,0,Plot,Shanza Mazari,Ammar Panhwar,Verified,Due,Under Review,Due,44300000.0
6095,Zain Yousafzai,DEMO-KPT-6095,House No. BR-605,Street 5,Gulshan-e-Iqbal,8,0,Plot,Zain Yousafzai,Shanza Jogezai,Pending,Paid,Issue Found,Paid,72300000.0
9742,Anmol Lak,DEMO-KPT-9742,House No. BC-895,Street 12,Gulshan-e-Iqbal,8,0,Plot,Anmol Lak,Saeed Hameed,Litigated,Due,Clear,Paid,49400000.0
2963,Usman Junejo,DEMO-KPT-2963,House No. C-377,Street 19,Gulshan-e-Iqbal,8,0,Plot,Usman Junejo,Maimoona Zia,Pending,Paid,Issue Found,Paid,24800000.0
16897,Ubaid Zafar,DEMO-KPT-16897,House No. BCR-452,Street 26,Gulshan-e-Iqbal,8,0,Plot,Ubaid Zafar,Ihsan Shinwari,Litigated,Paid,Under Review,Due,59000000.0
1445,Komal Noor,DEMO-KPT-1445,House No. A-723,Street 27,Gulshan-e-Iqbal,8,0,Plot,Komal Noor,Talha Hussain,Pending,Due,Clear,Paid,59600000.0
6100,Rubab Hinjra,DEMO-KPT-6100,House No. DR-343,Street 27,Gulshan-e-Iqbal,8,0,Plot,Rubab Hinjra,Haseeb Mohmand,Pending,Due,Clear,Paid,62600000.0
9700,Majid Sial,DEMO-KPT-9700,House No. CD-573,Street 27,Gulshan-e-Iqbal,8,0,Plot,Majid Sial,Ghazala Shakir,Pending,Due,Clear,Paid,52000000.0
16745,Shahid Shakeel,DEMO-KPT-16745,House No. RBD-668,Street 27,Gulshan-e-Iqbal,8,0,Plot,Shahid Shakeel,Sadaf Gondal,Pending,Due,Clear,Paid,76500000.0
9775,Subhan Chandio,DEMO-KPT-9775,House No. RC-314,Street 8,Gulshan-e-Iqbal,9,0,Plot,Subhan Chandio,Majid Gandapur,Litigated,Paid,Under Review,Due,25500000.0
6142,Azeem Haral,DEMO-KPT-6142,House No. DC-701,Street 12,Gulshan-e-Iqbal,9,0,Plot,Azeem Haral,Dania Joiya,Litigated,Due,Clear,Paid,21300000.0
3068,Nosheen Ranjha,DEMO-KPT-3068,House No. B-611,Street 15,Gulshan-e-Iqbal,9,0,Plot,Nosheen Ranjha,Zakariya Gill,Verified,Paid,Issue Found,Due,45700000.0
6133,Shafay Gill,DEMO-KPT-6133,House No. RD-780,Street 17,Gulshan-e-Iqbal,9,0,Plot,Shafay Gill,Minhaj Wattoo,Litigated,Paid,Issue Found,Due,40700000.0
13685,Noreen Wazir,DEMO-KPT-13685,House No. RBD-435,Street 18,Gulshan-e-Iqbal,9,0,Plot,Noreen Wazir,Omer Khosa,Pending,Due,Issue Found,Paid,65300000.0
16991,Ambreen Gondal,DEMO-KPT-16991,House No. CBR-666,Street 18,Gulshan-e-Iqbal,9,0,Plot,Ambreen Gondal,Naeem Hanif,Verified,Due,Clear,Due,43000000.0
9874,Sahar Turk,DEMO-KPT-9874,House No. DC-470,Street 20,Gulshan-e-Iqbal,9,0,Plot,Sahar Turk,Awais Raza,Pending,Due,Clear,Paid,57600000.0
9901,Jamshed Zubairi,DEMO-KPT-9901,House No. BC-567,Street 25,Gulshan-e-Iqbal,9,0,Plot,Jamshed Zubairi,Nihal Ansari,Litigated,Paid,Clear,Due,75900000.0
13595,Saba Javed,DEMO-KPT-13595,House No. RDC-640,Street 27,Gulshan-e-Iqbal,9,0,Plot,Saba Javed,Israr Usmani,Pending,Due,Clear,Paid,40100000.0
13677,Farzana Rana,DEMO-KPT-13677,House No. BCD-869,Street 28,Gulshan-e-Iqbal,9,0,Plot,Farzana Rana,Zeshan Leghari,Verified,Paid,Under Review,Due,39800000.0
3214,Nasir Abro,DEMO-KPT-3214,House No. R-560,Street 3,Gulshan-e-Iqbal,10,0,Plot,Nasir Abro,Lina Iqbal,Pending,Paid,Issue Found,Due,50100000.0
9964,Madiha Qureshi,DEMO-KPT-9964,House No. RR-521,Street 3,Gulshan-e-Iqbal,10,0,Plot,Madiha Qureshi,Daniyal Bajwa,Pending,Paid,Issue Found,Due,65900000.0
6400,Laila Zaidi,DEMO-KPT-6400,House No. DR-784,Street 4,Gulshan-e-Iqbal,10,0,Plot,Laila Zaidi,Majid Cheena,Pending,Due,Under Review,Due,38100000.0
10090,Tamkeen Tunio,DEMO-KPT-10090,House No. DR-892,Street 9,Gulshan-e-Iqbal,10,0,Plot,Tamkeen Tunio,Nouman Riaz,Verified,Due,Under Review,Due,27600000.0
9951,Mashal Memon,DEMO-KPT-9951,House No. BB-538,Street 16,Gulshan-e-Iqbal,10,0,Plot,Mashal Memon,Jannat Dar,Pending,Paid,Under Review,Due,39100000.0
3269,Alam Qadri,DEMO-KPT-3269,House No. C-834,Street 22,Gulshan-e-Iqbal,10,0,Plot,Alam Qadri,Rimsha Sardar,Verified,Paid,Under Review,Due,37700000.0
10110,Abubakar Lak,DEMO-KPT-10110,House No. BR-363,Street 1,Gulshan-e-Iqbal,11,0,Plot,Abubakar Lak,Abbas Khuhro,Verified,Due,Under Review,Paid,72600000.0
14075,Zubaid Durrani,DEMO-KPT-14075,House No. RBC-616,Street 9,Gulshan-e-Iqbal,11,0,Plot,Zubaid Durrani,Humaira Aslam,Pending,Paid,Under Review,Paid,32200000.0
10268,Amjad Dayo,DEMO-KPT-10268,House No. DR-568,Street 15,Gulshan-e-Iqbal,11,0,Plot,Amjad Dayo,Osama Bhatti,Verified,Paid,Issue Found,Due,58600000.0
14064,Amna Kharal,DEMO-KPT-14064,House No. CDB-867,Street 15,Gulshan-e-Iqbal,11,0,Plot,Amna Kharal,Zubair Latif,Verified,Due,Issue Found,Paid,24100000.0
14001,Mehrunnisa Shaikh,DEMO-KPT-14001,House No. DBC-774,Street 16,Gulshan-e-Iqbal,11,0,Plot,Mehrunnisa Shaikh,Zohair Malik,Pending,Paid,Under Review,Due,63800000.0
3351,Mahnoor Yaqoob,DEMO-KPT-3351,House No. R-839,Street 17,Gulshan-e-Iqbal,11,0,Plot,Mahnoor Yaqoob,Musa Panhwar,Verified,Paid,Under Review,Paid,48500000.0
6632,Naila Wani,DEMO-KPT-6632,House No. RB-306,Street 22,Gulshan-e-Iqbal,11,0,Plot,Naila Wani,Iqra Qazi,Pending,Due,Issue Found,Paid,76900000.0
3327,Komal Mohammadzai,DEMO-KPT-3327,House No. C-785,Street 28,Gulshan-e-Iqbal,11,0,Plot,Komal Mohammadzai,Ammar Ghauri,Verified,Paid,Under Review,Due,47000000.0
6891,Humaira Afridi,DEMO-KPT-6891,House No. DD-381,Street 3,Gulshan-e-Iqbal,12,0,Plot,Humaira Afridi,Ifrah Noor,Pending,Paid,Issue Found,Paid,33300000.0
14275,Tamkeen Swati,DEMO-KPT-14275,House No. RDC-893,Street 8,Gulshan-e-Iqbal,12,0,Plot,Tamkeen Swati,Shoaib Mahesar,Litigated,Paid,Under Review,Due,36400000.0
6890,Waheed Ghazali,DEMO-KPT-6890,House No. BC-388,Street 15,Gulshan-e-Iqbal,12,0,Plot,Waheed Ghazali,Shafiq Rabbani,Pending,Paid,Under Review,Due,79800000.0
10524,Aashir Dogar,DEMO-KPT-10524,House No. DR-484,Street 2,Gulshan-e-Iqbal,13,0,Plot,Aashir Dogar,Mehrunnisa Mari,Verified,Paid,Clear,Paid,46100000.0
10460,Shazia Daudzai,DEMO-KPT-10460,House No. RD-366,Street 13,Gulshan-e-Iqbal,13,0,Plot,Shazia Daudzai,Mustafa Rajput,Verified,Due,Under Review,Due,20500000.0
6917,Laiba Chattha,DEMO-KPT-6917,House No. BD-501,Street 14,Gulshan-e-Iqbal,13,0,Plot,Laiba Chattha,Jibran Kiani,Pending,Paid,Under Review,Due,53800000.0
10439,Lubna Zubair,DEMO-KPT-10439,House No. RB-422,Street 14,Gulshan-e-Iqbal,13,0,Plot,Lubna Zubair,Nigar Rajper,Verified,Due,Under Review,Due,67700000.0
14567,Zainab Ghaffar,DEMO-KPT-14567,House No. DRC-747,Street 14,Gulshan-e-Iqbal,13,0,Plot,Zainab Ghaffar,Ahsan Mirza,Pending,Paid,Under Review,Due,35800000.0
3680,Nigar Riaz,DEMO-KPT-3680,House No. B-580,Street 17,Gulshan-e-Iqbal,13,0,Plot,Nigar Riaz,Haleema Akhtar,Verified,Paid,Issue Found,Due,24000000.0
10492,Farooq Peerzada,DEMO-KPT-10492,House No. BD-314,Street 20,Gulshan-e-Iqbal,13,0,Plot,Farooq Peerzada,Nosheen Bajwa,Litigated,Due,Clear,Paid,35700000.0
14698,Mahreen Shaikh,DEMO-KPT-14698,House No. DRB-453,Street 3,Gulshan-e-Iqbal,14,0,Plot,Mahreen Shaikh,Ahad Mazari,Litigated,Paid,Under Review,Due,53000000.0
7144,Sumaira Dar,DEMO-KPT-7144,House No. DC-655,Street 7,Gulshan-e-Iqbal,14,0,Plot,Sumaira Dar,Moiz Wattoo,Verified,Due,Under Review,Paid,25200000.0
14628,Warda Samo,DEMO-KPT-14628,House No. DRB-888,Street 11,Gulshan-e-Iqbal,14,0,Plot,Warda Samo,Sania Khuhro,Verified,Paid,Issue Found,Paid,50800000.0
7174,Erum Khokhar,DEMO-KPT-7174,House No. CC-595,Street 20,Gulshan-e-Iqbal,14,0,Plot,Erum Khokhar,Masood Malik,Pending,Due,Clear,Paid,70200000.0
3869,Bakhtiar Ilyas,DEMO-KPT-3869,House No. BC-617,Street 25,Gulshan-e-Iqbal,14,0,Plot,Bakhtiar Ilyas,Nayab Umer,Verified,Due,Under Review,Due,78600000.0
14731,Urwa Sial,DEMO-KPT-14731,House No. BDR-835,Street 5,Gulshan-e-Iqbal,15,0,Plot,Urwa Sial,Laila Shaikh,Verified,Due,Under Review,Due,76300000.0
14767,Nighat Yousafzai,DEMO-KPT-14767,House No. BDR-493,Street 5,Gulshan-e-Iqbal,15,0,Plot,Nighat Yousafzai,Humayun Rajput,Pending,Paid,Clear,Paid,56600000.0
14788,Riaz Imran,DEMO-KPT-14788,House No. BDC-384,Street 8,Gulshan-e-Iqbal,15,0,Plot,Riaz Imran,Kaneez Bhutto,Verified,Paid,Issue Found,Paid,27400000.0
10967,Farzana Pasha,DEMO-KPT-10967,House No. CD-889,Street 14,Gulshan-e-Iqbal,15,0,Plot,Farzana Pasha,Zainab Warsi,Pending,Paid,Under Review,Due,52500000.0
10914,Arfa Ahmed,DEMO-KPT-10914,House No. CC-510,Street 15,Gulshan-e-Iqbal,15,0,Plot,Arfa Ahmed,Tamkeen Qadir,Verified,Due,Issue Found,Paid,73800000.0
14857,Jazib Hanif,DEMO-KPT-14857,House No. RDC-542,Street 17,Gulshan-e-Iqbal,15,0,Plot,Jazib Hanif,Hasnain Noor,Pending,Due,Clear,Paid,42500000.0
4014,Bisma Virk,DEMO-KPT-4014,House No. CR-555,Street 27,Gulshan-e-Iqbal,15,0,Plot,Bisma Virk,Alizeh Iqbal,Verified,Due,Issue Found,Paid,38800000.0
14750,Ammar Parvez,DEMO-KPT-14750,House No. CBD-444,Street 27,Gulshan-e-Iqbal,15,0,Plot,Ammar Parvez,Asim Kamal,Verified,Paid,Issue Found,Paid,73300000.0
15078,Maira Gandapur,DEMO-KPT-15078,House No. CRD-360,Street 11,Gulshan-e-Iqbal,16,0,Plot,Maira Gandapur,Danish Majeed,Verified,Paid,Issue Found,Paid,26900000.0
4217,Rustam Sandhu,DEMO-KPT-4217,House No. RB-618,Street 14,Gulshan-e-Iqbal,16,0,Plot,Rustam Sandhu,Obaid Lughmani,Pending,Paid,Under Review,Due,71700000.0
4101,Adnan Janjua,DEMO-KPT-4101,House No. CB-364,Street 16,Gulshan-e-Iqbal,16,0,Plot,Adnan Janjua,Numan Khosa,Pending,Paid,Under Review,Due,36300000.0
4181,Khawar Kayani,DEMO-KPT-4181,House No. BB-458,Street 17,Gulshan-e-Iqbal,16,0,Plot,Khawar Kayani,Owais Turk,Litigated,Due,Clear,Due,62500000.0
15051,Kabir Jamal,DEMO-KPT-15051,House No. CRD-808,Street 17,Gulshan-e-Iqbal,16,0,Plot,Kabir Jamal,Zoya Bangash,Verified,Paid,Under Review,Paid,75600000.0
14979,Abdullah Siddiqui,DEMO-KPT-14979,House No. DBC-310,Street 21,Gulshan-e-Iqbal,16,0,Plot,Abdullah Siddiqui,Wasim Bilgrami,Litigated,Due,Issue Found,Paid,74900000.0
4093,Zuha Mahsud,DEMO-KPT-4093,House No. RD-594,Street 25,Gulshan-e-Iqbal,16,0,Plot,Zuha Mahsud,Jawad Samo,Pending,Due,Under Review,Paid,61300000.0
7626,Sehrish Ilyas,DEMO-KPT-7626,House No. CC-766,Street 29,Gulshan-e-Iqbal,16,0,Plot,Sehrish Ilyas,Unaiza Imran,Pending,Due,Issue Found,Due,29400000.0
11304,Burhan Hameed,DEMO-KPT-11304,House No. CB-655,Street 30,Gulshan-e-Iqbal,16,0,Plot,Burhan Hameed,Tabish Gakhar,Verified,Paid,Issue Found,Paid,55700000.0
4348,Salahuddin Yousaf,DEMO-KPT-4348,House No. DB-633,Street 3,Gulshan-e-Iqbal,17,0,Plot,Salahuddin Yousaf,Parvez Yaqoob,Litigated,Paid,Under Review,Due,42600000.0
11375,Rashid Dawood,DEMO-KPT-11375,House No. DD-827,Street 9,Gulshan-e-Iqbal,17,0,Plot,Rashid Dawood,Benazir Javed,Pending,Paid,Under Review,Paid,41800000.0
11440,Dania Sohu,DEMO-KPT-11440,House No. DD-471,Street 9,Gulshan-e-Iqbal,17,0,Plot,Dania Sohu,Tayyeb Noor,Verified,Due,Under Review,Due,53900000.0
4507,Athar Yaqoob,DEMO-KPT-4507,House No. RC-594,Street 17,Gulshan-e-Iqbal,17,0,Plot,Athar Yaqoob,Rukhsana Achakzai,Pending,Due,Clear,Paid,53900000.0
7636,Murtaza Dar,DEMO-KPT-7636,House No. CB-766,Street 27,Gulshan-e-Iqbal,17,0,Plot,Murtaza Dar,Sanam Farooqi,Pending,Paid,Issue Found,Paid,56900000.0
15100,Kanwar Zaidi,DEMO-KPT-15100,House No. BRC-531,Street 27,Gulshan-e-Iqbal,17,0,Plot,Kanwar Zaidi,Urooj Mian,Pending,Due,Clear,Paid,50000000.0
11407,Mahira Jamali,DEMO-KPT-11407,House No. DR-732,Street 30,Gulshan-e-Iqbal,17,0,Plot,Mahira Jamali,Wasim Khan,Pending,Paid,Clear,Due,42300000.0
4600,Fatima Gandapur,DEMO-KPT-4600,House No. BD-565,Street 4,Gulshan-e-Iqbal,18,0,Plot,Fatima Gandapur,Shaheer Sial,Pending,Due,Under Review,Due,74300000.0
4689,Nafisa Bhutto,DEMO-KPT-4689,House No. CC-655,Street 8,Gulshan-e-Iqbal,18,0,Plot,Nafisa Bhutto,Saher Dayo,Pending,Paid,Under Review,Paid,68600000.0
15377,Kafeel Swati,DEMO-KPT-15377,House No. BDC-517,Street 13,Gulshan-e-Iqbal,18,0,Plot,Kafeel Swati,Saeeda Warsi,Pending,Due,Under Review,Due,77400000.0
4667,Bisma Ghaffar,DEMO-KPT-4667,House No. DD-675,Street 14,Gulshan-e-Iqbal,18,0,Plot,Bisma Ghaffar,Khalid Chattha,Pending,Paid,Under Review,Due,20900000.0
7810,Nimra Baig,DEMO-KPT-7810,House No. CR-317,Street 14,Gulshan-e-Iqbal,18,0,Plot,Nimra Baig,Gohar Mansoor,Litigated,Due,Issue Found,Paid,31700000.0
11616,Abubakar Joiya,DEMO-KPT-11616,House No. BC-454,Street 16,Gulshan-e-Iqbal,18,0,Plot,Abubakar Joiya,Shama Imran,Litigated,Due,Issue Found,Due,55400000.0
7736,Laraib Kalhoro,DEMO-KPT-7736,House No. DC-454,Street 21,Gulshan-e-Iqbal,18,0,Plot,Laraib Kalhoro,Manahil Abbasi,Verified,Due,Under Review,Due,65600000.0
15386,Ayla Saeed,DEMO-KPT-15386,House No. DCR-707,Street 21,Gulshan-e-Iqbal,18,0,Plot,Ayla Saeed,Jalal Mazari,Verified,Due,Under Review,Due,44600000.0
11639,Fauzia Dogar,DEMO-KPT-11639,House No. CB-853,Street 30,Gulshan-e-Iqbal,18,0,Plot,Fauzia Dogar,Tanzeela Mohammadzai,Litigated,Due,Issue Found,Paid,44900000.0
4710,Bilawal Tahir,DEMO-KPT-4710,House No. DR-615,Street 1,Gulshan-e-Iqbal,19,0,Plot,Bilawal Tahir,Taha Zahid,Verified,Due,Under Review,Paid,24000000.0
4769,Aleena Zaidi,DEMO-KPT-4769,House No. BD-483,Street 25,Gulshan-e-Iqbal,19,0,Plot,Aleena Zaidi,Alamgir Rana,Verified,Due,Under Review,Due,52800000.0
8024,Maryum Dar,DEMO-KPT-8024,House No. BR-861,Street 26,Gulshan-e-Iqbal,19,0,Plot,Maryum Dar,Kanwal Akhtar,Litigated,Paid,Clear,Due,59000000.0
4750,Asma Sial,DEMO-KPT-4750,House No. BR-886,Street 27,Gulshan-e-Iqbal,19,0,Plot,Asma Sial,Amna Ghani,Pending,Due,Clear,Paid,31600000.0
15477,Fabiha Ali,DEMO-KPT-15477,House No. DCR-410,Street 28,Gulshan-e-Iqbal,19,0,Plot,Fabiha Ali,Sitara Riaz,Verified,Paid,Under Review,Due,59500000.0
11802,Nashra Daudzai,DEMO-KPT-11802,House No. BR-319,Street 2,Gulshan-e-Iqbal,20,0,Plot,Nashra Daudzai,Ambreen Farooq,Litigated,Paid,Clear,Paid,46200000.0
11874,Hoorain Tiwana,DEMO-KPT-11874,House No. RD-447,Street 2,Gulshan-e-Iqbal,20,0,Plot,Hoorain Tiwana,Hoor Ghumman,Verified,Paid,Clear,Paid,75300000.0
11895,Syeda Rizvi,DEMO-KPT-11895,House No. RD-852,Street 2,Gulshan-e-Iqbal,20,0,Plot,Syeda Rizvi,Shahroz Shafiq,Verified,Paid,Clear,Paid,48900000.0
11889,Zakariya Saif,DEMO-KPT-11889,House No. RC-884,Street 8,Gulshan-e-Iqbal,20,0,Plot,Zakariya Saif,Fasih Mirza,Pending,Paid,Under Review,Paid,22500000.0
11865,Farzana Gabol,DEMO-KPT-11865,House No. DB-689,Street 16,Gulshan-e-Iqbal,20,0,Plot,Farzana Gabol,Lubna Buriro,Litigated,Due,Issue Found,Due,72900000.0
4910,Kanwal Lashari,DEMO-KPT-4910,House No. RR-759,Street 18,Gulshan-e-Iqbal,20,0,Plot,Kanwal Lashari,Isha Mirani,Verified,Paid,Under Review,Paid,58300000.0
11832,Safa Noor,DEMO-KPT-11832,House No. BC-306,Street 18,Gulshan-e-Iqbal,20,0,Plot,Safa Noor,Shahid Naqvi,Pending,Due,Issue Found,Paid,72600000.0
4936,Irtaza Virk,DEMO-KPT-4936,House No. DD-614,Street 27,Gulshan-e-Iqbal,20,0,Plot,Irtaza Virk,Ambreen Jogezai,Pending,Paid,Issue Found,Paid,72000000.0
7511,Sana Tanoli,DEMO-KPT-7511,House No. DB-882,Street 3,PECHS,1,0,Plot,Sana Tanoli,Nosheen Randhawa,Pending,Due,Issue Found,Paid,52300000.0
7531,Suleman Mohammadzai,DEMO-KPT-7531,House No. DR-510,Street 5,PECHS,1,0,Plot,Suleman Mohammadzai,Aisha Tanvir,Verified,Due,Under Review,Due,69800000.0
1006,Zain Ali,DEMO-KPT-1006,House No. A-332,Street 6,PECHS,1,0,Plot,Zain Ali,Hussain Farooq,Pending,Due,Issue Found,Paid,50700000.0
7549,Fakhar Minhas,DEMO-KPT-7549,House No. CD-814,Street 6,PECHS,1,0,Plot,Fakhar Minhas,Mahira Bettani,Litigated,Due,Under Review,Due,45600000.0
13399,Hadiqa Mirza,DEMO-KPT-13399,House No. CD-683,Street 6,PECHS,1,0,Plot,Hadiqa Mirza,Rehman Umer,Litigated,Due,Under Review,Due,77500000.0
16386,Nasrullah Nasar,DEMO-KPT-16386,House No. CDR-621,Street 7,PECHS,1,0,Plot,Nasrullah Nasar,Omer Nasar,Pending,Paid,Under Review,Paid,78100000.0
16496,Tehmina Zia,DEMO-KPT-16496,House No. DCR-854,Street 7,PECHS,1,0,Plot,Tehmina Zia,Sahil Qazi,Pending,Due,Issue Found,Due,24800000.0
1539,Feroz Janjua,DEMO-KPT-1539,House No. D-812,Street 8,PECHS,1,0,Plot,Feroz Janjua,Rubab Ghani,Pending,Paid,Under Review,Paid,60700000.0
10512,Sadaf Tiwana,DEMO-KPT-10512,House No. CR-313,Street 9,PECHS,1,0,Plot,Sadaf Tiwana,Rimsha Qazi,Litigated,Due,Under Review,Due,30100000.0
10636,Hafeez Ghauri,DEMO-KPT-10636,House No. RD-389,Street 9,PECHS,1,0,Plot,Hafeez Ghauri,Fahim Gondal,Pending,Paid,Clear,Paid,36700000.0
16486,Sara Tunio,DEMO-KPT-16486,House No. BRD-839,Street 9,PECHS,1,0,Plot,Sara Tunio,Akbar Kazmi,Pending,Paid,Clear,Paid,26100000.0
1010,Ahmed Iqbal,DEMO-KPT-1010,House No. A-21,Street 13,PECHS,1,0,Plot,Ahmed Iqbal,Owais Siddiqui,Verified,Due,Under Review,Due,42000000.0
1460,Alina Lakhani,DEMO-KPT-1460,House No. C-720,Street 13,PECHS,1,0,Plot,Alina Lakhani,Nasir Tareen,Verified,Due,Under Review,Due,46000000.0
4502,Sagheer Qadri,DEMO-KPT-4502,House No. CD-875,Street 13,PECHS,1,0,Plot,Sagheer Qadri,Kafeel Ghani,Verified,Due,Clear,Paid,68700000.0
7483,Wali Jafri,DEMO-KPT-7483,House No. DR-742,Street 17,PECHS,1,0,Plot,Wali Jafri,Khadija Soomro,Litigated,Paid,Issue Found,Due,29800000.0
16401,Fauzia Imran,DEMO-KPT-16401,House No. CBR-368,Street 17,PECHS,1,0,Plot,Fauzia Imran,Qamar Umer,Verified,Paid,Under Review,Paid,66000000.0
1482,Nayab Ali,DEMO-KPT-1482,House No. D-577,Street 18,PECHS,1,0,Plot,Nayab Ali,Faiza Cheema,Pending,Due,Issue Found,Paid,54200000.0
16416,Zehra Jamal,DEMO-KPT-16416,House No. CDR-891,Street 19,PECHS,1,0,Plot,Zehra Jamal,Haider Chandio,Verified,Due,Clear,Paid,46600000.0
1029,Mariam Iqbal,DEMO-KPT-1029,House No. A-937,Street 21,PECHS,1,0,Plot,Mariam Iqbal,Komal Khan,Litigated,Due,Issue Found,Paid,56900000.0
1019,Talha Ali,DEMO-KPT-1019,House No. A-930,Street 22,PECHS,1,0,Plot,Talha Ali,Sana Malik,Verified,Paid,Under Review,Due,56800000.0
16447,Sumaira Bhutto,DEMO-KPT-16447,House No. BDR-600,Street 26,PECHS,1,0,Plot,Sumaira Bhutto,Benazir Dogar,Litigated,Paid,Under Review,Due,77300000.0
7450,Zaheer Saif,DEMO-KPT-7450,House No. RR-330,Street 27,PECHS,1,0,Plot,Zaheer Saif,Noman Panhwar,Pending,Due,Clear,Paid,77000000.0
1063,Ahmed Qureshi,DEMO-KPT-1063,House No. A-806,Street 1,PECHS,2,0,Plot,Ahmed Qureshi,Hira Tariq,Litigated,Paid,Clear,Paid,46300000.0
13674,Waheed Panezai,DEMO-KPT-13674,House No. DBC-485,Street 2,PECHS,2,0,Plot,Waheed Panezai,Amber Zahid,Verified,Paid,Clear,Paid,55200000.0
7750,Huma Sohu,DEMO-KPT-7750,House No. BR-893,Street 4,PECHS,2,0,Plot,Huma Sohu,Sumayya Ghazali,Pending,Due,Under Review,Due,22000000.0
1595,Tamkeen Tarar,DEMO-KPT-1595,House No. R-790,Street 5,PECHS,2,0,Plot,Tamkeen Tarar,Dawood Bhutto,Pending,Paid,Issue Found,Paid,62100000.0
4606,Qamar Khattak,DEMO-KPT-4606,House No. CR-722,Street 6,PECHS,2,0,Plot,Qamar Khattak,Waqas Talpur,Pending,Due,Issue Found,Paid,32400000.0
4625,Rohail Samo,DEMO-KPT-4625,House No. DD-554,Street 9,PECHS,2,0,Plot,Rohail Samo,Mansoor Zaidi,Pending,Paid,Under Review,Paid,55900000.0
1067,Ali Ahmed,DEMO-KPT-1067,House No. A-158,Street 14,PECHS,2,0,Plot,Ali Ahmed,Bilal Siddiqui,Pending,Paid,Under Review,Due,40300000.0
13660,Zubair Mari,DEMO-KPT-13660,House No. BCD-348,Street 14,PECHS,2,0,Plot,Zubair Mari,Shahzad Baloch,Litigated,Due,Issue Found,Paid,79000000.0
13665,Zoya Zafar,DEMO-KPT-13665,House No. RCD-888,Street 16,PECHS,2,0,Plot,Zoya Zafar,Manzoor Chandio,Litigated,Due,Issue Found,Due,78900000.0
1760,Shafay Ghani,DEMO-KPT-1760,House No. R-733,Street 18,PECHS,2,0,Plot,Shafay Ghani,Faisal Zubair,Verified,Paid,Under Review,Paid,75100000.0
1659,Noaman Qureshi,DEMO-KPT-1659,House No. B-753,Street 19,PECHS,2,0,Plot,Noaman Qureshi,Daniya Akhtar,Litigated,Due,Clear,Paid,37800000.0
13599,Sahil Bijarani,DEMO-KPT-13599,House No. BDC-484,Street 20,PECHS,2,0,Plot,Sahil Bijarani,Sabih Turk,Verified,Due,Clear,Due,49100000.0
13642,Ilyas Gandapur,DEMO-KPT-13642,House No. RDB-332,Street 20,PECHS,2,0,Plot,Ilyas Gandapur,Nadir Gakhar,Litigated,Due,Clear,Paid,56300000.0
7769,Iftikhar Shafiq,DEMO-KPT-7769,House No. DB-892,Street 22,PECHS,2,0,Plot,Iftikhar Shafiq,Ibrahim Warraich,Verified,Paid,Under Review,Due,53200000.0
10771,Gohar Mustafa,DEMO-KPT-10771,House No. DD-416,Street 28,PECHS,2,0,Plot,Gohar Mustafa,Hasnain Wattoo,Litigated,Due,Under Review,Due,72200000.0
1631,Nida Naseem,DEMO-KPT-1631,House No. C-592,Street 29,PECHS,2,0,Plot,Nida Naseem,Rubina Turk,Pending,Due,Clear,Due,69900000.0
1057,Komal Raza,DEMO-KPT-1057,House No. A-112,Street 30,PECHS,2,0,Plot,Komal Raza,Ahsan Malik,Pending,Paid,Clear,Due,65700000.0
10739,Najma Sipra,DEMO-KPT-10739,House No. CR-680,Street 30,PECHS,2,0,Plot,Najma Sipra,Sajid Jadoon,Litigated,Due,Issue Found,Paid,28000000.0
4695,Kafeel Memon,DEMO-KPT-4695,House No. DR-493,Street 2,PECHS,3,0,Plot,Kafeel Memon,Amir Bhurgri,Verified,Paid,Clear,Paid,59000000.0
16714,Inshal Haral,DEMO-KPT-16714,House No. CDR-507,Street 3,PECHS,3,0,Plot,Inshal Haral,Dawood Pirzada,Pending,Paid,Issue Found,Due,49300000.0
1104,Kashif Naeem,DEMO-KPT-1104,House No. A-16,Street 4,PECHS,3,0,Plot,Kashif Naeem,Fahad Mirza,Verified,Due,Issue Found,Paid,67400000.0
7895,Mansoor Marwat,DEMO-KPT-7895,House No. RB-421,Street 5,PECHS,3,0,Plot,Mansoor Marwat,Batool Zardari,Pending,Paid,Issue Found,Paid,34800000.0
1086,Shoaib Ahmed,DEMO-KPT-1086,House No. A-205,Street 7,PECHS,3,0,Plot,Shoaib Ahmed,Imran Mirza,Pending,Paid,Under Review,Paid,37100000.0
7815,Farid Kasi,DEMO-KPT-7815,House No. DR-345,Street 16,PECHS,3,0,Plot,Farid Kasi,Rafiq Bajwa,Litigated,Due,Issue Found,Due,54500000.0
16730,Ali Gilani,DEMO-KPT-16730,House No. DCB-445,Street 17,PECHS,3,0,Plot,Ali Gilani,Tanzeela Saeed,Verified,Paid,Issue Found,Due,63100000.0
7782,Zaynab Talpur,DEMO-KPT-7782,House No. CB-842,Street 18,PECHS,3,0,Plot,Zaynab Talpur,Humayun Sial,Pending,Due,Issue Found,Paid,78500000.0
1077,Fatima Qureshi,DEMO-KPT-1077,House No. A-517,Street 28,PECHS,3,0,Plot,Fatima Qureshi,Zara Javed,Verified,Paid,Under Review,Due,61400000.0
1776,Hanif Barakzai,DEMO-KPT-1776,House No. D-677,Street 29,PECHS,3,0,Plot,Hanif Barakzai,Mubashir Hanif,Pending,Due,Issue Found,Due,27300000.0
8067,Adil Chandio,DEMO-KPT-8067,House No. DB-449,Street 7,PECHS,4,0,Plot,Adil Chandio,Urooj Sheikh,Verified,Due,Clear,Due,28100000.0
4888,Saeeda Sardar,DEMO-KPT-4888,House No. DR-539,Street 8,PECHS,4,0,Plot,Saeeda Sardar,Aziz Javed,Verified,Paid,Issue Found,Paid,36500000.0
8126,Nashra Mustafa,DEMO-KPT-8126,House No. CD-536,Street 11,PECHS,4,0,Plot,Nashra Mustafa,Salman Rind,Verified,Due,Issue Found,Due,55100000.0
7942,Alizeh Bhurgri,DEMO-KPT-7942,House No. CB-581,Street 12,PECHS,4,0,Plot,Alizeh Bhurgri,Arslan Rajper,Litigated,Due,Clear,Paid,43300000.0
10889,Saeed Jadoon,DEMO-KPT-10889,House No. DB-413,Street 14,PECHS,4,0,Plot,Saeed Jadoon,Zunair Alvi,Verified,Due,Under Review,Due,52100000.0
10960,Liaquat Ali,DEMO-KPT-10960,House No. RB-723,Street 14,PECHS,4,0,Plot,Liaquat Ali,Qudrat Sahito,Litigated,Due,Issue Found,Paid,52400000.0
13935,Asifa Haral,DEMO-KPT-13935,House No. BCD-471,Street 14,PECHS,4,0,Plot,Asifa Haral,Saif Bangash,Verified,Due,Issue Found,Paid,49800000.0
16937,Mahjabeen Ghumman,DEMO-KPT-16937,House No. CRD-340,Street 14,PECHS,4,0,Plot,Mahjabeen Ghumman,Malaika Umer,Verified,Paid,Under Review,Due,47300000.0
10931,Laila Bijarani,DEMO-KPT-10931,House No. CD-595,Street 17,PECHS,4,0,Plot,Laila Bijarani,Tasneem Turk,Litigated,Due,Clear,Due,60400000.0
13910,Daniya Mahesar,DEMO-KPT-13910,House No. RDB-384,Street 18,PECHS,4,0,Plot,Daniya Mahesar,Mukhtar Tanoli,Verified,Paid,Under Review,Paid,47700000.0
2016,Zulekha Daudzai,DEMO-KPT-2016,House No. D-418,Street 19,PECHS,4,0,Plot,Zulekha Daudzai,Khawar Rizvi,Verified,Due,Clear,Paid,65500000.0
16919,Dawood Farooq,DEMO-KPT-16919,House No. RDC-411,Street 25,PECHS,4,0,Plot,Dawood Farooq,Sobia Korai,Verified,Due,Under Review,Due,57100000.0
1123,Iqra Mirza,DEMO-KPT-1123,House No. A-125,Street 26,PECHS,4,0,Plot,Iqra Mirza,Nimra Tariq,Pending,Due,Under Review,Due,73300000.0
1147,Imran Aslam,DEMO-KPT-1147,House No. A-158,Street 26,PECHS,4,0,Plot,Imran Aslam,Sara Raza,Litigated,Paid,Under Review,Due,66100000.0
2023,Shamim Mansoor,DEMO-KPT-2023,House No. D-766,Street 26,PECHS,4,0,Plot,Shamim Mansoor,Awais Abro,Pending,Due,Under Review,Due,62300000.0
5127,Saira Panhwar,DEMO-KPT-5127,House No. BR-662,Street 28,PECHS,4,0,Plot,Saira Panhwar,Zeshan Nasar,Verified,Paid,Under Review,Due,37100000.0
10854,Mansha Mengal,DEMO-KPT-10854,House No. CB-665,Street 30,PECHS,4,0,Plot,Mansha Mengal,Zeeshan Afridi,Verified,Paid,Issue Found,Paid,38800000.0
5261,Yumna Sardar,DEMO-KPT-5261,House No. DC-884,Street 3,PECHS,5,0,Plot,Yumna Sardar,Anila Alvi,Pending,Due,Issue Found,Paid,22300000.0
11131,Waqar Jadoon,DEMO-KPT-11131,House No. DR-605,Street 5,PECHS,5,0,Plot,Waqar Jadoon,Arbaz Sandhu,Verified,Due,Under Review,Due,32800000.0
1196,Imran Khan,DEMO-KPT-1196,House No. A-231,Street 7,PECHS,5,0,Plot,Imran Khan,Muhammad Malik,Pending,Due,Issue Found,Due,44000000.0
8289,Ghazala Ilyas,DEMO-KPT-8289,House No. RC-551,Street 8,PECHS,5,0,Plot,Ghazala Ilyas,Lina Khuhro,Pending,Paid,Under Review,Paid,45700000.0
5236,Rahila Wazir,DEMO-KPT-5236,House No. CC-551,Street 9,PECHS,5,0,Plot,Rahila Wazir,Waheed Naqvi,Pending,Paid,Clear,Paid,28100000.0
8262,Erum Parvez,DEMO-KPT-8262,House No. RC-801,Street 9,PECHS,5,0,Plot,Erum Parvez,Moeen Jaffri,Litigated,Due,Under Review,Due,41500000.0
1169,Hussain Shah,DEMO-KPT-1169,House No. A-849,Street 25,PECHS,5,0,Plot,Hussain Shah,Iqra Qureshi,Verified,Due,Under Review,Due,37000000.0
17000,Farooq Mirza,DEMO-KPT-17000,House No. CRB-501,Street 27,PECHS,5,0,Plot,Farooq Mirza,Ifrah Rashid,Verified,Paid,Issue Found,Paid,60600000.0
8230,Sundas Mahar,DEMO-KPT-8230,House No. BR-537,Street 29,PECHS,5,0,Plot,Sundas Mahar,Ihsan Akhtar,Litigated,Paid,Under Review,Due,30500000.0
1231,Adnan Iqbal,DEMO-KPT-1231,House No. A-534,Street 5,PECHS,6,0,Plot,Adnan Iqbal,Ahmed Siddiqui,Verified,Due,Under Review,Due,29700000.0
5385,Sharjeel Siddiqui,DEMO-KPT-5385,House No. BC-779,Street 14,PECHS,6,0,Plot,Sharjeel Siddiqui,Nadia Zafar,Verified,Due,Issue Found,Paid,26500000.0
5480,Raza Marri,DEMO-KPT-5480,House No. DC-866,Street 17,PECHS,6,0,Plot,Raza Marri,Salma Dahri,Verified,Paid,Issue Found,Due,68400000.0
2219,Sonia Waheed,DEMO-KPT-2219,House No. R-764,Street 20,PECHS,6,0,Plot,Sonia Waheed,Alishba Pirzada,Verified,Due,Clear,Paid,76100000.0
5369,Hussain Pasha,DEMO-KPT-5369,House No. CD-488,Street 20,PECHS,6,0,Plot,Hussain Pasha,Zohra Lakhani,Verified,Due,Clear,Paid,25500000.0
14282,Afreen Afridi,DEMO-KPT-14282,House No. RDC-418,Street 22,PECHS,6,0,Plot,Afreen Afridi,Alishba Sheikh,Pending,Due,Issue Found,Paid,22600000.0
8323,Nayab Warraich,DEMO-KPT-8323,House No. DR-319,Street 26,PECHS,6,0,Plot,Nayab Warraich,Athar Chaudhry,Pending,Due,Under Review,Due,60600000.0
8347,Pervaiz Imran,DEMO-KPT-8347,House No. BR-709,Street 26,PECHS,6,0,Plot,Pervaiz Imran,Sarah Panezai,Litigated,Paid,Under Review,Due,73600000.0
11150,Maryam Mian,DEMO-KPT-11150,House No. DB-756,Street 27,PECHS,6,0,Plot,Maryam Mian,Kanwal Bhittani,Verified,Paid,Issue Found,Paid,28500000.0
11214,Siddique Saleem,DEMO-KPT-11214,House No. RR-425,Street 27,PECHS,6,0,Plot,Siddique Saleem,Daniya Gabol,Verified,Due,Issue Found,Paid,30600000.0
14200,Alina Yaqoob,DEMO-KPT-14200,House No. CDR-307,Street 27,PECHS,6,0,Plot,Alina Yaqoob,Ayaz Chaudhry,Pending,Due,Clear,Paid,46800000.0
14300,Moiz Sindhi,DEMO-KPT-14300,House No. BDR-824,Street 27,PECHS,6,0,Plot,Moiz Sindhi,Rehana Tahir,Verified,Paid,Issue Found,Paid,35900000.0
2226,Alizeh Cheema,DEMO-KPT-2226,House No. R-456,Street 29,PECHS,6,0,Plot,Alizeh Cheema,Ahsan Chandio,Pending,Due,Issue Found,Due,28600000.0
11368,Zarmeen Mughal,DEMO-KPT-11368,House No. DR-532,Street 29,PECHS,6,0,Plot,Zarmeen Mughal,Rimsha Mirani,Litigated,Paid,Issue Found,Paid,59900000.0
5574,Shahid Saeed,DEMO-KPT-5574,House No. RC-597,Street 2,PECHS,7,0,Plot,Shahid Saeed,Kashaf Kakar,Verified,Paid,Clear,Paid,51600000.0
11391,Shifa Hameed,DEMO-KPT-11391,House No. DC-788,Street 3,PECHS,7,0,Plot,Shifa Hameed,Bareera Ghazali,Pending,Paid,Issue Found,Paid,43400000.0
5604,Mirha Mohammadzai,DEMO-KPT-5604,House No. RB-833,Street 4,PECHS,7,0,Plot,Mirha Mohammadzai,Mehmood Durrani,Verified,Due,Issue Found,Paid,45300000.0
1267,Hussain Sheikh,DEMO-KPT-1267,House No. A-121,Street 5,PECHS,7,0,Plot,Hussain Sheikh,Maham Ali,Pending,Paid,Clear,Paid,49000000.0
11488,Javeria Yazdani,DEMO-KPT-11488,House No. BC-678,Street 8,PECHS,7,0,Plot,Javeria Yazdani,Ayla Panhwar,Pending,Paid,Issue Found,Due,65300000.0
5562,Shaheen Qadri,DEMO-KPT-5562,House No. DC-758,Street 9,PECHS,7,0,Plot,Shaheen Qadri,Arbaz Achakzai,Litigated,Due,Under Review,Due,32900000.0
2414,Shahmeer Popalzai,DEMO-KPT-2414,House No. D-793,Street 10,PECHS,7,0,Plot,Shahmeer Popalzai,Munir Hafeez,Pending,Paid,Issue Found,Paid,33400000.0
14402,Emaan Bhat,DEMO-KPT-14402,House No. DBC-475,Street 13,PECHS,7,0,Plot,Emaan Bhat,Fareeha Junejo,Verified,Due,Clear,Paid,73900000.0
8535,Zeshan Mustafa,DEMO-KPT-8535,House No. CD-483,Street 14,PECHS,7,0,Plot,Zeshan Mustafa,Sania Jamali,Verified,Due,Issue Found,Paid,37400000.0
11400,Zawar Dawood,DEMO-KPT-11400,House No. BC-745,Street 14,PECHS,7,0,Plot,Zawar Dawood,Owais Bhittani,Verified,Paid,Clear,Due,22900000.0
1241,Bilal Butt,DEMO-KPT-1241,House No. A-340,Street 18,PECHS,7,0,Plot,Bilal Butt,Sana Ali,Verified,Due,Clear,Due,23500000.0
5616,Shafiq Lone,DEMO-KPT-5616,House No. RR-378,Street 19,PECHS,7,0,Plot,Shafiq Lone,Rimsha Khan,Verified,Due,Clear,Paid,56500000.0
2349,Sahar Jamali,DEMO-KPT-2349,House No. D-787,Street 20,PECHS,7,0,Plot,Sahar Jamali,Rehan Barakzai,Verified,Due,Clear,Due,53300000.0
5486,Adeel Ghazali,DEMO-KPT-5486,House No. BR-450,Street 21,PECHS,7,0,Plot,Adeel Ghazali,Ihsan Yaqoob,Verified,Due,Under Review,Due,68700000.0
8536,Owais Ghazali,DEMO-KPT-8536,House No. DR-482,Street 27,PECHS,7,0,Plot,Owais Ghazali,Asad Buriro,Pending,Paid,Issue Found,Paid,67800000.0
2380,Benazir Ranjha,DEMO-KPT-2380,House No. C-430,Street 29,PECHS,7,0,Plot,Benazir Ranjha,Jannat Bangash,Litigated,Paid,Under Review,Due,75300000.0
11644,Fareeha Zaman,DEMO-KPT-11644,House No. BR-410,Street 7,PECHS,8,0,Plot,Fareeha Zaman,Zahra Bettani,Verified,Due,Under Review,Paid,47800000.0
11536,Irtaza Zubairi,DEMO-KPT-11536,House No. BC-630,Street 9,PECHS,8,0,Plot,Irtaza Zubairi,Zoya Buriro,Pending,Paid,Clear,Paid,76100000.0
8552,Mansoor Daudzai,DEMO-KPT-8552,House No. DB-893,Street 13,PECHS,8,0,Plot,Mansoor Daudzai,Rayyan Sindhi,Verified,Due,Clear,Paid,65500000.0
11618,Osama Laghari,DEMO-KPT-11618,House No. DC-783,Street 15,PECHS,8,0,Plot,Osama Laghari,Benazir Tarar,Verified,Paid,Issue Found,Due,33800000.0
5683,Shoaib Dogar,DEMO-KPT-5683,House No. DC-564,Street 17,PECHS,8,0,Plot,Shoaib Dogar,Esha Majeed,Litigated,Paid,Issue Found,Due,75200000.0
14601,Kashaf Shafi,DEMO-KPT-14601,House No. DBC-779,Street 17,PECHS,8,0,Plot,Kashaf Shafi,Eman Tariq,Verified,Paid,Under Review,Paid,38100000.0
2466,Hadiqa Yousaf,DEMO-KPT-2466,House No. D-853,Street 19,PECHS,8,0,Plot,Hadiqa Yousaf,Bahadur Qazi,Verified,Due,Clear,Paid,66700000.0
1319,Anaya Javed,DEMO-KPT-1319,House No. A-722,Street 20,PECHS,8,0,Plot,Anaya Javed,Hassan Raza,Verified,Due,Clear,Paid,77700000.0
8649,Shahid Awan,DEMO-KPT-8649,House No. RB-342,Street 20,PECHS,8,0,Plot,Shahid Awan,Hanif Turk,Verified,Due,Clear,Due,64500000.0
2582,Alishba Bajwa,DEMO-KPT-2582,House No. R-408,Street 22,PECHS,8,0,Plot,Alishba Bajwa,Shehzad Mir,Pending,Due,Issue Found,Paid,73600000.0
1314,Kashif Raza,DEMO-KPT-1314,House No. A-558,Street 27,PECHS,8,0,Plot,Kashif Raza,Anaya Mirza,Verified,Due,Issue Found,Paid,74600000.0
5626,Emaan Zaidi,DEMO-KPT-5626,House No. DB-868,Street 27,PECHS,8,0,Plot,Emaan Zaidi,Imtiaz Tahir,Litigated,Paid,Clear,Due,51700000.0
1321,Arsalan Khan,DEMO-KPT-1321,House No. A-123,Street 28,PECHS,8,0,Plot,Arsalan Khan,Talha Ahmed,Litigated,Due,Under Review,Due,55500000.0
2427,Komal Farooq,DEMO-KPT-2427,House No. D-682,Street 28,PECHS,8,0,Plot,Komal Farooq,Yaqoob Abbasi,Verified,Paid,Under Review,Due,69300000.0
14530,Mubashra Iqbal,DEMO-KPT-14530,House No. CBD-739,Street 29,PECHS,8,0,Plot,Mubashra Iqbal,Mushtaq Mari,Litigated,Paid,Under Review,Due,75200000.0
14711,Mohib Alvi,DEMO-KPT-14711,House No. CDB-419,Street 3,PECHS,9,0,Plot,Mohib Alvi,Khizar Chandio,Pending,Due,Issue Found,Paid,43200000.0
2800,Fariha Minhas,DEMO-KPT-2800,House No. D-359,Street 4,PECHS,9,0,Plot,Fariha Minhas,Kaneez Yasin,Pending,Due,Under Review,Due,29100000.0
5794,Zawar Turk,DEMO-KPT-5794,House No. CR-639,Street 7,PECHS,9,0,Plot,Zawar Turk,Mashal Iqbal,Verified,Due,Under Review,Paid,65200000.0
2638,Sitara Farooqi,DEMO-KPT-2638,House No. R-623,Street 8,PECHS,9,0,Plot,Sitara Farooqi,Nudrat Imran,Verified,Paid,Issue Found,Paid,51500000.0
8788,Amara Mari,DEMO-KPT-8788,House No. RR-855,Street 8,PECHS,9,0,Plot,Amara Mari,Mukhtar Peerzada,Pending,Paid,Issue Found,Due,57400000.0
1352,Sara Javed,DEMO-KPT-1352,House No. A-489,Street 13,PECHS,9,0,Plot,Sara Javed,Hamza Malik,Verified,Due,Clear,Paid,62200000.0
2816,Yameen Jamali,DEMO-KPT-2816,House No. R-724,Street 13,PECHS,9,0,Plot,Yameen Jamali,Younas Sohu,Pending,Paid,Clear,Paid,46600000.0
8717,Sahrish Rana,DEMO-KPT-8717,House No. DD-691,Street 14,PECHS,9,0,Plot,Sahrish Rana,Kashif Wani,Pending,Paid,Under Review,Due,35900000.0
8715,Saba Durrani,DEMO-KPT-8715,House No. BB-356,Street 16,PECHS,9,0,Plot,Saba Durrani,Sidrah Samo,Litigated,Due,Issue Found,Due,51000000.0
5857,Rehman Chandio,DEMO-KPT-5857,House No. CB-652,Street 17,PECHS,9,0,Plot,Rehman Chandio,Kaneez Ghumman,Pending,Due,Clear,Paid,21000000.0
14663,Mohsin Iqbal,DEMO-KPT-14663,House No. CBR-852,Street 19,PECHS,9,0,Plot,Mohsin Iqbal,Sameen Ali,Pending,Paid,Issue Found,Paid,20000000.0
2669,Eman Magsi,DEMO-KPT-2669,House No. B-587,Street 20,PECHS,9,0,Plot,Eman Magsi,Wali Junejo,Verified,Due,Clear,Paid,73500000.0
8727,Nasreen Warsi,DEMO-KPT-8727,House No. RR-865,Street 28,PECHS,9,0,Plot,Nasreen Warsi,Sabeen Ghauri,Verified,Paid,Under Review,Due,33900000.0
8944,Warda Bettani,DEMO-KPT-8944,House No. BC-789,Street 7,PECHS,10,0,Plot,Warda Bettani,Emaan Hayat,Verified,Due,Under Review,Paid,55200000.0
5927,Tanveer Riaz,DEMO-KPT-5927,House No. CC-504,Street 13,PECHS,10,0,Plot,Tanveer Riaz,Rafiq Rashid,Pending,Due,Under Review,Due,49300000.0
5966,Anmol Jamali,DEMO-KPT-5966,House No. DD-472,Street 13,PECHS,10,0,Plot,Anmol Jamali,Zaheer Gilani,Pending,Paid,Clear,Paid,68000000.0
1430,Komal Ahmed,DEMO-KPT-1430,House No. A-300,Street 17,PECHS,10,0,Plot,Komal Ahmed,Owais Ahmed,Verified,Paid,Issue Found,Due,74700000.0
14810,Muzammil Shaikh,DEMO-KPT-14810,House No. RCD-829,Street 18,PECHS,10,0,Plot,Muzammil Shaikh,Fayyaz Bhatti,Verified,Paid,Under Review,Paid,20800000.0
5992,Fariha Samo,DEMO-KPT-5992,House No. CB-663,Street 20,PECHS,10,0,Plot,Fariha Samo,Rabia Rana,Litigated,Due,Clear,Paid,70300000.0
11842,Farid Mahesar,DEMO-KPT-11842,House No. CR-862,Street 20,PECHS,10,0,Plot,Farid Mahesar,Areeba Ahmed,Litigated,Due,Clear,Paid,68800000.0
14851,Ayan Mir,DEMO-KPT-14851,House No. DRC-742,Street 25,PECHS,10,0,Plot,Ayan Mir,Ismail Marwat,Litigated,Paid,Clear,Due,50600000.0
11950,Abeera Lari,DEMO-KPT-11950,House No. DC-706,Street 27,PECHS,10,0,Plot,Abeera Lari,Mirza Zardari,Pending,Due,Clear,Paid,20900000.0
3055,Yawar Saleem,DEMO-KPT-3055,House No. D-722,Street 5,PECHS,11,0,Plot,Yawar Saleem,Mansha Zardari,Pending,Paid,Issue Found,Due,64000000.0
6036,Khalid Bukhari,DEMO-KPT-6036,House No. CD-673,Street 7,PECHS,11,0,Plot,Khalid Bukhari,Mahnoor Janjua,Pending,Paid,Under Review,Paid,49900000.0
11996,Shabbir Junejo,DEMO-KPT-11996,House No. BB-735,Street 7,PECHS,11,0,Plot,Shabbir Junejo,Umair Sial,Pending,Due,Issue Found,Due,43600000.0
11987,Erum Janjua,DEMO-KPT-11987,House No. BR-596,Street 14,PECHS,11,0,Plot,Erum Janjua,Mehrunnisa Khattak,Verified,Paid,Under Review,Due,20700000.0
9051,Sami Jadoon,DEMO-KPT-9051,House No. RR-595,Street 16,PECHS,11,0,Plot,Sami Jadoon,Zahida Mahsud,Pending,Paid,Under Review,Due,76100000.0
1447,Zara Noor,DEMO-KPT-1447,House No. A-28,Street 17,PECHS,11,0,Plot,Zara Noor,Ahmed Shah,Litigated,Due,Issue Found,Due,58200000.0
14982,Idrees Lari,DEMO-KPT-14982,House No. RBC-565,Street 18,PECHS,11,0,Plot,Idrees Lari,Jamil Toor,Pending,Due,Issue Found,Paid,39300000.0
11969,Murtaza Jafri,DEMO-KPT-11969,House No. BR-642,Street 25,PECHS,11,0,Plot,Murtaza Jafri,Rayyan Mohammadzai,Verified,Due,Under Review,Due,62100000.0
9177,Zahida Tanvir,DEMO-KPT-9177,House No. DB-451,Street 28,PECHS,11,0,Plot,Zahida Tanvir,Huma Sultan,Verified,Paid,Under Review,Due,77400000.0
9331,Qudrat Raza,DEMO-KPT-9331,House No. RB-829,Street 5,PECHS,12,0,Plot,Qudrat Raza,Babar Sultan,Verified,Due,Under Review,Due,64700000.0
6238,Kinza Junejo,DEMO-KPT-6238,House No. RC-589,Street 8,PECHS,12,0,Plot,Kinza Junejo,Siddique Kazmi,Verified,Paid,Issue Found,Paid,60400000.0
9228,Fatima Jogezai,DEMO-KPT-9228,House No. BC-826,Street 11,PECHS,12,0,Plot,Fatima Jogezai,Maira Ghaffar,Verified,Paid,Issue Found,Paid,45500000.0
12176,Sharjeel Sultan,DEMO-KPT-12176,House No. CR-735,Street 11,PECHS,12,0,Plot,Sharjeel Sultan,Mahmood Warsi,Verified,Due,Issue Found,Due,36700000.0
12300,Zameer Anwar,DEMO-KPT-12300,House No. CD-785,Street 14,PECHS,12,0,Plot,Zameer Anwar,Zaib Zaidi,Verified,Paid,Clear,Due,59900000.0
15137,Shumaila Lodhi,DEMO-KPT-15137,House No. BCD-481,Street 14,PECHS,12,0,Plot,Shumaila Lodhi,Zubaida Rind,Verified,Paid,Under Review,Due,58700000.0
12264,Armaghan Mansoor,DEMO-KPT-12264,House No. BB-465,Street 15,PECHS,12,0,Plot,Armaghan Mansoor,Sarah Barakzai,Verified,Due,Issue Found,Paid,42500000.0
3119,Zehra Sabri,DEMO-KPT-3119,House No. B-844,Street 20,PECHS,12,0,Plot,Zehra Sabri,Mateen Mari,Verified,Due,Clear,Paid,46900000.0
3193,Muzammil Awan,DEMO-KPT-3193,House No. R-602,Street 25,PECHS,12,0,Plot,Muzammil Awan,Sidrah Panhwar,Pending,Due,Under Review,Paid,28100000.0
6264,Mohib Jamal,DEMO-KPT-6264,House No. RC-756,Street 27,PECHS,12,0,Plot,Mohib Jamal,Zarmeen Mohmand,Verified,Due,Issue Found,Paid,63200000.0
12313,Esha Noor,DEMO-KPT-12313,House No. DR-821,Street 1,PECHS,13,0,Plot,Esha Noor,Fasih Magsi,Litigated,Paid,Clear,Paid,44500000.0
6402,Sohail Tiwana,DEMO-KPT-6402,House No. DD-485,Street 2,PECHS,13,0,Plot,Sohail Tiwana,Murtaza Marwat,Litigated,Paid,Clear,Paid,72900000.0
3256,Khalid Samo,DEMO-KPT-3256,House No. D-483,Street 6,PECHS,13,0,Plot,Khalid Samo,Abid Naseem,Pending,Due,Issue Found,Paid,47800000.0
12349,Mahreen Gondal,DEMO-KPT-12349,House No. BB-798,Street 11,PECHS,13,0,Plot,Mahreen Gondal,Zarmeen Unar,Pending,Due,Issue Found,Due,49100000.0
3227,Arslan Samo,DEMO-KPT-3227,House No. B-816,Street 13,PECHS,13,0,Plot,Arslan Samo,Qurat Kalhoro,Pending,Due,Under Review,Due,74400000.0
12310,Ahmed Panhwar,DEMO-KPT-12310,House No. CR-368,Street 14,PECHS,13,0,Plot,Ahmed Panhwar,Ayan Malik,Litigated,Due,Issue Found,Paid,47500000.0
15467,Zubair Saeed,DEMO-KPT-15467,House No. CRD-886,Street 14,PECHS,13,0,Plot,Zubair Saeed,Nayyar Iqbal,Pending,Paid,Under Review,Due,62200000.0
15465,Anmol Mazari,DEMO-KPT-15465,House No. CRD-379,Street 16,PECHS,13,0,Plot,Anmol Mazari,Bareera Wattoo,Litigated,Due,Issue Found,Due,39200000.0
12351,Salman Sahito,DEMO-KPT-12351,House No. CD-538,Street 17,PECHS,13,0,Plot,Salman Sahito,Numan Marri,Verified,Paid,Under Review,Paid,27000000.0
15442,Nabeeha Niazi,DEMO-KPT-15442,House No. CBD-526,Street 20,PECHS,13,0,Plot,Nabeeha Niazi,Kabeer Toor,Litigated,Due,Clear,Paid,38600000.0
3280,Naeem Jogezai,DEMO-KPT-3280,House No. R-566,Street 29,PECHS,13,0,Plot,Naeem Jogezai,Inam Zahid,Litigated,Paid,Under Review,Due,33900000.0
6510,Kashaf Panhwar,DEMO-KPT-6510,House No. RD-414,Street 1,PECHS,14,0,Plot,Kashaf Panhwar,Hafiz Haral,Verified,Due,Under Review,Paid,49600000.0
3345,Arslan Virk,DEMO-KPT-3345,House No. R-469,Street 2,PECHS,14,0,Plot,Arslan Virk,Nawal Sial,Verified,Paid,Clear,Paid,31300000.0
15474,Lamia Alvi,DEMO-KPT-15474,House No. DRB-892,Street 2,PECHS,14,0,Plot,Lamia Alvi,Babar Bajwa,Verified,Paid,Clear,Paid,66600000.0
3395,Saif Abro,DEMO-KPT-3395,House No. R-305,Street 5,PECHS,14,0,Plot,Saif Abro,Hussain Mughal,Pending,Paid,Issue Found,Paid,66300000.0
6631,Nawal Mazari,DEMO-KPT-6631,House No. CD-447,Street 5,PECHS,14,0,Plot,Nawal Mazari,Hanif Bugti,Verified,Due,Under Review,Due,47800000.0
9556,Farhan Jafri,DEMO-KPT-9556,House No. RC-735,Street 6,PECHS,14,0,Plot,Farhan Jafri,Humaira Peerzada,Pending,Due,Issue Found,Paid,70300000.0
3314,Sharmeen Latif,DEMO-KPT-3314,House No. R-389,Street 10,PECHS,14,0,Plot,Sharmeen Latif,Raheela Mir,Pending,Paid,Issue Found,Paid,39200000.0
15528,Daniya Ghumman,DEMO-KPT-15528,House No. BCD-659,Street 11,PECHS,14,0,Plot,Daniya Ghumman,Qasim Unar,Verified,Paid,Issue Found,Paid,52800000.0
12442,Shahida Nadeem,DEMO-KPT-12442,House No. CB-499,Street 12,PECHS,14,0,Plot,Shahida Nadeem,Aqib Orakzai,Litigated,Due,Clear,Paid,21900000.0
3310,Zaheer Shah,DEMO-KPT-3310,House No. D-664,Street 14,PECHS,14,0,Plot,Zaheer Shah,Noshaba Kasi,Litigated,Due,Issue Found,Paid,35500000.0
9610,Malaika Dar,DEMO-KPT-9610,House No. CR-893,Street 14,PECHS,14,0,Plot,Malaika Dar,Aqsa Farooq,Litigated,Due,Issue Found,Paid,25000000.0
3307,Rubab Memon,DEMO-KPT-3307,House No. D-659,Street 30,PECHS,14,0,Plot,Rubab Memon,Ifrah Awan,Pending,Paid,Clear,Due,74700000.0
6655,Nudrat Kazmi,DEMO-KPT-6655,House No. DC-605,Street 5,PECHS,15,0,Plot,Nudrat Kazmi,Ayesha Dar,Pending,Paid,Issue Found,Due,22200000.0
6667,Mazhar Warsi,DEMO-KPT-6667,House No. RC-697,Street 5,PECHS,15,0,Plot,Mazhar Warsi,Sheeba Awan,Pending,Paid,Clear,Paid,39000000.0
9737,Khurram Rehman,DEMO-KPT-9737,House No. DC-490,Street 14,PECHS,15,0,Plot,Khurram Rehman,Adil Gill,Verified,Paid,Under Review,Due,30400000.0
12760,Firdous Siddiqui,DEMO-KPT-12760,House No. RR-390,Street 14,PECHS,15,0,Plot,Firdous Siddiqui,Haziq Mian,Litigated,Due,Issue Found,Paid,48800000.0
6666,Lina Jamali,DEMO-KPT-6666,House No. RC-800,Street 16,PECHS,15,0,Plot,Lina Jamali,Rida Rashid,Litigated,Due,Issue Found,Due,47500000.0
6710,Batool Durrani,DEMO-KPT-6710,House No. RD-528,Street 18,PECHS,15,0,Plot,Batool Durrani,Dania Gill,Verified,Paid,Under Review,Paid,32800000.0
12686,Sabih Saif,DEMO-KPT-12686,House No. DR-468,Street 21,PECHS,15,0,Plot,Sabih Saif,Mariam Turk,Verified,Due,Under Review,Due,64800000.0
12719,Aamir Rajput,DEMO-KPT-12719,House No. BC-643,Street 22,PECHS,15,0,Plot,Aamir Rajput,Zubaid Niazi,Verified,Paid,Under Review,Due,20800000.0
6650,Nigar Bangash,DEMO-KPT-6650,House No. BD-352,Street 27,PECHS,15,0,Plot,Nigar Bangash,Sumaira Kalhoro,Verified,Paid,Issue Found,Paid,43800000.0
15650,Bahadur Dahri,DEMO-KPT-15650,House No. BDR-346,Street 27,PECHS,15,0,Plot,Bahadur Dahri,Shamim Zia,Verified,Paid,Issue Found,Paid,29200000.0
12804,Zarar Ilyas,DEMO-KPT-12804,House No. RB-343,Street 4,PECHS,16,0,Plot,Zarar Ilyas,Unaiza Sheikh,Verified,Due,Issue Found,Paid,35400000.0
15776,Jamshed Joiya,DEMO-KPT-15776,House No. DBC-866,Street 11,PECHS,16,0,Plot,Jamshed Joiya,Hanif Ijaz,Verified,Due,Issue Found,Due,21500000.0
6866,Sumaira Panhwar,DEMO-KPT-6866,House No. CD-822,Street 13,PECHS,16,0,Plot,Sumaira Panhwar,Mahreen Majeed,Pending,Paid,Clear,Paid,70500000.0
3697,Fida Samo,DEMO-KPT-3697,House No. D-813,Street 17,PECHS,16,0,Plot,Fida Samo,Kausar Abbasi,Litigated,Due,Issue Found,Due,42200000.0
9869,Munir Sabri,DEMO-KPT-9869,House No. BR-420,Street 20,PECHS,16,0,Plot,Munir Sabri,Tahmina Iqbal,Verified,Due,Clear,Paid,55000000.0
15751,Rahim Daudzai,DEMO-KPT-15751,House No. RBD-352,Street 25,PECHS,16,0,Plot,Rahim Daudzai,Dilshad Shafi,Litigated,Paid,Clear,Due,63000000.0
3860,Erum Chaudhry,DEMO-KPT-3860,House No. CR-572,Street 3,PECHS,17,0,Plot,Erum Chaudhry,Saad Gakhar,Pending,Due,Clear,Due,51900000.0
15954,Ahtisham Shafi,DEMO-KPT-15954,House No. CDR-800,Street 4,PECHS,17,0,Plot,Ahtisham Shafi,Hafsa Lashari,Verified,Due,Issue Found,Paid,71000000.0
10062,Rubina Leghari,DEMO-KPT-10062,House No. RD-823,Street 9,PECHS,17,0,Plot,Rubina Leghari,Mushtaq Gakhar,Litigated,Due,Under Review,Due,58000000.0
10064,Mahjabeen Peerzada,DEMO-KPT-10064,House No. RB-549,Street 10,PECHS,17,0,Plot,Mahjabeen Peerzada,Zahid Lakhani,Pending,Paid,Issue Found,Paid,67400000.0
6949,Nasrullah Sabri,DEMO-KPT-6949,House No. DD-745,Street 11,PECHS,17,0,Plot,Nasrullah Sabri,Umar Baig,Pending,Due,Issue Found,Due,23200000.0
9989,Amber Zubairi,DEMO-KPT-9989,House No. BB-887,Street 14,PECHS,17,0,Plot,Amber Zubairi,Jamila Qadri,Verified,Due,Under Review,Due,53800000.0
3941,Khizar Malik,DEMO-KPT-3941,House No. CC-585,Street 18,PECHS,17,0,Plot,Khizar Malik,Madiha Niazi,Verified,Due,Clear,Due,28200000.0
9986,Ifrah Ghaffar,DEMO-KPT-9986,House No. CC-703,Street 21,PECHS,17,0,Plot,Ifrah Ghaffar,Nabila Randhawa,Verified,Due,Under Review,Due,34900000.0
3932,Khushbu Sadiq,DEMO-KPT-3932,House No. RB-793,Street 22,PECHS,17,0,Plot,Khushbu Sadiq,Urwa Ghazali,Pending,Due,Issue Found,Paid,25700000.0
10019,Kainat Mahar,DEMO-KPT-10019,House No. BC-437,Street 22,PECHS,17,0,Plot,Kainat Mahar,Arooj Zardari,Verified,Paid,Under Review,Due,47200000.0
3823,Kamal Panezai,DEMO-KPT-3823,House No. R-890,Street 26,PECHS,17,0,Plot,Kamal Panezai,Sidrah Siddiqui,Pending,Due,Under Review,Due,60100000.0
7031,Nasir Khokhar,DEMO-KPT-7031,House No. BD-656,Street 29,PECHS,17,0,Plot,Nasir Khokhar,Shehzad Ghazali,Pending,Due,Clear,Due,27300000.0
15907,Faizan Tunio,DEMO-KPT-15907,House No. CBD-560,Street 30,PECHS,17,0,Plot,Faizan Tunio,Gohar Lari,Pending,Paid,Clear,Due,75600000.0
7081,Rashid Zubairi,DEMO-KPT-7081,House No. BR-726,Street 5,PECHS,18,0,Plot,Rashid Zubairi,Asra Mengal,Verified,Due,Under Review,Due,68100000.0
7138,Fatima Ghauri,DEMO-KPT-7138,House No. CD-793,Street 8,PECHS,18,0,Plot,Fatima Ghauri,Nida Jafri,Verified,Paid,Issue Found,Paid,38500000.0
4127,Tehmina Minhas,DEMO-KPT-4127,House No. DR-520,Street 13,PECHS,18,0,Plot,Tehmina Minhas,Momina Barakzai,Pending,Due,Under Review,Due,39600000.0
4035,Raheel Ijaz,DEMO-KPT-4035,House No. RR-714,Street 14,PECHS,18,0,Plot,Raheel Ijaz,Anmol Wattoo,Verified,Due,Issue Found,Paid,45600000.0
10187,Zubaid Gill,DEMO-KPT-10187,House No. RB-605,Street 14,PECHS,18,0,Plot,Zubaid Gill,Rimsha Mahsud,Verified,Paid,Under Review,Due,59000000.0
13139,Zulekha Dar,DEMO-KPT-13139,House No. RC-309,Street 14,PECHS,18,0,Plot,Zulekha Dar,Fariha Lashari,Verified,Due,Under Review,Due,21200000.0
13200,Fabiha Lak,DEMO-KPT-13200,House No. RD-672,Street 14,PECHS,18,0,Plot,Fabiha Lak,Khadija Samo,Verified,Paid,Clear,Due,32400000.0
16124,Zartaj Sheikh,DEMO-KPT-16124,House No. BCD-834,Street 26,PECHS,18,0,Plot,Zartaj Sheikh,Ihtisham Rehman,Litigated,Paid,Clear,Due,45400000.0
4260,Saqib Dogar,DEMO-KPT-4260,House No. RB-673,Street 1,PECHS,19,0,Plot,Saqib Dogar,Junaid Kharal,Verified,Due,Under Review,Paid,59400000.0
13245,Bashir Imran,DEMO-KPT-13245,House No. DD-630,Street 2,PECHS,19,0,Plot,Bashir Imran,Fiza Khalid,Verified,Paid,Clear,Paid,65300000.0
10211,Nigar Tunio,DEMO-KPT-10211,House No. RR-412,Street 3,PECHS,19,0,Plot,Nigar Tunio,Shafaq Ghumman,Pending,Due,Issue Found,Paid,45300000.0
10288,Hussam Popalzai,DEMO-KPT-10288,House No. BC-777,Street 8,PECHS,19,0,Plot,Hussam Popalzai,Mahmood Hanif,Verified,Paid,Issue Found,Paid,23400000.0
4212,Saba Unar,DEMO-KPT-4212,House No. BD-771,Street 9,PECHS,19,0,Plot,Saba Unar,Habib Cheema,Litigated,Due,Under Review,Due,40300000.0
13249,Shaista Bijarani,DEMO-KPT-13249,House No. BC-851,Street 11,PECHS,19,0,Plot,Shaista Bijarani,Mahreen Mahar,Pending,Due,Issue Found,Due,67100000.0
13278,Zain Zardari,DEMO-KPT-13278,House No. RR-580,Street 11,PECHS,19,0,Plot,Zain Zardari,Rehman Pasha,Verified,Paid,Issue Found,Paid,29600000.0
7169,Ayan Umer,DEMO-KPT-7169,House No. CB-596,Street 20,PECHS,19,0,Plot,Ayan Umer,Nazia Rizvi,Verified,Due,Clear,Paid,73300000.0
7319,Anum Chattha,DEMO-KPT-7319,House No. DB-350,Street 22,PECHS,19,0,Plot,Anum Chattha,Hira Rind,Verified,Paid,Under Review,Due,41300000.0
10232,Mahnaz Mahesar,DEMO-KPT-10232,House No. CC-751,Street 22,PECHS,19,0,Plot,Mahnaz Mahesar,Farah Sipra,Pending,Due,Issue Found,Paid,68400000.0
16186,Neha Awan,DEMO-KPT-16186,House No. BDC-830,Street 27,PECHS,19,0,Plot,Neha Awan,Areeba Tariq,Pending,Paid,Issue Found,Paid,59800000.0
13227,Maryam Ilyas,DEMO-KPT-13227,House No. BD-494,Street 28,PECHS,19,0,Plot,Maryam Ilyas,Abeera Afridi,Verified,Paid,Under Review,Due,51900000.0
4207,Rehman Jogezai,DEMO-KPT-4207,House No. CB-799,Street 30,PECHS,19,0,Plot,Rehman Jogezai,Farwa Peerzada,Pending,Paid,Clear,Due,53000000.0
10289,Farzana Khuhro,DEMO-KPT-10289,House No. BD-508,Street 30,PECHS,19,0,Plot,Farzana Khuhro,Sadia Sadiq,Litigated,Due,Issue Found,Paid,36200000.0
7395,Hashim Jafri,DEMO-KPT-7395,House No. BR-577,Street 2,PECHS,20,0,Plot,Hashim Jafri,Rameez Hussain,Verified,Paid,Clear,Paid,24300000.0
7341,Iffat Tarar,DEMO-KPT-7341,House No. BR-354,Street 3,PECHS,20,0,Plot,Iffat Tarar,Sumaira Sipra,Pending,Paid,Issue Found,Paid,76200000.0
4417,Laiba Zubairi,DEMO-KPT-4417,House No. DB-670,Street 5,PECHS,20,0,Plot,Laiba Zubairi,Benazir Bajwa,Pending,Paid,Clear,Paid,73300000.0
13336,Zainab Dreshak,DEMO-KPT-13336,House No. RC-812,Street 9,PECHS,20,0,Plot,Zainab Dreshak,Dilshad Mazari,Pending,Paid,Clear,Paid,32500000.0
10427,Rehana Tarar,DEMO-KPT-10427,House No. BB-502,Street 13,PECHS,20,0,Plot,Rehana Tarar,Fakhar Alvi,Pending,Due,Under Review,Due,45900000.0
10466,Nadeem Zardari,DEMO-KPT-10466,House No. BC-449,Street 13,PECHS,20,0,Plot,Nadeem Zardari,Mahnoor Haral,Pending,Paid,Clear,Paid,69200000.0
13337,Aslam Raza,DEMO-KPT-13337,House No. CC-743,Street 14,PECHS,20,0,Plot,Aslam Raza,Nauman Latif,Verified,Paid,Under Review,Due,50500000.0
16332,Aqsa Bajwa,DEMO-KPT-16332,House No. BCD-418,Street 18,PECHS,20,0,Plot,Aqsa Bajwa,Nudrat Rizvi,Pending,Due,Issue Found,Paid,40300000.0
13313,Zia Jadoon,DEMO-KPT-13313,House No. CC-694,Street 19,PECHS,20,0,Plot,Zia Jadoon,Jamila Janjua,Pending,Paid,Issue Found,Paid,56900000.0
7423,Zaynab Farooqi,DEMO-KPT-7423,House No. BB-531,Street 26,PECHS,20,0,Plot,Zaynab Farooqi,Rohail Tahir,Pending,Due,Under Review,Due,25300000.0
7426,Adnan Jogezai,DEMO-KPT-7426,House No. DR-317,Street 27,PECHS,20,0,Plot,Adnan Jogezai,Kamal Marri,Litigated,Paid,Clear,Due,42300000.0
4331,Adil Khokhar,DEMO-KPT-4331,House No. BR-799,Street 29,PECHS,20,0,Plot,Adil Khokhar,Zakariya Korai,Pending,Due,Clear,Due,31500000.0
16330,Sabika Baig,DEMO-KPT-16330,House No. CBR-454,Street 29,PECHS,20,0,Plot,Sabika Baig,Umair Zia,Litigated,Paid,Under Review,Due,44100000.0
16357,Sadaf Malik,DEMO-KPT-16357,House No. RCB-857,Street 30,PECHS,20,0,Plot,Sadaf Malik,Munir Mazari,Pending,Paid,Clear,Due,64400000.0
1491,Bushra Noor,DEMO-KPT-1491,House No. B-350,Street 3,Malir,1,0,Plot,Bushra Noor,Khizar Kayani,Pending,Paid,Issue Found,Paid,75200000.0
12214,Samiya Tanoli,DEMO-KPT-12214,House No. CR-380,Street 3,Malir,1,0,Plot,Samiya Tanoli,Laiba Zardari,Pending,Paid,Issue Found,Due,79300000.0
6054,Ayesha Gabol,DEMO-KPT-6054,House No. CD-730,Street 4,Malir,1,0,Plot,Ayesha Gabol,Zahida Gill,Verified,Due,Issue Found,Paid,51900000.0
6039,Faisal Mian,DEMO-KPT-6039,House No. RC-736,Street 8,Malir,1,0,Plot,Faisal Mian,Shakeel Kharal,Pending,Paid,Under Review,Paid,25400000.0
1475,Kausar Kazmi,DEMO-KPT-1475,House No. D-771,Street 9,Malir,1,0,Plot,Kausar Kazmi,Armaghan Ahmed,Pending,Paid,Under Review,Paid,55100000.0
6012,Mansha Haral,DEMO-KPT-6012,House No. RD-689,Street 9,Malir,1,0,Plot,Mansha Haral,Urooj Korai,Litigated,Due,Under Review,Due,74700000.0
13786,Amber Siddiqui,DEMO-KPT-13786,House No. CDR-876,Street 9,Malir,1,0,Plot,Amber Siddiqui,Inam Mohammadzai,Pending,Paid,Clear,Paid,21100000.0
9026,Uzma Akhtar,DEMO-KPT-9026,House No. DD-506,Street 11,Malir,1,0,Plot,Uzma Akhtar,Rubina Gondal,Verified,Due,Issue Found,Due,68000000.0
15326,Sagheer Junejo,DEMO-KPT-15326,House No. RCD-419,Street 11,Malir,1,0,Plot,Sagheer Junejo,Rizwan Mian,Verified,Due,Issue Found,Due,66400000.0
6017,Zainab Rind,DEMO-KPT-6017,House No. DB-865,Street 14,Malir,1,0,Plot,Zainab Rind,Shan Tunio,Pending,Paid,Under Review,Due,72400000.0
9089,Minahil Ilyas,DEMO-KPT-9089,House No. BD-541,Street 14,Malir,1,0,Plot,Minahil Ilyas,Sameer Gondal,Verified,Due,Under Review,Due,68000000.0
10637,Bushra Kakar,DEMO-KPT-10637,House No. BB-891,Street 14,Malir,1,0,Plot,Bushra Kakar,Mansha Mazari,Verified,Paid,Under Review,Due,78700000.0
1464,Yusuf Hashmi,DEMO-KPT-1464,House No. B-343,Street 15,Malir,1,0,Plot,Yusuf Hashmi,Ahmed Khan,Verified,Due,Issue Found,Paid,53900000.0
12230,Noreen Nasar,DEMO-KPT-12230,House No. RD-526,Street 17,Malir,1,0,Plot,Noreen Nasar,Haziq Abro,Verified,Paid,Issue Found,Due,63100000.0
7463,Mubeen Mohmand,DEMO-KPT-7463,House No. RC-672,Street 19,Malir,1,0,Plot,Mubeen Mohmand,Tahira Ghauri,Pending,Paid,Issue Found,Paid,56100000.0
7509,Laila Gondal,DEMO-KPT-7509,House No. RB-443,Street 19,Malir,1,0,Plot,Laila Gondal,Yasir Tanvir,Litigated,Due,Clear,Paid,50100000.0
12269,Hanif Samo,DEMO-KPT-12269,House No. RR-520,Street 22,Malir,1,0,Plot,Hanif Samo,Rimsha Mirza,Verified,Paid,Under Review,Due,49600000.0
4543,Hussnain Tahir,DEMO-KPT-4543,House No. RR-812,Street 25,Malir,1,0,Plot,Hussnain Tahir,Hussnain Mahsud,Pending,Due,Under Review,Paid,37100000.0
7469,Tahseen Panezai,DEMO-KPT-7469,House No. BD-498,Street 25,Malir,1,0,Plot,Tahseen Panezai,Shahida Aslam,Verified,Due,Under Review,Due,23600000.0
1527,Younas Ghazali,DEMO-KPT-1527,House No. R-780,Street 28,Malir,1,0,Plot,Younas Ghazali,Maryam Tahir,Verified,Paid,Under Review,Due,51100000.0
1560,Fatima Tahir,DEMO-KPT-1560,House No. C-591,Street 1,Malir,2,0,Plot,Fatima Tahir,Kausar Bangash,Verified,Due,Under Review,Paid,77700000.0
12360,Nayyar Awan,DEMO-KPT-12360,House No. BB-419,Street 1,Malir,2,0,Plot,Nayyar Awan,Waqas Hanif,Verified,Due,Under Review,Paid,46600000.0
3049,Akif Mahar,DEMO-KPT-3049,House No. D-755,Street 6,Malir,2,0,Plot,Akif Mahar,Sabeen Yousafzai,Litigated,Due,Under Review,Due,26200000.0
13894,Maqsood Waheed,DEMO-KPT-13894,House No. BCR-357,Street 7,Malir,2,0,Plot,Maqsood Waheed,Jamshed Shakir,Verified,Due,Under Review,Paid,68400000.0
6088,Mukarram Dayo,DEMO-KPT-6088,House No. BC-823,Street 8,Malir,2,0,Plot,Mukarram Dayo,Mahreen Rehman,Pending,Paid,Issue Found,Due,79200000.0
4616,Asif Hayat,DEMO-KPT-4616,House No. CC-797,Street 13,Malir,2,0,Plot,Asif Hayat,Sheeba Mir,Pending,Paid,Clear,Paid,37300000.0
9116,Ali Qadri,DEMO-KPT-9116,House No. DB-561,Street 13,Malir,2,0,Plot,Ali Qadri,Asra Kamal,Pending,Paid,Clear,Paid,78600000.0
9167,Mubashra Mahar,DEMO-KPT-9167,House No. BD-763,Street 14,Malir,2,0,Plot,Mubashra Mahar,Faisal Bhittani,Pending,Paid,Under Review,Due,25200000.0
4614,Affan Hussain,DEMO-KPT-4614,House No. DB-603,Street 15,Malir,2,0,Plot,Affan Hussain,Hadiqa Magsi,Verified,Due,Issue Found,Paid,49800000.0
7568,Urwa Ilyas,DEMO-KPT-7568,House No. RR-851,Street 15,Malir,2,0,Plot,Urwa Ilyas,Mazen Hanif,Verified,Paid,Issue Found,Due,22700000.0
9165,Azeem Leghari,DEMO-KPT-9165,House No. BC-844,Street 16,Malir,2,0,Plot,Azeem Leghari,Moeen Dar,Litigated,Due,Issue Found,Due,49300000.0
13866,Hamid Hayat,DEMO-KPT-13866,House No. CBD-316,Street 16,Malir,2,0,Plot,Hamid Hayat,Asma Awan,Litigated,Due,Issue Found,Due,69600000.0
4580,Sonia Rajput,DEMO-KPT-4580,House No. BC-767,Street 17,Malir,2,0,Plot,Sonia Rajput,Erum Shakir,Verified,Paid,Issue Found,Due,28400000.0
9131,Sarfraz Yousaf,DEMO-KPT-9131,House No. RR-833,Street 17,Malir,2,0,Plot,Sarfraz Yousaf,Ahtisham Shinwari,Litigated,Due,Clear,Due,32900000.0
15380,Nabeel Sabri,DEMO-KPT-15380,House No. BDC-394,Street 17,Malir,2,0,Plot,Nabeel Sabri,Mahira Kasi,Verified,Paid,Issue Found,Due,71700000.0
1613,Kanwar Bijarani,DEMO-KPT-1613,House No. C-732,Street 19,Malir,2,0,Plot,Kanwar Bijarani,Shaheer Minhas,Pending,Paid,Issue Found,Paid,27800000.0
6113,Zulekha Bajwa,DEMO-KPT-6113,House No. DR-580,Street 19,Malir,2,0,Plot,Zulekha Bajwa,Nawal Naqvi,Pending,Paid,Issue Found,Paid,48400000.0
15399,Talha Parvez,DEMO-KPT-15399,House No. BDC-510,Street 20,Malir,2,0,Plot,Talha Parvez,Lubna Jogezai,Verified,Due,Clear,Due,45800000.0
4586,Minhaj Rashid,DEMO-KPT-4586,House No. CC-452,Street 21,Malir,2,0,Plot,Minhaj Rashid,Noshaba Warraich,Verified,Due,Under Review,Due,33500000.0
15419,Shafiq Samo,DEMO-KPT-15419,House No. CRD-729,Street 22,Malir,2,0,Plot,Shafiq Samo,Ijaz Parvez,Verified,Paid,Under Review,Due,48700000.0
15418,Mahrukh Achakzai,DEMO-KPT-15418,House No. DCB-419,Street 29,Malir,2,0,Plot,Mahrukh Achakzai,Rizwaan Jamal,Litigated,Paid,Issue Found,Paid,48100000.0
15430,Habib Mustafa,DEMO-KPT-15430,House No. BCR-614,Street 29,Malir,2,0,Plot,Habib Mustafa,Nadia Nawaz,Litigated,Paid,Under Review,Due,46300000.0
4674,Nabeeha Mazari,DEMO-KPT-4674,House No. BC-717,Street 2,Malir,3,0,Plot,Nabeeha Mazari,Zaynab Dawood,Verified,Paid,Clear,Paid,21400000.0
9245,Shahzadi Rafique,DEMO-KPT-9245,House No. BR-656,Street 5,Malir,3,0,Plot,Shahzadi Rafique,Vaqar Nasar,Pending,Paid,Issue Found,Paid,31400000.0
3117,Dania Bashir,DEMO-KPT-3117,House No. D-670,Street 7,Malir,3,0,Plot,Dania Bashir,Daniyal Bhittani,Verified,Due,Clear,Due,37800000.0
15490,Javaria Bhat,DEMO-KPT-15490,House No. RBD-447,Street 9,Malir,3,0,Plot,Javaria Bhat,Kinza Jamali,Verified,Due,Under Review,Due,35400000.0
4664,Nayyar Saleem,DEMO-KPT-4664,House No. RD-408,Street 10,Malir,3,0,Plot,Nayyar Saleem,Faizan Durrani,Pending,Paid,Issue Found,Paid,65700000.0
7676,Yameen Shafiq,DEMO-KPT-7676,House No. BD-504,Street 11,Malir,3,0,Plot,Yameen Shafiq,Sharjeel Qureshi,Verified,Due,Issue Found,Due,57800000.0
10785,Zakariya Rabbani,DEMO-KPT-10785,House No. RD-348,Street 14,Malir,3,0,Plot,Zakariya Rabbani,Aqsa Rind,Verified,Due,Issue Found,Paid,37900000.0
1633,Mansha Lone,DEMO-KPT-1633,House No. B-393,Street 17,Malir,3,0,Plot,Mansha Lone,Nadia Dar,Litigated,Paid,Issue Found,Due,46700000.0
4631,Kaneez Rajper,DEMO-KPT-4631,House No. BB-496,Street 17,Malir,3,0,Plot,Kaneez Rajper,Muhammad Hashmi,Litigated,Due,Clear,Due,44100000.0
10807,Emaad Sabri,DEMO-KPT-10807,House No. BR-491,Street 17,Malir,3,0,Plot,Emaad Sabri,Naureen Hameed,Pending,Due,Clear,Paid,69600000.0
6159,Shaheen Sabri,DEMO-KPT-6159,House No. BD-455,Street 19,Malir,3,0,Plot,Shaheen Sabri,Farah Riaz,Litigated,Due,Clear,Paid,38500000.0
10774,Rimsha Khattak,DEMO-KPT-10774,House No. RB-563,Street 20,Malir,3,0,Plot,Rimsha Khattak,Rameez Imran,Pending,Due,Clear,Paid,74000000.0
7614,Ilyas Saleem,DEMO-KPT-7614,House No. BC-523,Street 27,Malir,3,0,Plot,Ilyas Saleem,Beenish Kasi,Verified,Due,Issue Found,Paid,23300000.0
10786,Naureen Rana,DEMO-KPT-10786,House No. BR-314,Street 27,Malir,3,0,Plot,Naureen Rana,Rida Zafar,Pending,Paid,Issue Found,Paid,55100000.0
3121,Rafia Turk,DEMO-KPT-3121,House No. B-518,Street 28,Malir,3,0,Plot,Rafia Turk,Sahrish Hameed,Litigated,Due,Under Review,Due,28600000.0
7714,Nadia Hussain,DEMO-KPT-7714,House No. BR-581,Street 3,Malir,4,0,Plot,Nadia Hussain,Nageen Nawaz,Pending,Paid,Issue Found,Due,34800000.0
9298,Sabih Dayo,DEMO-KPT-9298,House No. BC-347,Street 3,Malir,4,0,Plot,Sabih Dayo,Ayaz Warsi,Litigated,Paid,Under Review,Due,35700000.0
14014,Shabbir Turk,DEMO-KPT-14014,House No. BCD-565,Street 3,Malir,4,0,Plot,Shabbir Turk,Talal Zardari,Pending,Paid,Issue Found,Due,70700000.0
15598,Fiza Noor,DEMO-KPT-15598,House No. DRC-730,Street 3,Malir,4,0,Plot,Fiza Noor,Tabassum Saif,Litigated,Paid,Under Review,Due,62200000.0
1699,Zakir Mustafa,DEMO-KPT-1699,House No. D-835,Street 6,Malir,4,0,Plot,Zakir Mustafa,Shafay Jaffri,Litigated,Due,Under Review,Due,59200000.0
7756,Shahzad Bhatti,DEMO-KPT-7756,House No. BC-798,Street 6,Malir,4,0,Plot,Shahzad Bhatti,Zeshan Farooq,Pending,Due,Issue Found,Paid,44300000.0
10906,Tayyeb Khosa,DEMO-KPT-10906,House No. DB-397,Street 6,Malir,4,0,Plot,Tayyeb Khosa,Tabassum Zubairi,Pending,Due,Issue Found,Paid,65000000.0
12544,Saqib Jamali,DEMO-KPT-12544,House No. BC-808,Street 7,Malir,4,0,Plot,Saqib Jamali,Sehrish Marri,Verified,Due,Under Review,Paid,37100000.0
4690,Arham Bashir,DEMO-KPT-4690,House No. DB-367,Street 9,Malir,4,0,Plot,Arham Bashir,Hoorain Jamal,Verified,Due,Under Review,Due,41500000.0
4728,Shayan Baloch,DEMO-KPT-4728,House No. CB-855,Street 11,Malir,4,0,Plot,Shayan Baloch,Zohra Soomro,Verified,Paid,Issue Found,Paid,79100000.0
10877,Sameer Sahito,DEMO-KPT-10877,House No. RD-496,Street 13,Malir,4,0,Plot,Sameer Sahito,Ahtisham Mazari,Pending,Due,Under Review,Due,55300000.0
12518,Najma Kamboh,DEMO-KPT-12518,House No. BB-421,Street 15,Malir,4,0,Plot,Najma Kamboh,Sabir Rafique,Verified,Paid,Issue Found,Due,25500000.0
9263,Sehrish Tariq,DEMO-KPT-9263,House No. CC-661,Street 19,Malir,4,0,Plot,Sehrish Tariq,Hassan Ijaz,Pending,Paid,Issue Found,Paid,47000000.0
9309,Hadi Ghumman,DEMO-KPT-9309,House No. RC-362,Street 19,Malir,4,0,Plot,Hadi Ghumman,Nabeeha Nadeem,Litigated,Due,Clear,Paid,31800000.0
15563,Aziz Noor,DEMO-KPT-15563,House No. DRB-371,Street 19,Malir,4,0,Plot,Aziz Noor,Mahnoor Naqvi,Pending,Paid,Issue Found,Paid,25300000.0
14049,Zamzam Mengal,DEMO-KPT-14049,House No. CBD-760,Street 20,Malir,4,0,Plot,Zamzam Mengal,Yumna Tariq,Verified,Due,Clear,Due,37100000.0
10886,Abeera Kamboh,DEMO-KPT-10886,House No. DB-583,Street 21,Malir,4,0,Plot,Abeera Kamboh,Haziq Ilyas,Verified,Due,Under Review,Due,67500000.0
3151,Subhan Iqbal,DEMO-KPT-3151,House No. R-380,Street 25,Malir,4,0,Plot,Subhan Iqbal,Anam Dreshak,Litigated,Paid,Clear,Due,60800000.0
15569,Aneela Popalzai,DEMO-KPT-15569,House No. DBR-847,Street 25,Malir,4,0,Plot,Aneela Popalzai,Hina Gabol,Verified,Due,Under Review,Due,68700000.0
6224,Khizar Lughmani,DEMO-KPT-6224,House No. RD-795,Street 26,Malir,4,0,Plot,Khizar Lughmani,Jawad Buriro,Litigated,Paid,Clear,Due,50800000.0
12524,Ihtisham Bhat,DEMO-KPT-12524,House No. CD-636,Street 26,Malir,4,0,Plot,Ihtisham Bhat,Warda Mengal,Litigated,Paid,Clear,Due,68700000.0
4811,Sahil Mirza,DEMO-KPT-4811,House No. RR-880,Street 3,Malir,5,0,Plot,Sahil Mirza,Hadi Rind,Pending,Due,Issue Found,Paid,74500000.0
7791,Komal Ranjha,DEMO-KPT-7791,House No. RD-653,Street 3,Malir,5,0,Plot,Komal Ranjha,Rukhsana Saeed,Pending,Paid,Issue Found,Paid,43900000.0
15667,Farah Iqbal,DEMO-KPT-15667,House No. CDR-440,Street 5,Malir,5,0,Plot,Farah Iqbal,Anum Bhurgri,Pending,Paid,Clear,Paid,58800000.0
6267,Waleed Kharal,DEMO-KPT-6267,House No. BB-877,Street 7,Malir,5,0,Plot,Waleed Kharal,Zakir Mughal,Verified,Due,Clear,Due,59900000.0
10986,Sumayya Hinjra,DEMO-KPT-10986,House No. BC-344,Street 7,Malir,5,0,Plot,Sumayya Hinjra,Alishba Wattoo,Pending,Paid,Under Review,Paid,68500000.0
12567,Nageen Riaz,DEMO-KPT-12567,House No. BR-315,Street 7,Malir,5,0,Plot,Nageen Riaz,Ifrah Gilani,Verified,Due,Clear,Due,46800000.0
14139,Kainat Iqbal,DEMO-KPT-14139,House No. CDR-797,Street 8,Malir,5,0,Plot,Kainat Iqbal,Salma Gilani,Pending,Paid,Under Review,Paid,34800000.0
15688,Yusuf Waheed,DEMO-KPT-15688,House No. DRB-376,Street 8,Malir,5,0,Plot,Yusuf Waheed,Daniya Rabbani,Verified,Paid,Issue Found,Paid,74300000.0
3275,Momina Yousaf,DEMO-KPT-3275,House No. B-609,Street 9,Malir,5,0,Plot,Momina Yousaf,Rashida Zaman,Pending,Paid,Under Review,Paid,64500000.0
4786,Haziq Abbasi,DEMO-KPT-4786,House No. CR-417,Street 9,Malir,5,0,Plot,Haziq Abbasi,Mehmood Warsi,Pending,Paid,Clear,Paid,21200000.0
14149,Mehrunnisa Hayat,DEMO-KPT-14149,House No. BDC-382,Street 11,Malir,5,0,Plot,Mehrunnisa Hayat,Lina Lodhi,Pending,Due,Issue Found,Due,49500000.0
7764,Alam Gilani,DEMO-KPT-7764,House No. DR-452,Street 15,Malir,5,0,Plot,Alam Gilani,Suleman Lodhi,Verified,Due,Issue Found,Paid,65900000.0
3247,Nargis Shakir,DEMO-KPT-3247,House No. R-619,Street 17,Malir,5,0,Plot,Nargis Shakir,Zulekha Lodhi,Litigated,Due,Issue Found,Due,59100000.0
15710,Azeem Kamal,DEMO-KPT-15710,House No. DBR-886,Street 18,Malir,5,0,Plot,Azeem Kamal,Atiya Alvi,Verified,Paid,Under Review,Paid,52300000.0
4763,Ifrah Hinjra,DEMO-KPT-4763,House No. CR-859,Street 19,Malir,5,0,Plot,Ifrah Hinjra,Amber Yazdani,Pending,Paid,Issue Found,Paid,74200000.0
14166,Farrukh Dahri,DEMO-KPT-14166,House No. CDR-790,Street 19,Malir,5,0,Plot,Farrukh Dahri,Bilawal Noor,Verified,Due,Clear,Paid,24200000.0
3249,Mahira Achakzai,DEMO-KPT-3249,House No. R-809,Street 20,Malir,5,0,Plot,Mahira Achakzai,Anas Cheema,Verified,Due,Clear,Due,29900000.0
7792,Bahadur Zafar,DEMO-KPT-7792,House No. CR-708,Street 20,Malir,5,0,Plot,Bahadur Zafar,Aqib Siddiqui,Litigated,Due,Clear,Paid,74400000.0
7779,Younas Hafeez,DEMO-KPT-7779,House No. RC-744,Street 21,Malir,5,0,Plot,Younas Hafeez,Farooq Yaqoob,Litigated,Due,Issue Found,Paid,56200000.0
15632,Maryam Wazir,DEMO-KPT-15632,House No. DRC-610,Street 22,Malir,5,0,Plot,Maryam Wazir,Anwar Talpur,Pending,Due,Issue Found,Paid,64200000.0
6286,Ishaq Rabbani,DEMO-KPT-6286,House No. CB-606,Street 27,Malir,5,0,Plot,Ishaq Rabbani,Farzana Mir,Pending,Paid,Issue Found,Paid,47900000.0
14176,Hania Umer,DEMO-KPT-14176,House No. DBR-531,Street 27,Malir,5,0,Plot,Hania Umer,Bilal Lakhani,Litigated,Paid,Clear,Due,54300000.0
6271,Qasim Riaz,DEMO-KPT-6271,House No. BR-385,Street 28,Malir,5,0,Plot,Qasim Riaz,Maham Sohu,Litigated,Due,Under Review,Due,47600000.0
12571,Fauzia Farooqi,DEMO-KPT-12571,House No. RB-388,Street 28,Malir,5,0,Plot,Fauzia Farooqi,Sarfraz Swati,Litigated,Due,Under Review,Due,47300000.0
6276,Abubakar Chandio,DEMO-KPT-6276,House No. DD-515,Street 29,Malir,5,0,Plot,Abubakar Chandio,Beenish Bhat,Pending,Due,Issue Found,Due,30000000.0
7780,Alina Rizvi,DEMO-KPT-7780,House No. RC-592,Street 29,Malir,5,0,Plot,Alina Rizvi,Alina Rajper,Litigated,Paid,Under Review,Due,46100000.0
12576,Urooj Khalid,DEMO-KPT-12576,House No. CD-560,Street 29,Malir,5,0,Plot,Urooj Khalid,Zawar Barakzai,Pending,Due,Issue Found,Due,79800000.0
7813,Tahmina Khokhar,DEMO-KPT-7813,House No. BD-363,Street 1,Malir,6,0,Plot,Tahmina Khokhar,Ahsan Tareen,Litigated,Paid,Clear,Paid,60000000.0
1902,Qurat Panezai,DEMO-KPT-1902,House No. B-729,Street 2,Malir,6,0,Plot,Qurat Panezai,Sehrish Mohammadzai,Litigated,Paid,Clear,Paid,67200000.0
12664,Aun Siddiqui,DEMO-KPT-12664,House No. CD-887,Street 3,Malir,6,0,Plot,Aun Siddiqui,Farah Jamali,Pending,Paid,Issue Found,Due,44700000.0
3354,Nashra Yousaf,DEMO-KPT-3354,House No. D-454,Street 4,Malir,6,0,Plot,Nashra Yousaf,Tamkeen Sultan,Verified,Due,Issue Found,Paid,39900000.0
4855,Kaif Lughmani,DEMO-KPT-4855,House No. DD-403,Street 5,Malir,6,0,Plot,Kaif Lughmani,Minahil Jamal,Pending,Paid,Issue Found,Due,73200000.0
7836,Javaria Riaz,DEMO-KPT-7836,House No. CR-695,Street 7,Malir,6,0,Plot,Javaria Riaz,Urwa Wattoo,Pending,Paid,Under Review,Paid,54500000.0
9417,Haleema Bettani,DEMO-KPT-9417,House No. BC-359,Street 7,Malir,6,0,Plot,Haleema Bettani,Sagheer Rind,Verified,Due,Clear,Due,38400000.0
9388,Tahir Abbasi,DEMO-KPT-9388,House No. BC-867,Street 8,Malir,6,0,Plot,Tahir Abbasi,Wajiha Ali,Verified,Paid,Issue Found,Paid,52000000.0
14188,Sania Cheena,DEMO-KPT-14188,House No. BDC-444,Street 8,Malir,6,0,Plot,Sania Cheena,Fayyaz Tarar,Pending,Paid,Issue Found,Due,76000000.0
11028,Mehwish Buriro,DEMO-KPT-11028,House No. RC-360,Street 11,Malir,6,0,Plot,Mehwish Buriro,Anila Sindhi,Verified,Paid,Issue Found,Paid,21000000.0
3317,Ali Rabbani,DEMO-KPT-3317,House No. R-627,Street 14,Malir,6,0,Plot,Ali Rabbani,Saeed Shakeel,Pending,Paid,Under Review,Due,20800000.0
7817,Ahmed Minhas,DEMO-KPT-7817,House No. BD-429,Street 14,Malir,6,0,Plot,Ahmed Minhas,Tauseef Jamal,Pending,Paid,Under Review,Due,26900000.0
6351,Hussam Sultan,DEMO-KPT-6351,House No. BB-847,Street 16,Malir,6,0,Plot,Hussam Sultan,Zunaira Shafiq,Pending,Paid,Under Review,Due,21200000.0
15801,Nadeem Rizvi,DEMO-KPT-15801,House No. RBC-745,Street 16,Malir,6,0,Plot,Nadeem Rizvi,Sobia Gakhar,Pending,Paid,Under Review,Due,62100000.0
1899,Areeba Kidwai,DEMO-KPT-1899,House No. R-383,Street 20,Malir,6,0,Plot,Areeba Kidwai,Mahwish Talpur,Verified,Due,Clear,Due,30000000.0
9419,Wasim Sandhu,DEMO-KPT-9419,House No. CB-327,Street 20,Malir,6,0,Plot,Wasim Sandhu,Amir Javed,Verified,Due,Clear,Paid,73700000.0
15793,Nosheen Tahir,DEMO-KPT-15793,House No. RDB-443,Street 25,Malir,6,0,Plot,Nosheen Tahir,Ihtisham Kasi,Pending,Due,Under Review,Paid,30600000.0
4874,Mubashir Kiani,DEMO-KPT-4874,House No. DD-397,Street 26,Malir,6,0,Plot,Mubashir Kiani,Sajid Wattoo,Litigated,Paid,Clear,Due,65600000.0
9414,Momina Khan,DEMO-KPT-9414,House No. BD-608,Street 27,Malir,6,0,Plot,Momina Khan,Fatima Sadiq,Verified,Due,Issue Found,Paid,55900000.0
9421,Aneela Minhas,DEMO-KPT-9421,House No. DC-398,Street 28,Malir,6,0,Plot,Aneela Minhas,Taimur Zubairi,Litigated,Due,Under Review,Due,42400000.0
6354,Hadiqa Abro,DEMO-KPT-6354,House No. CR-645,Street 30,Malir,6,0,Plot,Hadiqa Abro,Ruqayya Farooq,Verified,Paid,Issue Found,Paid,49000000.0
7910,Armaghan Zubairi,DEMO-KPT-7910,House No. BD-553,Street 3,Malir,7,0,Plot,Armaghan Zubairi,Saeeda Kamboh,Pending,Due,Clear,Due,45700000.0
12700,Nawal Achakzai,DEMO-KPT-12700,House No. DC-397,Street 4,Malir,7,0,Plot,Nawal Achakzai,Shafaq Niazi,Pending,Due,Under Review,Due,39700000.0
14305,Sajida Lodhi,DEMO-KPT-14305,House No. DCR-518,Street 5,Malir,7,0,Plot,Sajida Lodhi,Isha Bhittani,Pending,Paid,Issue Found,Due,23400000.0
3446,Kanwar Rind,DEMO-KPT-3446,House No. C-343,Street 7,Malir,7,0,Plot,Kanwar Rind,Taimoor Mazari,Pending,Due,Issue Found,Due,22400000.0
1989,Sufyan Bajwa,DEMO-KPT-1989,House No. C-849,Street 8,Malir,7,0,Plot,Sufyan Bajwa,Bilal Iqbal,Pending,Paid,Under Review,Paid,29400000.0
1964,Zubair Yousaf,DEMO-KPT-1964,House No. B-833,Street 10,Malir,7,0,Plot,Zubair Yousaf,Javaria Akhtar,Pending,Paid,Issue Found,Paid,25800000.0
9452,Sultan Bhutto,DEMO-KPT-9452,House No. RB-440,Street 13,Malir,7,0,Plot,Sultan Bhutto,Subhan Mahsud,Verified,Due,Clear,Paid,42200000.0
12710,Shumaila Chaudhry,DEMO-KPT-12710,House No. CB-565,Street 13,Malir,7,0,Plot,Shumaila Chaudhry,Marwa Mehmood,Verified,Due,Under Review,Due,32400000.0
6460,Sarmad Mehmood,DEMO-KPT-6460,House No. CD-535,Street 14,Malir,7,0,Plot,Sarmad Mehmood,Ayla Popalzai,Litigated,Due,Issue Found,Paid,32200000.0
12689,Sakina Sial,DEMO-KPT-12689,House No. RD-303,Street 14,Malir,7,0,Plot,Sakina Sial,Minhaj Ghumman,Verified,Due,Under Review,Due,28800000.0
15839,Zakir Chandio,DEMO-KPT-15839,House No. RCD-484,Street 14,Malir,7,0,Plot,Zakir Chandio,Beenish Imran,Verified,Due,Under Review,Due,33300000.0
1940,Batool Ranjha,DEMO-KPT-1940,House No. B-622,Street 15,Malir,7,0,Plot,Batool Ranjha,Mahjabeen Kharal,Pending,Paid,Under Review,Due,58400000.0
9501,Tayyab Leghari,DEMO-KPT-9501,House No. RB-375,Street 16,Malir,7,0,Plot,Tayyab Leghari,Arslan Zardari,Pending,Paid,Under Review,Due,77900000.0
12697,Naureen Gill,DEMO-KPT-12697,House No. CR-484,Street 17,Malir,7,0,Plot,Naureen Gill,Shafaq Ghauri,Litigated,Due,Issue Found,Due,38900000.0
15847,Mehmood Khalid,DEMO-KPT-15847,House No. DBC-887,Street 17,Malir,7,0,Plot,Mehmood Khalid,Suleman Qadri,Litigated,Due,Issue Found,Due,31300000.0
11063,Mashal Nawaz,DEMO-KPT-11063,House No. CR-532,Street 19,Malir,7,0,Plot,Mashal Nawaz,Saleha Cheena,Pending,Paid,Issue Found,Paid,38800000.0
11109,Sikandar Shafi,DEMO-KPT-11109,House No. DB-605,Street 19,Malir,7,0,Plot,Sikandar Shafi,Shamoon Bettani,Litigated,Due,Clear,Paid,45900000.0
4919,Maham Baloch,DEMO-KPT-4919,House No. BC-675,Street 20,Malir,7,0,Plot,Maham Baloch,Qadir Baloch,Verified,Due,Clear,Paid,50100000.0
6395,Tahseen Niazi,DEMO-KPT-6395,House No. DC-552,Street 27,Malir,7,0,Plot,Tahseen Niazi,Uzair Malik,Pending,Due,Clear,Paid,67800000.0
15845,Saif Mir,DEMO-KPT-15845,House No. RDB-864,Street 27,Malir,7,0,Plot,Saif Mir,Sakina Chaudhry,Pending,Due,Clear,Paid,27700000.0
1918,Jamila Butt,DEMO-KPT-1918,House No. R-605,Street 29,Malir,7,0,Plot,Jamila Butt,Samra Lone,Litigated,Paid,Issue Found,Paid,66400000.0
12757,Fasih Soomro,DEMO-KPT-12757,House No. CC-846,Street 30,Malir,7,0,Plot,Fasih Soomro,Yusuf Ijaz,Pending,Paid,Clear,Due,48300000.0
15804,Nawaz Ijaz,DEMO-KPT-15804,House No. DBR-748,Street 30,Malir,7,0,Plot,Nawaz Ijaz,Ikram Shaikh,Verified,Paid,Issue Found,Paid,63700000.0
1995,Sabir Marri,DEMO-KPT-1995,House No. D-358,Street 2,Malir,8,0,Plot,Sabir Marri,Sheraz Yousafzai,Verified,Paid,Clear,Paid,53100000.0
7946,Irfan Mahsud,DEMO-KPT-7946,House No. BB-645,Street 7,Malir,8,0,Plot,Irfan Mahsud,Hoorain Lakhani,Pending,Due,Issue Found,Due,46300000.0
6489,Rizwaan Mansoor,DEMO-KPT-6489,House No. CB-856,Street 8,Malir,8,0,Plot,Rizwaan Mansoor,Benazir Wani,Pending,Paid,Under Review,Paid,36500000.0
7975,Asif Kamboh,DEMO-KPT-7975,House No. DR-816,Street 8,Malir,8,0,Plot,Asif Kamboh,Uzair Zahid,Litigated,Paid,Under Review,Due,27500000.0
6462,Zakir Shakeel,DEMO-KPT-6462,House No. BD-544,Street 9,Malir,8,0,Plot,Zakir Shakeel,Ifrah Sardar,Litigated,Due,Under Review,Due,48300000.0
6499,Waheed Jaffri,DEMO-KPT-6499,House No. BC-659,Street 11,Malir,8,0,Plot,Waheed Jaffri,Aftab Khosa,Pending,Due,Issue Found,Due,26300000.0
9566,Tayyeb Wazir,DEMO-KPT-9566,House No. CR-544,Street 13,Malir,8,0,Plot,Tayyeb Wazir,Mahnoor Palijo,Pending,Paid,Clear,Paid,59100000.0
15917,Hoorain Shaikh,DEMO-KPT-15917,House No. BDC-458,Street 14,Malir,8,0,Plot,Hoorain Shaikh,Rafia Shah,Pending,Paid,Under Review,Due,59700000.0
8018,Bashir Malik,DEMO-KPT-8018,House No. RD-518,Street 15,Malir,8,0,Plot,Bashir Malik,Yasmeen Warsi,Verified,Paid,Issue Found,Due,54000000.0
14318,Zainab Sabri,DEMO-KPT-14318,House No. CBD-307,Street 15,Malir,8,0,Plot,Zainab Sabri,Mansoor Hashmi,Verified,Paid,Issue Found,Due,26100000.0
3516,Aisha Saif,DEMO-KPT-3516,House No. C-550,Street 16,Malir,8,0,Plot,Aisha Saif,Ibrahim Tahir,Litigated,Due,Issue Found,Due,46400000.0
6465,Basit Ghauri,DEMO-KPT-6465,House No. BD-762,Street 16,Malir,8,0,Plot,Basit Ghauri,Nigar Shafiq,Litigated,Due,Issue Found,Due,47100000.0
12765,Nawal Sindhi,DEMO-KPT-12765,House No. DB-792,Street 16,Malir,8,0,Plot,Nawal Sindhi,Rohail Mazari,Litigated,Due,Issue Found,Due,38200000.0
14316,Bakhtawar Sohu,DEMO-KPT-14316,House No. BCD-420,Street 16,Malir,8,0,Plot,Bakhtawar Sohu,Muhammad Mari,Litigated,Due,Issue Found,Due,65100000.0
12801,Ammar Virk,DEMO-KPT-12801,House No. CB-756,Street 17,Malir,8,0,Plot,Ammar Virk,Jannat Aslam,Verified,Paid,Under Review,Paid,27100000.0
12816,Hasnain Marri,DEMO-KPT-12816,House No. DD-324,Street 19,Malir,8,0,Plot,Hasnain Marri,Fayyaz Virk,Verified,Due,Clear,Paid,70300000.0
9549,Sabrina Rehman,DEMO-KPT-9549,House No. DD-821,Street 20,Malir,8,0,Plot,Sabrina Rehman,Anwar Mian,Verified,Due,Clear,Due,40500000.0
2047,Nayyar Nadeem,DEMO-KPT-2047,House No. B-351,Street 26,Malir,8,0,Plot,Nayyar Nadeem,Nudrat Randhawa,Litigated,Paid,Under Review,Due,60200000.0
6526,Farheen Dar,DEMO-KPT-6526,House No. CB-451,Street 27,Malir,8,0,Plot,Farheen Dar,Sheeba Bajwa,Litigated,Paid,Clear,Due,38200000.0
14364,Saif Pasha,DEMO-KPT-14364,House No. RCD-898,Street 27,Malir,8,0,Plot,Saif Pasha,Yahya Kakar,Verified,Due,Issue Found,Paid,70300000.0
11226,Kamal Randhawa,DEMO-KPT-11226,House No. BC-450,Street 29,Malir,8,0,Plot,Kamal Randhawa,Zara Rehman,Pending,Due,Issue Found,Due,31100000.0
8039,Rabia Randhawa,DEMO-KPT-8039,House No. DB-457,Street 30,Malir,8,0,Plot,Rabia Randhawa,Majid Noor,Litigated,Due,Issue Found,Paid,34700000.0
9613,Anwar Saeed,DEMO-KPT-9613,House No. RC-708,Street 1,Malir,9,0,Plot,Anwar Saeed,Shahab Latif,Litigated,Paid,Clear,Paid,75300000.0
12860,Naeem Khuhro,DEMO-KPT-12860,House No. RD-864,Street 3,Malir,9,0,Plot,Naeem Khuhro,Munib Ahmed,Pending,Due,Clear,Due,64100000.0
6596,Hina Sabri,DEMO-KPT-6596,House No. BB-612,Street 7,Malir,9,0,Plot,Hina Sabri,Qudrat Bashir,Pending,Due,Issue Found,Due,42300000.0
8044,Ismail Jamali,DEMO-KPT-8044,House No. BB-777,Street 7,Malir,9,0,Plot,Ismail Jamali,Zubia Pirzada,Verified,Due,Under Review,Paid,30800000.0
2086,Tahmina Rehman,DEMO-KPT-2086,House No. B-486,Street 9,Malir,9,0,Plot,Tahmina Rehman,Rafiq Majeed,Pending,Paid,Clear,Paid,65200000.0
5075,Siddique Sheikh,DEMO-KPT-5075,House No. RB-646,Street 9,Malir,9,0,Plot,Siddique Sheikh,Yousaf Hayat,Pending,Paid,Under Review,Paid,46500000.0
5112,Usman Yaqoob,DEMO-KPT-5112,House No. DB-548,Street 9,Malir,9,0,Plot,Usman Yaqoob,Wasim Ahmed,Litigated,Due,Under Review,Due,30500000.0
2087,Nabila Ghani,DEMO-KPT-2087,House No. B-412,Street 14,Malir,9,0,Plot,Nabila Ghani,Nasreen Sahito,Verified,Paid,Under Review,Due,23500000.0
5115,Tahseen Farooq,DEMO-KPT-5115,House No. BD-427,Street 16,Malir,9,0,Plot,Tahseen Farooq,Iqra Qadir,Litigated,Due,Issue Found,Due,27400000.0
9615,Farzana Sial,DEMO-KPT-9615,House No. CD-758,Street 16,Malir,9,0,Plot,Farzana Sial,Nasreen Qazi,Litigated,Due,Issue Found,Due,27200000.0
5030,Tehmina Janjua,DEMO-KPT-5030,House No. BR-836,Street 17,Malir,9,0,Plot,Tehmina Janjua,Munir Kharal,Verified,Paid,Issue Found,Due,78500000.0
11257,Zameer Shinwari,DEMO-KPT-11257,House No. BB-714,Street 17,Malir,9,0,Plot,Zameer Shinwari,Yameen Korai,Pending,Due,Clear,Paid,45600000.0
3560,Shahid Shafi,DEMO-KPT-3560,House No. D-859,Street 18,Malir,9,0,Plot,Shahid Shafi,Babar Farooq,Verified,Paid,Under Review,Paid,65600000.0
6609,Bakhtawar Virk,DEMO-KPT-6609,House No. CB-349,Street 19,Malir,9,0,Plot,Bakhtawar Virk,Iram Rashid,Litigated,Due,Clear,Paid,21900000.0
16059,Bakhtiar Jaffri,DEMO-KPT-16059,House No. DRC-302,Street 19,Malir,9,0,Plot,Bakhtiar Jaffri,Zawar Mazari,Litigated,Due,Clear,Paid,70900000.0
2132,Sumaira Raza,DEMO-KPT-2132,House No. B-782,Street 22,Malir,9,0,Plot,Sumaira Raza,Madiha Rizvi,Pending,Due,Issue Found,Paid,35200000.0
5069,Laila Rizvi,DEMO-KPT-5069,House No. BR-521,Street 22,Malir,9,0,Plot,Laila Rizvi,Mehak Buriro,Verified,Paid,Under Review,Due,20000000.0
11251,Danish Mahesar,DEMO-KPT-11251,House No. BC-484,Street 25,Malir,9,0,Plot,Danish Mahesar,Talal Hafeez,Litigated,Paid,Clear,Due,23800000.0
14401,Bakht Ghazali,DEMO-KPT-14401,House No. BCD-653,Street 25,Malir,9,0,Plot,Bakht Ghazali,Laila Sadiq,Litigated,Paid,Clear,Due,59900000.0
6547,Amber Rajput,DEMO-KPT-6547,House No. CR-814,Street 26,Malir,9,0,Plot,Amber Rajput,Mirha Ghumman,Litigated,Paid,Under Review,Due,47200000.0
3576,Amara Yousaf,DEMO-KPT-3576,House No. D-654,Street 29,Malir,9,0,Plot,Amara Yousaf,Yaqoob Iqbal,Pending,Due,Issue Found,Due,35500000.0
5068,Nudrat Ghaffar,DEMO-KPT-5068,House No. BB-506,Street 29,Malir,9,0,Plot,Nudrat Ghaffar,Hasnain Tunio,Litigated,Paid,Issue Found,Paid,53700000.0
8076,Malaika Toor,DEMO-KPT-8076,House No. DB-314,Street 29,Malir,9,0,Plot,Malaika Toor,Jibran Shafi,Pending,Due,Issue Found,Due,60000000.0
9568,Ayan Sultan,DEMO-KPT-9568,House No. BC-358,Street 29,Malir,9,0,Plot,Ayan Sultan,Younas Wazir,Litigated,Paid,Issue Found,Paid,78800000.0
11413,Khansa Anwar,DEMO-KPT-11413,House No. RD-520,Street 1,Malir,10,0,Plot,Khansa Anwar,Zafar Zubairi,Litigated,Paid,Clear,Paid,20300000.0
5210,Owais Akhtar,DEMO-KPT-5210,House No. CC-317,Street 3,Malir,10,0,Plot,Owais Akhtar,Hafsa Orakzai,Pending,Due,Clear,Due,72700000.0
14464,Yaqoob Anwar,DEMO-KPT-14464,House No. DCR-309,Street 3,Malir,10,0,Plot,Yaqoob Anwar,Asim Panezai,Pending,Paid,Issue Found,Due,70200000.0
14541,Hadiqa Buriro,DEMO-KPT-14541,House No. CBR-620,Street 3,Malir,10,0,Plot,Hadiqa Buriro,Luqman Khokhar,Pending,Paid,Issue Found,Paid,68900000.0
5154,Nadeem Memon,DEMO-KPT-5154,House No. DD-870,Street 4,Malir,10,0,Plot,Nadeem Memon,Adnan Alvi,Verified,Due,Issue Found,Paid,64600000.0
9695,Hoorain Tarar,DEMO-KPT-9695,House No. DC-700,Street 5,Malir,10,0,Plot,Hoorain Tarar,Feryal Rizvi,Pending,Paid,Issue Found,Paid,61300000.0
16081,Masood Shaikh,DEMO-KPT-16081,House No. BDC-304,Street 5,Malir,10,0,Plot,Masood Shaikh,Feryal Bhat,Verified,Due,Under Review,Due,27100000.0
12949,Younas Gill,DEMO-KPT-12949,House No. BD-667,Street 6,Malir,10,0,Plot,Younas Gill,Sobia Bashir,Litigated,Due,Under Review,Due,75300000.0
6625,Asim Kidwai,DEMO-KPT-6625,House No. DD-896,Street 8,Malir,10,0,Plot,Asim Kidwai,Najma Mohmand,Litigated,Paid,Under Review,Due,43100000.0
11412,Shafiq Zia,DEMO-KPT-11412,House No. RR-459,Street 9,Malir,10,0,Plot,Shafiq Zia,Sidra Sabri,Litigated,Due,Under Review,Due,20300000.0
3677,Yousaf Sindhi,DEMO-KPT-3677,House No. D-834,Street 13,Malir,10,0,Plot,Yousaf Sindhi,Rukhsana Dogar,Pending,Due,Under Review,Due,59300000.0
5117,Rameez Lak,DEMO-KPT-5117,House No. BD-376,Street 14,Malir,10,0,Plot,Rameez Lak,Ahsan Abbasi,Pending,Paid,Under Review,Due,69300000.0
14489,Noor Hameed,DEMO-KPT-14489,House No. BDR-705,Street 14,Malir,10,0,Plot,Noor Hameed,Zulfiqar Hafeez,Verified,Due,Under Review,Due,32400000.0
3651,Shabana Majeed,DEMO-KPT-3651,House No. B-743,Street 16,Malir,10,0,Plot,Shabana Majeed,Sajid Bangash,Pending,Paid,Under Review,Due,78000000.0
8151,Hussam Shafi,DEMO-KPT-8151,House No. BB-392,Street 16,Malir,10,0,Plot,Hussam Shafi,Urwa Baig,Pending,Paid,Under Review,Due,74800000.0
5151,Tahreem Lak,DEMO-KPT-5151,House No. DD-301,Street 17,Malir,10,0,Plot,Tahreem Lak,Mukarram Raza,Verified,Paid,Under Review,Paid,56700000.0
14497,Afreen Shinwari,DEMO-KPT-14497,House No. BDC-307,Street 17,Malir,10,0,Plot,Afreen Shinwari,Mateen Daudzai,Litigated,Due,Issue Found,Due,54100000.0
5135,Suleman Dawood,DEMO-KPT-5135,House No. BR-471,Street 18,Malir,10,0,Plot,Suleman Dawood,Dawood Khattak,Pending,Due,Issue Found,Paid,51000000.0
9635,Nawaz Lari,DEMO-KPT-9635,House No. RR-524,Street 18,Malir,10,0,Plot,Nawaz Lari,Shoaib Bijarani,Pending,Due,Issue Found,Paid,61000000.0
16160,Sabeen Usmani,DEMO-KPT-16160,House No. BRD-884,Street 18,Malir,10,0,Plot,Sabeen Usmani,Sitara Sabri,Verified,Paid,Under Review,Paid,25600000.0
9666,Afshan Naqvi,DEMO-KPT-9666,House No. CC-555,Street 19,Malir,10,0,Plot,Afshan Naqvi,Mushtaq Mirza,Verified,Due,Clear,Paid,29200000.0
11392,Sadaf Daudzai,DEMO-KPT-11392,House No. DC-895,Street 20,Malir,10,0,Plot,Sadaf Daudzai,Hamid Lodhi,Litigated,Due,Clear,Paid,57400000.0
14499,Amber Junejo,DEMO-KPT-14499,House No. DRC-504,Street 20,Malir,10,0,Plot,Amber Junejo,Tooba Panhwar,Verified,Due,Clear,Due,74700000.0
8186,Alizeh Kakar,DEMO-KPT-8186,House No. CD-313,Street 21,Malir,10,0,Plot,Alizeh Kakar,Arif Saif,Verified,Due,Under Review,Due,54800000.0
12932,Bashir Magsi,DEMO-KPT-12932,House No. DB-620,Street 22,Malir,10,0,Plot,Bashir Magsi,Shakeel Mari,Pending,Due,Issue Found,Paid,28200000.0
16082,Ihsan Rind,DEMO-KPT-16082,House No. DCR-367,Street 22,Malir,10,0,Plot,Ihsan Rind,Maham Minhas,Pending,Due,Issue Found,Paid,67000000.0
3695,Rafay Gakhar,DEMO-KPT-3695,House No. D-453,Street 27,Malir,10,0,Plot,Rafay Gakhar,Ahtisham Farooqi,Pending,Due,Clear,Paid,49600000.0
8154,Sarmad Ranjha,DEMO-KPT-8154,House No. BC-595,Street 30,Malir,10,0,Plot,Sarmad Ranjha,Raheela Orakzai,Verified,Paid,Issue Found,Paid,40700000.0
14563,Alina Laghari,DEMO-KPT-14563,House No. CDR-889,Street 1,Malir,11,0,Plot,Alina Laghari,Sibtain Shinwari,Litigated,Paid,Clear,Paid,38000000.0
9761,Arfa Gakhar,DEMO-KPT-9761,House No. RC-630,Street 3,Malir,11,0,Plot,Arfa Gakhar,Talal Mir,Pending,Due,Issue Found,Paid,76700000.0
11454,Sonia Chaudhry,DEMO-KPT-11454,House No. CB-638,Street 4,Malir,11,0,Plot,Sonia Chaudhry,Erum Ghumman,Verified,Due,Issue Found,Paid,24000000.0
5317,Arbaz Zaman,DEMO-KPT-5317,House No. BR-445,Street 5,Malir,11,0,Plot,Arbaz Zaman,Subhan Khuhro,Pending,Paid,Clear,Paid,59300000.0
2217,Aqsa Sultan,DEMO-KPT-2217,House No. C-605,Street 7,Malir,11,0,Plot,Aqsa Sultan,Sharmeen Rashid,Verified,Due,Clear,Due,39500000.0
3762,Asim Mahar,DEMO-KPT-3762,House No. D-539,Street 9,Malir,11,0,Plot,Asim Mahar,Farooq Dogar,Litigated,Due,Under Review,Due,50600000.0
8250,Yasir Jamal,DEMO-KPT-8250,House No. BR-784,Street 14,Malir,11,0,Plot,Yasir Jamal,Shifa Dawood,Verified,Paid,Clear,Due,59900000.0
16185,Zartaj Turk,DEMO-KPT-16185,House No. CDR-796,Street 14,Malir,11,0,Plot,Zartaj Turk,Jannat Sandhu,Verified,Due,Issue Found,Paid,30900000.0
3765,Sahil Randhawa,DEMO-KPT-3765,House No. R-835,Street 16,Malir,11,0,Plot,Sahil Randhawa,Nabeel Joiya,Litigated,Due,Issue Found,Due,56700000.0
2257,Sohail Ghazali,DEMO-KPT-2257,House No. D-800,Street 17,Malir,11,0,Plot,Sohail Ghazali,Tahreem Mazari,Pending,Due,Clear,Paid,69800000.0
8231,Zeeshan Gandapur,DEMO-KPT-8231,House No. BD-859,Street 17,Malir,11,0,Plot,Zeeshan Gandapur,Shahida Sindhi,Litigated,Due,Clear,Due,28600000.0
16207,Sameer Hinjra,DEMO-KPT-16207,House No. DCB-818,Street 17,Malir,11,0,Plot,Sameer Hinjra,Balaj Rana,Pending,Due,Clear,Paid,64800000.0
5291,Isha Kazmi,DEMO-KPT-5291,House No. RC-462,Street 18,Malir,11,0,Plot,Isha Kazmi,Aneela Dar,Verified,Due,Clear,Due,39400000.0
11435,Sheeba Farooqi,DEMO-KPT-11435,House No. BC-582,Street 18,Malir,11,0,Plot,Sheeba Farooqi,Nadia Tanoli,Pending,Due,Issue Found,Paid,34300000.0
14585,Kaleem Sabri,DEMO-KPT-14585,House No. BDC-508,Street 18,Malir,11,0,Plot,Kaleem Sabri,Noreen Khosa,Pending,Due,Issue Found,Paid,23600000.0
9759,Mahwish Afridi,DEMO-KPT-9759,House No. DD-557,Street 19,Malir,11,0,Plot,Mahwish Afridi,Bushra Mughal,Litigated,Due,Clear,Paid,39700000.0
11466,Fatima Niazi,DEMO-KPT-11466,House No. BB-391,Street 19,Malir,11,0,Plot,Fatima Niazi,Nauman Majeed,Verified,Due,Clear,Paid,22500000.0
3742,Marwa Chattha,DEMO-KPT-3742,House No. B-559,Street 20,Malir,11,0,Plot,Marwa Chattha,Mazhar Sultan,Litigated,Due,Clear,Paid,44400000.0
16169,Aiman Mughal,DEMO-KPT-16169,House No. RDB-471,Street 20,Malir,11,0,Plot,Aiman Mughal,Shafaq Mustafa,Verified,Due,Clear,Paid,70000000.0
2251,Tahir Mari,DEMO-KPT-2251,House No. D-382,Street 25,Malir,11,0,Plot,Tahir Mari,Sadia Ansari,Litigated,Paid,Clear,Due,59800000.0
16201,Lubna Janjua,DEMO-KPT-16201,House No. DBC-826,Street 25,Malir,11,0,Plot,Lubna Janjua,Aslam Dahri,Litigated,Paid,Clear,Due,26400000.0
6736,Tehmina Toor,DEMO-KPT-6736,House No. CR-557,Street 27,Malir,11,0,Plot,Tehmina Toor,Saleem Hameed,Pending,Paid,Issue Found,Paid,75300000.0
8195,Tasneem Saif,DEMO-KPT-8195,House No. CC-676,Street 27,Malir,11,0,Plot,Tasneem Saif,Habib Gill,Pending,Due,Clear,Paid,51500000.0
11476,Sajid Palijo,DEMO-KPT-11476,House No. BD-845,Street 27,Malir,11,0,Plot,Sajid Palijo,Zaheer Rajper,Litigated,Paid,Clear,Due,71100000.0
13014,Tanveer Shafiq,DEMO-KPT-13014,House No. CD-873,Street 27,Malir,11,0,Plot,Tanveer Shafiq,Naseer Qadri,Verified,Due,Issue Found,Paid,74600000.0
6726,Sohaib Kazmi,DEMO-KPT-6726,House No. CC-666,Street 29,Malir,11,0,Plot,Sohaib Kazmi,Arfa Zaman,Pending,Due,Issue Found,Due,66000000.0
13026,Amber Chandio,DEMO-KPT-13026,House No. DC-585,Street 29,Malir,11,0,Plot,Amber Chandio,Palwasha Gabol,Pending,Due,Issue Found,Due,21600000.0
14557,Saleem Anwar,DEMO-KPT-14557,House No. BCR-532,Street 30,Malir,11,0,Plot,Saleem Anwar,Parveen Raza,Pending,Paid,Clear,Due,23700000.0
3795,Maryum Bhutto,DEMO-KPT-3795,House No. C-393,Street 2,Malir,12,0,Plot,Maryum Bhutto,Shumaila Mahsud,Verified,Paid,Clear,Paid,54700000.0
16302,Maimoona Bhat,DEMO-KPT-16302,House No. RDB-568,Street 2,Malir,12,0,Plot,Maimoona Bhat,Nageen Siddiqui,Litigated,Paid,Clear,Paid,25700000.0
14604,Alina Riaz,DEMO-KPT-14604,House No. DBR-648,Street 4,Malir,12,0,Plot,Alina Riaz,Zamzam Bhurgri,Verified,Due,Issue Found,Paid,54500000.0
9817,Humaira Mari,DEMO-KPT-9817,House No. RC-399,Street 5,Malir,12,0,Plot,Humaira Mari,Hafsa Dogar,Pending,Paid,Clear,Paid,24300000.0
16306,Rafia Junejo,DEMO-KPT-16306,House No. DRB-669,Street 6,Malir,12,0,Plot,Rafia Junejo,Atiya Tanvir,Pending,Due,Issue Found,Paid,61500000.0
5344,Noor Umer,DEMO-KPT-5344,House No. DB-398,Street 7,Malir,12,0,Plot,Noor Umer,Sagheer Dreshak,Verified,Due,Under Review,Paid,32100000.0
5367,Rafay Yazdani,DEMO-KPT-5367,House No. CD-473,Street 7,Malir,12,0,Plot,Rafay Yazdani,Ehsan Durrani,Verified,Due,Clear,Due,41600000.0
13076,Emaan Lashari,DEMO-KPT-13076,House No. RC-746,Street 11,Malir,12,0,Plot,Emaan Lashari,Anas Mohammadzai,Verified,Due,Issue Found,Due,73500000.0
14692,Aamir Peerzada,DEMO-KPT-14692,House No. DBC-451,Street 12,Malir,12,0,Plot,Aamir Peerzada,Kabir Warsi,Litigated,Due,Clear,Paid,66900000.0
2339,Rahim Dogar,DEMO-KPT-2339,House No. R-886,Street 14,Malir,12,0,Plot,Rahim Dogar,Kamran Tanoli,Verified,Due,Under Review,Due,74900000.0
8260,Mukarram Shakir,DEMO-KPT-8260,House No. CD-752,Street 14,Malir,12,0,Plot,Mukarram Shakir,Farooq Bhatti,Litigated,Due,Issue Found,Paid,35200000.0
6801,Madiha Jamali,DEMO-KPT-6801,House No. CR-401,Street 16,Malir,12,0,Plot,Madiha Jamali,Shehzad Popalzai,Pending,Paid,Under Review,Due,79300000.0
2330,Ifrah Khan,DEMO-KPT-2330,House No. C-324,Street 17,Malir,12,0,Plot,Ifrah Khan,Zohra Abro,Verified,Paid,Issue Found,Due,43800000.0
3801,Anwar Dar,DEMO-KPT-3801,House No. D-830,Street 17,Malir,12,0,Plot,Anwar Dar,Sheeba Turk,Verified,Paid,Under Review,Paid,27300000.0
11513,Sami Malik,DEMO-KPT-11513,House No. RC-452,Street 19,Malir,12,0,Plot,Sami Malik,Azan Shinwari,Pending,Paid,Issue Found,Paid,23700000.0
11559,Rehman Qureshi,DEMO-KPT-11559,House No. CR-361,Street 19,Malir,12,0,Plot,Rehman Qureshi,Ashfaq Qazi,Litigated,Due,Clear,Paid,34400000.0
6793,Mehreen Kidwai,DEMO-KPT-6793,House No. CB-399,Street 25,Malir,12,0,Plot,Mehreen Kidwai,Tahmina Hameed,Pending,Due,Under Review,Paid,70000000.0
9824,Raees Unar,DEMO-KPT-9824,House No. CD-845,Street 26,Malir,12,0,Plot,Raees Unar,Amara Hafeez,Litigated,Paid,Clear,Due,21900000.0
14626,Yusuf Wattoo,DEMO-KPT-14626,House No. BRD-687,Street 27,Malir,12,0,Plot,Yusuf Wattoo,Moiz Jamali,Litigated,Paid,Clear,Due,68200000.0
16363,Anila Dawood,DEMO-KPT-16363,House No. BCD-781,Street 1,Malir,13,0,Plot,Anila Dawood,Farzana Usmani,Litigated,Paid,Clear,Paid,24600000.0
6850,Ahmed Saif,DEMO-KPT-6850,House No. RD-637,Street 4,Malir,13,0,Plot,Ahmed Saif,Qasim Panezai,Pending,Due,Under Review,Due,44800000.0
3896,Nasreen Mangi,DEMO-KPT-3896,House No. CB-667,Street 7,Malir,13,0,Plot,Nasreen Mangi,Sadia Farooq,Pending,Due,Issue Found,Due,33300000.0
8396,Naveed Soomro,DEMO-KPT-8396,House No. DB-434,Street 7,Malir,13,0,Plot,Naveed Soomro,Alizeh Tanvir,Pending,Due,Issue Found,Due,21400000.0
16362,Zameer Rehman,DEMO-KPT-16362,House No. RDC-515,Street 9,Malir,13,0,Plot,Zameer Rehman,Sufyan Jaffri,Litigated,Due,Under Review,Due,37600000.0
2449,Fareeha Wani,DEMO-KPT-2449,House No. B-300,Street 11,Malir,13,0,Plot,Fareeha Wani,Farheen Bhatti,Pending,Due,Issue Found,Due,25100000.0
9926,Hania Lashari,DEMO-KPT-9926,House No. BC-701,Street 11,Malir,13,0,Plot,Hania Lashari,Amir Khokhar,Verified,Due,Issue Found,Due,51400000.0
5477,Kamil Barakzai,DEMO-KPT-5477,House No. BC-713,Street 13,Malir,13,0,Plot,Kamil Barakzai,Haroon Zafar,Pending,Due,Under Review,Due,29900000.0
9885,Zayan Bangash,DEMO-KPT-9885,House No. DC-469,Street 14,Malir,13,0,Plot,Zayan Bangash,Hoorain Iqbal,Verified,Due,Issue Found,Paid,66700000.0
2347,Noreen Aslam,DEMO-KPT-2347,House No. B-620,Street 17,Malir,13,0,Plot,Noreen Aslam,Nasreen Ansari,Litigated,Due,Issue Found,Due,37400000.0
8383,Sabeen Mazari,DEMO-KPT-8383,House No. BC-515,Street 17,Malir,13,0,Plot,Sabeen Mazari,Sabir Akhtar,Litigated,Paid,Issue Found,Due,26500000.0
14741,Bilal Bhatti,DEMO-KPT-14741,House No. CRD-872,Street 18,Malir,13,0,Plot,Bilal Bhatti,Noreen Iqbal,Verified,Due,Clear,Due,30800000.0
16342,Zia Kakar,DEMO-KPT-16342,House No. RDB-838,Street 20,Malir,13,0,Plot,Zia Kakar,Kaleemullah Lughmani,Litigated,Due,Clear,Paid,31600000.0
2369,Nighat Palijo,DEMO-KPT-2369,House No. B-865,Street 22,Malir,13,0,Plot,Nighat Palijo,Fareed Sabri,Verified,Paid,Under Review,Due,70900000.0
3850,Mushtaq Qadir,DEMO-KPT-3850,House No. DB-395,Street 27,Malir,13,0,Plot,Mushtaq Qadir,Zartaj Shaikh,Pending,Due,Clear,Paid,42500000.0
9886,Emaad Mughal,DEMO-KPT-9886,House No. RD-503,Street 27,Malir,13,0,Plot,Emaad Mughal,Iftikhar Ghaffar,Pending,Paid,Issue Found,Paid,26400000.0
5454,Azan Awan,DEMO-KPT-5454,House No. CR-436,Street 30,Malir,13,0,Plot,Azan Awan,Munir Latif,Verified,Paid,Issue Found,Paid,40700000.0
5502,Mukarram Tanoli,DEMO-KPT-5502,House No. RD-708,Street 2,Malir,14,0,Plot,Mukarram Tanoli,Lubna Tunio,Litigated,Paid,Clear,Paid,63600000.0
8467,Munir Dogar,DEMO-KPT-8467,House No. RR-511,Street 5,Malir,14,0,Plot,Munir Dogar,Farheen Buriro,Pending,Paid,Clear,Paid,54500000.0
5506,Waleed Tarar,DEMO-KPT-5506,House No. RR-442,Street 6,Malir,14,0,Plot,Waleed Tarar,Shamim Farooq,Pending,Due,Issue Found,Paid,61100000.0
14794,Majid Rajper,DEMO-KPT-14794,House No. BRC-502,Street 7,Malir,14,0,Plot,Majid Rajper,Sobia Talpur,Verified,Due,Under Review,Paid,53200000.0
10025,Abeera Bhittani,DEMO-KPT-10025,House No. DR-515,Street 9,Malir,14,0,Plot,Abeera Bhittani,Owais Khattak,Pending,Paid,Under Review,Paid,32300000.0
10067,Kaneez Ghaffar,DEMO-KPT-10067,House No. RR-878,Street 14,Malir,14,0,Plot,Kaneez Ghaffar,Saeeda Qureshi,Pending,Paid,Under Review,Due,78900000.0
13210,Abrar Lak,DEMO-KPT-13210,House No. RR-873,Street 14,Malir,14,0,Plot,Abrar Lak,Taimur Gabol,Litigated,Due,Issue Found,Paid,75800000.0
8468,Maimoona Rajper,DEMO-KPT-8468,House No. RB-341,Street 15,Malir,14,0,Plot,Maimoona Rajper,Umair Laghari,Verified,Paid,Issue Found,Due,34000000.0
10014,Asma Shafi,DEMO-KPT-10014,House No. DB-873,Street 15,Malir,14,0,Plot,Asma Shafi,Sania Bhurgri,Verified,Due,Issue Found,Paid,52900000.0
10065,Naseer Chattha,DEMO-KPT-10065,House No. RC-351,Street 16,Malir,14,0,Plot,Naseer Chattha,Nida Noor,Litigated,Due,Issue Found,Due,41800000.0
5531,Firdous Jaffri,DEMO-KPT-5531,House No. CC-577,Street 17,Malir,14,0,Plot,Firdous Jaffri,Zia Alvi,Litigated,Due,Clear,Due,24600000.0
5532,Shabana Anwar,DEMO-KPT-5532,House No. CD-628,Street 18,Malir,14,0,Plot,Shabana Anwar,Luqmaan Siddiqui,Pending,Due,Issue Found,Paid,37700000.0
16385,Zainab Raza,DEMO-KPT-16385,House No. DRB-357,Street 18,Malir,14,0,Plot,Zainab Raza,Imtiaz Chattha,Pending,Due,Issue Found,Paid,54300000.0
2513,Nasreen Bashir,DEMO-KPT-2513,House No. R-432,Street 19,Malir,14,0,Plot,Nasreen Bashir,Abid Mughal,Pending,Paid,Issue Found,Paid,26400000.0
6966,Zubaid Chattha,DEMO-KPT-6966,House No. RC-859,Street 19,Malir,14,0,Plot,Zubaid Chattha,Ibrahim Shaikh,Verified,Due,Clear,Paid,32300000.0
2519,Sahrish Mohmand,DEMO-KPT-2519,House No. B-503,Street 25,Malir,14,0,Plot,Sahrish Mohmand,Javeria Bashir,Verified,Due,Under Review,Due,48000000.0
2497,Shazia Mehmood,DEMO-KPT-2497,House No. D-728,Street 26,Malir,14,0,Plot,Shazia Mehmood,Tabassum Dar,Litigated,Paid,Under Review,Due,34400000.0
6997,Zuha Mohmand,DEMO-KPT-6997,House No. DD-704,Street 26,Malir,14,0,Plot,Zuha Mohmand,Daniya Lughmani,Litigated,Paid,Under Review,Due,62500000.0
14774,Tayyaba Mirani,DEMO-KPT-14774,House No. BDC-415,Street 26,Malir,14,0,Plot,Tayyaba Mirani,Kashif Marri,Litigated,Paid,Clear,Due,37200000.0
5495,Saira Qazi,DEMO-KPT-5495,House No. BD-398,Street 27,Malir,14,0,Plot,Saira Qazi,Irfan Sadiq,Pending,Due,Clear,Paid,57800000.0
7000,Hina Laghari,DEMO-KPT-7000,House No. CC-834,Street 27,Malir,14,0,Plot,Hina Laghari,Siddique Mengal,Pending,Due,Clear,Paid,76600000.0
9995,Amjad Majeed,DEMO-KPT-9995,House No. CC-734,Street 27,Malir,14,0,Plot,Amjad Majeed,Shagufta Kiani,Pending,Due,Clear,Paid,36800000.0
14814,Yusuf Shaikh,DEMO-KPT-14814,House No. DCB-602,Street 27,Malir,14,0,Plot,Yusuf Shaikh,Hania Mian,Verified,Due,Issue Found,Paid,64900000.0
16426,Sundas Marri,DEMO-KPT-16426,House No. DCR-381,Street 27,Malir,14,0,Plot,Sundas Marri,Khadija Usmani,Litigated,Paid,Clear,Due,44900000.0
8526,Kafeel Alvi,DEMO-KPT-8526,House No. CC-896,Street 29,Malir,14,0,Plot,Kafeel Alvi,Abbas Junejo,Pending,Due,Issue Found,Due,79500000.0
5563,Anum Palijo,DEMO-KPT-5563,House No. RD-326,Street 1,Malir,15,0,Plot,Anum Palijo,Rafia Mansoor,Litigated,Paid,Clear,Paid,24100000.0
10074,Ayesha Latif,DEMO-KPT-10074,House No. BB-613,Street 2,Malir,15,0,Plot,Ayesha Latif,Murtaza Ghauri,Verified,Paid,Clear,Paid,33600000.0
2548,Wajiha Yasin,DEMO-KPT-2548,House No. B-567,Street 3,Malir,15,0,Plot,Wajiha Yasin,Shahbaz Dogar,Litigated,Paid,Under Review,Due,30200000.0
11841,Nasreen Kharal,DEMO-KPT-11841,House No. DR-357,Street 3,Malir,15,0,Plot,Nasreen Kharal,Batool Khuhro,Pending,Paid,Issue Found,Paid,58500000.0
16445,Asim Popalzai,DEMO-KPT-16445,House No. BRC-865,Street 5,Malir,15,0,Plot,Asim Popalzai,Saleha Panhwar,Pending,Paid,Issue Found,Paid,36100000.0
11825,Affan Kamal,DEMO-KPT-11825,House No. BD-794,Street 9,Malir,15,0,Plot,Affan Kamal,Aneela Laghari,Pending,Paid,Under Review,Paid,21600000.0
16492,Unaiza Bijarani,DEMO-KPT-16492,House No. RBD-363,Street 12,Malir,15,0,Plot,Unaiza Bijarani,Munir Yasin,Litigated,Due,Clear,Paid,69800000.0
5550,Taimoor Mengal,DEMO-KPT-5550,House No. CB-345,Street 14,Malir,15,0,Plot,Taimoor Mengal,Maryam Memon,Verified,Paid,Clear,Due,28200000.0
5560,Bilal Jadoon,DEMO-KPT-5560,House No. RR-349,Street 14,Malir,15,0,Plot,Bilal Jadoon,Nasrullah Haral,Litigated,Due,Issue Found,Paid,20600000.0
5567,Zehra Javed,DEMO-KPT-5567,House No. BB-682,Street 14,Malir,15,0,Plot,Zehra Javed,Haleema Tariq,Pending,Paid,Under Review,Due,20700000.0
11840,Sameer Samo,DEMO-KPT-11840,House No. DR-462,Street 15,Malir,15,0,Plot,Sameer Samo,Yumna Majeed,Pending,Paid,Under Review,Due,38300000.0
4057,Nigar Bijarani,DEMO-KPT-4057,House No. CC-843,Street 17,Malir,15,0,Plot,Nigar Bijarani,Zaheer Daudzai,Pending,Due,Clear,Paid,29100000.0
8557,Shafay Qazi,DEMO-KPT-8557,House No. DD-584,Street 17,Malir,15,0,Plot,Shafay Qazi,Aqsa Marri,Pending,Due,Clear,Paid,49000000.0
4024,Ikram Nasar,DEMO-KPT-4024,House No. CC-860,Street 20,Malir,15,0,Plot,Ikram Nasar,Hafeez Awan,Pending,Due,Clear,Paid,62600000.0
14893,Tariq Cheena,DEMO-KPT-14893,House No. DRC-817,Street 25,Malir,15,0,Plot,Tariq Cheena,Affan Hafeez,Pending,Due,Under Review,Paid,68700000.0
16469,Fahim Mengal,DEMO-KPT-16469,House No. CBR-875,Street 25,Malir,15,0,Plot,Fahim Mengal,Tabassum Khattak,Verified,Due,Under Review,Due,32900000.0
13297,Asifa Shafiq,DEMO-KPT-13297,House No. DC-438,Street 26,Malir,15,0,Plot,Asifa Shafiq,Usman Dahri,Litigated,Paid,Under Review,Due,41100000.0
4036,Hadiqa Noor,DEMO-KPT-4036,House No. CB-736,Street 27,Malir,15,0,Plot,Hadiqa Noor,Javed Rafique,Pending,Paid,Issue Found,Paid,34600000.0
11863,Mehak Gondal,DEMO-KPT-11863,House No. BB-444,Street 1,Malir,16,0,Plot,Mehak Gondal,Uzma Khattak,Litigated,Paid,Clear,Paid,47700000.0
5660,Bakht Gakhar,DEMO-KPT-5660,House No. BB-347,Street 3,Malir,16,0,Plot,Bakht Gakhar,Shakeel Minhas,Pending,Due,Clear,Due,73500000.0
7105,Tooba Bajwa,DEMO-KPT-7105,House No. CR-816,Street 5,Malir,16,0,Plot,Tooba Bajwa,Younas Jaffri,Pending,Paid,Issue Found,Due,66100000.0
7117,Yameen Bugti,DEMO-KPT-7117,House No. CB-779,Street 5,Malir,16,0,Plot,Yameen Bugti,Bakht Unar,Pending,Paid,Clear,Paid,62100000.0
2599,Nouman Mohammadzai,DEMO-KPT-2599,House No. B-415,Street 6,Malir,16,0,Plot,Nouman Mohammadzai,Rayyan Kayani,Litigated,Due,Under Review,Due,44400000.0
16549,Shahida Sohu,DEMO-KPT-16549,House No. BRD-355,Street 6,Malir,16,0,Plot,Shahida Sohu,Hussam Shaikh,Litigated,Due,Under Review,Due,37800000.0
13444,Feryal Nawaz,DEMO-KPT-13444,House No. DCB-324,Street 7,Malir,16,0,Plot,Feryal Nawaz,Imtiaz Rajper,Verified,Due,Under Review,Paid,23800000.0
13467,Kaif Hoti,DEMO-KPT-13467,House No. BCD-665,Street 7,Malir,16,0,Plot,Kaif Hoti,Lubna Popalzai,Verified,Due,Clear,Due,38400000.0
5590,Kaleemullah Daudzai,DEMO-KPT-5590,House No. BB-871,Street 9,Malir,16,0,Plot,Kaleemullah Daudzai,Tahira Lari,Verified,Due,Under Review,Due,71100000.0
13485,Mukarram Jamali,DEMO-KPT-13485,House No. DRC-490,Street 14,Malir,16,0,Plot,Mukarram Jamali,Waqar Javed,Verified,Due,Issue Found,Paid,29000000.0
2618,Sidra Mughal,DEMO-KPT-2618,House No. D-856,Street 15,Malir,16,0,Plot,Sidra Mughal,Fareeha Sheikh,Verified,Paid,Issue Found,Due,50800000.0
11885,Ejaz Kidwai,DEMO-KPT-11885,House No. DR-529,Street 18,Malir,16,0,Plot,Ejaz Kidwai,Jibran Bajwa,Pending,Due,Issue Found,Paid,55600000.0
16532,Shahida Ghaffar,DEMO-KPT-16532,House No. RBD-514,Street 22,Malir,16,0,Plot,Shahida Ghaffar,Lina Bukhari,Pending,Due,Issue Found,Paid,62800000.0
10169,Kabeer Nawaz,DEMO-KPT-10169,House No. RD-615,Street 25,Malir,16,0,Plot,Kabeer Nawaz,Ijaz Korai,Verified,Due,Under Review,Due,20400000.0
13424,Omer Mirza,DEMO-KPT-13424,House No. CD-606,Street 26,Malir,16,0,Plot,Omer Mirza,Feroz Kiani,Litigated,Paid,Clear,Due,77100000.0
5577,Rafia Lak,DEMO-KPT-5577,House No. RD-702,Street 28,Malir,16,0,Plot,Rafia Lak,Jazib Ghauri,Verified,Paid,Under Review,Due,44100000.0
13471,Amara Bangash,DEMO-KPT-13471,House No. DCB-667,Street 28,Malir,16,0,Plot,Amara Bangash,Saira Yazdani,Litigated,Due,Under Review,Due,39600000.0
10181,Maimoona Ahmed,DEMO-KPT-10181,House No. BD-594,Street 29,Malir,16,0,Plot,Maimoona Ahmed,Tariq Janjua,Pending,Due,Clear,Due,32000000.0
2639,Rashid Tunio,DEMO-KPT-2639,House No. C-829,Street 30,Malir,16,0,Plot,Rashid Tunio,Maira Malik,Litigated,Due,Issue Found,Paid,74200000.0
4104,Emaad Qureshi,DEMO-KPT-4104,House No. DC-757,Street 30,Malir,16,0,Plot,Emaad Qureshi,Sohaib Aslam,Verified,Paid,Issue Found,Paid,29700000.0
15013,Athar Gabol,DEMO-KPT-15013,House No. RBC-619,Street 1,Malir,17,0,Plot,Athar Gabol,Nighat Khalid,Litigated,Paid,Clear,Paid,57000000.0
8724,Irtaza Majeed,DEMO-KPT-8724,House No. DB-380,Street 2,Malir,17,0,Plot,Irtaza Majeed,Sehar Marri,Verified,Paid,Clear,Paid,75200000.0
14991,Sagheer Mirani,DEMO-KPT-14991,House No. RBC-567,Street 3,Malir,17,0,Plot,Sagheer Mirani,Shamoon Rafique,Pending,Paid,Issue Found,Paid,71900000.0
2667,Sabih Bugti,DEMO-KPT-2667,House No. B-872,Street 7,Malir,17,0,Plot,Sabih Bugti,Sibtain Yousafzai,Verified,Due,Clear,Due,42400000.0
5696,Musa Talpur,DEMO-KPT-5696,House No. BC-348,Street 7,Malir,17,0,Plot,Musa Talpur,Nudrat Hanif,Pending,Due,Issue Found,Due,67500000.0
8736,Numan Kasi,DEMO-KPT-8736,House No. RR-703,Street 7,Malir,17,0,Plot,Numan Kasi,Shamoon Lak,Pending,Paid,Under Review,Paid,41300000.0
10196,Omer Khokhar,DEMO-KPT-10196,House No. CD-692,Street 7,Malir,17,0,Plot,Omer Khokhar,Sajjad Saleem,Pending,Due,Issue Found,Due,48300000.0
5725,Kabeer Abro,DEMO-KPT-5725,House No. DR-519,Street 8,Malir,17,0,Plot,Kabeer Abro,Sundas Bettani,Litigated,Paid,Under Review,Due,25400000.0
10225,Sheeba Bhurgri,DEMO-KPT-10225,House No. CD-787,Street 8,Malir,17,0,Plot,Sheeba Bhurgri,Zohra Palijo,Litigated,Paid,Under Review,Due,39800000.0
4166,Ehsan Yousaf,DEMO-KPT-4166,House No. CB-808,Street 13,Malir,17,0,Plot,Ehsan Yousaf,Azan Malik,Pending,Paid,Clear,Paid,31500000.0
13551,Siddique Wani,DEMO-KPT-13551,House No. DBR-385,Street 16,Malir,17,0,Plot,Siddique Wani,Zawar Gakhar,Pending,Paid,Under Review,Due,35200000.0
7207,Laiba Farooqi,DEMO-KPT-7207,House No. CD-791,Street 17,Malir,17,0,Plot,Laiba Farooqi,Laila Minhas,Pending,Due,Clear,Paid,68500000.0
11916,Shahid Swati,DEMO-KPT-11916,House No. BC-690,Street 19,Malir,17,0,Plot,Shahid Swati,Urwa Nadeem,Verified,Due,Clear,Paid,70900000.0
7201,Rubab Popalzai,DEMO-KPT-7201,House No. DB-580,Street 25,Malir,17,0,Plot,Rubab Popalzai,Jabbar Jamal,Litigated,Paid,Clear,Due,38000000.0
11947,Fakhar Tariq,DEMO-KPT-11947,House No. BB-803,Street 26,Malir,17,0,Plot,Fakhar Tariq,Rauf Marwat,Litigated,Paid,Under Review,Due,36300000.0
7186,Ahsan Malik,DEMO-KPT-7186,House No. RD-725,Street 27,Malir,17,0,Plot,Ahsan Malik,Bisma Zaidi,Pending,Paid,Issue Found,Paid,24400000.0
15027,Mehrunnisa Wazir,DEMO-KPT-15027,House No. BCR-818,Street 28,Malir,17,0,Plot,Mehrunnisa Wazir,Noshaba Kazmi,Verified,Paid,Under Review,Due,25500000.0
16626,Batool Abbasi,DEMO-KPT-16626,House No. RCB-817,Street 29,Malir,17,0,Plot,Batool Abbasi,Sobia Gabol,Pending,Due,Issue Found,Due,57200000.0
15060,Faisal Hashmi,DEMO-KPT-15060,House No. RBC-675,Street 1,Malir,18,0,Plot,Faisal Hashmi,Tehmina Jaffri,Verified,Due,Under Review,Paid,49100000.0
13602,Nasrullah Gandapur,DEMO-KPT-13602,House No. CBD-662,Street 2,Malir,18,0,Plot,Nasrullah Gandapur,Shazia Gakhar,Litigated,Paid,Clear,Paid,41400000.0
15054,Wajid Orakzai,DEMO-KPT-15054,House No. RCD-324,Street 4,Malir,18,0,Plot,Wajid Orakzai,Tasneem Kharal,Verified,Due,Issue Found,Paid,64500000.0
15036,Nayab Rafique,DEMO-KPT-15036,House No. DBR-508,Street 7,Malir,18,0,Plot,Nayab Rafique,Momina Mohmand,Pending,Paid,Under Review,Paid,45700000.0
4288,Abid Alvi,DEMO-KPT-4288,House No. CD-566,Street 8,Malir,18,0,Plot,Abid Alvi,Umar Sadiq,Pending,Paid,Issue Found,Due,54200000.0
15040,Ayeza Talpur,DEMO-KPT-15040,House No. BCD-696,Street 9,Malir,18,0,Plot,Ayeza Talpur,Kaleemullah Ghauri,Verified,Due,Under Review,Due,66400000.0
2726,Sohail Shaikh,DEMO-KPT-2726,House No. C-754,Street 11,Malir,18,0,Plot,Sohail Shaikh,Nida Zahid,Verified,Due,Issue Found,Due,24400000.0
10352,Yusra Yaqoob,DEMO-KPT-10352,House No. BB-317,Street 13,Malir,18,0,Plot,Yusra Yaqoob,Zubaida Hashmi,Verified,Due,Clear,Paid,30600000.0
16766,Rukhsana Noor,DEMO-KPT-16766,House No. RDC-345,Street 13,Malir,18,0,Plot,Rukhsana Noor,Wajiha Ghaffar,Pending,Paid,Clear,Paid,25300000.0
16764,Qaiser Samo,DEMO-KPT-16764,House No. RCB-608,Street 15,Malir,18,0,Plot,Qaiser Samo,Suleman Turk,Verified,Due,Issue Found,Paid,75000000.0
7280,Shama Qazi,DEMO-KPT-7280,House No. BC-599,Street 17,Malir,18,0,Plot,Shama Qazi,Kaleemullah Shafiq,Verified,Paid,Issue Found,Due,38000000.0
4266,Farid Mangi,DEMO-KPT-4266,House No. RD-363,Street 19,Malir,18,0,Plot,Farid Mangi,Shahida Sandhu,Verified,Due,Clear,Paid,36100000.0
16736,Neelam Rehman,DEMO-KPT-16736,House No. BRC-772,Street 21,Malir,18,0,Plot,Neelam Rehman,Ambreen Lashari,Verified,Due,Under Review,Due,22900000.0
10393,Wali Marri,DEMO-KPT-10393,House No. RC-858,Street 25,Malir,18,0,Plot,Wali Marri,Mukhtar Dar,Pending,Due,Under Review,Paid,69600000.0
4227,Mansoor Marri,DEMO-KPT-4227,House No. DR-586,Street 28,Malir,18,0,Plot,Mansoor Marri,Iram Hayat,Verified,Paid,Under Review,Due,72700000.0
5821,Rohail Sindhi,DEMO-KPT-5821,House No. RB-543,Street 28,Malir,18,0,Plot,Rohail Sindhi,Ismail Sial,Litigated,Due,Under Review,Due,31800000.0
16813,Khansa Haral,DEMO-KPT-16813,House No. CRD-773,Street 1,Malir,19,0,Plot,Khansa Haral,Junaid Tunio,Litigated,Paid,Clear,Paid,27200000.0
2841,Yahya Tariq,DEMO-KPT-2841,House No. R-311,Street 3,Malir,19,0,Plot,Yahya Tariq,Lina Mirani,Pending,Paid,Issue Found,Paid,44000000.0
10414,Yahya Jamal,DEMO-KPT-10414,House No. CD-789,Street 3,Malir,19,0,Plot,Yahya Jamal,Yawar Tanoli,Pending,Paid,Issue Found,Due,65500000.0
4346,Asma Ansari,DEMO-KPT-4346,House No. RR-780,Street 7,Malir,19,0,Plot,Asma Ansari,Faisal Mahesar,Pending,Due,Issue Found,Due,79300000.0
8836,Dania Swati,DEMO-KPT-8836,House No. BC-898,Street 9,Malir,19,0,Plot,Dania Swati,Murtaza Mian,Pending,Paid,Clear,Paid,53300000.0
13664,Fabiha Mansoor,DEMO-KPT-13664,House No. RCD-827,Street 10,Malir,19,0,Plot,Fabiha Mansoor,Iqra Bugti,Pending,Paid,Issue Found,Paid,62900000.0
2810,Qayyum Butt,DEMO-KPT-2810,House No. D-857,Street 13,Malir,19,0,Plot,Qayyum Butt,Hadi Pasha,Verified,Due,Under Review,Due,40300000.0
7316,Sajjad Mohmand,DEMO-KPT-7316,House No. RC-370,Street 13,Malir,19,0,Plot,Sajjad Mohmand,Mahir Rizvi,Pending,Paid,Clear,Paid,53300000.0
4337,Rohail Jaffri,DEMO-KPT-4337,House No. CD-383,Street 14,Malir,19,0,Plot,Rohail Jaffri,Majid Mehmood,Verified,Paid,Under Review,Due,43500000.0
5939,Abeera Yasin,DEMO-KPT-5939,House No. BC-397,Street 14,Malir,19,0,Plot,Abeera Yasin,Abdullah Qadri,Verified,Due,Under Review,Due,31200000.0
16800,Ajmal Memon,DEMO-KPT-16800,House No. BCD-896,Street 14,Malir,19,0,Plot,Ajmal Memon,Mahreen Sadiq,Verified,Paid,Clear,Due,53300000.0
2814,Aamir Farooqi,DEMO-KPT-2814,House No. D-805,Street 15,Malir,19,0,Plot,Aamir Farooqi,Mahjabeen Riaz,Verified,Due,Issue Found,Paid,43300000.0
7314,Wajiha Siddiqui,DEMO-KPT-7314,House No. BC-874,Street 15,Malir,19,0,Plot,Wajiha Siddiqui,Salahuddin Lakhani,Verified,Due,Issue Found,Paid,30000000.0
12068,Umaima Ranjha,DEMO-KPT-12068,House No. DR-394,Street 15,Malir,19,0,Plot,Umaima Ranjha,Saeed Dogar,Verified,Paid,Issue Found,Due,44200000.0
2831,Sahrish Lakhani,DEMO-KPT-2831,House No. C-593,Street 17,Malir,19,0,Plot,Sahrish Lakhani,Ayesha Bhutto,Litigated,Due,Clear,Due,62200000.0
7331,Saif Haral,DEMO-KPT-7331,House No. DC-395,Street 17,Malir,19,0,Plot,Saif Haral,Ijaz Hameed,Litigated,Due,Clear,Due,40400000.0
4391,Fozia Yousafzai,DEMO-KPT-4391,House No. RR-692,Street 18,Malir,19,0,Plot,Fozia Yousafzai,Shazia Bhurgri,Verified,Due,Clear,Due,58400000.0
7332,Nudrat Sadiq,DEMO-KPT-7332,House No. DR-433,Street 18,Malir,19,0,Plot,Nudrat Sadiq,Ayub Wattoo,Pending,Due,Issue Found,Paid,42500000.0
15113,Sidrah Marwat,DEMO-KPT-15113,House No. DBR-581,Street 19,Malir,19,0,Plot,Sidrah Marwat,Samiya Laghari,Pending,Paid,Issue Found,Paid,27500000.0
2842,Fawad Niazi,DEMO-KPT-2842,House No. R-412,Street 20,Malir,19,0,Plot,Fawad Niazi,Laraib Mazari,Litigated,Due,Clear,Paid,68200000.0
8900,Sameen Unar,DEMO-KPT-8900,House No. DC-524,Street 27,Malir,19,0,Plot,Sameen Unar,Jamshed Panhwar,Verified,Paid,Issue Found,Paid,79900000.0
2857,Syeda Saleem,DEMO-KPT-2857,House No. D-686,Street 30,Malir,19,0,Plot,Syeda Saleem,Aleena Lashari,Pending,Paid,Clear,Due,69600000.0
10560,Jibran Naseem,DEMO-KPT-10560,House No. CD-427,Street 1,Malir,20,0,Plot,Jibran Naseem,Shabbir Dahri,Verified,Due,Under Review,Paid,25500000.0
7460,Farzana Kamal,DEMO-KPT-7460,House No. BD-810,Street 3,Malir,20,0,Plot,Farzana Kamal,Ahtisham Zubairi,Pending,Due,Clear,Due,64600000.0
7404,Hussam Soomro,DEMO-KPT-7404,House No. CC-332,Street 4,Malir,20,0,Plot,Hussam Soomro,Shafay Bhittani,Verified,Due,Issue Found,Paid,34800000.0
2945,Waleed Saeed,DEMO-KPT-2945,House No. C-397,Street 5,Malir,20,0,Plot,Waleed Saeed,Ashar Kamal,Pending,Paid,Issue Found,Paid,42100000.0
16895,Zawar Naqvi,DEMO-KPT-16895,House No. CBD-404,Street 5,Malir,20,0,Plot,Zawar Naqvi,Khawar Randhawa,Pending,Paid,Issue Found,Paid,66500000.0
16936,Nihal Kasi,DEMO-KPT-16936,House No. RDC-754,Street 9,Malir,20,0,Plot,Nihal Kasi,Ubaid Sandhu,Pending,Paid,Clear,Paid,38200000.0
10514,Mahjabeen Tahir,DEMO-KPT-10514,House No. RC-372,Street 10,Malir,20,0,Plot,Mahjabeen Tahir,Haleema Yousafzai,Pending,Paid,Issue Found,Paid,59600000.0
5960,Aqib Turk,DEMO-KPT-5960,House No. DR-418,Street 13,Malir,20,0,Plot,Aqib Turk,Wania Khuhro,Verified,Due,Under Review,Due,58200000.0
7360,Vaqar Rizvi,DEMO-KPT-7360,House No. DC-827,Street 14,Malir,20,0,Plot,Vaqar Rizvi,Alishba Tariq,Litigated,Due,Issue Found,Paid,33900000.0
4418,Mahir Baloch,DEMO-KPT-4418,House No. BB-744,Street 15,Malir,20,0,Plot,Mahir Baloch,Mansha Shakeel,Verified,Paid,Issue Found,Due,66800000.0
15216,Nihal Khuhro,DEMO-KPT-15216,House No. RDC-818,Street 16,Malir,20,0,Plot,Nihal Khuhro,Qaiser Zahid,Litigated,Due,Issue Found,Due,39800000.0
7401,Arfa Wattoo,DEMO-KPT-7401,House No. CD-634,Street 17,Malir,20,0,Plot,Arfa Wattoo,Noor Rind,Verified,Paid,Under Review,Paid,56700000.0
12157,Shamim Saeed,DEMO-KPT-12157,House No. CB-348,Street 17,Malir,20,0,Plot,Shamim Saeed,Yasmeen Hameed,Pending,Due,Clear,Paid,47600000.0
8960,Fayyaz Jamal,DEMO-KPT-8960,House No. DC-435,Street 18,Malir,20,0,Plot,Fayyaz Jamal,Kamal Sandhu,Verified,Paid,Under Review,Paid,40700000.0
10535,Tahira Lak,DEMO-KPT-10535,House No. RC-442,Street 18,Malir,20,0,Plot,Tahira Lak,Shahid Panhwar,Pending,Due,Issue Found,Paid,54300000.0
2916,Anila Popalzai,DEMO-KPT-2916,House No. B-365,Street 19,Malir,20,0,Plot,Anila Popalzai,Mohib Bukhari,Verified,Due,Clear,Paid,33000000.0
4474,Mehboob Saleem,DEMO-KPT-4474,House No. DR-694,Street 20,Malir,20,0,Plot,Mehboob Saleem,Nauman Bhat,Pending,Due,Clear,Paid,23200000.0
15182,Iqbal Palijo,DEMO-KPT-15182,House No. RDC-386,Street 22,Malir,20,0,Plot,Iqbal Palijo,Emaan Afridi,Pending,Due,Issue Found,Paid,78200000.0
2947,Mina Zahid,DEMO-KPT-2947,House No. C-792,Street 26,Malir,20,0,Plot,Mina Zahid,Humaira Orakzai,Litigated,Paid,Under Review,Due,26100000.0
4424,Yahya Janjua,DEMO-KPT-4424,House No. RB-817,Street 26,Malir,20,0,Plot,Yahya Janjua,Haider Unar,Litigated,Paid,Clear,Due,48700000.0
8964,Raheel Janjua,DEMO-KPT-8964,House No. RB-635,Street 27,Malir,20,0,Plot,Raheel Janjua,Maryam Lari,Verified,Due,Issue Found,Paid,33900000.0
5113,Neha Qazi,DEMO-KPT-5113,House No. DD-531,Street 1,Model Town,1,0,Plot,Neha Qazi,Laraib Baloch,Litigated,Paid,Clear,Paid,21300000.0
1074,Salman Noor,DEMO-KPT-1074,House No. A-21,Street 2,Model Town,1,0,Plot,Salman Noor,Mariam Javed,Verified,Paid,Clear,Paid,70300000.0
5145,Adil Mir,DEMO-KPT-5145,House No. DD-360,Street 2,Model Town,1,0,Plot,Adil Mir,Tamkeen Mahar,Verified,Paid,Clear,Paid,30700000.0
1466,Sitara Bettani,DEMO-KPT-1466,House No. B-588,Street 13,Model Town,1,0,Plot,Sitara Bettani,Noreen Kalhoro,Pending,Paid,Clear,Paid,60500000.0
1060,Mariam Raza,DEMO-KPT-1060,House No. A-601,Street 14,Model Town,1,0,Plot,Mariam Raza,Alina Farooq,Litigated,Due,Issue Found,Paid,64800000.0
1500,Muzammil Sahito,DEMO-KPT-1500,House No. B-804,Street 14,Model Town,1,0,Plot,Muzammil Sahito,Alishba Cheema,Verified,Paid,Clear,Due,73500000.0
1510,Amir Lakhani,DEMO-KPT-1510,House No. C-357,Street 14,Model Town,1,0,Plot,Amir Lakhani,Tahir Mian,Litigated,Due,Issue Found,Paid,28700000.0
1014,Owais Javed,DEMO-KPT-1014,House No. A-155,Street 15,Model Town,1,0,Plot,Owais Javed,Danish Naeem,Verified,Due,Issue Found,Paid,32200000.0
14947,Madiha Daudzai,DEMO-KPT-14947,House No. BDC-827,Street 17,Model Town,1,0,Plot,Madiha Daudzai,Husna Ghani,Litigated,Due,Issue Found,Due,34600000.0
14836,Sania Yasin,DEMO-KPT-14836,House No. BDC-589,Street 27,Model Town,1,0,Plot,Sania Yasin,Hammad Hoti,Pending,Paid,Issue Found,Paid,60400000.0
1018,Komal Haider,DEMO-KPT-1018,House No. A-321,Street 29,Model Town,1,0,Plot,Komal Haider,Zain Haider,Litigated,Paid,Issue Found,Paid,61000000.0
1030,Ali Javed,DEMO-KPT-1030,House No. A-288,Street 29,Model Town,1,0,Plot,Ali Javed,Mariam Farooq,Litigated,Paid,Under Review,Due,30400000.0
8381,Lina Parvez,DEMO-KPT-8381,House No. BB-516,Street 29,Model Town,1,0,Plot,Lina Parvez,Salahuddin Dogar,Pending,Due,Clear,Due,37200000.0
14980,Zarar Bilgrami,DEMO-KPT-14980,House No. BDR-806,Street 29,Model Town,1,0,Plot,Zarar Bilgrami,Rooman Cheena,Litigated,Paid,Under Review,Due,26600000.0
1095,Sara Haider,DEMO-KPT-1095,House No. A-764,Street 2,Model Town,2,0,Plot,Sara Haider,Muhammad Raza,Verified,Paid,Clear,Paid,57200000.0
11599,Talal Sadiq,DEMO-KPT-11599,House No. DB-478,Street 6,Model Town,2,0,Plot,Talal Sadiq,Marium Ali,Litigated,Due,Under Review,Due,40300000.0
8488,Jawad Alvi,DEMO-KPT-8488,House No. BR-821,Street 8,Model Town,2,0,Plot,Jawad Alvi,Mehreen Warraich,Verified,Paid,Issue Found,Paid,54600000.0
11777,Zuha Riaz,DEMO-KPT-11777,House No. RC-483,Street 13,Model Town,2,0,Plot,Zuha Riaz,Manzoor Yousafzai,Pending,Due,Under Review,Due,40500000.0
14981,Asra Sial,DEMO-KPT-14981,House No. DRC-636,Street 17,Model Town,2,0,Plot,Asra Sial,Ashraf Marwat,Litigated,Due,Clear,Due,61300000.0
15159,Haider Hayat,DEMO-KPT-15159,House No. DBR-334,Street 19,Model Town,2,0,Plot,Haider Hayat,Sumbal Imran,Litigated,Due,Clear,Paid,32500000.0
1864,Minhaj Ijaz,DEMO-KPT-1864,House No. C-781,Street 3,Model Town,3,0,Plot,Minhaj Ijaz,Owais Magsi,Pending,Paid,Issue Found,Due,43800000.0
5464,Noor Mari,DEMO-KPT-5464,House No. DB-755,Street 3,Model Town,3,0,Plot,Noor Mari,Tamim Sultan,Pending,Paid,Issue Found,Due,63400000.0
1192,Sana Haider,DEMO-KPT-1192,House No. A-453,Street 12,Model Town,3,0,Plot,Sana Haider,Saad Hussain,Litigated,Due,Clear,Paid,71100000.0
11867,Sitara Lari,DEMO-KPT-11867,House No. BD-570,Street 14,Model Town,3,0,Plot,Sitara Lari,Masood Jamali,Pending,Paid,Under Review,Due,48500000.0
8664,Shamoon Gilani,DEMO-KPT-8664,House No. CB-838,Street 15,Model Town,3,0,Plot,Shamoon Gilani,Shan Virk,Verified,Due,Issue Found,Paid,79500000.0
5451,Zuha Awan,DEMO-KPT-5451,House No. RB-619,Street 16,Model Town,3,0,Plot,Zuha Awan,Nageen Talpur,Pending,Paid,Under Review,Due,47900000.0
8735,Daniyal Daudzai,DEMO-KPT-8735,House No. DR-836,Street 18,Model Town,3,0,Plot,Daniyal Daudzai,Yameen Shakir,Pending,Due,Issue Found,Paid,60900000.0
11799,Nighat Saleem,DEMO-KPT-11799,House No. CR-878,Street 20,Model Town,3,0,Plot,Nighat Saleem,Jahangir Hameed,Verified,Due,Clear,Due,56400000.0
1886,Sultan Sandhu,DEMO-KPT-1886,House No. C-885,Street 21,Model Town,3,0,Plot,Sultan Sandhu,Rehmat Sadiq,Verified,Due,Under Review,Due,68700000.0
1764,Batool Hanif,DEMO-KPT-1764,House No. C-416,Street 27,Model Town,3,0,Plot,Batool Hanif,Maaz Baig,Verified,Due,Issue Found,Paid,61400000.0
1786,Dua Marri,DEMO-KPT-1786,House No. D-360,Street 27,Model Town,3,0,Plot,Dua Marri,Sami Lashari,Pending,Paid,Issue Found,Paid,69600000.0
5364,Zarar Khokhar,DEMO-KPT-5364,House No. DB-362,Street 27,Model Town,3,0,Plot,Zarar Khokhar,Aashir Mohammadzai,Verified,Due,Issue Found,Paid,72300000.0
15264,Hassan Korai,DEMO-KPT-15264,House No. RBD-486,Street 27,Model Town,3,0,Plot,Hassan Korai,Ashfaq Saeed,Verified,Due,Issue Found,Paid,48500000.0
5376,Azhar Unar,DEMO-KPT-5376,House No. CB-771,Street 29,Model Town,3,0,Plot,Azhar Unar,Inshal Soomro,Pending,Due,Issue Found,Due,35000000.0
1211,Hamza Ali,DEMO-KPT-1211,House No. A-91,Street 3,Model Town,4,0,Plot,Hamza Ali,Anaya Haider,Pending,Due,Issue Found,Paid,66500000.0
12031,Shafay Usmani,DEMO-KPT-12031,House No. BD-822,Street 5,Model Town,4,0,Plot,Shafay Usmani,Farah Zafar,Verified,Due,Under Review,Due,31000000.0
15486,Zunaira Zardari,DEMO-KPT-15486,House No. BRD-804,Street 7,Model Town,4,0,Plot,Zunaira Zardari,Javed Dahri,Pending,Paid,Under Review,Paid,32500000.0
8739,Zamzam Abbasi,DEMO-KPT-8739,House No. DD-625,Street 8,Model Town,4,0,Plot,Zamzam Abbasi,Arfa Dahri,Pending,Paid,Under Review,Paid,45600000.0
5564,Saqib Gabol,DEMO-KPT-5564,House No. BD-734,Street 10,Model Town,4,0,Plot,Saqib Gabol,Zubaid Cheema,Pending,Paid,Issue Found,Paid,70100000.0
2028,Nizam Zia,DEMO-KPT-2028,House No. D-760,Street 11,Model Town,4,0,Plot,Nizam Zia,Mashal Rehman,Verified,Paid,Issue Found,Paid,70900000.0
5489,Iqra Mansoor,DEMO-KPT-5489,House No. CR-888,Street 14,Model Town,4,0,Plot,Iqra Mansoor,Mina Raza,Verified,Due,Under Review,Due,43600000.0
15440,Amara Aslam,DEMO-KPT-15440,House No. RBC-389,Street 15,Model Town,4,0,Plot,Amara Aslam,Gohar Khuhro,Pending,Paid,Under Review,Due,33700000.0
5565,Ismail Panhwar,DEMO-KPT-5565,House No. RB-864,Street 16,Model Town,4,0,Plot,Ismail Panhwar,Arslan Qazi,Litigated,Due,Issue Found,Due,23000000.0
8813,Qurat Hayat,DEMO-KPT-8813,House No. RD-517,Street 19,Model Town,4,0,Plot,Qurat Hayat,Nasreen Kayani,Pending,Paid,Issue Found,Paid,30100000.0
8797,Jalal Orakzai,DEMO-KPT-8797,House No. BR-802,Street 26,Model Town,4,0,Plot,Jalal Orakzai,Nageen Chandio,Litigated,Paid,Under Review,Due,25400000.0
12121,Muzammil Parvez,DEMO-KPT-12121,House No. BR-604,Street 28,Model Town,4,0,Plot,Muzammil Parvez,Balaj Khan,Litigated,Due,Under Review,Due,26900000.0
2081,Nabeeha Sardar,DEMO-KPT-2081,House No. C-841,Street 29,Model Town,4,0,Plot,Nabeeha Sardar,Shanza Latif,Pending,Due,Clear,Due,71000000.0
5595,Rukhsana Saleem,DEMO-KPT-5595,House No. CD-509,Street 2,Model Town,5,0,Plot,Rukhsana Saleem,Shifa Qureshi,Verified,Paid,Clear,Paid,22700000.0
15625,Sabrina Tiwana,DEMO-KPT-15625,House No. BDR-881,Street 8,Model Town,5,0,Plot,Sabrina Tiwana,Asif Sheikh,Litigated,Paid,Under Review,Due,38300000.0
12239,Sakina Qazi,DEMO-KPT-12239,House No. RB-795,Street 14,Model Town,5,0,Plot,Sakina Qazi,Waqas Zubair,Verified,Due,Under Review,Due,59100000.0
12292,Uzma Mirza,DEMO-KPT-12292,House No. BC-606,Street 20,Model Town,5,0,Plot,Uzma Mirza,Sehrish Kidwai,Litigated,Due,Clear,Paid,53400000.0
8882,Hania Shakeel,DEMO-KPT-8882,House No. BR-374,Street 22,Model Town,5,0,Plot,Hania Shakeel,Inam Toor,Pending,Due,Issue Found,Paid,35600000.0
15547,Shahzadi Tahir,DEMO-KPT-15547,House No. DCR-859,Street 26,Model Town,5,0,Plot,Shahzadi Tahir,Lamia Usmani,Litigated,Paid,Under Review,Due,51000000.0
2221,Yawar Sabri,DEMO-KPT-2221,House No. B-809,Street 28,Model Town,5,0,Plot,Yawar Sabri,Khushbu Wattoo,Litigated,Due,Under Review,Due,29800000.0
2189,Tahmina Mehmood,DEMO-KPT-2189,House No. B-751,Street 30,Model Town,5,0,Plot,Tahmina Mehmood,Shahab Shaikh,Litigated,Due,Issue Found,Paid,27800000.0
5711,Sahrish Khokhar,DEMO-KPT-5711,House No. BB-509,Street 3,Model Town,6,0,Plot,Sahrish Khokhar,Bisma Farooq,Pending,Due,Issue Found,Paid,73200000.0
12448,Sundas Ali,DEMO-KPT-12448,House No. BD-509,Street 3,Model Town,6,0,Plot,Sundas Ali,Laiba Sipra,Litigated,Paid,Under Review,Due,70400000.0
1294,Ahsan Farooq,DEMO-KPT-1294,House No. A-754,Street 7,Model Town,6,0,Plot,Ahsan Farooq,Ayesha Tariq,Verified,Due,Under Review,Paid,67700000.0
12446,Rafia Kasi,DEMO-KPT-12446,House No. DD-386,Street 7,Model Town,6,0,Plot,Rafia Kasi,Amal Minhas,Pending,Due,Issue Found,Due,40600000.0
9077,Saba Mahsud,DEMO-KPT-9077,House No. BB-812,Street 13,Model Town,6,0,Plot,Saba Mahsud,Shazia Raza,Pending,Due,Under Review,Due,50000000.0
5687,Waqas Ghazali,DEMO-KPT-5687,House No. DD-325,Street 14,Model Town,6,0,Plot,Waqas Ghazali,Farhan Dahri,Verified,Paid,Under Review,Due,70900000.0
2364,Nadeem Minhas,DEMO-KPT-2364,House No. B-410,Street 15,Model Town,6,0,Plot,Nadeem Minhas,Nosheen Abro,Verified,Due,Issue Found,Paid,70200000.0
1310,Kashif Haider,DEMO-KPT-1310,House No. A-630,Street 18,Model Town,6,0,Plot,Kashif Haider,Sana Tariq,Verified,Paid,Under Review,Paid,71600000.0
8974,Khadija Jafri,DEMO-KPT-8974,House No. DR-881,Street 20,Model Town,6,0,Plot,Khadija Jafri,Afshan Wani,Pending,Due,Clear,Paid,46700000.0
2345,Kainat Abbasi,DEMO-KPT-2345,House No. R-554,Street 27,Model Town,6,0,Plot,Kainat Abbasi,Sikandar Sheikh,Pending,Due,Clear,Paid,75500000.0
15689,Ijaz Abbasi,DEMO-KPT-15689,House No. BDC-594,Street 30,Model Town,6,0,Plot,Ijaz Abbasi,Rafiq Samo,Litigated,Due,Issue Found,Paid,55100000.0
12706,Nawal Ghaffar,DEMO-KPT-12706,House No. CB-880,Street 6,Model Town,7,0,Plot,Nawal Ghaffar,Fozia Sultan,Pending,Due,Issue Found,Paid,75300000.0
5817,Mehmood Bilgrami,DEMO-KPT-5817,House No. DB-767,Street 7,Model Town,7,0,Plot,Mehmood Bilgrami,Aneela Bhat,Verified,Due,Clear,Due,75900000.0
15910,Zohair Hinjra,DEMO-KPT-15910,House No. CRB-314,Street 14,Model Town,7,0,Plot,Zohair Hinjra,Maimoona Warraich,Litigated,Due,Issue Found,Paid,21800000.0
5901,Rohail Nawaz,DEMO-KPT-5901,House No. RD-842,Street 16,Model Town,7,0,Plot,Rohail Nawaz,Maqsood Mirani,Pending,Paid,Under Review,Due,23200000.0
5930,Adnan Sahito,DEMO-KPT-5930,House No. BB-751,Street 17,Model Town,7,0,Plot,Adnan Sahito,Beenish Mughal,Verified,Paid,Issue Found,Due,64000000.0
12574,Rakhshanda Haral,DEMO-KPT-12574,House No. RC-784,Street 20,Model Town,7,0,Plot,Rakhshanda Haral,Rashida Bhatti,Pending,Due,Clear,Paid,32100000.0
15849,Nabila Mahesar,DEMO-KPT-15849,House No. BCD-508,Street 20,Model Town,7,0,Plot,Nabila Mahesar,Hafsa Chandio,Verified,Due,Clear,Due,59200000.0
15869,Iftikhar Mehmood,DEMO-KPT-15869,House No. RDB-418,Street 22,Model Town,7,0,Plot,Iftikhar Mehmood,Zamzam Palijo,Verified,Paid,Under Review,Due,66000000.0
2500,Tabish Qazi,DEMO-KPT-2500,House No. D-353,Street 27,Model Town,7,0,Plot,Tabish Qazi,Daniya Popalzai,Pending,Due,Clear,Paid,52200000.0
12586,Awais Farooqi,DEMO-KPT-12586,House No. DR-430,Street 27,Model Town,7,0,Plot,Awais Farooqi,Mubashra Mian,Pending,Paid,Issue Found,Paid,58500000.0
12695,Raheela Dar,DEMO-KPT-12695,House No. BR-735,Street 27,Model Town,7,0,Plot,Raheela Dar,Marium Yaqoob,Pending,Due,Clear,Paid,65300000.0
9389,Shabana Mohmand,DEMO-KPT-9389,House No. BB-355,Street 30,Model Town,7,0,Plot,Shabana Mohmand,Yameen Peerzada,Litigated,Due,Issue Found,Paid,67000000.0
6013,Kabir Minhas,DEMO-KPT-6013,House No. BD-697,Street 1,Model Town,8,0,Plot,Kabir Minhas,Amara Mustafa,Litigated,Paid,Clear,Paid,23600000.0
12763,Mehboob Palijo,DEMO-KPT-12763,House No. DC-568,Street 1,Model Town,8,0,Plot,Mehboob Palijo,Umair Dogar,Litigated,Paid,Clear,Paid,23300000.0
6024,Kinza Randhawa,DEMO-KPT-6024,House No. BC-350,Street 2,Model Town,8,0,Plot,Kinza Randhawa,Nigar Mughal,Verified,Paid,Clear,Paid,38100000.0
12795,Bisma Jamali,DEMO-KPT-12795,House No. CR-766,Street 2,Model Town,8,0,Plot,Bisma Jamali,Musa Dar,Verified,Paid,Clear,Paid,77000000.0
16036,Sameen Latif,DEMO-KPT-16036,House No. BCR-790,Street 9,Model Town,8,0,Plot,Sameen Latif,Bilawal Afridi,Pending,Paid,Clear,Paid,51000000.0
6014,Kaif Bettani,DEMO-KPT-6014,House No. BC-336,Street 10,Model Town,8,0,Plot,Kaif Bettani,Mushtaq Shafi,Pending,Paid,Issue Found,Paid,36800000.0
12828,Minhaj Tahir,DEMO-KPT-12828,House No. BD-711,Street 11,Model Town,8,0,Plot,Minhaj Tahir,Faizan Saleem,Verified,Paid,Issue Found,Paid,70300000.0
12716,Komal Kharal,DEMO-KPT-12716,House No. CD-333,Street 13,Model Town,8,0,Plot,Komal Kharal,Zulekha Ranjha,Pending,Paid,Clear,Paid,64100000.0
1439,Sana Ahmed,DEMO-KPT-1439,House No. A-476,Street 14,Model Town,8,0,Plot,Sana Ahmed,Mariam Tariq,Verified,Due,Under Review,Due,33700000.0
1401,Usman Shah,DEMO-KPT-1401,House No. A-292,Street 16,Model Town,8,0,Plot,Usman Shah,Ayesha Tariq,Pending,Paid,Under Review,Due,51900000.0
2780,Hussain Mir,DEMO-KPT-2780,House No. R-842,Street 17,Model Town,8,0,Plot,Hussain Mir,Shaheen Bhat,Verified,Paid,Issue Found,Due,59800000.0
9457,Rohail Naseem,DEMO-KPT-9457,House No. CD-474,Street 17,Model Town,8,0,Plot,Rohail Naseem,Azhar Imran,Pending,Due,Clear,Paid,69900000.0
1393,Maham Naeem,DEMO-KPT-1393,House No. A-908,Street 25,Model Town,8,0,Plot,Maham Naeem,Hassan Aslam,Pending,Due,Under Review,Paid,31200000.0
16031,Saif Panhwar,DEMO-KPT-16031,House No. BCR-643,Street 29,Model Town,8,0,Plot,Saif Panhwar,Aftab Panhwar,Pending,Due,Clear,Due,78200000.0
9624,Mashal Hanif,DEMO-KPT-9624,House No. BC-831,Street 2,Model Town,9,0,Plot,Mashal Hanif,Nasrullah Mengal,Verified,Paid,Clear,Paid,70200000.0
6441,Nabeel Bukhari,DEMO-KPT-6441,House No. RB-305,Street 3,Model Town,9,0,Plot,Nabeel Bukhari,Ifrah Farooq,Pending,Paid,Issue Found,Paid,76700000.0
9710,Sajjad Mehmood,DEMO-KPT-9710,House No. RB-310,Street 3,Model Town,9,0,Plot,Sajjad Mehmood,Feroz Gill,Pending,Due,Clear,Due,75200000.0
1450,Mahnoor Javed,DEMO-KPT-1450,House No. A-245,Street 4,Model Town,9,0,Plot,Mahnoor Javed,Imran Haider,Pending,Due,Under Review,Due,78500000.0
2904,Sahil Dayo,DEMO-KPT-2904,House No. B-840,Street 4,Model Town,9,0,Plot,Sahil Dayo,Taimoor Gondal,Verified,Due,Issue Found,Paid,68100000.0
6205,Urwa Orakzai,DEMO-KPT-6205,House No. DB-310,Street 5,Model Town,9,0,Plot,Urwa Orakzai,Hashim Soomro,Pending,Paid,Issue Found,Due,68700000.0
16117,Moiz Tanoli,DEMO-KPT-16117,House No. RDC-567,Street 5,Model Town,9,0,Plot,Moiz Tanoli,Shahida Bilgrami,Pending,Paid,Clear,Paid,77500000.0
16099,Mahnaz Dogar,DEMO-KPT-16099,House No. DRB-713,Street 6,Model Town,9,0,Plot,Mahnaz Dogar,Mina Mahar,Litigated,Due,Under Review,Due,36000000.0
2886,Zuha Nawaz,DEMO-KPT-2886,House No. C-837,Street 7,Model Town,9,0,Plot,Zuha Nawaz,Zoya Abro,Pending,Paid,Under Review,Paid,71800000.0
12896,Rafay Waheed,DEMO-KPT-12896,House No. RR-652,Street 7,Model Town,9,0,Plot,Rafay Waheed,Dilshad Mirani,Pending,Due,Issue Found,Due,25700000.0
13017,Fozia Ghazali,DEMO-KPT-13017,House No. DD-724,Street 7,Model Town,9,0,Plot,Fozia Ghazali,Palwasha Waheed,Verified,Due,Clear,Due,60000000.0
6416,Zubaida Khokhar,DEMO-KPT-6416,House No. RB-357,Street 13,Model Town,9,0,Plot,Zubaida Khokhar,Samina Lak,Pending,Paid,Clear,Paid,46900000.0
2987,Nafisa Ijaz,DEMO-KPT-2987,House No. C-560,Street 14,Model Town,9,0,Plot,Nafisa Ijaz,Qudrat Riaz,Verified,Paid,Under Review,Due,70600000.0
9564,Mahreen Achakzai,DEMO-KPT-9564,House No. RR-498,Street 15,Model Town,9,0,Plot,Mahreen Achakzai,Raza Ghani,Verified,Due,Issue Found,Paid,58600000.0
6216,Shehryar Khattak,DEMO-KPT-6216,House No. CB-508,Street 16,Model Town,9,0,Plot,Shehryar Khattak,Adil Naseem,Litigated,Due,Issue Found,Due,56100000.0
6442,Shehryar Mughal,DEMO-KPT-6442,House No. BD-684,Street 20,Model Town,9,0,Plot,Shehryar Mughal,Hafeez Leghari,Litigated,Due,Clear,Paid,49100000.0
16100,Tanzeela Kalhoro,DEMO-KPT-16100,House No. DRB-838,Street 27,Model Town,9,0,Plot,Tanzeela Kalhoro,Shoaib Javed,Verified,Paid,Issue Found,Paid,52800000.0
12989,Samra Bhurgri,DEMO-KPT-12989,House No. DB-655,Street 30,Model Town,9,0,Plot,Samra Bhurgri,Sarah Ali,Litigated,Due,Issue Found,Paid,26200000.0
6490,Anas Mari,DEMO-KPT-6490,House No. RC-757,Street 9,Model Town,10,0,Plot,Anas Mari,Kinza Niazi,Verified,Due,Under Review,Due,22800000.0
3266,Fareeha Sultan,DEMO-KPT-3266,House No. R-300,Street 13,Model Town,10,0,Plot,Fareeha Sultan,Humayun Mustafa,Pending,Paid,Clear,Paid,24600000.0
13149,Tabassum Ghaffar,DEMO-KPT-13149,House No. DR-697,Street 20,Model Town,10,0,Plot,Tabassum Ghaffar,Iram Jaffri,Verified,Due,Clear,Due,33100000.0
16329,Izhar Zaidi,DEMO-KPT-16329,House No. RBD-583,Street 21,Model Town,10,0,Plot,Izhar Zaidi,Amna Tanvir,Litigated,Due,Issue Found,Paid,57500000.0
9782,Momina Bilgrami,DEMO-KPT-9782,House No. RB-503,Street 22,Model Town,10,0,Plot,Momina Bilgrami,Sehrish Parvez,Pending,Due,Issue Found,Paid,55700000.0
9731,Asif Sultan,DEMO-KPT-9731,House No. RB-402,Street 29,Model Town,10,0,Plot,Asif Sultan,Abeera Saleem,Pending,Due,Clear,Due,79700000.0
16254,Mahrukh Pasha,DEMO-KPT-16254,House No. BCR-527,Street 30,Model Town,10,0,Plot,Mahrukh Pasha,Aiman Gondal,Verified,Paid,Issue Found,Paid,22700000.0
10063,Aamir Qazi,DEMO-KPT-10063,House No. RD-364,Street 1,Model Town,11,0,Plot,Aamir Qazi,Haleema Kidwai,Litigated,Paid,Clear,Paid,54900000.0
13348,Farzana Rind,DEMO-KPT-13348,House No. RD-867,Street 3,Model Town,11,0,Plot,Farzana Rind,Munib Shakir,Litigated,Paid,Under Review,Due,58900000.0
16555,Ashraf Hussain,DEMO-KPT-16555,House No. RCD-518,Street 5,Model Town,11,0,Plot,Ashraf Hussain,Anam Orakzai,Pending,Paid,Issue Found,Due,29900000.0
16438,Safa Mazari,DEMO-KPT-16438,House No. BDR-582,Street 8,Model Town,11,0,Plot,Safa Mazari,Zunaira Gakhar,Pending,Paid,Issue Found,Due,63800000.0
3585,Wajid Sadiq,DEMO-KPT-3585,House No. C-498,Street 14,Model Town,11,0,Plot,Wajid Sadiq,Rashida Dogar,Verified,Due,Issue Found,Paid,55300000.0
10050,Bilquis Riaz,DEMO-KPT-10050,House No. BD-308,Street 14,Model Town,11,0,Plot,Bilquis Riaz,Zara Panezai,Verified,Paid,Clear,Due,56500000.0
10040,Mina Kalhoro,DEMO-KPT-10040,House No. BB-587,Street 15,Model Town,11,0,Plot,Mina Kalhoro,Affan Peerzada,Pending,Paid,Under Review,Due,62100000.0
9980,Alina Chaudhry,DEMO-KPT-9980,House No. RC-368,Street 17,Model Town,11,0,Plot,Alina Chaudhry,Hashim Orakzai,Verified,Paid,Issue Found,Due,55900000.0
3574,Zunair Sindhi,DEMO-KPT-3574,House No. R-707,Street 20,Model Town,11,0,Plot,Zunair Sindhi,Waleed Bilgrami,Pending,Due,Clear,Paid,25700000.0
6724,Rukhsana Bhat,DEMO-KPT-6724,House No. CD-878,Street 20,Model Town,11,0,Plot,Rukhsana Bhat,Mazhar Rajper,Pending,Due,Clear,Paid,45000000.0
13276,Waheed Rehman,DEMO-KPT-13276,House No. DD-817,Street 27,Model Town,11,0,Plot,Waheed Rehman,Tayyeb Awan,Litigated,Paid,Clear,Due,45300000.0
13361,Gohar Akhtar,DEMO-KPT-13361,House No. RD-851,Street 3,Model Town,12,0,Plot,Gohar Akhtar,Anmol Mansoor,Pending,Due,Issue Found,Paid,44000000.0
3602,Fauzia Gakhar,DEMO-KPT-3602,House No. C-665,Street 13,Model Town,12,0,Plot,Fauzia Gakhar,Salma Gondal,Verified,Due,Clear,Paid,51900000.0
16727,Mahreen Shafi,DEMO-KPT-16727,House No. RCD-549,Street 13,Model Town,12,0,Plot,Mahreen Shafi,Fareeha Panhwar,Pending,Due,Under Review,Due,28600000.0
16635,Mehreen Joiya,DEMO-KPT-16635,House No. DCR-533,Street 14,Model Town,12,0,Plot,Mehreen Joiya,Nazia Gandapur,Verified,Due,Issue Found,Paid,26700000.0
13359,Lina Mohammadzai,DEMO-KPT-13359,House No. DD-793,Street 19,Model Town,12,0,Plot,Lina Mohammadzai,Khizar Lone,Litigated,Due,Clear,Paid,51200000.0
6751,Sakina Awan,DEMO-KPT-6751,House No. DD-539,Street 25,Model Town,12,0,Plot,Sakina Awan,Mukarram Gill,Litigated,Paid,Clear,Due,31700000.0
3586,Marwa Ghani,DEMO-KPT-3586,House No. B-788,Street 27,Model Town,12,0,Plot,Marwa Ghani,Sadiq Lashari,Pending,Paid,Issue Found,Paid,54500000.0
6907,Hashir Jadoon,DEMO-KPT-6907,House No. CB-516,Street 30,Model Town,12,0,Plot,Hashir Jadoon,Laila Yaqoob,Pending,Paid,Clear,Due,37300000.0
6945,Yusra Hashmi,DEMO-KPT-6945,House No. RR-659,Street 2,Model Town,13,0,Plot,Yusra Hashmi,Zakir Yousafzai,Verified,Paid,Clear,Paid,22000000.0
3804,Mahira Hinjra,DEMO-KPT-3804,House No. B-302,Street 4,Model Town,13,0,Plot,Mahira Hinjra,Fayyaz Laghari,Verified,Due,Issue Found,Paid,75100000.0
6978,Safa Rashid,DEMO-KPT-6978,House No. DR-707,Street 11,Model Town,13,0,Plot,Safa Rashid,Furqan Baloch,Verified,Paid,Issue Found,Paid,53300000.0
3966,Bakhtawar Butt,DEMO-KPT-3966,House No. RD-865,Street 16,Model Town,13,0,Plot,Bakhtawar Butt,Ubaid Ranjha,Litigated,Due,Issue Found,Due,23800000.0
7033,Jalal Janjua,DEMO-KPT-7033,House No. DD-385,Street 17,Model Town,13,0,Plot,Jalal Janjua,Mehboob Sabri,Litigated,Paid,Issue Found,Due,67100000.0
10310,Amna Saleem,DEMO-KPT-10310,House No. DC-530,Street 18,Model Town,13,0,Plot,Amna Saleem,Hamza Mian,Verified,Paid,Under Review,Paid,63200000.0
13460,Amjad Khuhro,DEMO-KPT-13460,House No. RCD-659,Street 18,Model Town,13,0,Plot,Amjad Khuhro,Amna Mari,Verified,Paid,Under Review,Paid,78100000.0
3863,Arisha Mirza,DEMO-KPT-3863,House No. BB-330,Street 19,Model Town,13,0,Plot,Arisha Mirza,Mehboob Bashir,Pending,Paid,Issue Found,Paid,72700000.0
10319,Nayyar Jadoon,DEMO-KPT-10319,House No. DB-415,Street 20,Model Town,13,0,Plot,Nayyar Jadoon,Khansa Mian,Verified,Due,Clear,Paid,63100000.0
13469,Jannat Toor,DEMO-KPT-13469,House No. RCD-865,Street 20,Model Town,13,0,Plot,Jannat Toor,Neelam Qazi,Verified,Due,Clear,Paid,47300000.0
13474,Fareeha Hinjra,DEMO-KPT-13474,House No. CDB-871,Street 20,Model Town,13,0,Plot,Fareeha Hinjra,Kaleem Chattha,Pending,Due,Clear,Paid,22000000.0
7019,Amna Qadir,DEMO-KPT-7019,House No. CC-691,Street 25,Model Town,13,0,Plot,Amna Qadir,Nigar Qadir,Verified,Due,Under Review,Due,68000000.0
10445,Ihtisham Umer,DEMO-KPT-10445,House No. RR-635,Street 27,Model Town,13,0,Plot,Ihtisham Umer,Dua Majeed,Pending,Due,Clear,Paid,22200000.0
16780,Gohar Sabri,DEMO-KPT-16780,House No. DBR-505,Street 29,Model Town,13,0,Plot,Gohar Sabri,Imran Tariq,Litigated,Paid,Under Review,Due,52400000.0
10545,Farooq Rind,DEMO-KPT-10545,House No. CR-469,Street 2,Model Town,14,0,Plot,Farooq Rind,Fariha Nasar,Verified,Paid,Clear,Paid,58600000.0
7061,Ismail Nasar,DEMO-KPT-7061,House No. CD-490,Street 3,Model Town,14,0,Plot,Ismail Nasar,Anila Sabri,Pending,Due,Issue Found,Paid,78400000.0
7042,Saima Waheed,DEMO-KPT-7042,House No. BC-661,Street 12,Model Town,14,0,Plot,Saima Waheed,Sahil Naseem,Litigated,Due,Clear,Paid,59900000.0
10464,Jannat Baloch,DEMO-KPT-10464,House No. RR-640,Street 15,Model Town,14,0,Plot,Jannat Baloch,Madiha Ghani,Verified,Due,Issue Found,Paid,53000000.0
10515,Afzal Hoti,DEMO-KPT-10515,House No. CC-495,Street 16,Model Town,14,0,Plot,Afzal Hoti,Waheed Lak,Litigated,Due,Issue Found,Due,78600000.0
4010,Gohar Cheema,DEMO-KPT-4010,House No. CC-412,Street 18,Model Town,14,0,Plot,Gohar Cheema,Samiya Imran,Verified,Paid,Under Review,Paid,30000000.0
7091,Rahila Chandio,DEMO-KPT-7091,House No. DC-483,Street 18,Model Town,14,0,Plot,Rahila Chandio,Mahreen Tahir,Verified,Due,Clear,Due,70000000.0
7059,Areeba Shah,DEMO-KPT-7059,House No. BD-397,Street 19,Model Town,14,0,Plot,Areeba Shah,Arfa Khokhar,Litigated,Due,Clear,Paid,30200000.0
13629,Mahreen Qazi,DEMO-KPT-13629,House No. RBD-742,Street 21,Model Town,14,0,Plot,Mahreen Qazi,Hasnain Usmani,Litigated,Due,Issue Found,Paid,41000000.0
4051,Ali Kasi,DEMO-KPT-4051,House No. RD-513,Street 25,Model Town,14,0,Plot,Ali Kasi,Iffat Shah,Litigated,Paid,Clear,Due,54400000.0
10527,Sarfraz Rajput,DEMO-KPT-10527,House No. RB-579,Street 28,Model Town,14,0,Plot,Sarfraz Rajput,Hanif Laghari,Verified,Paid,Under Review,Due,70800000.0
4213,Nouman Orakzai,DEMO-KPT-4213,House No. BR-624,Street 1,Model Town,15,0,Plot,Nouman Orakzai,Fatima Mengal,Litigated,Paid,Clear,Paid,71400000.0
7302,Mahmood Saif,DEMO-KPT-7302,House No. CB-650,Street 2,Model Town,15,0,Plot,Mahmood Saif,Erum Ali,Litigated,Paid,Clear,Paid,54700000.0
10661,Sarah Jafri,DEMO-KPT-10661,House No. RC-308,Street 3,Model Town,15,0,Plot,Sarah Jafri,Ismail Janjua,Pending,Due,Issue Found,Paid,37000000.0
13704,Jamila Panhwar,DEMO-KPT-13704,House No. DBR-459,Street 4,Model Town,15,0,Plot,Jamila Panhwar,Dawood Soomro,Verified,Due,Issue Found,Paid,50600000.0
4236,Ayaz Ali,DEMO-KPT-4236,House No. RR-405,Street 7,Model Town,15,0,Plot,Ayaz Ali,Fariha Mahesar,Pending,Paid,Under Review,Paid,57200000.0
13689,Vaqar Rajput,DEMO-KPT-13689,House No. RCD-812,Street 8,Model Town,15,0,Plot,Vaqar Rajput,Kainat Ranjha,Pending,Paid,Under Review,Paid,64600000.0
13699,Mina Abro,DEMO-KPT-13699,House No. BDC-732,Street 11,Model Town,15,0,Plot,Mina Abro,Faisal Bijarani,Pending,Due,Issue Found,Due,40600000.0
4251,Shakeel Jamali,DEMO-KPT-4251,House No. DD-716,Street 17,Model Town,15,0,Plot,Shakeel Jamali,Mubeen Toor,Verified,Paid,Under Review,Paid,70800000.0
10659,Alam Lashari,DEMO-KPT-10659,House No. RC-702,Street 19,Model Town,15,0,Plot,Alam Lashari,Hashim Khuhro,Litigated,Due,Clear,Paid,27700000.0
4149,Shafay Siddiqui,DEMO-KPT-4149,House No. DB-696,Street 20,Model Town,15,0,Plot,Shafay Siddiqui,Zameer Chaudhry,Verified,Due,Clear,Due,74800000.0
7342,Umaima Malik,DEMO-KPT-7342,House No. BR-489,Street 20,Model Town,15,0,Plot,Umaima Malik,Qamar Tiwana,Litigated,Due,Clear,Paid,41900000.0
13888,Taimoor Dogar,DEMO-KPT-13888,House No. RDB-526,Street 8,Model Town,16,0,Plot,Taimoor Dogar,Sarah Bhatti,Verified,Paid,Issue Found,Paid,49400000.0
7486,Sidrah Ghazali,DEMO-KPT-7486,House No. RB-809,Street 9,Model Town,16,0,Plot,Sidrah Ghazali,Shumaila Gilani,Pending,Paid,Clear,Paid,47100000.0
4416,Siddique Jamal,DEMO-KPT-4416,House No. CC-891,Street 16,Model Town,16,0,Plot,Siddique Jamal,Omer Qadir,Litigated,Due,Issue Found,Due,24800000.0
10760,Nuzhat Panhwar,DEMO-KPT-10760,House No. BR-362,Street 18,Model Town,16,0,Plot,Nuzhat Panhwar,Zamzam Kalhoro,Verified,Paid,Under Review,Paid,50400000.0
4319,Zayan Jogezai,DEMO-KPT-4319,House No. BR-866,Street 25,Model Town,16,0,Plot,Zayan Jogezai,Aqsa Aslam,Verified,Due,Under Review,Due,78700000.0
4300,Nageen Sindhi,DEMO-KPT-4300,House No. CC-825,Street 27,Model Town,16,0,Plot,Nageen Sindhi,Kainat Cheema,Pending,Due,Clear,Paid,61100000.0
13921,Amber Qadir,DEMO-KPT-13921,House No. RBD-344,Street 28,Model Town,16,0,Plot,Amber Qadir,Hira Minhas,Litigated,Due,Under Review,Due,43100000.0
14160,Hussnain Daudzai,DEMO-KPT-14160,House No. RCB-547,Street 1,Model Town,17,0,Plot,Hussnain Daudzai,Sakina Kasi,Verified,Due,Under Review,Paid,29400000.0
10900,Maryam Panhwar,DEMO-KPT-10900,House No. BD-645,Street 4,Model Town,17,0,Plot,Maryam Panhwar,Masood Tariq,Pending,Due,Under Review,Due,79200000.0
10962,Khalid Mughal,DEMO-KPT-10962,House No. RC-400,Street 9,Model Town,17,0,Plot,Khalid Mughal,Tamkeen Anwar,Litigated,Due,Under Review,Due,29700000.0
4485,Maira Kamal,DEMO-KPT-4485,House No. BC-847,Street 14,Model Town,17,0,Plot,Maira Kamal,Syeda Yaqoob,Verified,Due,Issue Found,Paid,54400000.0
14151,Minhaj Kharal,DEMO-KPT-14151,House No. RDC-622,Street 17,Model Town,17,0,Plot,Minhaj Kharal,Ikhlaq Sohu,Verified,Paid,Under Review,Paid,47900000.0
13993,Nageen Farooq,DEMO-KPT-13993,House No. CDB-850,Street 25,Model Town,17,0,Plot,Nageen Farooq,Iram Bilgrami,Pending,Due,Under Review,Paid,26800000.0
11047,Alina Peerzada,DEMO-KPT-11047,House No. RR-743,Street 26,Model Town,17,0,Plot,Alina Peerzada,Kaneez Dreshak,Litigated,Paid,Under Review,Due,78000000.0
7827,Isha Kalhoro,DEMO-KPT-7827,House No. CR-413,Street 28,Model Town,17,0,Plot,Isha Kalhoro,Salman Hanif,Verified,Paid,Under Review,Due,74300000.0
4476,Nargis Shaikh,DEMO-KPT-4476,House No. BD-866,Street 29,Model Town,17,0,Plot,Nargis Shaikh,Zehra Kamal,Pending,Due,Issue Found,Due,68600000.0
14236,Sehrish Toor,DEMO-KPT-14236,House No. BCR-771,Street 9,Model Town,18,0,Plot,Sehrish Toor,Unaiza Latif,Pending,Paid,Clear,Paid,63700000.0
4699,Naveed Butt,DEMO-KPT-4699,House No. BR-493,Street 11,Model Town,18,0,Plot,Naveed Butt,Maimoona Iqbal,Pending,Due,Issue Found,Due,41400000.0
4589,Talha Nasar,DEMO-KPT-4589,House No. CR-628,Street 14,Model Town,18,0,Plot,Talha Nasar,Balaj Zardari,Verified,Due,Under Review,Due,55500000.0
4650,Samina Wani,DEMO-KPT-4650,House No. DR-327,Street 14,Model Town,18,0,Plot,Samina Wani,Nadia Javed,Verified,Paid,Clear,Due,27800000.0
11168,Uroosa Usmani,DEMO-KPT-11168,House No. DC-716,Street 15,Model Town,18,0,Plot,Uroosa Usmani,Sajid Yousaf,Verified,Paid,Issue Found,Due,50900000.0
7919,Sharjeel Lodhi,DEMO-KPT-7919,House No. RC-814,Street 25,Model Town,18,0,Plot,Sharjeel Lodhi,Bisma Lak,Verified,Due,Under Review,Due,71600000.0
7873,Taimur Zaidi,DEMO-KPT-7873,House No. DR-556,Street 26,Model Town,18,0,Plot,Taimur Zaidi,Mansha Mohmand,Pending,Due,Under Review,Due,50700000.0
7876,Rahim Tiwana,DEMO-KPT-7876,House No. CB-504,Street 27,Model Town,18,0,Plot,Rahim Tiwana,Jazib Majeed,Litigated,Paid,Clear,Due,64300000.0
4618,Sharjeel Kalhoro,DEMO-KPT-4618,House No. DD-433,Street 29,Model Town,18,0,Plot,Sharjeel Kalhoro,Daniya Mirani,Litigated,Paid,Issue Found,Paid,75200000.0
14231,Sara Sohu,DEMO-KPT-14231,House No. RCD-351,Street 29,Model Town,18,0,Plot,Sara Sohu,Ihsan Kasi,Pending,Due,Clear,Due,52000000.0
14595,Fariha Laghari,DEMO-KPT-14595,House No. DCB-332,Street 2,Model Town,19,0,Plot,Fariha Laghari,Sumaira Ghumman,Verified,Paid,Clear,Paid,40400000.0
11219,Nadeem Sandhu,DEMO-KPT-11219,House No. DD-340,Street 20,Model Town,19,0,Plot,Nadeem Sandhu,Ambreen Virk,Verified,Due,Clear,Paid,62400000.0
14542,Sabrina Lone,DEMO-KPT-14542,House No. BDR-400,Street 20,Model Town,19,0,Plot,Sabrina Lone,Mariam Leghari,Litigated,Due,Clear,Paid,61100000.0
11293,Nida Iqbal,DEMO-KPT-11293,House No. BR-880,Street 25,Model Town,19,0,Plot,Nida Iqbal,Nazia Cheema,Pending,Due,Under Review,Paid,45700000.0
14454,Wahab Zubair,DEMO-KPT-14454,House No. CBR-762,Street 30,Model Town,19,0,Plot,Wahab Zubair,Aziz Zaman,Verified,Paid,Issue Found,Paid,72700000.0
5050,Saeeda Naseem,DEMO-KPT-5050,House No. RD-685,Street 4,Model Town,20,0,Plot,Saeeda Naseem,Rooman Kasi,Pending,Due,Under Review,Due,66400000.0
8206,Huma Kamal,DEMO-KPT-8206,House No. DC-389,Street 6,Model Town,20,0,Plot,Huma Kamal,Wahab Yazdani,Pending,Due,Issue Found,Paid,76000000.0
8286,Ayaz Zaidi,DEMO-KPT-8286,House No. BR-446,Street 7,Model Town,20,0,Plot,Ayaz Zaidi,Luqman Alvi,Pending,Paid,Under Review,Paid,38400000.0
8264,Nida Swati,DEMO-KPT-8264,House No. BR-405,Street 10,Model Town,20,0,Plot,Nida Swati,Javaria Qadir,Pending,Paid,Issue Found,Paid,21900000.0
8240,Sumaira Noor,DEMO-KPT-8240,House No. RD-314,Street 15,Model Town,20,0,Plot,Sumaira Noor,Tahir Shafiq,Pending,Paid,Under Review,Due,72800000.0
14819,Sakina Aslam,DEMO-KPT-14819,House No. CBR-818,Street 20,Model Town,20,0,Plot,Sakina Aslam,Areeba Khosa,Verified,Due,Clear,Paid,39100000.0
11369,Mahnaz Yousaf,DEMO-KPT-11369,House No. CD-613,Street 22,Model Town,20,0,Plot,Mahnaz Yousaf,Naila Yousaf,Verified,Paid,Under Review,Due,79000000.0
4993,Aqsa Hinjra,DEMO-KPT-4993,House No. CR-666,Street 25,Model Town,20,0,Plot,Aqsa Hinjra,Adeel Mazari,Pending,Due,Under Review,Paid,71100000.0
14669,Jalal Warraich,DEMO-KPT-14669,House No. DCB-744,Street 25,Model Town,20,0,Plot,Jalal Warraich,Anmol Chaudhry,Verified,Due,Under Review,Due,41800000.0
14647,Kaleemullah Lashari,DEMO-KPT-14647,House No. RCD-697,Street 26,Model Town,20,0,Plot,Kaleemullah Lashari,Bushra Hameed,Litigated,Paid,Under Review,Due,67800000.0
10000,Rubina Bangash,DEMO-KPT-10000,House No. DR-337,Street 4,North Karachi,1,0,Plot,Rubina Bangash,Nafisa Zia,Pending,Due,Under Review,Due,49600000.0
10006,Shahbaz Mahsud,DEMO-KPT-10006,House No. RR-415,Street 6,North Karachi,1,0,Plot,Shahbaz Mahsud,Shees Sheikh,Pending,Due,Issue Found,Paid,37100000.0
6717,Sadia Lari,DEMO-KPT-6717,House No. CC-550,Street 7,North Karachi,1,0,Plot,Sadia Lari,Sabeen Dawood,Verified,Due,Clear,Due,20000000.0
8338,Sibtain Sipra,DEMO-KPT-8338,House No. CC-754,Street 8,North Karachi,1,0,Plot,Sibtain Sipra,Zubaid Jamali,Pending,Paid,Issue Found,Due,26100000.0
16775,Mahjabeen Parvez,DEMO-KPT-16775,House No. RBC-663,Street 9,North Karachi,1,0,Plot,Mahjabeen Parvez,Zahra Saeed,Pending,Paid,Under Review,Paid,69300000.0
4952,Samra Jogezai,DEMO-KPT-4952,House No. DC-841,Street 13,North Karachi,1,0,Plot,Samra Jogezai,Sajida Buriro,Verified,Due,Clear,Paid,47900000.0
11707,Nabila Rajper,DEMO-KPT-11707,House No. DD-840,Street 17,North Karachi,1,0,Plot,Nabila Rajper,Farzana Qadri,Pending,Due,Clear,Paid,45600000.0
8316,Rubab Barakzai,DEMO-KPT-8316,House No. DB-723,Street 19,North Karachi,1,0,Plot,Rubab Barakzai,Aisha Jogezai,Verified,Due,Clear,Paid,58900000.0
16749,Misbah Magsi,DEMO-KPT-16749,House No. RDB-670,Street 20,North Karachi,1,0,Plot,Misbah Magsi,Akbar Majeed,Verified,Due,Clear,Due,55900000.0
15097,Mehboob Rizvi,DEMO-KPT-15097,House No. RBD-307,Street 26,North Karachi,1,0,Plot,Mehboob Rizvi,Palwasha Shaikh,Litigated,Paid,Under Review,Due,41700000.0
1468,Areeba Mengal,DEMO-KPT-1468,House No. B-699,Street 29,North Karachi,1,0,Plot,Areeba Mengal,Hammad Mirani,Litigated,Paid,Issue Found,Paid,79900000.0
16768,Farrukh Ahmed,DEMO-KPT-16768,House No. CBR-673,Street 29,North Karachi,1,0,Plot,Farrukh Ahmed,Sikandar Ahmed,Litigated,Paid,Issue Found,Paid,72200000.0
3204,Fozia Mahesar,DEMO-KPT-3204,House No. D-361,Street 30,North Karachi,1,0,Plot,Fozia Mahesar,Ihsan Kharal,Verified,Paid,Issue Found,Paid,48800000.0
16807,Urooj Kidwai,DEMO-KPT-16807,House No. RCD-372,Street 30,North Karachi,1,0,Plot,Urooj Kidwai,Amjad Qadri,Pending,Paid,Clear,Due,24600000.0
1610,Erum Saeed,DEMO-KPT-1610,House No. D-660,Street 3,North Karachi,2,0,Plot,Erum Saeed,Farwa Bukhari,Pending,Due,Clear,Due,36500000.0
11764,Abrar Leghari,DEMO-KPT-11764,House No. BC-879,Street 3,North Karachi,2,0,Plot,Abrar Leghari,Munir Haral,Pending,Paid,Issue Found,Due,74600000.0
15148,Haider Lari,DEMO-KPT-15148,House No. BRD-351,Street 3,North Karachi,2,0,Plot,Haider Lari,Rauf Hoti,Litigated,Paid,Under Review,Due,77600000.0
13417,Nudrat Riaz,DEMO-KPT-13417,House No. RB-413,Street 5,North Karachi,2,0,Plot,Nudrat Riaz,Ayeza Shaikh,Pending,Paid,Clear,Paid,27100000.0
16836,Junaid Usmani,DEMO-KPT-16836,House No. DRC-710,Street 7,North Karachi,2,0,Plot,Junaid Usmani,Naureen Parvez,Pending,Paid,Under Review,Paid,50700000.0
1588,Kaleem Bukhari,DEMO-KPT-1588,House No. C-446,Street 8,North Karachi,2,0,Plot,Kaleem Bukhari,Mahir Sabri,Pending,Paid,Issue Found,Due,29100000.0
13438,Nailah Rashid,DEMO-KPT-13438,House No. CDB-397,Street 8,North Karachi,2,0,Plot,Nailah Rashid,Ayan Gill,Verified,Paid,Issue Found,Paid,60400000.0
4976,Zara Chandio,DEMO-KPT-4976,House No. DR-395,Street 11,North Karachi,2,0,Plot,Zara Chandio,Unaiza Majeed,Verified,Due,Issue Found,Due,32500000.0
15142,Ikhlaq Jafri,DEMO-KPT-15142,House No. BDR-759,Street 12,North Karachi,2,0,Plot,Ikhlaq Jafri,Laila Bugti,Litigated,Due,Clear,Paid,34300000.0
5060,Arbaz Bilgrami,DEMO-KPT-5060,House No. CD-605,Street 13,North Karachi,2,0,Plot,Arbaz Bilgrami,Mubashra Wazir,Verified,Due,Under Review,Due,76900000.0
6752,Shahzad Yaqoob,DEMO-KPT-6752,House No. CD-486,Street 13,North Karachi,2,0,Plot,Shahzad Yaqoob,Masood Popalzai,Verified,Due,Clear,Paid,48600000.0
5047,Sarah Bilgrami,DEMO-KPT-5047,House No. DC-473,Street 17,North Karachi,2,0,Plot,Sarah Bilgrami,Maryam Bhatti,Litigated,Due,Issue Found,Due,64200000.0
11797,Iffat Wattoo,DEMO-KPT-11797,House No. DR-644,Street 17,North Karachi,2,0,Plot,Iffat Wattoo,Rukhsana Tareen,Litigated,Due,Issue Found,Due,41500000.0
10032,Fahad Haral,DEMO-KPT-10032,House No. DR-786,Street 18,North Karachi,2,0,Plot,Fahad Haral,Ashraf Wattoo,Pending,Due,Issue Found,Paid,71600000.0
16835,Abid Lashari,DEMO-KPT-16835,House No. CBD-690,Street 18,North Karachi,2,0,Plot,Abid Lashari,Khalid Mahar,Pending,Due,Issue Found,Paid,52500000.0
15119,Haseeb Mian,DEMO-KPT-15119,House No. BCR-684,Street 25,North Karachi,2,0,Plot,Haseeb Mian,Sadaf Sindhi,Verified,Due,Under Review,Due,55000000.0
8474,Sabeen Zia,DEMO-KPT-8474,House No. CD-811,Street 26,North Karachi,2,0,Plot,Sabeen Zia,Sharmeen Farooqi,Litigated,Paid,Clear,Due,46700000.0
3245,Shahbaz Mir,DEMO-KPT-3245,House No. C-479,Street 27,North Karachi,2,0,Plot,Shahbaz Mir,Mehrunnisa Rind,Pending,Due,Clear,Paid,66300000.0
5004,Tooba Mirani,DEMO-KPT-5004,House No. BD-336,Street 30,North Karachi,2,0,Plot,Tooba Mirani,Khansa Buriro,Verified,Paid,Issue Found,Paid,47900000.0
3313,Shan Qazi,DEMO-KPT-3313,House No. D-698,Street 1,North Karachi,3,0,Plot,Shan Qazi,Faizan Sahito,Litigated,Paid,Clear,Paid,45100000.0
10095,Amara Ali,DEMO-KPT-10095,House No. BD-671,Street 2,North Karachi,3,0,Plot,Amara Ali,Aamir Dawood,Verified,Paid,Clear,Paid,52900000.0
1705,Lamia Ansari,DEMO-KPT-1705,House No. B-513,Street 5,North Karachi,3,0,Plot,Lamia Ansari,Ehsan Ahmed,Pending,Paid,Issue Found,Due,54900000.0
15181,Saleha Sindhi,DEMO-KPT-15181,House No. DRB-645,Street 5,North Karachi,3,0,Plot,Saleha Sindhi,Maryum Magsi,Verified,Due,Under Review,Due,41500000.0
16999,Danish Cheema,DEMO-KPT-16999,House No. CRB-478,Street 6,North Karachi,3,0,Plot,Danish Cheema,Afreen Yaqoob,Litigated,Due,Under Review,Due,67000000.0
10086,Arslan Hayat,DEMO-KPT-10086,House No. BB-439,Street 7,North Karachi,3,0,Plot,Arslan Hayat,Mudassar Jaffri,Pending,Paid,Under Review,Paid,53600000.0
3378,Ayesha Lodhi,DEMO-KPT-3378,House No. R-894,Street 11,North Karachi,3,0,Plot,Ayesha Lodhi,Samra Mahsud,Verified,Paid,Issue Found,Paid,21600000.0
13577,Asad Durrani,DEMO-KPT-13577,House No. RBC-468,Street 13,North Karachi,3,0,Plot,Asad Durrani,Syeda Shakir,Pending,Due,Under Review,Due,33600000.0
13610,Iram Dreshak,DEMO-KPT-13610,House No. BRD-710,Street 13,North Karachi,3,0,Plot,Iram Dreshak,Husna Virk,Verified,Due,Under Review,Due,20200000.0
5100,Hamid Jafri,DEMO-KPT-5100,House No. RB-408,Street 14,North Karachi,3,0,Plot,Hamid Jafri,Farhan Saleem,Verified,Paid,Clear,Due,68700000.0
8601,Kanwar Lughmani,DEMO-KPT-8601,House No. BD-414,Street 16,North Karachi,3,0,Plot,Kanwar Lughmani,Nabeel Korai,Pending,Paid,Under Review,Due,20400000.0
6847,Afzal Mohmand,DEMO-KPT-6847,House No. DR-414,Street 17,North Karachi,3,0,Plot,Afzal Mohmand,Zamzam Mahsud,Litigated,Due,Issue Found,Due,20900000.0
10101,Marwa Zaman,DEMO-KPT-10101,House No. CR-301,Street 17,North Karachi,3,0,Plot,Marwa Zaman,Qayyum Laghari,Verified,Paid,Under Review,Paid,37700000.0
3335,Hussain Sipra,DEMO-KPT-3335,House No. C-442,Street 18,North Karachi,3,0,Plot,Hussain Sipra,Bakht Yazdani,Pending,Due,Issue Found,Paid,62300000.0
5082,Ghazala Hayat,DEMO-KPT-5082,House No. DR-815,Street 18,North Karachi,3,0,Plot,Ghazala Hayat,Nuzhat Noor,Pending,Due,Issue Found,Paid,76900000.0
3366,Zuha Khalid,DEMO-KPT-3366,House No. C-798,Street 19,North Karachi,3,0,Plot,Zuha Khalid,Murtaza Mansoor,Verified,Due,Clear,Paid,70000000.0
5092,Dania Khan,DEMO-KPT-5092,House No. RB-844,Street 20,North Karachi,3,0,Plot,Dania Khan,Zunaira Usmani,Litigated,Due,Clear,Paid,60200000.0
6849,Zoya Gill,DEMO-KPT-6849,House No. DR-827,Street 20,North Karachi,3,0,Plot,Zoya Gill,Nargis Janjua,Verified,Due,Clear,Due,75100000.0
5079,Tariq Swati,DEMO-KPT-5079,House No. BD-882,Street 21,North Karachi,3,0,Plot,Tariq Swati,Saira Ansari,Litigated,Due,Issue Found,Paid,28300000.0
6836,Hamid Niazi,DEMO-KPT-6836,House No. CD-396,Street 21,North Karachi,3,0,Plot,Hamid Niazi,Nadeem Qadir,Verified,Due,Under Review,Due,27900000.0
11829,Samad Bangash,DEMO-KPT-11829,House No. CD-374,Street 21,North Karachi,3,0,Plot,Samad Bangash,Alam Sindhi,Litigated,Due,Issue Found,Paid,75100000.0
8593,Fauzia Kakar,DEMO-KPT-8593,House No. CB-624,Street 25,North Karachi,3,0,Plot,Fauzia Kakar,Beenish Nasar,Pending,Due,Under Review,Paid,23100000.0
3373,Zohra Gakhar,DEMO-KPT-3373,House No. B-547,Street 26,North Karachi,3,0,Plot,Zohra Gakhar,Bilal Tarar,Pending,Due,Under Review,Due,65500000.0
1700,Shahbaz Tarar,DEMO-KPT-1700,House No. B-723,Street 27,North Karachi,3,0,Plot,Shahbaz Tarar,Rimsha Lak,Verified,Paid,Issue Found,Paid,32600000.0
13618,Fabiha Panezai,DEMO-KPT-13618,House No. RBC-446,Street 29,North Karachi,3,0,Plot,Fabiha Panezai,Moeen Abro,Litigated,Paid,Issue Found,Paid,56100000.0
5107,Parveen Sabri,DEMO-KPT-5107,House No. BC-502,Street 30,North Karachi,3,0,Plot,Parveen Sabri,Sumbal Mahar,Pending,Paid,Clear,Due,58500000.0
6804,Fayyaz Shaikh,DEMO-KPT-6804,House No. CB-333,Street 30,North Karachi,3,0,Plot,Fayyaz Shaikh,Hashir Junejo,Verified,Paid,Issue Found,Paid,56600000.0
8652,Arbaz Jogezai,DEMO-KPT-8652,House No. DB-429,Street 2,North Karachi,4,0,Plot,Arbaz Jogezai,Mohsin Yazdani,Litigated,Paid,Clear,Paid,59600000.0
11904,Rauf Sultan,DEMO-KPT-11904,House No. RB-390,Street 4,North Karachi,4,0,Plot,Rauf Sultan,Asma Butt,Verified,Due,Issue Found,Paid,38100000.0
13745,Ashar Gilani,DEMO-KPT-13745,House No. CDB-760,Street 5,North Karachi,4,0,Plot,Ashar Gilani,Pervaiz Marri,Pending,Paid,Issue Found,Paid,20800000.0
8656,Tauseef Tanoli,DEMO-KPT-8656,House No. RR-566,Street 6,North Karachi,4,0,Plot,Tauseef Tanoli,Inayat Sandhu,Pending,Due,Issue Found,Paid,32700000.0
1744,Sharmeen Qadir,DEMO-KPT-1744,House No. D-473,Street 7,North Karachi,4,0,Plot,Sharmeen Qadir,Ifrah Swati,Verified,Due,Under Review,Paid,67300000.0
3475,Sobia Qadri,DEMO-KPT-3475,House No. D-888,Street 8,North Karachi,4,0,Plot,Sobia Qadri,Zaib Jadoon,Litigated,Paid,Under Review,Due,57900000.0
13690,Fabiha Khokhar,DEMO-KPT-13690,House No. DCR-362,Street 9,North Karachi,4,0,Plot,Fabiha Khokhar,Hadi Farooq,Verified,Due,Under Review,Due,39700000.0
5149,Fida Palijo,DEMO-KPT-5149,House No. BC-540,Street 11,North Karachi,4,0,Plot,Fida Palijo,Tahmina Kayani,Pending,Due,Issue Found,Due,65500000.0
15302,Mehak Hoti,DEMO-KPT-15302,House No. CDB-831,Street 13,North Karachi,4,0,Plot,Mehak Hoti,Areeba Dreshak,Verified,Due,Clear,Paid,20900000.0
3433,Osama Lak,DEMO-KPT-3433,House No. B-534,Street 17,North Karachi,4,0,Plot,Osama Lak,Shakeel Bijarani,Litigated,Paid,Issue Found,Due,42600000.0
11983,Anila Mohmand,DEMO-KPT-11983,House No. RC-504,Street 17,North Karachi,4,0,Plot,Anila Mohmand,Mahjabeen Shah,Litigated,Paid,Issue Found,Due,22000000.0
1769,Saad Joiya,DEMO-KPT-1769,House No. R-739,Street 20,North Karachi,4,0,Plot,Saad Joiya,Hasnain Farooqi,Verified,Due,Clear,Paid,48700000.0
6892,Sehrish Chattha,DEMO-KPT-6892,House No. RD-872,Street 20,North Karachi,4,0,Plot,Sehrish Chattha,Azka Chaudhry,Litigated,Due,Clear,Paid,56600000.0
8636,Ifrah Tahir,DEMO-KPT-8636,House No. BC-555,Street 21,North Karachi,4,0,Plot,Ifrah Tahir,Anmol Tahir,Verified,Due,Under Review,Due,39600000.0
6869,Sajida Naseem,DEMO-KPT-6869,House No. BD-745,Street 22,North Karachi,4,0,Plot,Sajida Naseem,Maryum Shaikh,Verified,Paid,Under Review,Due,29200000.0
5219,Tahir Kakar,DEMO-KPT-5219,House No. BC-688,Street 25,North Karachi,4,0,Plot,Tahir Kakar,Ali Ghauri,Verified,Due,Under Review,Due,51000000.0
11923,Shayan Minhas,DEMO-KPT-11923,House No. BD-892,Street 26,North Karachi,4,0,Plot,Shayan Minhas,Mina Gilani,Pending,Due,Under Review,Due,42600000.0
13726,Aqeel Marri,DEMO-KPT-13726,House No. RCB-396,Street 27,North Karachi,4,0,Plot,Aqeel Marri,Nida Bangash,Litigated,Paid,Clear,Due,43900000.0
15271,Mahmood Tanvir,DEMO-KPT-15271,House No. CDR-541,Street 28,North Karachi,4,0,Plot,Mahmood Tanvir,Khushbu Bhittani,Litigated,Due,Under Review,Due,70500000.0
6868,Tahir Panezai,DEMO-KPT-6868,House No. RR-508,Street 29,North Karachi,4,0,Plot,Tahir Panezai,Maira Bhurgri,Litigated,Paid,Issue Found,Paid,57100000.0
8604,Hamza Memon,DEMO-KPT-8604,House No. RR-492,Street 30,North Karachi,4,0,Plot,Hamza Memon,Saima Hafeez,Verified,Paid,Issue Found,Paid,23700000.0
6960,Aleena Imran,DEMO-KPT-6960,House No. BR-684,Street 1,North Karachi,5,0,Plot,Aleena Imran,Zahida Tahir,Verified,Due,Under Review,Paid,48700000.0
8713,Maryum Zubairi,DEMO-KPT-8713,House No. CC-518,Street 1,North Karachi,5,0,Plot,Maryum Zubairi,Shahida Naqvi,Litigated,Paid,Clear,Paid,70400000.0
13760,Sahar Dahri,DEMO-KPT-13760,House No. CBD-852,Street 3,North Karachi,5,0,Plot,Sahar Dahri,Shamim Mazari,Pending,Due,Clear,Due,41400000.0
12025,Bakhtiar Tiwana,DEMO-KPT-12025,House No. RB-737,Street 8,North Karachi,5,0,Plot,Bakhtiar Tiwana,Shahab Hayat,Litigated,Paid,Under Review,Due,20700000.0
8712,Nuzhat Kamal,DEMO-KPT-8712,House No. CR-584,Street 9,North Karachi,5,0,Plot,Nuzhat Kamal,Ghulam Mirani,Litigated,Due,Under Review,Due,40000000.0
5237,Zeshan Mansoor,DEMO-KPT-5237,House No. BR-619,Street 14,North Karachi,5,0,Plot,Zeshan Mansoor,Zulfiqar Shafi,Verified,Paid,Under Review,Due,60500000.0
13787,Nosheen Akhtar,DEMO-KPT-13787,House No. BRC-884,Street 14,North Karachi,5,0,Plot,Nosheen Akhtar,Laiba Tariq,Verified,Paid,Under Review,Due,31300000.0
13783,Sakina Bhurgri,DEMO-KPT-13783,House No. CRB-490,Street 17,North Karachi,5,0,Plot,Sakina Bhurgri,Shakeel Sheikh,Litigated,Paid,Issue Found,Due,48400000.0
5259,Mubashra Jaffri,DEMO-KPT-5259,House No. RR-713,Street 19,North Karachi,5,0,Plot,Mubashra Jaffri,Jamshed Buriro,Litigated,Due,Clear,Paid,78200000.0
12009,Nayab Haral,DEMO-KPT-12009,House No. CD-810,Street 19,North Karachi,5,0,Plot,Nayab Haral,Ikram Zaidi,Litigated,Due,Clear,Paid,71200000.0
8679,Mina Ansari,DEMO-KPT-8679,House No. BD-433,Street 21,North Karachi,5,0,Plot,Mina Ansari,Amir Imran,Litigated,Due,Issue Found,Paid,70500000.0
7082,Zamzam Nawaz,DEMO-KPT-7082,House No. BD-876,Street 22,North Karachi,5,0,Plot,Zamzam Nawaz,Osama Hashmi,Pending,Due,Issue Found,Paid,37400000.0
15343,Tanveer Mengal,DEMO-KPT-15343,House No. RCB-376,Street 25,North Karachi,5,0,Plot,Tanveer Mengal,Afshan Kayani,Pending,Due,Under Review,Paid,76500000.0
3539,Saif Orakzai,DEMO-KPT-3539,House No. C-563,Street 30,North Karachi,5,0,Plot,Saif Orakzai,Haider Baloch,Litigated,Due,Issue Found,Paid,39800000.0
15354,Mina Gill,DEMO-KPT-15354,House No. BCR-440,Street 30,North Karachi,5,0,Plot,Mina Gill,Batool Minhas,Verified,Paid,Issue Found,Paid,77900000.0
15402,Ifrah Usmani,DEMO-KPT-15402,House No. BRC-507,Street 2,North Karachi,6,0,Plot,Ifrah Usmani,Tooba Yazdani,Litigated,Paid,Clear,Paid,77800000.0
2004,Zahra Dogar,DEMO-KPT-2004,House No. B-876,Street 4,North Karachi,6,0,Plot,Zahra Dogar,Kabeer Baloch,Verified,Due,Issue Found,Paid,37900000.0
15400,Sahar Yasin,DEMO-KPT-15400,House No. CBD-582,Street 4,North Karachi,6,0,Plot,Sahar Yasin,Khushbu Rafique,Pending,Due,Under Review,Due,26600000.0
5281,Sarah Malik,DEMO-KPT-5281,House No. BB-881,Street 5,North Karachi,6,0,Plot,Sarah Malik,Manzoor Mehmood,Verified,Due,Under Review,Due,33100000.0
13831,Mukhtar Lashari,DEMO-KPT-13831,House No. RCB-717,Street 5,North Karachi,6,0,Plot,Mukhtar Lashari,Iffat Malik,Verified,Due,Under Review,Due,26600000.0
15416,Areeba Shafiq,DEMO-KPT-15416,House No. BCR-469,Street 13,North Karachi,6,0,Plot,Areeba Shafiq,Javeria Khalid,Pending,Paid,Clear,Paid,33000000.0
12135,Kamal Afridi,DEMO-KPT-12135,House No. DB-871,Street 14,North Karachi,6,0,Plot,Kamal Afridi,Ghulam Bukhari,Verified,Due,Issue Found,Paid,46500000.0
10430,Basit Mughal,DEMO-KPT-10430,House No. RC-677,Street 17,North Karachi,6,0,Plot,Basit Mughal,Shanza Tanoli,Verified,Paid,Issue Found,Due,78300000.0
10449,Minahil Kamal,DEMO-KPT-10449,House No. DR-875,Street 20,North Karachi,6,0,Plot,Minahil Kamal,Hina Ghani,Verified,Due,Clear,Due,43300000.0
1919,Haider Mahsud,DEMO-KPT-1919,House No. R-482,Street 22,North Karachi,6,0,Plot,Haider Mahsud,Laila Bhatti,Verified,Paid,Under Review,Due,73500000.0
13832,Sarah Swati,DEMO-KPT-13832,House No. CBD-869,Street 22,North Karachi,6,0,Plot,Sarah Swati,Zoya Sial,Pending,Due,Issue Found,Paid,48000000.0
12050,Saira Tiwana,DEMO-KPT-12050,House No. DR-579,Street 27,North Karachi,6,0,Plot,Saira Tiwana,Zuha Junejo,Verified,Paid,Issue Found,Paid,39600000.0
15463,Khansa Niazi,DEMO-KPT-15463,House No. BCD-667,Street 1,North Karachi,7,0,Plot,Khansa Niazi,Shanza Gandapur,Litigated,Paid,Clear,Paid,22300000.0
3700,Zoya Khuhro,DEMO-KPT-3700,House No. R-353,Street 4,North Karachi,7,0,Plot,Zoya Khuhro,Firdous Tareen,Pending,Due,Under Review,Due,74500000.0
15545,Saqib Lashari,DEMO-KPT-15545,House No. RDB-603,Street 5,North Karachi,7,0,Plot,Saqib Lashari,Batool Aslam,Pending,Paid,Issue Found,Paid,45800000.0
2038,Sidrah Awan,DEMO-KPT-2038,House No. C-631,Street 8,North Karachi,7,0,Plot,Sidrah Awan,Akbar Mirani,Pending,Paid,Issue Found,Due,77300000.0
15460,Arham Qadri,DEMO-KPT-15460,House No. CBR-391,Street 14,North Karachi,7,0,Plot,Arham Qadri,Tayyeb Kakar,Litigated,Due,Issue Found,Paid,66400000.0
3714,Iffat Niazi,DEMO-KPT-3714,House No. D-342,Street 15,North Karachi,7,0,Plot,Iffat Niazi,Aleeza Shaikh,Verified,Due,Issue Found,Paid,20200000.0
8916,Bisma Hoti,DEMO-KPT-8916,House No. RC-484,Street 16,North Karachi,7,0,Plot,Bisma Hoti,Mansha Mari,Litigated,Due,Issue Found,Due,63700000.0
10551,Nadir Kamboh,DEMO-KPT-10551,House No. CB-876,Street 17,North Karachi,7,0,Plot,Nadir Kamboh,Nasreen Pirzada,Verified,Paid,Under Review,Paid,25300000.0
3699,Rubina Talpur,DEMO-KPT-3699,House No. R-466,Street 20,North Karachi,7,0,Plot,Rubina Talpur,Uroosa Korai,Verified,Due,Clear,Due,53000000.0
5374,Dawood Sindhi,DEMO-KPT-5374,House No. CD-424,Street 20,North Karachi,7,0,Plot,Dawood Sindhi,Zaynab Zia,Pending,Due,Clear,Paid,64200000.0
2069,Huma Dawood,DEMO-KPT-2069,House No. D-647,Street 25,North Karachi,7,0,Plot,Huma Dawood,Azan Butt,Verified,Due,Under Review,Due,61600000.0
15611,Fareed Khalid,DEMO-KPT-15611,House No. CRB-832,Street 3,North Karachi,8,0,Plot,Fareed Khalid,Sabika Jadoon,Pending,Due,Issue Found,Paid,48000000.0
5500,Jannat Lakhani,DEMO-KPT-5500,House No. RD-740,Street 4,North Karachi,8,0,Plot,Jannat Lakhani,Lamia Chandio,Pending,Due,Under Review,Due,32400000.0
7300,Aftab Farooq,DEMO-KPT-7300,House No. BD-464,Street 4,North Karachi,8,0,Plot,Aftab Farooq,Izhar Riaz,Pending,Due,Under Review,Due,73000000.0
2131,Saqib Zaman,DEMO-KPT-2131,House No. R-838,Street 5,North Karachi,8,0,Plot,Saqib Zaman,Mateen Khattak,Verified,Due,Under Review,Due,67700000.0
8917,Babar Abbasi,DEMO-KPT-8917,House No. DD-629,Street 5,North Karachi,8,0,Plot,Babar Abbasi,Nabeel Lari,Pending,Paid,Clear,Paid,70700000.0
10595,Javeria Tarar,DEMO-KPT-10595,House No. RB-393,Street 5,North Karachi,8,0,Plot,Javeria Tarar,Owais Sohu,Pending,Paid,Issue Found,Paid,57000000.0
15655,Ghazala Nawaz,DEMO-KPT-15655,House No. DCB-304,Street 5,North Karachi,8,0,Plot,Ghazala Nawaz,Zahra Bhittani,Pending,Paid,Issue Found,Due,72900000.0
14056,Ahsan Rehman,DEMO-KPT-14056,House No. RBD-567,Street 6,North Karachi,8,0,Plot,Ahsan Rehman,Mahnaz Shakeel,Pending,Due,Issue Found,Paid,24400000.0
10578,Ijaz Bilgrami,DEMO-KPT-10578,House No. CC-795,Street 11,North Karachi,8,0,Plot,Ijaz Bilgrami,Alam Ghaffar,Verified,Paid,Issue Found,Paid,42900000.0
5510,Sajid Pirzada,DEMO-KPT-5510,House No. DC-334,Street 13,North Karachi,8,0,Plot,Sajid Pirzada,Abdullah Tahir,Verified,Due,Under Review,Due,24800000.0
7277,Jazib Zardari,DEMO-KPT-7277,House No. RC-804,Street 13,North Karachi,8,0,Plot,Jazib Zardari,Farhan Chaudhry,Pending,Due,Under Review,Due,48400000.0
14066,Tooba Mohammadzai,DEMO-KPT-14066,House No. CDB-482,Street 13,North Karachi,8,0,Plot,Tooba Mohammadzai,Zaid Mahsud,Pending,Paid,Clear,Paid,63000000.0
8985,Rustam Shakir,DEMO-KPT-8985,House No. RC-675,Street 14,North Karachi,8,0,Plot,Rustam Shakir,Inshal Naseem,Verified,Due,Issue Found,Paid,74500000.0
12317,Umair Baloch,DEMO-KPT-12317,House No. RD-631,Street 14,North Karachi,8,0,Plot,Umair Baloch,Mazen Mustafa,Pending,Paid,Under Review,Due,65900000.0
14039,Waheed Lodhi,DEMO-KPT-14039,House No. CRB-878,Street 14,North Karachi,8,0,Plot,Waheed Lodhi,Ammar Tanoli,Verified,Due,Under Review,Due,52300000.0
3740,Maaz Turk,DEMO-KPT-3740,House No. D-314,Street 15,North Karachi,8,0,Plot,Maaz Turk,Shamim Panezai,Pending,Paid,Under Review,Due,20500000.0
7297,Shahzad Zubairi,DEMO-KPT-7297,House No. DC-455,Street 17,North Karachi,8,0,Plot,Shahzad Zubairi,Talha Mahar,Litigated,Due,Issue Found,Due,60100000.0
12247,Mohsin Sadiq,DEMO-KPT-12247,House No. BB-652,Street 17,North Karachi,8,0,Plot,Mohsin Sadiq,Waqas Junejo,Litigated,Due,Issue Found,Due,39900000.0
15641,Shifa Waheed,DEMO-KPT-15641,House No. CRB-416,Street 18,North Karachi,8,0,Plot,Shifa Waheed,Mahjabeen Shaikh,Verified,Due,Clear,Due,54200000.0
2109,Afshan Mehmood,DEMO-KPT-2109,House No. C-318,Street 19,North Karachi,8,0,Plot,Afshan Mehmood,Sami Mohmand,Litigated,Due,Clear,Paid,28300000.0
5499,Jalal Zubairi,DEMO-KPT-5499,House No. DC-682,Street 20,North Karachi,8,0,Plot,Jalal Zubairi,Taimoor Mian,Verified,Due,Clear,Due,78500000.0
3729,Sabrina Zia,DEMO-KPT-3729,House No. D-662,Street 21,North Karachi,8,0,Plot,Sabrina Zia,Fayyaz Bajwa,Litigated,Due,Issue Found,Paid,22500000.0
5443,Aleeza Sahito,DEMO-KPT-5443,House No. RD-421,Street 25,North Karachi,8,0,Plot,Aleeza Sahito,Fariha Sabri,Pending,Due,Under Review,Paid,43100000.0
3847,Ihtisham Turk,DEMO-KPT-3847,House No. B-430,Street 26,North Karachi,8,0,Plot,Ihtisham Turk,Ehsan Pirzada,Litigated,Paid,Under Review,Due,63300000.0
3826,Kaneez Toor,DEMO-KPT-3826,House No. C-673,Street 27,North Karachi,8,0,Plot,Kaneez Toor,Minhaj Ghani,Litigated,Paid,Clear,Due,27600000.0
14113,Tehmina Zubair,DEMO-KPT-14113,House No. DCB-350,Street 1,North Karachi,9,0,Plot,Tehmina Zubair,Inaya Kamboh,Litigated,Paid,Clear,Paid,45500000.0
9064,Sohaib Tareen,DEMO-KPT-9064,House No. RD-643,Street 3,North Karachi,9,0,Plot,Sohaib Tareen,Humaira Hayat,Pending,Paid,Issue Found,Due,40100000.0
5645,Haleema Kasi,DEMO-KPT-5645,House No. DR-335,Street 5,North Karachi,9,0,Plot,Haleema Kasi,Talal Zubair,Pending,Paid,Issue Found,Paid,36800000.0
10705,Rehmat Hameed,DEMO-KPT-10705,House No. CR-651,Street 5,North Karachi,9,0,Plot,Rehmat Hameed,Daniyal Junejo,Pending,Paid,Issue Found,Due,53700000.0
2194,Farwa Dar,DEMO-KPT-2194,House No. C-708,Street 7,North Karachi,9,0,Plot,Farwa Dar,Waheed Peerzada,Verified,Due,Under Review,Paid,51800000.0
7386,Azan Kidwai,DEMO-KPT-7386,House No. DB-659,Street 7,North Karachi,9,0,Plot,Azan Kidwai,Waseem Magsi,Pending,Paid,Under Review,Paid,26400000.0
7367,Shabana Rizvi,DEMO-KPT-7367,House No. RC-690,Street 14,North Karachi,9,0,Plot,Shabana Rizvi,Hoor Sandhu,Pending,Paid,Under Review,Due,29900000.0
15735,Hamza Zia,DEMO-KPT-15735,House No. RCB-391,Street 14,North Karachi,9,0,Plot,Hamza Zia,Abid Virk,Verified,Due,Issue Found,Paid,22800000.0
15666,Saira Kasi,DEMO-KPT-15666,House No. CDB-678,Street 16,North Karachi,9,0,Plot,Saira Kasi,Qurat Talpur,Litigated,Due,Issue Found,Due,69100000.0
5585,Aslam Khalid,DEMO-KPT-5585,House No. BB-713,Street 18,North Karachi,9,0,Plot,Aslam Khalid,Mehwish Ghazali,Pending,Due,Issue Found,Paid,64200000.0
12366,Hafiz Zaman,DEMO-KPT-12366,House No. RC-647,Street 19,North Karachi,9,0,Plot,Hafiz Zaman,Kainat Shaikh,Verified,Due,Clear,Paid,22400000.0
7329,Naveed Chattha,DEMO-KPT-7329,House No. RB-597,Street 21,North Karachi,9,0,Plot,Naveed Chattha,Shahzad Siddiqui,Litigated,Due,Issue Found,Paid,54200000.0
14127,Khawar Mirza,DEMO-KPT-14127,House No. RDB-806,Street 28,North Karachi,9,0,Plot,Khawar Mirza,Qadir Sindhi,Verified,Paid,Under Review,Due,45600000.0
15721,Lina Randhawa,DEMO-KPT-15721,House No. RCB-459,Street 28,North Karachi,9,0,Plot,Lina Randhawa,Fabiha Kayani,Litigated,Due,Under Review,Due,45300000.0
14068,Khalid Sial,DEMO-KPT-14068,House No. BDR-592,Street 29,North Karachi,9,0,Plot,Khalid Sial,Nizam Kharal,Litigated,Paid,Issue Found,Paid,31000000.0
5557,Nuzhat Sial,DEMO-KPT-5557,House No. RD-788,Street 30,North Karachi,9,0,Plot,Nuzhat Sial,Khushbu Toor,Pending,Paid,Clear,Due,68400000.0
7410,Imtiaz Qazi,DEMO-KPT-7410,House No. DC-678,Street 1,North Karachi,10,0,Plot,Imtiaz Qazi,Rameez Mohammadzai,Verified,Due,Under Review,Paid,44400000.0
14210,Sehrish Yousaf,DEMO-KPT-14210,House No. BCR-639,Street 3,North Karachi,10,0,Plot,Sehrish Yousaf,Hira Alvi,Pending,Due,Clear,Due,54800000.0
3955,Awais Qadir,DEMO-KPT-3955,House No. BD-676,Street 5,North Karachi,10,0,Plot,Awais Qadir,Rahila Saeed,Pending,Paid,Issue Found,Due,25500000.0
12395,Akram Rind,DEMO-KPT-12395,House No. DR-773,Street 5,North Karachi,10,0,Plot,Akram Rind,Balaj Lakhani,Pending,Paid,Issue Found,Paid,54100000.0
3949,Zahida Ghani,DEMO-KPT-3949,House No. CC-854,Street 6,North Karachi,10,0,Plot,Zahida Ghani,Fida Riaz,Litigated,Due,Under Review,Due,73200000.0
3994,Aryan Rajput,DEMO-KPT-3994,House No. CR-351,Street 7,North Karachi,10,0,Plot,Aryan Rajput,Hamza Anwar,Verified,Due,Under Review,Paid,44200000.0
3988,Anila Orakzai,DEMO-KPT-3988,House No. BC-489,Street 8,North Karachi,10,0,Plot,Anila Orakzai,Amal Bashir,Verified,Paid,Issue Found,Paid,27400000.0
7438,Ayaz Majeed,DEMO-KPT-7438,House No. BD-562,Street 8,North Karachi,10,0,Plot,Ayaz Majeed,Misbah Mir,Pending,Paid,Issue Found,Due,64900000.0
12388,Haris Abbasi,DEMO-KPT-12388,House No. BR-781,Street 8,North Karachi,10,0,Plot,Haris Abbasi,Arfa Latif,Pending,Paid,Issue Found,Due,29700000.0
5686,Talha Rashid,DEMO-KPT-5686,House No. DD-304,Street 9,North Karachi,10,0,Plot,Talha Rashid,Zawar Sindhi,Pending,Paid,Clear,Paid,65700000.0
9110,Yusuf Mehmood,DEMO-KPT-9110,House No. BD-718,Street 13,North Karachi,10,0,Plot,Yusuf Mehmood,Yasmeen Mirza,Verified,Due,Under Review,Due,79200000.0
10802,Farah Jogezai,DEMO-KPT-10802,House No. RB-525,Street 13,North Karachi,10,0,Plot,Farah Jogezai,Arooj Saleem,Verified,Due,Clear,Paid,32700000.0
2400,Nageen Panezai,DEMO-KPT-2400,House No. B-479,Street 14,North Karachi,10,0,Plot,Nageen Panezai,Ammar Zafar,Verified,Paid,Clear,Due,28700000.0
9140,Isha Noor,DEMO-KPT-9140,House No. BD-839,Street 15,North Karachi,10,0,Plot,Isha Noor,Erum Rafique,Pending,Paid,Under Review,Due,26200000.0
2381,Haider Kalhoro,DEMO-KPT-2381,House No. B-618,Street 17,North Karachi,10,0,Plot,Haider Kalhoro,Muzammil Shakir,Litigated,Due,Clear,Due,23400000.0
12433,Dania Siddiqui,DEMO-KPT-12433,House No. RC-628,Street 17,North Karachi,10,0,Plot,Dania Siddiqui,Qudrat Zafar,Litigated,Paid,Issue Found,Due,58600000.0
15757,Lamia Turk,DEMO-KPT-15757,House No. DRC-618,Street 17,North Karachi,10,0,Plot,Lamia Turk,Fawad Tahir,Pending,Due,Clear,Paid,52000000.0
2382,Bahadur Shakeel,DEMO-KPT-2382,House No. C-621,Street 18,North Karachi,10,0,Plot,Bahadur Shakeel,Fakhar Bukhari,Pending,Due,Issue Found,Paid,26600000.0
14135,Sidrah Imran,DEMO-KPT-14135,House No. CBD-574,Street 18,North Karachi,10,0,Plot,Sidrah Imran,Shafaq Bhittani,Pending,Due,Issue Found,Paid,33000000.0
2336,Zaynab Wazir,DEMO-KPT-2336,House No. C-364,Street 21,North Karachi,10,0,Plot,Zaynab Wazir,Erum Ranjha,Verified,Due,Under Review,Due,26300000.0
3974,Tahira Bashir,DEMO-KPT-3974,House No. BC-559,Street 26,North Karachi,10,0,Plot,Tahira Bashir,Khurram Janjua,Litigated,Paid,Clear,Due,65200000.0
12461,Mushtaq Kalhoro,DEMO-KPT-12461,House No. RR-796,Street 3,North Karachi,11,0,Plot,Mushtaq Kalhoro,Azeem Sindhi,Pending,Due,Issue Found,Paid,25600000.0
12505,Noreen Raza,DEMO-KPT-12505,House No. CD-633,Street 5,North Karachi,11,0,Plot,Noreen Raza,Shifa Naqvi,Pending,Paid,Issue Found,Due,50800000.0
2436,Mirza Riaz,DEMO-KPT-2436,House No. R-648,Street 7,North Karachi,11,0,Plot,Mirza Riaz,Aleeza Panezai,Pending,Paid,Under Review,Paid,64200000.0
5788,Arfa Lughmani,DEMO-KPT-5788,House No. DD-535,Street 8,North Karachi,11,0,Plot,Arfa Lughmani,Zarmeen Panhwar,Verified,Paid,Issue Found,Paid,26700000.0
2412,Minhaj Sipra,DEMO-KPT-2412,House No. D-739,Street 9,North Karachi,11,0,Plot,Minhaj Sipra,Akif Palijo,Litigated,Due,Under Review,Due,30400000.0
2417,Shahbaz Zubair,DEMO-KPT-2417,House No. B-660,Street 14,North Karachi,11,0,Plot,Shahbaz Zubair,Khurram Kasi,Pending,Paid,Under Review,Due,25700000.0
7487,Hussam Hanif,DEMO-KPT-7487,House No. DD-530,Street 14,North Karachi,11,0,Plot,Hussam Hanif,Sohail Dahri,Verified,Paid,Under Review,Due,77200000.0
5768,Ishaq Minhas,DEMO-KPT-5768,House No. BR-477,Street 15,North Karachi,11,0,Plot,Ishaq Minhas,Sabeen Minhas,Verified,Paid,Issue Found,Due,25300000.0
10851,Asifa Dreshak,DEMO-KPT-10851,House No. DB-433,Street 16,North Karachi,11,0,Plot,Asifa Dreshak,Shanza Zardari,Pending,Paid,Under Review,Due,50100000.0
2451,Hussain Lashari,DEMO-KPT-2451,House No. D-693,Street 17,North Karachi,11,0,Plot,Hussain Lashari,Ayeza Hameed,Verified,Paid,Under Review,Paid,59000000.0
9201,Mishal Mirani,DEMO-KPT-9201,House No. DD-547,Street 17,North Karachi,11,0,Plot,Mishal Mirani,Dawood Popalzai,Verified,Paid,Under Review,Paid,61100000.0
2435,Sameen Baig,DEMO-KPT-2435,House No. R-796,Street 18,North Karachi,11,0,Plot,Sameen Baig,Sidrah Kharal,Pending,Due,Issue Found,Paid,29800000.0
14219,Sahil Hanif,DEMO-KPT-14219,House No. DCB-321,Street 25,North Karachi,11,0,Plot,Sahil Hanif,Sumaira Ali,Verified,Due,Under Review,Due,62000000.0
5774,Maimoona Sardar,DEMO-KPT-5774,House No. DB-423,Street 26,North Karachi,11,0,Plot,Maimoona Sardar,Uzma Mengal,Litigated,Paid,Clear,Due,43800000.0
12500,Maira Soomro,DEMO-KPT-12500,House No. BR-846,Street 27,North Karachi,11,0,Plot,Maira Soomro,Waqas Mohammadzai,Verified,Paid,Issue Found,Paid,21000000.0
9157,Rubina Mahesar,DEMO-KPT-9157,House No. RR-755,Street 30,North Karachi,11,0,Plot,Rubina Mahesar,Minahil Mansoor,Pending,Paid,Clear,Due,66400000.0
10902,Zainab Korai,DEMO-KPT-10902,House No. BB-773,Street 2,North Karachi,12,0,Plot,Zainab Korai,Zayan Alvi,Litigated,Paid,Clear,Paid,59300000.0
16010,Zain Dahri,DEMO-KPT-16010,House No. DRB-508,Street 3,North Karachi,12,0,Plot,Zain Dahri,Sanam Warsi,Pending,Due,Clear,Due,67500000.0
12517,Nauman Haral,DEMO-KPT-12517,House No. DR-672,Street 5,North Karachi,12,0,Plot,Nauman Haral,Ahmed Bugti,Pending,Paid,Clear,Paid,63800000.0
14299,Fakhar Bangash,DEMO-KPT-14299,House No. BCR-372,Street 6,North Karachi,12,0,Plot,Fakhar Bangash,Tauseef Rajput,Litigated,Due,Under Review,Due,30300000.0
9296,Rashid Rana,DEMO-KPT-9296,House No. CR-344,Street 7,North Karachi,12,0,Plot,Rashid Rana,Arooj Hussain,Pending,Due,Issue Found,Due,54700000.0
2488,Tanveer Yousaf,DEMO-KPT-2488,House No. R-532,Street 8,North Karachi,12,0,Plot,Tanveer Yousaf,Ajmal Rehman,Pending,Paid,Issue Found,Due,22600000.0
9238,Qasim Soomro,DEMO-KPT-9238,House No. BD-537,Street 8,North Karachi,12,0,Plot,Qasim Soomro,Mustafa Minhas,Pending,Paid,Issue Found,Due,66400000.0
10910,Mehmood Orakzai,DEMO-KPT-10910,House No. CR-350,Street 13,North Karachi,12,0,Plot,Mehmood Orakzai,Ahmed Pasha,Verified,Due,Under Review,Due,72900000.0
12602,Junaid Samo,DEMO-KPT-12602,House No. BC-852,Street 13,North Karachi,12,0,Plot,Junaid Samo,Ayeza Popalzai,Verified,Due,Clear,Paid,53600000.0
15951,Mirha Mahar,DEMO-KPT-15951,House No. DBR-305,Street 17,North Karachi,12,0,Plot,Mirha Mahar,Saima Kharal,Verified,Paid,Under Review,Paid,39700000.0
10932,Sarmad Wani,DEMO-KPT-10932,House No. CD-351,Street 18,North Karachi,12,0,Plot,Sarmad Wani,Sabika Sandhu,Pending,Due,Issue Found,Paid,31000000.0
12560,Hanif Jaffri,DEMO-KPT-12560,House No. CR-316,Street 18,North Karachi,12,0,Plot,Hanif Jaffri,Mudassar Mazari,Verified,Paid,Under Review,Paid,30500000.0
12569,Ghulam Janjua,DEMO-KPT-12569,House No. BB-864,Street 20,North Karachi,12,0,Plot,Ghulam Janjua,Maira Saeed,Verified,Due,Clear,Paid,21200000.0
4179,Raheel Soomro,DEMO-KPT-4179,House No. BR-655,Street 21,North Karachi,12,0,Plot,Raheel Soomro,Noshaba Joiya,Litigated,Due,Issue Found,Paid,26900000.0
9223,Farrukh Lashari,DEMO-KPT-9223,House No. CB-357,Street 26,North Karachi,12,0,Plot,Farrukh Lashari,Ali Minhas,Pending,Due,Under Review,Due,39800000.0
4145,Sumaira Swati,DEMO-KPT-4145,House No. RC-835,Street 27,North Karachi,12,0,Plot,Sumaira Swati,Sameer Ansari,Pending,Due,Clear,Paid,78600000.0
9226,Uzma Abro,DEMO-KPT-9226,House No. RD-716,Street 27,North Karachi,12,0,Plot,Uzma Abro,Mateen Qureshi,Litigated,Paid,Clear,Due,32900000.0
12564,Osama Ali,DEMO-KPT-12564,House No. DD-603,Street 27,North Karachi,12,0,Plot,Osama Ali,Nimra Yousafzai,Verified,Due,Issue Found,Paid,72100000.0
10957,Hadiqa Ali,DEMO-KPT-10957,House No. CC-773,Street 30,North Karachi,12,0,Plot,Hadiqa Ali,Rameez Lodhi,Pending,Paid,Clear,Due,46200000.0
11010,Mubashir Ijaz,DEMO-KPT-11010,House No. BD-478,Street 1,North Karachi,13,0,Plot,Mubashir Ijaz,Sajid Hanif,Verified,Due,Under Review,Paid,56300000.0
9325,Nawaz Gandapur,DEMO-KPT-9325,House No. DD-890,Street 8,North Karachi,13,0,Plot,Nawaz Gandapur,Benazir Cheena,Litigated,Paid,Under Review,Due,63100000.0
4249,Emaad Bhutto,DEMO-KPT-4249,House No. DC-422,Street 11,North Karachi,13,0,Plot,Emaad Bhutto,Daniyal Abbasi,Pending,Due,Issue Found,Due,69200000.0
9368,Khansa Hussain,DEMO-KPT-9368,House No. DD-864,Street 15,North Karachi,13,0,Plot,Khansa Hussain,Anas Iqbal,Verified,Paid,Issue Found,Due,65500000.0
16118,Tehmina Lakhani,DEMO-KPT-16118,House No. CRD-795,Street 15,North Karachi,13,0,Plot,Tehmina Lakhani,Riaz Hoti,Verified,Paid,Issue Found,Due,39000000.0
16116,Sehrish Mari,DEMO-KPT-16116,House No. RBD-845,Street 16,North Karachi,13,0,Plot,Sehrish Mari,Aneela Nasar,Litigated,Due,Issue Found,Due,44800000.0
5981,Khansa Malik,DEMO-KPT-5981,House No. DB-470,Street 17,North Karachi,13,0,Plot,Khansa Malik,Maira Talpur,Litigated,Due,Clear,Due,34000000.0
7657,Nabila Qazi,DEMO-KPT-7657,House No. BC-536,Street 17,North Karachi,13,0,Plot,Nabila Qazi,Sufyan Memon,Pending,Due,Clear,Paid,24500000.0
7730,Mahreen Lakhani,DEMO-KPT-7730,House No. DC-341,Street 17,North Karachi,13,0,Plot,Mahreen Lakhani,Zubaida Dreshak,Verified,Paid,Issue Found,Due,26100000.0
2591,Feryal Shaikh,DEMO-KPT-2591,House No. D-802,Street 18,North Karachi,13,0,Plot,Feryal Shaikh,Mubashir Jamal,Verified,Due,Clear,Due,33000000.0
2559,Ayaz Bukhari,DEMO-KPT-2559,House No. B-742,Street 19,North Karachi,13,0,Plot,Ayaz Bukhari,Maham Hameed,Litigated,Due,Clear,Paid,51900000.0
5969,Shanza Gill,DEMO-KPT-5969,House No. BR-412,Street 22,North Karachi,13,0,Plot,Shanza Gill,Noaman Hussain,Verified,Paid,Under Review,Due,79800000.0
11023,Shaista Hameed,DEMO-KPT-11023,House No. CC-698,Street 26,North Karachi,13,0,Plot,Shaista Hameed,Yawar Zardari,Pending,Due,Under Review,Due,64600000.0
5945,Younas Kidwai,DEMO-KPT-5945,House No. CR-467,Street 27,North Karachi,13,0,Plot,Younas Kidwai,Usman Hayat,Pending,Due,Clear,Paid,72500000.0
11026,Mahreen Popalzai,DEMO-KPT-11026,House No. BB-352,Street 27,North Karachi,13,0,Plot,Mahreen Popalzai,Mubeen Qazi,Litigated,Paid,Clear,Due,56600000.0
5980,Zartaj Kasi,DEMO-KPT-5980,House No. BD-644,Street 29,North Karachi,13,0,Plot,Zartaj Kasi,Javed Mughal,Litigated,Paid,Under Review,Due,51800000.0
7704,Luqmaan Kharal,DEMO-KPT-7704,House No. CB-554,Street 30,North Karachi,13,0,Plot,Luqmaan Kharal,Ayub Sultan,Verified,Paid,Issue Found,Paid,79700000.0
4361,Maryum Yasin,DEMO-KPT-4361,House No. BR-415,Street 3,North Karachi,14,0,Plot,Maryum Yasin,Mahrukh Popalzai,Pending,Due,Issue Found,Paid,75400000.0
11098,Ayeza Ghani,DEMO-KPT-11098,House No. BR-501,Street 3,North Karachi,14,0,Plot,Ayeza Ghani,Hashim Anwar,Litigated,Paid,Under Review,Due,34900000.0
4381,Zayan Dogar,DEMO-KPT-4381,House No. BD-867,Street 5,North Karachi,14,0,Plot,Zayan Dogar,Inaya Bhurgri,Verified,Due,Under Review,Due,35000000.0
11096,Muneeb Sipra,DEMO-KPT-11096,House No. DD-699,Street 7,North Karachi,14,0,Plot,Muneeb Sipra,Sohail Umer,Pending,Due,Issue Found,Due,68000000.0
4336,Muneeb Rajput,DEMO-KPT-4336,House No. BR-427,Street 9,North Karachi,14,0,Plot,Muneeb Rajput,Salahuddin Majeed,Pending,Paid,Clear,Paid,51600000.0
6040,Obaid Sheikh,DEMO-KPT-6040,House No. RC-503,Street 9,North Karachi,14,0,Plot,Obaid Sheikh,Hira Bangash,Verified,Due,Under Review,Due,55100000.0
7766,Benazir Dawood,DEMO-KPT-7766,House No. BD-751,Street 13,North Karachi,14,0,Plot,Benazir Dawood,Laiba Sardar,Pending,Paid,Clear,Paid,49800000.0
12740,Shaheer Kamal,DEMO-KPT-12740,House No. BD-502,Street 15,North Karachi,14,0,Plot,Shaheer Kamal,Salman Rajper,Pending,Paid,Under Review,Due,57700000.0
7745,Palwasha Mansoor,DEMO-KPT-7745,House No. CR-537,Street 27,North Karachi,14,0,Plot,Palwasha Mansoor,Maryum Hameed,Pending,Due,Clear,Paid,20800000.0
14495,Faizan Khan,DEMO-KPT-14495,House No. CBR-730,Street 27,North Karachi,14,0,Plot,Faizan Khan,Shanza Memon,Pending,Due,Clear,Paid,73000000.0
6027,Sumayya Ansari,DEMO-KPT-6027,House No. DB-601,Street 28,North Karachi,14,0,Plot,Sumayya Ansari,Waseem Sial,Verified,Paid,Under Review,Due,80000000.0
16171,Rohail Zahid,DEMO-KPT-16171,House No. RBD-338,Street 28,North Karachi,14,0,Plot,Rohail Zahid,Daniyal Samo,Litigated,Due,Under Review,Due,34800000.0
7768,Javed Rajput,DEMO-KPT-7768,House No. RD-706,Street 29,North Karachi,14,0,Plot,Javed Rajput,Fiza Yousaf,Litigated,Paid,Issue Found,Paid,25800000.0
6161,Yusra Sultan,DEMO-KPT-6161,House No. DD-718,Street 3,North Karachi,15,0,Plot,Yusra Sultan,Aslam Ghaffar,Pending,Due,Issue Found,Paid,44300000.0
7854,Amir Shakeel,DEMO-KPT-7854,House No. DB-626,Street 4,North Karachi,15,0,Plot,Amir Shakeel,Nimra Pasha,Verified,Due,Issue Found,Paid,71900000.0
11167,Nawal Gakhar,DEMO-KPT-11167,House No. DC-423,Street 5,North Karachi,15,0,Plot,Nawal Gakhar,Fasih Kakar,Pending,Paid,Clear,Paid,77200000.0
14586,Aneeqa Sadiq,DEMO-KPT-14586,House No. RDC-433,Street 7,North Karachi,15,0,Plot,Aneeqa Sadiq,Irtaza Ali,Pending,Paid,Under Review,Paid,25500000.0
6175,Zunaira Rehman,DEMO-KPT-6175,House No. CB-560,Street 8,North Karachi,15,0,Plot,Zunaira Rehman,Afreen Jaffri,Litigated,Paid,Under Review,Due,63200000.0
7888,Iffat Zubair,DEMO-KPT-7888,House No. CB-421,Street 8,North Karachi,15,0,Plot,Iffat Zubair,Irtaza Barakzai,Pending,Paid,Issue Found,Due,55200000.0
12789,Kaleemullah Achakzai,DEMO-KPT-12789,House No. RD-762,Street 8,North Karachi,15,0,Plot,Kaleemullah Achakzai,Misbah Wazir,Pending,Paid,Under Review,Paid,40000000.0
12790,Manzoor Swati,DEMO-KPT-12790,House No. RC-334,Street 9,North Karachi,15,0,Plot,Manzoor Swati,Parvez Qadir,Verified,Due,Under Review,Due,40500000.0
14562,Ammar Khattak,DEMO-KPT-14562,House No. RCD-629,Street 9,North Karachi,15,0,Plot,Ammar Khattak,Noshaba Yousafzai,Litigated,Due,Under Review,Due,40600000.0
14590,Kainat Lodhi,DEMO-KPT-14590,House No. BDR-601,Street 9,North Karachi,15,0,Plot,Kainat Lodhi,Aun Samo,Verified,Due,Under Review,Due,27000000.0
14560,Rizwaan Qadri,DEMO-KPT-14560,House No. DRC-408,Street 14,North Karachi,15,0,Plot,Rizwaan Qadri,Zara Wani,Litigated,Due,Issue Found,Paid,54900000.0
7835,Naveed Lakhani,DEMO-KPT-7835,House No. DR-834,Street 18,North Karachi,15,0,Plot,Naveed Lakhani,Nawal Abro,Pending,Due,Issue Found,Paid,39300000.0
2701,Hoor Sahito,DEMO-KPT-2701,House No. R-346,Street 25,North Karachi,15,0,Plot,Hoor Sahito,Tahira Sabri,Litigated,Paid,Clear,Due,68700000.0
6097,Imad Cheema,DEMO-KPT-6097,House No. RB-703,Street 26,North Karachi,15,0,Plot,Imad Cheema,Sanam Gabol,Litigated,Paid,Under Review,Due,67800000.0
7897,Umar Lak,DEMO-KPT-7897,House No. DD-458,Street 26,North Karachi,15,0,Plot,Umar Lak,Eman Mir,Litigated,Paid,Under Review,Due,53900000.0
4439,Marium Joiya,DEMO-KPT-4439,House No. CC-594,Street 30,North Karachi,15,0,Plot,Marium Joiya,Yahya Minhas,Litigated,Due,Issue Found,Paid,79200000.0
9552,Laiba Rafique,DEMO-KPT-9552,House No. BR-769,Street 2,North Karachi,16,0,Plot,Laiba Rafique,Fozia Dogar,Litigated,Paid,Clear,Paid,77900000.0
12911,Liaquat Soomro,DEMO-KPT-12911,House No. CD-402,Street 3,North Karachi,16,0,Plot,Liaquat Soomro,Sitara Mohmand,Pending,Due,Issue Found,Paid,54300000.0
14660,Yahya Ansari,DEMO-KPT-14660,House No. DBC-819,Street 3,North Karachi,16,0,Plot,Yahya Ansari,Sabeen Latif,Pending,Due,Clear,Due,50600000.0
9550,Parvez Mazari,DEMO-KPT-9550,House No. RB-851,Street 4,North Karachi,16,0,Plot,Parvez Mazari,Tamkeen Daudzai,Pending,Due,Under Review,Due,62800000.0
6181,Zubaida Baloch,DEMO-KPT-6181,House No. CD-476,Street 5,North Karachi,16,0,Plot,Zubaida Baloch,Farhan Abro,Verified,Due,Under Review,Due,53600000.0
14645,Khizar Laghari,DEMO-KPT-14645,House No. BDC-727,Street 5,North Karachi,16,0,Plot,Khizar Laghari,Nouman Dawood,Pending,Paid,Issue Found,Paid,36600000.0
9575,Dilawar Mahesar,DEMO-KPT-9575,House No. DC-512,Street 9,North Karachi,16,0,Plot,Dilawar Mahesar,Muneeba Soomro,Pending,Paid,Under Review,Paid,30700000.0
9590,Arisha Randhawa,DEMO-KPT-9590,House No. BB-677,Street 15,North Karachi,16,0,Plot,Arisha Randhawa,Kainat Qadir,Pending,Paid,Under Review,Due,66500000.0
7933,Nasreen Tariq,DEMO-KPT-7933,House No. DB-499,Street 17,North Karachi,16,0,Plot,Nasreen Tariq,Aun Hoti,Litigated,Paid,Issue Found,Due,24300000.0
9581,Mehrunnisa Rizvi,DEMO-KPT-9581,House No. RC-779,Street 17,North Karachi,16,0,Plot,Mehrunnisa Rizvi,Laila Zia,Litigated,Due,Clear,Due,70700000.0
16297,Aqeel Mahesar,DEMO-KPT-16297,House No. DBR-386,Street 17,North Karachi,16,0,Plot,Aqeel Mahesar,Unaiza Bajwa,Litigated,Due,Issue Found,Due,42400000.0
12941,Talat Jaffri,DEMO-KPT-12941,House No. DR-747,Street 18,North Karachi,16,0,Plot,Talat Jaffri,Sumaira Tunio,Verified,Due,Clear,Due,20300000.0
12863,Rooman Bugti,DEMO-KPT-12863,House No. RB-464,Street 19,North Karachi,16,0,Plot,Rooman Bugti,Talat Zia,Pending,Paid,Issue Found,Paid,42800000.0
9627,Shehryar Ghazali,DEMO-KPT-9627,House No. CC-783,Street 28,North Karachi,16,0,Plot,Shehryar Ghazali,Mehrunnisa Tiwana,Verified,Paid,Under Review,Due,43500000.0
12881,Waseem Shaikh,DEMO-KPT-12881,House No. DR-749,Street 29,North Karachi,16,0,Plot,Waseem Shaikh,Wasim Mengal,Pending,Due,Clear,Due,67700000.0
4554,Hafsa Yousafzai,DEMO-KPT-4554,House No. BB-303,Street 30,North Karachi,16,0,Plot,Hafsa Yousafzai,Irfan Unar,Verified,Paid,Issue Found,Paid,41800000.0
6239,Lubna Majeed,DEMO-KPT-6239,House No. CD-565,Street 30,North Karachi,16,0,Plot,Lubna Majeed,Laila Butt,Litigated,Due,Issue Found,Paid,44400000.0
9660,Hashim Durrani,DEMO-KPT-9660,House No. DC-781,Street 1,North Karachi,17,0,Plot,Hashim Durrani,Parvez Kamboh,Verified,Due,Under Review,Paid,69200000.0
4602,Shafay Rafique,DEMO-KPT-4602,House No. RD-579,Street 2,North Karachi,17,0,Plot,Shafay Rafique,Mehboob Randhawa,Litigated,Paid,Clear,Paid,53900000.0
11314,Sikandar Shah,DEMO-KPT-11314,House No. RD-779,Street 3,North Karachi,17,0,Plot,Sikandar Shah,Zayan Afridi,Pending,Paid,Issue Found,Due,58400000.0
8017,Waseem Zardari,DEMO-KPT-8017,House No. RC-721,Street 5,North Karachi,17,0,Plot,Waseem Zardari,Wasim Kamboh,Pending,Paid,Clear,Paid,41000000.0
12955,Farhan Awan,DEMO-KPT-12955,House No. DR-390,Street 5,North Karachi,17,0,Plot,Farhan Awan,Tayyaba Mahesar,Pending,Paid,Issue Found,Due,60900000.0
2806,Zubair Zafar,DEMO-KPT-2806,House No. C-300,Street 6,North Karachi,17,0,Plot,Zubair Zafar,Mubashra Qadri,Pending,Due,Issue Found,Paid,38800000.0
6244,Kaleemullah Samo,DEMO-KPT-6244,House No. DR-443,Street 7,North Karachi,17,0,Plot,Kaleemullah Samo,Sufyan Ranjha,Verified,Due,Under Review,Paid,20600000.0
12994,Yousaf Bugti,DEMO-KPT-12994,House No. DB-336,Street 7,North Karachi,17,0,Plot,Yousaf Bugti,Shakeel Mahsud,Verified,Due,Under Review,Paid,57100000.0
14696,Sanam Rabbani,DEMO-KPT-14696,House No. BDR-339,Street 7,North Karachi,17,0,Plot,Sanam Rabbani,Afshan Rashid,Pending,Due,Issue Found,Due,21000000.0
8038,Safa Rana,DEMO-KPT-8038,House No. RR-484,Street 8,North Karachi,17,0,Plot,Safa Rana,Hoor Khan,Verified,Paid,Issue Found,Paid,27500000.0
11276,Shahida Soomro,DEMO-KPT-11276,House No. BR-693,Street 11,North Karachi,17,0,Plot,Shahida Soomro,Manzoor Bhutto,Verified,Due,Issue Found,Due,56600000.0
4610,Zahra Zardari,DEMO-KPT-4610,House No. CB-772,Street 13,North Karachi,17,0,Plot,Zahra Zardari,Asifa Sabri,Verified,Due,Under Review,Due,23000000.0
6302,Rooman Panhwar,DEMO-KPT-6302,House No. BR-534,Street 13,North Karachi,17,0,Plot,Rooman Panhwar,Rehan Bilgrami,Verified,Due,Clear,Paid,76800000.0
11327,Jawad Tariq,DEMO-KPT-11327,House No. BR-867,Street 13,North Karachi,17,0,Plot,Jawad Tariq,Tahreem Soomro,Pending,Due,Under Review,Due,31700000.0
2850,Hafsa Ghaffar,DEMO-KPT-2850,House No. C-672,Street 14,North Karachi,17,0,Plot,Hafsa Ghaffar,Hoorain Aslam,Verified,Paid,Clear,Due,34500000.0
16350,Mehwish Lashari,DEMO-KPT-16350,House No. DBR-400,Street 14,North Karachi,17,0,Plot,Mehwish Lashari,Nageen Popalzai,Verified,Paid,Clear,Due,49700000.0
4640,Sumayya Yousafzai,DEMO-KPT-4640,House No. BD-793,Street 15,North Karachi,17,0,Plot,Sumayya Yousafzai,Sabeen Samo,Pending,Paid,Under Review,Due,65000000.0
2865,Ayan Aslam,DEMO-KPT-2865,House No. B-757,Street 16,North Karachi,17,0,Plot,Ayan Aslam,Fida Akhtar,Litigated,Due,Issue Found,Due,39900000.0
4665,Fahim Qadri,DEMO-KPT-4665,House No. RB-777,Street 16,North Karachi,17,0,Plot,Fahim Qadri,Rizwan Qureshi,Litigated,Due,Issue Found,Due,79900000.0
11301,Zulfiqar Kamboh,DEMO-KPT-11301,House No. CR-326,Street 16,North Karachi,17,0,Plot,Zulfiqar Kamboh,Khizar Mahar,Pending,Paid,Under Review,Due,56800000.0
9651,Qasim Leghari,DEMO-KPT-9651,House No. DC-474,Street 17,North Karachi,17,0,Plot,Qasim Leghari,Aashir Rizvi,Verified,Paid,Under Review,Paid,24400000.0
6269,Aleena Mohammadzai,DEMO-KPT-6269,House No. DD-593,Street 20,North Karachi,17,0,Plot,Aleena Mohammadzai,Shoaib Cheena,Verified,Due,Clear,Paid,23000000.0
6274,Mansoor Farooq,DEMO-KPT-6274,House No. DD-450,Street 20,North Karachi,17,0,Plot,Mansoor Farooq,Sultan Rafique,Pending,Due,Clear,Paid,40300000.0
9673,Sidra Popalzai,DEMO-KPT-9673,House No. RB-813,Street 26,North Karachi,17,0,Plot,Sidra Popalzai,Aqib Mirani,Pending,Due,Under Review,Due,40200000.0
12950,Tooba Zaidi,DEMO-KPT-12950,House No. DD-359,Street 27,North Karachi,17,0,Plot,Tooba Zaidi,Emaan Durrani,Verified,Paid,Issue Found,Paid,49000000.0
4630,Aashir Sipra,DEMO-KPT-4630,House No. RR-781,Street 29,North Karachi,17,0,Plot,Aashir Sipra,Sitara Umer,Litigated,Paid,Under Review,Due,37800000.0
6364,Sadiq Kayani,DEMO-KPT-6364,House No. RC-609,Street 3,North Karachi,18,0,Plot,Sadiq Kayani,Mubashir Wani,Pending,Paid,Issue Found,Due,42400000.0
11360,Shoaib Bashir,DEMO-KPT-11360,House No. BD-586,Street 13,North Karachi,18,0,Plot,Shoaib Bashir,Sabrina Butt,Verified,Due,Under Review,Due,46800000.0
6389,Rafiq Gill,DEMO-KPT-6389,House No. CD-806,Street 14,North Karachi,18,0,Plot,Rafiq Gill,Nizam Ranjha,Verified,Due,Under Review,Due,37800000.0
2885,Farah Durrani,DEMO-KPT-2885,House No. R-360,Street 18,North Karachi,18,0,Plot,Farah Durrani,Arfa Tanvir,Pending,Due,Issue Found,Paid,54700000.0
4685,Sami Qureshi,DEMO-KPT-4685,House No. CB-614,Street 18,North Karachi,18,0,Plot,Sami Qureshi,Aftab Ahmed,Pending,Due,Issue Found,Paid,76700000.0
8060,Sadaf Barakzai,DEMO-KPT-8060,House No. BC-768,Street 18,North Karachi,18,0,Plot,Sadaf Barakzai,Kanwal Wattoo,Verified,Paid,Under Review,Paid,45100000.0
6399,Nudrat Janjua,DEMO-KPT-6399,House No. RB-428,Street 20,North Karachi,18,0,Plot,Nudrat Janjua,Zubair Peerzada,Verified,Due,Clear,Due,38200000.0
8069,Arham Naseem,DEMO-KPT-8069,House No. DC-660,Street 20,North Karachi,18,0,Plot,Arham Naseem,Mansoor Zaman,Verified,Due,Clear,Paid,40000000.0
11336,Benazir Rashid,DEMO-KPT-11336,House No. CR-520,Street 21,North Karachi,18,0,Plot,Benazir Rashid,Akif Waheed,Verified,Due,Under Review,Due,22200000.0
13136,Shahbaz Saeed,DEMO-KPT-13136,House No. CD-665,Street 21,North Karachi,18,0,Plot,Shahbaz Saeed,Usman Ghani,Verified,Due,Under Review,Due,38000000.0
6343,Bilal Baloch,DEMO-KPT-6343,House No. BD-865,Street 25,North Karachi,18,0,Plot,Bilal Baloch,Mariam Dogar,Pending,Due,Under Review,Paid,46800000.0
2923,Mahwish Ranjha,DEMO-KPT-2923,House No. C-827,Street 26,North Karachi,18,0,Plot,Mahwish Ranjha,Ayesha Imran,Pending,Due,Under Review,Due,30300000.0
4677,Kashaf Lodhi,DEMO-KPT-4677,House No. RD-737,Street 28,North Karachi,18,0,Plot,Kashaf Lodhi,Yameen Abro,Verified,Paid,Under Review,Due,22100000.0
6463,Afshan Parvez,DEMO-KPT-6463,House No. CR-805,Street 1,North Karachi,19,0,Plot,Afshan Parvez,Kaleemullah Bangash,Litigated,Paid,Clear,Paid,34000000.0
8164,Kabir Orakzai,DEMO-KPT-8164,House No. RB-312,Street 3,North Karachi,19,0,Plot,Kabir Orakzai,Sahar Naqvi,Pending,Paid,Issue Found,Due,58800000.0
11436,Bilquis Jadoon,DEMO-KPT-11436,House No. CD-385,Street 7,North Karachi,19,0,Plot,Bilquis Jadoon,Bushra Kayani,Pending,Paid,Under Review,Paid,31300000.0
16617,Pervaiz Pirzada,DEMO-KPT-16617,House No. RDC-716,Street 7,North Karachi,19,0,Plot,Pervaiz Pirzada,Kashaf Mahsud,Verified,Due,Clear,Due,54600000.0
11439,Tanzeela Lughmani,DEMO-KPT-11439,House No. BC-763,Street 8,North Karachi,19,0,Plot,Tanzeela Lughmani,Sharjeel Yaqoob,Pending,Paid,Under Review,Paid,41500000.0
6528,Hanif Mohmand,DEMO-KPT-6528,House No. RR-377,Street 11,North Karachi,19,0,Plot,Hanif Mohmand,Alam Bijarani,Verified,Paid,Issue Found,Paid,51200000.0
4787,Ruqayya Memon,DEMO-KPT-4787,House No. RD-735,Street 14,North Karachi,19,0,Plot,Ruqayya Memon,Isha Mian,Verified,Paid,Under Review,Due,66700000.0
11537,Adeel Zaman,DEMO-KPT-11537,House No. DC-307,Street 14,North Karachi,19,0,Plot,Adeel Zaman,Mohsin Warraich,Verified,Paid,Under Review,Due,44500000.0
14835,Bisma Ghazali,DEMO-KPT-14835,House No. BDC-762,Street 14,North Karachi,19,0,Plot,Bisma Ghazali,Rafiq Zubairi,Verified,Due,Issue Found,Paid,57800000.0
13164,Tabish Rajput,DEMO-KPT-13164,House No. CR-685,Street 15,North Karachi,19,0,Plot,Tabish Rajput,Abid Abbasi,Verified,Due,Issue Found,Paid,58100000.0
14901,Najma Ghaffar,DEMO-KPT-14901,House No. CDB-435,Street 16,North Karachi,19,0,Plot,Najma Ghaffar,Bahadur Rajper,Pending,Paid,Under Review,Due,37500000.0
16566,Mahreen Yazdani,DEMO-KPT-16566,House No. DCR-792,Street 16,North Karachi,19,0,Plot,Mahreen Yazdani,Shahroz Ghauri,Litigated,Due,Issue Found,Due,73900000.0
4783,Anmol Alvi,DEMO-KPT-4783,House No. CD-556,Street 17,North Karachi,19,0,Plot,Anmol Alvi,Shama Rafique,Litigated,Paid,Issue Found,Due,64400000.0
13181,Sarah Rajput,DEMO-KPT-13181,House No. CB-651,Street 17,North Karachi,19,0,Plot,Sarah Rajput,Rida Laghari,Litigated,Due,Clear,Due,26600000.0
13179,Jibran Farooqi,DEMO-KPT-13179,House No. DC-747,Street 21,North Karachi,19,0,Plot,Jibran Farooqi,Omer Zahid,Litigated,Due,Issue Found,Paid,32100000.0
3032,Noreen Umer,DEMO-KPT-3032,House No. R-791,Street 22,North Karachi,19,0,Plot,Noreen Umer,Kinza Bhurgri,Pending,Due,Issue Found,Paid,34700000.0
13169,Nihal Usmani,DEMO-KPT-13169,House No. RB-857,Street 22,North Karachi,19,0,Plot,Nihal Usmani,Sabir Sultan,Verified,Paid,Under Review,Due,33300000.0
11519,Wania Tareen,DEMO-KPT-11519,House No. RB-532,Street 25,North Karachi,19,0,Plot,Wania Tareen,Khushbu Sohu,Verified,Due,Under Review,Due,39400000.0
13145,Adnan Ahmed,DEMO-KPT-13145,House No. BD-355,Street 27,North Karachi,19,0,Plot,Adnan Ahmed,Sagheer Latif,Pending,Due,Clear,Paid,39600000.0
6477,Jibran Zubairi,DEMO-KPT-6477,House No. CD-394,Street 28,North Karachi,19,0,Plot,Jibran Zubairi,Aneesa Tariq,Verified,Paid,Under Review,Due,74500000.0
9876,Nosheen Yasin,DEMO-KPT-9876,House No. RC-523,Street 29,North Karachi,19,0,Plot,Nosheen Yasin,Haris Lashari,Pending,Due,Issue Found,Due,58700000.0
13168,Arisha Qadir,DEMO-KPT-13168,House No. BC-548,Street 29,North Karachi,19,0,Plot,Arisha Qadir,Sadaf Korai,Litigated,Paid,Issue Found,Paid,58300000.0
14950,Aryan Jafri,DEMO-KPT-14950,House No. BRD-847,Street 4,North Karachi,20,0,Plot,Aryan Jafri,Nida Sial,Pending,Due,Under Review,Due,52500000.0
4867,Farhan Nasar,DEMO-KPT-4867,House No. CD-661,Street 5,North Karachi,20,0,Plot,Farhan Nasar,Yameen Mirani,Pending,Paid,Clear,Paid,63900000.0
6545,Musa Saif,DEMO-KPT-6545,House No. CC-565,Street 5,North Karachi,20,0,Plot,Musa Saif,Inayat Durrani,Pending,Paid,Issue Found,Paid,45000000.0
11581,Saif Khuhro,DEMO-KPT-11581,House No. CD-747,Street 5,North Karachi,20,0,Plot,Saif Khuhro,Ashar Kalhoro,Verified,Due,Under Review,Due,24700000.0
13288,Jazib Kayani,DEMO-KPT-13288,House No. CB-422,Street 8,North Karachi,20,0,Plot,Jazib Kayani,Sadaf Kayani,Pending,Paid,Issue Found,Due,39300000.0
6586,Javeria Bangash,DEMO-KPT-6586,House No. CB-417,Street 9,North Karachi,20,0,Plot,Javeria Bangash,Kabeer Wazir,Pending,Paid,Clear,Paid,74800000.0
13240,Feroz Lone,DEMO-KPT-13240,House No. CB-833,Street 9,North Karachi,20,0,Plot,Feroz Lone,Tanzeela Jogezai,Verified,Due,Under Review,Due,50100000.0
15014,Amal Bukhari,DEMO-KPT-15014,House No. DCB-418,Street 10,North Karachi,20,0,Plot,Amal Bukhari,Amna Riaz,Pending,Paid,Issue Found,Paid,35200000.0
14966,Feryal Dahri,DEMO-KPT-14966,House No. DBC-327,Street 13,North Karachi,20,0,Plot,Feryal Dahri,Furqan Hafeez,Pending,Paid,Clear,Paid,53500000.0
13217,Safa Yazdani,DEMO-KPT-13217,House No. DC-498,Street 14,North Karachi,20,0,Plot,Safa Yazdani,Salahuddin Shinwari,Pending,Paid,Under Review,Due,45300000.0
8214,Hafiz Javed,DEMO-KPT-8214,House No. BB-302,Street 15,North Karachi,20,0,Plot,Hafiz Javed,Zahra Samo,Verified,Due,Issue Found,Paid,25400000.0
4866,Mariam Zaman,DEMO-KPT-4866,House No. RC-611,Street 16,North Karachi,20,0,Plot,Mariam Zaman,Hafiz Cheema,Litigated,Due,Issue Found,Due,48600000.0
9907,Bisma Iqbal,DEMO-KPT-9907,House No. RC-791,Street 17,North Karachi,20,0,Plot,Bisma Iqbal,Marium Lashari,Pending,Due,Clear,Paid,32900000.0
14930,Shehryar Bettani,DEMO-KPT-14930,House No. DCB-833,Street 17,North Karachi,20,0,Plot,Shehryar Bettani,Waheed Popalzai,Verified,Paid,Issue Found,Due,72000000.0
3124,Ruqayya Mirani,DEMO-KPT-3124,House No. C-555,Street 20,North Karachi,20,0,Plot,Ruqayya Mirani,Noman Mustafa,Pending,Due,Clear,Paid,79800000.0
16619,Maham Bhurgri,DEMO-KPT-16619,House No. DCR-568,Street 20,North Karachi,20,0,Plot,Maham Bhurgri,Syeda Rana,Verified,Due,Clear,Paid,70000000.0
4832,Salahuddin Nadeem,DEMO-KPT-4832,House No. RD-382,Street 22,North Karachi,20,0,Plot,Salahuddin Nadeem,Noman Jamal,Pending,Due,Issue Found,Paid,41400000.0
11664,Vaqar Kidwai,DEMO-KPT-11664,House No. DR-709,Street 27,North Karachi,20,0,Plot,Vaqar Kidwai,Aqeel Joiya,Verified,Due,Issue Found,Paid,28300000.0
3089,Warda Hashmi,DEMO-KPT-3089,House No. R-725,Street 30,North Karachi,20,0,Plot,Warda Hashmi,Alishba Jadoon,Litigated,Due,Issue Found,Paid,68100000.0
9954,Waqar Tanvir,DEMO-KPT-9954,House No. DC-634,Street 30,North Karachi,20,0,Plot,Waqar Tanvir,Humayun Sandhu,Verified,Paid,Issue Found,Paid,26600000.0
13207,Tanzeela Bangash,DEMO-KPT-13207,House No. RR-547,Street 30,North Karachi,20,0,Plot,Tanzeela Bangash,Nasreen Daudzai,Pending,Paid,Clear,Due,37100000.0
5160,Rameez Achakzai,DEMO-KPT-5160,House No. BR-562,Street 1,North Nazimabad,1,0,Plot,Rameez Achakzai,Mubashra Tariq,Verified,Due,Under Review,Paid,28200000.0
1002,Mahnoor Khan,DEMO-KPT-1002,House No. A-838,Street 2,North Nazimabad,1,0,Plot,Mahnoor Khan,Danish Siddiqui,Litigated,Paid,Clear,Paid,73000000.0
5124,Akbar Zubair,DEMO-KPT-5124,House No. BR-508,Street 2,North Nazimabad,1,0,Plot,Akbar Zubair,Aftab Sabri,Verified,Paid,Clear,Paid,39300000.0
1016,Fahad Siddiqui,DEMO-KPT-1016,House No. A-158,Street 13,North Nazimabad,1,0,Plot,Fahad Siddiqui,Hamza Mirza,Pending,Paid,Clear,Paid,63300000.0
8177,Rayyan Shakeel,DEMO-KPT-8177,House No. BB-331,Street 13,North Nazimabad,1,0,Plot,Rayyan Shakeel,Humayun Mehmood,Pending,Due,Under Review,Due,36900000.0
11410,Naseer Swati,DEMO-KPT-11410,House No. RC-582,Street 14,North Nazimabad,1,0,Plot,Naseer Swati,Shakeel Barakzai,Litigated,Due,Issue Found,Paid,63700000.0
11417,Rahila Hoti,DEMO-KPT-11417,House No. CC-615,Street 14,North Nazimabad,1,0,Plot,Rahila Hoti,Muhammad Shah,Pending,Paid,Under Review,Due,45800000.0
1040,Sara Farooq,DEMO-KPT-1040,House No. A-651,Street 15,North Nazimabad,1,0,Plot,Sara Farooq,Muhammad Javed,Pending,Paid,Under Review,Due,50900000.0
5090,Huma Kayani,DEMO-KPT-5090,House No. RC-588,Street 15,North Nazimabad,1,0,Plot,Huma Kayani,Ayan Farooq,Pending,Paid,Under Review,Due,71200000.0
11390,Ahsan Sahito,DEMO-KPT-11390,House No. CD-311,Street 15,North Nazimabad,1,0,Plot,Ahsan Sahito,Kashaf Kalhoro,Pending,Paid,Under Review,Due,74500000.0
1032,Salman Raza,DEMO-KPT-1032,House No. A-433,Street 18,North Nazimabad,1,0,Plot,Salman Raza,Ahmed Tariq,Pending,Due,Issue Found,Paid,59100000.0
1535,Javed Sadiq,DEMO-KPT-1535,House No. B-575,Street 18,North Nazimabad,1,0,Plot,Javed Sadiq,Zaynab Bashir,Pending,Due,Issue Found,Paid,80000000.0
8232,Hira Sheikh,DEMO-KPT-8232,House No. DC-651,Street 18,North Nazimabad,1,0,Plot,Hira Sheikh,Esha Soomro,Pending,Due,Issue Found,Paid,51500000.0
5166,Arham Jogezai,DEMO-KPT-5166,House No. DC-789,Street 19,North Nazimabad,1,0,Plot,Arham Jogezai,Kaleem Haral,Verified,Due,Clear,Paid,62100000.0
1042,Ahmed Aslam,DEMO-KPT-1042,House No. A-577,Street 20,North Nazimabad,1,0,Plot,Ahmed Aslam,Waleed Siddiqui,Litigated,Due,Clear,Paid,29100000.0
8219,Mina Tiwana,DEMO-KPT-8219,House No. DB-721,Street 22,North Nazimabad,1,0,Plot,Mina Tiwana,Tooba Bilgrami,Verified,Paid,Under Review,Due,31100000.0
14339,Aneesa Junejo,DEMO-KPT-14339,House No. CBD-500,Street 30,North Nazimabad,1,0,Plot,Aneesa Junejo,Liaquat Gabol,Litigated,Due,Issue Found,Paid,78600000.0
8295,Javeria Anwar,DEMO-KPT-8295,House No. BR-755,Street 2,North Nazimabad,2,0,Plot,Javeria Anwar,Imad Swati,Verified,Paid,Clear,Paid,55200000.0
11424,Nuzhat Jafri,DEMO-KPT-11424,House No. CR-861,Street 2,North Nazimabad,2,0,Plot,Nuzhat Jafri,Sabika Tariq,Verified,Paid,Clear,Paid,34600000.0
5248,Rubina Akhtar,DEMO-KPT-5248,House No. BD-674,Street 3,North Nazimabad,2,0,Plot,Rubina Akhtar,Hashir Kamboh,Litigated,Paid,Under Review,Due,47500000.0
8304,Fariha Rabbani,DEMO-KPT-8304,House No. DD-425,Street 4,North Nazimabad,2,0,Plot,Fariha Rabbani,Zeeshan Ghumman,Verified,Due,Issue Found,Paid,41400000.0
1717,Rakhshanda Ghazali,DEMO-KPT-1717,House No. R-856,Street 5,North Nazimabad,2,0,Plot,Rakhshanda Ghazali,Hussnain Siddiqui,Pending,Paid,Clear,Paid,60700000.0
5305,Hanzala Gandapur,DEMO-KPT-5305,House No. DC-740,Street 5,North Nazimabad,2,0,Plot,Hanzala Gandapur,Zohra Rehman,Pending,Paid,Issue Found,Due,51500000.0
5299,Owais Durrani,DEMO-KPT-5299,House No. CR-435,Street 6,North Nazimabad,2,0,Plot,Owais Durrani,Shafiq Marwat,Litigated,Due,Under Review,Due,20600000.0
5275,Wajiha Panhwar,DEMO-KPT-5275,House No. CB-479,Street 8,North Nazimabad,2,0,Plot,Wajiha Panhwar,Nasir Naqvi,Litigated,Paid,Under Review,Due,37200000.0
14638,Asad Bhutto,DEMO-KPT-14638,House No. BRD-712,Street 8,North Nazimabad,2,0,Plot,Asad Bhutto,Arsalan Hayat,Pending,Paid,Issue Found,Due,70300000.0
5242,Urooj Mahsud,DEMO-KPT-5242,House No. DD-686,Street 12,North Nazimabad,2,0,Plot,Urooj Mahsud,Sehar Bhat,Litigated,Due,Clear,Paid,20100000.0
1050,Talha Farooq,DEMO-KPT-1050,House No. A-384,Street 14,North Nazimabad,2,0,Plot,Talha Farooq,Nimra Raza,Verified,Paid,Clear,Due,29900000.0
1065,Alina Noor,DEMO-KPT-1065,House No. A-818,Street 16,North Nazimabad,2,0,Plot,Alina Noor,Saad Javed,Litigated,Due,Issue Found,Due,27100000.0
8242,Dua Wattoo,DEMO-KPT-8242,House No. BD-765,Street 20,North Nazimabad,2,0,Plot,Dua Wattoo,Yusra Hafeez,Litigated,Due,Clear,Paid,62700000.0
5300,Kafeel Nasar,DEMO-KPT-5300,House No. BR-825,Street 27,North Nazimabad,2,0,Plot,Kafeel Nasar,Khansa Wazir,Verified,Paid,Issue Found,Paid,73700000.0
1110,Adnan Malik,DEMO-KPT-1110,House No. A-627,Street 1,North Nazimabad,3,0,Plot,Adnan Malik,Talha Noor,Verified,Due,Under Review,Paid,62600000.0
1900,Amna Sohu,DEMO-KPT-1900,House No. R-858,Street 4,North Nazimabad,3,0,Plot,Amna Sohu,Taimoor Unar,Pending,Due,Under Review,Due,49500000.0
14755,Amir Butt,DEMO-KPT-14755,House No. RDC-570,Street 5,North Nazimabad,3,0,Plot,Amir Butt,Haroon Bhatti,Pending,Paid,Issue Found,Due,64100000.0
1089,Fatima Shah,DEMO-KPT-1089,House No. A-178,Street 8,North Nazimabad,3,0,Plot,Fatima Shah,Hassan Sheikh,Pending,Paid,Under Review,Paid,37400000.0
8425,Mehmood Abbasi,DEMO-KPT-8425,House No. CB-840,Street 8,North Nazimabad,3,0,Plot,Mehmood Abbasi,Sanam Zubairi,Litigated,Paid,Under Review,Due,38000000.0
14686,Aneesa Mahesar,DEMO-KPT-14686,House No. RBC-596,Street 9,North Nazimabad,3,0,Plot,Aneesa Mahesar,Mehmood Achakzai,Pending,Paid,Clear,Paid,58300000.0
1128,Mahnoor Noor,DEMO-KPT-1128,House No. A-452,Street 11,North Nazimabad,3,0,Plot,Mahnoor Noor,Nimra Naeem,Verified,Paid,Issue Found,Paid,39000000.0
5316,Nida Mazari,DEMO-KPT-5316,House No. RD-833,Street 16,North Nazimabad,3,0,Plot,Nida Mazari,Ismail Abro,Litigated,Due,Issue Found,Due,33700000.0
1116,Anaya Aslam,DEMO-KPT-1116,House No. A-648,Street 19,North Nazimabad,3,0,Plot,Anaya Aslam,Ayesha Ahmed,Verified,Due,Clear,Paid,40200000.0
11624,Misbah Mengal,DEMO-KPT-11624,House No. DR-845,Street 26,North Nazimabad,3,0,Plot,Misbah Mengal,Izhar Farooq,Litigated,Paid,Clear,Due,69800000.0
11600,Shabbir Ali,DEMO-KPT-11600,House No. BC-425,Street 27,North Nazimabad,3,0,Plot,Shabbir Ali,Sheraz Abbasi,Verified,Paid,Issue Found,Paid,38600000.0
1977,Zubair Usmani,DEMO-KPT-1977,House No. D-416,Street 28,North Nazimabad,3,0,Plot,Zubair Usmani,Haider Lak,Verified,Paid,Under Review,Due,71400000.0
8521,Kainat Lari,DEMO-KPT-8521,House No. RB-678,Street 28,North Nazimabad,3,0,Plot,Kainat Lari,Mukhtar Yasin,Litigated,Due,Under Review,Due,31200000.0
8691,Saeeda Javed,DEMO-KPT-8691,House No. BC-695,Street 3,North Nazimabad,4,0,Plot,Saeeda Javed,Manahil Aslam,Pending,Paid,Issue Found,Paid,66100000.0
11726,Nuzhat Sindhi,DEMO-KPT-11726,House No. DR-887,Street 11,North Nazimabad,4,0,Plot,Nuzhat Sindhi,Maryum Rabbani,Verified,Due,Issue Found,Due,78000000.0
14927,Obaid Yousafzai,DEMO-KPT-14927,House No. DCR-700,Street 13,North Nazimabad,4,0,Plot,Obaid Yousafzai,Amber Unar,Pending,Due,Under Review,Due,41700000.0
2235,Aun Mohmand,DEMO-KPT-2235,House No. C-647,Street 14,North Nazimabad,4,0,Plot,Aun Mohmand,Mazhar Tariq,Verified,Due,Issue Found,Paid,39000000.0
15015,Sajida Bangash,DEMO-KPT-15015,House No. RBC-807,Street 16,North Nazimabad,4,0,Plot,Sajida Bangash,Arooj Bijarani,Litigated,Due,Issue Found,Due,40500000.0
5519,Unaiza Lughmani,DEMO-KPT-5519,House No. DD-802,Street 22,North Nazimabad,4,0,Plot,Unaiza Lughmani,Kaleemullah Tariq,Verified,Paid,Under Review,Due,26000000.0
11701,Balaj Rabbani,DEMO-KPT-11701,House No. RR-429,Street 25,North Nazimabad,4,0,Plot,Balaj Rabbani,Shehryar Zaidi,Litigated,Paid,Clear,Due,38700000.0
1150,Komal Iqbal,DEMO-KPT-1150,House No. A-291,Street 27,North Nazimabad,4,0,Plot,Komal Iqbal,Saad Sheikh,Pending,Due,Clear,Paid,39600000.0
5610,Usman Shafi,DEMO-KPT-5610,House No. BD-522,Street 1,North Nazimabad,5,0,Plot,Usman Shafi,Shahzad Mahesar,Verified,Due,Under Review,Paid,46500000.0
15024,Hussain Zaman,DEMO-KPT-15024,House No. CBD-780,Street 2,North Nazimabad,5,0,Plot,Hussain Zaman,Ihsan Rashid,Verified,Paid,Clear,Paid,61800000.0
2314,Yahya Rehman,DEMO-KPT-2314,House No. D-634,Street 3,North Nazimabad,5,0,Plot,Yahya Rehman,Shahzad Khattak,Pending,Paid,Issue Found,Due,65100000.0
15205,Nadeem Mughal,DEMO-KPT-15205,House No. RBD-879,Street 5,North Nazimabad,5,0,Plot,Nadeem Mughal,Asifa Kidwai,Pending,Paid,Issue Found,Due,31100000.0
5638,Fahad Malik,DEMO-KPT-5638,House No. BB-596,Street 8,North Nazimabad,5,0,Plot,Fahad Malik,Inam Jaffri,Pending,Paid,Issue Found,Due,37000000.0
8875,Nuzhat Mahesar,DEMO-KPT-8875,House No. DR-633,Street 8,North Nazimabad,5,0,Plot,Nuzhat Mahesar,Sonia Shakir,Litigated,Paid,Under Review,Due,28100000.0
15175,Sobia Sohu,DEMO-KPT-15175,House No. DCB-723,Street 8,North Nazimabad,5,0,Plot,Sobia Sohu,Zuha Shinwari,Litigated,Paid,Under Review,Due,50000000.0
1186,Komal Noor,DEMO-KPT-1186,House No. A-439,Street 9,North Nazimabad,5,0,Plot,Komal Noor,Talha Butt,Pending,Paid,Clear,Paid,28700000.0
2375,Rehman Dreshak,DEMO-KPT-2375,House No. B-678,Street 9,North Nazimabad,5,0,Plot,Rehman Dreshak,Atiya Sadiq,Pending,Paid,Under Review,Paid,58600000.0
11986,Fariha Zafar,DEMO-KPT-11986,House No. CC-376,Street 9,North Nazimabad,5,0,Plot,Fariha Zafar,Khadija Bashir,Pending,Paid,Clear,Paid,32700000.0
8842,Malaika Mansoor,DEMO-KPT-8842,House No. CC-640,Street 12,North Nazimabad,5,0,Plot,Malaika Mansoor,Marwa Nawaz,Litigated,Due,Clear,Paid,48300000.0
1163,Fahad Raza,DEMO-KPT-1163,House No. A-468,Street 19,North Nazimabad,5,0,Plot,Fahad Raza,Saad Aslam,Pending,Paid,Issue Found,Paid,26500000.0
1209,Hamza Javed,DEMO-KPT-1209,House No. A-193,Street 19,North Nazimabad,5,0,Plot,Hamza Javed,Danish Aslam,Litigated,Due,Clear,Paid,55000000.0
5709,Mehboob Yousaf,DEMO-KPT-5709,House No. CC-630,Street 19,North Nazimabad,5,0,Plot,Mehboob Yousaf,Mahad Shaikh,Litigated,Due,Clear,Paid,23000000.0
8859,Moiz Jamal,DEMO-KPT-8859,House No. DR-440,Street 19,North Nazimabad,5,0,Plot,Moiz Jamal,Shakeel Butt,Litigated,Due,Clear,Paid,79900000.0
2379,Maryum Nadeem,DEMO-KPT-2379,House No. D-751,Street 21,North Nazimabad,5,0,Plot,Maryum Nadeem,Tariq Kamboh,Litigated,Due,Issue Found,Paid,44000000.0
5623,Marwa Qadir,DEMO-KPT-5623,House No. CB-435,Street 26,North Nazimabad,5,0,Plot,Marwa Qadir,Sahar Afridi,Pending,Due,Under Review,Due,68900000.0
8776,Nasir Memon,DEMO-KPT-8776,House No. DC-834,Street 27,North Nazimabad,5,0,Plot,Nasir Memon,Nighat Tunio,Litigated,Paid,Clear,Due,69600000.0
8800,Parvez Yasin,DEMO-KPT-8800,House No. BD-572,Street 27,North Nazimabad,5,0,Plot,Parvez Yasin,Nuzhat Rizvi,Pending,Due,Clear,Paid,30300000.0
11795,Aleeza Ijaz,DEMO-KPT-11795,House No. BR-623,Street 27,North Nazimabad,5,0,Plot,Aleeza Ijaz,Sakina Nawaz,Pending,Due,Clear,Paid,20900000.0
11926,Rehmat Dayo,DEMO-KPT-11926,House No. RR-786,Street 27,North Nazimabad,5,0,Plot,Rehmat Dayo,Daniyal Latif,Litigated,Paid,Clear,Due,26200000.0
5681,Ihsan Hinjra,DEMO-KPT-5681,House No. CD-411,Street 29,North Nazimabad,5,0,Plot,Ihsan Hinjra,Nawaz Rabbani,Pending,Due,Clear,Due,47200000.0
8967,Sharmeen Buriro,DEMO-KPT-8967,House No. RB-555,Street 7,North Nazimabad,6,0,Plot,Sharmeen Buriro,Nadia Ansari,Verified,Due,Clear,Due,20700000.0
12094,Hussain Soomro,DEMO-KPT-12094,House No. DB-338,Street 7,North Nazimabad,6,0,Plot,Hussain Soomro,Kainat Sindhi,Verified,Due,Under Review,Paid,79600000.0
15267,Uzair Mari,DEMO-KPT-15267,House No. BRD-330,Street 7,North Nazimabad,6,0,Plot,Uzair Mari,Umar Jogezai,Verified,Due,Clear,Due,24200000.0
12152,Yousaf Mari,DEMO-KPT-12152,House No. RC-830,Street 13,North Nazimabad,6,0,Plot,Yousaf Mari,Saima Sial,Verified,Due,Clear,Paid,29900000.0
5835,Nailah Peerzada,DEMO-KPT-5835,House No. RB-425,Street 14,North Nazimabad,6,0,Plot,Nailah Peerzada,Samra Riaz,Verified,Due,Issue Found,Paid,41600000.0
1268,Sara Ali,DEMO-KPT-1268,House No. A-357,Street 15,North Nazimabad,6,0,Plot,Sara Ali,Arsalan Shah,Verified,Paid,Issue Found,Due,73400000.0
15218,Mahir Rajput,DEMO-KPT-15218,House No. RDB-484,Street 15,North Nazimabad,6,0,Plot,Mahir Rajput,Naureen Jamal,Verified,Paid,Issue Found,Due,20700000.0
2533,Rubina Riaz,DEMO-KPT-2533,House No. D-496,Street 17,North Nazimabad,6,0,Plot,Rubina Riaz,Aneeqa Rajput,Litigated,Paid,Issue Found,Due,58400000.0
8891,Shahzad Panhwar,DEMO-KPT-8891,House No. CC-438,Street 18,North Nazimabad,6,0,Plot,Shahzad Panhwar,Ayub Jamali,Verified,Due,Clear,Due,73200000.0
12032,Rafia Yousaf,DEMO-KPT-12032,House No. BR-621,Street 22,North Nazimabad,6,0,Plot,Rafia Yousaf,Noman Leghari,Pending,Due,Issue Found,Paid,47200000.0
2473,Bilquis Zaidi,DEMO-KPT-2473,House No. D-474,Street 26,North Nazimabad,6,0,Plot,Bilquis Zaidi,Abid Popalzai,Pending,Due,Under Review,Due,69700000.0
8924,Batool Bilgrami,DEMO-KPT-8924,House No. RC-598,Street 26,North Nazimabad,6,0,Plot,Batool Bilgrami,Nimra Rabbani,Litigated,Paid,Clear,Due,68400000.0
5814,Zainab Kasi,DEMO-KPT-5814,House No. CR-565,Street 27,North Nazimabad,6,0,Plot,Zainab Kasi,Fatima Hashmi,Verified,Due,Issue Found,Paid,54500000.0
5826,Feroz Mian,DEMO-KPT-5826,House No. CC-706,Street 29,North Nazimabad,6,0,Plot,Feroz Mian,Nailah Siddiqui,Pending,Due,Issue Found,Due,63900000.0
12252,Nasir Waheed,DEMO-KPT-12252,House No. DB-879,Street 2,North Nazimabad,7,0,Plot,Nasir Waheed,Osama Niazi,Litigated,Paid,Clear,Paid,54400000.0
5950,Daniya Khan,DEMO-KPT-5950,House No. DC-560,Street 4,North Nazimabad,7,0,Plot,Daniya Khan,Zubaida Minhas,Pending,Due,Under Review,Due,57900000.0
1288,Sana Ahmed,DEMO-KPT-1288,House No. A-862,Street 8,North Nazimabad,7,0,Plot,Sana Ahmed,Mariam Ahmed,Verified,Paid,Issue Found,Paid,55100000.0
15397,Furqan Waheed,DEMO-KPT-15397,House No. BCD-603,Street 17,North Nazimabad,7,0,Plot,Furqan Waheed,Nida Kiani,Litigated,Due,Issue Found,Due,52200000.0
1324,Owais Raza,DEMO-KPT-1324,House No. A-691,Street 20,North Nazimabad,7,0,Plot,Owais Raza,Usman Ali,Pending,Due,Clear,Paid,44500000.0
2674,Saeed Khattak,DEMO-KPT-2674,House No. D-300,Street 20,North Nazimabad,7,0,Plot,Saeed Khattak,Eman Ghumman,Pending,Due,Clear,Paid,56900000.0
12236,Muneeb Bijarani,DEMO-KPT-12236,House No. RD-760,Street 21,North Nazimabad,7,0,Plot,Muneeb Bijarani,Maaz Saleem,Verified,Due,Under Review,Due,60800000.0
9043,Firdous Tahir,DEMO-KPT-9043,House No. RC-576,Street 25,North Nazimabad,7,0,Plot,Firdous Tahir,Mansha Lodhi,Pending,Due,Under Review,Paid,58700000.0
2624,Hafiz Khalid,DEMO-KPT-2624,House No. D-487,Street 26,North Nazimabad,7,0,Plot,Hafiz Khalid,Rameez Minhas,Litigated,Paid,Clear,Due,25800000.0
15395,Iftikhar Akhtar,DEMO-KPT-15395,House No. BDC-312,Street 27,North Nazimabad,7,0,Plot,Iftikhar Akhtar,Rizwaan Kakar,Pending,Due,Clear,Paid,56400000.0
5904,Tasneem Mahsud,DEMO-KPT-5904,House No. DR-879,Street 30,North Nazimabad,7,0,Plot,Tasneem Mahsud,Urwa Tarar,Verified,Paid,Issue Found,Paid,53800000.0
6110,Emaan Lone,DEMO-KPT-6110,House No. BC-477,Street 3,North Nazimabad,8,0,Plot,Emaan Lone,Nadia Chaudhry,Pending,Due,Clear,Due,30200000.0
9189,Sharmeen Lashari,DEMO-KPT-9189,House No. BC-380,Street 8,North Nazimabad,8,0,Plot,Sharmeen Lashari,Aiman Toor,Pending,Paid,Under Review,Paid,20300000.0
15489,Syeda Dogar,DEMO-KPT-15489,House No. BDC-704,Street 8,North Nazimabad,8,0,Plot,Syeda Dogar,Rehana Dawood,Pending,Paid,Under Review,Paid,66700000.0
9132,Jamila Sultan,DEMO-KPT-9132,House No. CC-790,Street 18,North Nazimabad,8,0,Plot,Jamila Sultan,Ali Warraich,Pending,Due,Issue Found,Paid,61100000.0
9185,Fareeha Daudzai,DEMO-KPT-9185,House No. DD-437,Street 18,North Nazimabad,8,0,Plot,Fareeha Daudzai,Moeen Mohammadzai,Pending,Due,Issue Found,Paid,34200000.0
9099,Nida Randhawa,DEMO-KPT-9099,House No. BB-660,Street 20,North Nazimabad,8,0,Plot,Nida Randhawa,Qasim Ghani,Verified,Due,Clear,Due,22600000.0
2786,Abid Rind,DEMO-KPT-2786,House No. B-858,Street 21,North Nazimabad,8,0,Plot,Abid Rind,Aqsa Bhat,Verified,Due,Under Review,Due,32500000.0
12327,Uzair Tanvir,DEMO-KPT-12327,House No. BD-641,Street 28,North Nazimabad,8,0,Plot,Uzair Tanvir,Shama Warraich,Verified,Paid,Under Review,Due,74300000.0
9130,Khushbu Malik,DEMO-KPT-9130,House No. BR-341,Street 29,North Nazimabad,8,0,Plot,Khushbu Malik,Abeera Leghari,Litigated,Paid,Under Review,Due,48600000.0
2960,Taimur Akhtar,DEMO-KPT-2960,House No. R-385,Street 3,North Nazimabad,9,0,Plot,Taimur Akhtar,Wajiha Butt,Pending,Due,Clear,Due,45400000.0
9260,Shagufta Tahir,DEMO-KPT-9260,House No. CD-599,Street 3,North Nazimabad,9,0,Plot,Shagufta Tahir,Syeda Akhtar,Pending,Due,Clear,Due,57700000.0
12481,Bilal Hafeez,DEMO-KPT-12481,House No. RB-568,Street 5,North Nazimabad,9,0,Plot,Bilal Hafeez,Mirza Mengal,Verified,Due,Under Review,Due,66200000.0
6425,Zia Dawood,DEMO-KPT-6425,House No. DC-799,Street 9,North Nazimabad,9,0,Plot,Zia Dawood,Rashida Kakar,Pending,Paid,Under Review,Paid,68600000.0
6377,Kainat Mengal,DEMO-KPT-6377,House No. DC-511,Street 13,North Nazimabad,9,0,Plot,Kainat Mengal,Talal Naseem,Pending,Due,Under Review,Due,72700000.0
6440,Sobia Nawaz,DEMO-KPT-6440,House No. BB-513,Street 15,North Nazimabad,9,0,Plot,Sobia Nawaz,Saleem Warsi,Pending,Paid,Under Review,Due,62300000.0
12516,Emaan Kamal,DEMO-KPT-12516,House No. CR-583,Street 16,North Nazimabad,9,0,Plot,Emaan Kamal,Ilyas Leghari,Litigated,Due,Issue Found,Due,39200000.0
2969,Raza Mari,DEMO-KPT-2969,House No. B-570,Street 25,North Nazimabad,9,0,Plot,Raza Mari,Mubeen Ghauri,Verified,Due,Under Review,Due,20300000.0
9374,Hammad Ansari,DEMO-KPT-9374,House No. RR-886,Street 26,North Nazimabad,9,0,Plot,Hammad Ansari,Aneela Gakhar,Litigated,Paid,Clear,Due,52900000.0
2981,Fariha Mirani,DEMO-KPT-2981,House No. C-483,Street 29,North Nazimabad,9,0,Plot,Fariha Mirani,Laraib Majeed,Pending,Due,Clear,Due,21700000.0
12431,Farhan Bhurgri,DEMO-KPT-12431,House No. CD-870,Street 29,North Nazimabad,9,0,Plot,Farhan Bhurgri,Amber Jafri,Pending,Due,Clear,Due,56800000.0
12774,Amna Pirzada,DEMO-KPT-12774,House No. DC-610,Street 2,North Nazimabad,10,0,Plot,Amna Pirzada,Farid Majeed,Verified,Paid,Clear,Paid,24600000.0
6611,Samina Sardar,DEMO-KPT-6611,House No. BC-550,Street 3,North Nazimabad,10,0,Plot,Samina Sardar,Tamkeen Imran,Pending,Due,Issue Found,Paid,53300000.0
9591,Sara Kayani,DEMO-KPT-9591,House No. RD-705,Street 3,North Nazimabad,10,0,Plot,Sara Kayani,Tabassum Palijo,Pending,Paid,Issue Found,Paid,65400000.0
6592,Nudrat Chattha,DEMO-KPT-6592,House No. RB-487,Street 12,North Nazimabad,10,0,Plot,Nudrat Chattha,Madiha Zubair,Litigated,Due,Clear,Paid,43900000.0
1427,Owais Qureshi,DEMO-KPT-1427,House No. A-716,Street 13,North Nazimabad,10,0,Plot,Owais Qureshi,Sara Javed,Pending,Due,Under Review,Due,69600000.0
15890,Kinza Ghauri,DEMO-KPT-15890,House No. DRC-734,Street 15,North Nazimabad,10,0,Plot,Kinza Ghauri,Shama Hayat,Pending,Paid,Under Review,Due,60900000.0
9424,Samra Hanif,DEMO-KPT-9424,House No. BD-319,Street 20,North Nazimabad,10,0,Plot,Samra Hanif,Hania Magsi,Pending,Due,Clear,Paid,28300000.0
12729,Abubakar Akhtar,DEMO-KPT-12729,House No. RB-317,Street 21,North Nazimabad,10,0,Plot,Abubakar Akhtar,Aiman Gill,Litigated,Due,Issue Found,Paid,55600000.0
9545,Mahnoor Gilani,DEMO-KPT-9545,House No. RC-805,Street 27,North Nazimabad,10,0,Plot,Mahnoor Gilani,Sajida Popalzai,Pending,Due,Clear,Paid,63800000.0
3360,Tabassum Wani,DEMO-KPT-3360,House No. C-463,Street 1,North Nazimabad,11,0,Plot,Tabassum Wani,Qasim Rashid,Verified,Due,Under Review,Paid,68700000.0
3324,Rauf Shaikh,DEMO-KPT-3324,House No. C-817,Street 2,North Nazimabad,11,0,Plot,Rauf Shaikh,Saleem Chattha,Verified,Paid,Clear,Paid,30200000.0
6852,Hoor Chattha,DEMO-KPT-6852,House No. CD-514,Street 2,North Nazimabad,11,0,Plot,Hoor Chattha,Rahim Saif,Litigated,Paid,Clear,Paid,59400000.0
15945,Ashraf Gakhar,DEMO-KPT-15945,House No. RDC-416,Street 2,North Nazimabad,11,0,Plot,Ashraf Gakhar,Mansha Chandio,Verified,Paid,Clear,Paid,50000000.0
3336,Mehrunnisa Hinjra,DEMO-KPT-3336,House No. D-311,Street 7,North Nazimabad,11,0,Plot,Mehrunnisa Hinjra,Saleha Kharal,Pending,Paid,Under Review,Paid,39900000.0
9688,Ayla Chandio,DEMO-KPT-9688,House No. RB-750,Street 8,North Nazimabad,11,0,Plot,Ayla Chandio,Urwa Mirza,Pending,Paid,Issue Found,Due,34600000.0
15940,Manzoor Anwar,DEMO-KPT-15940,House No. DRB-612,Street 9,North Nazimabad,11,0,Plot,Manzoor Anwar,Shan Sindhi,Verified,Due,Under Review,Due,73200000.0
3349,Naureen Mehmood,DEMO-KPT-3349,House No. C-378,Street 11,North Nazimabad,11,0,Plot,Naureen Mehmood,Lina Mari,Pending,Due,Issue Found,Due,78500000.0
12892,Hashir Gill,DEMO-KPT-12892,House No. RC-676,Street 12,North Nazimabad,11,0,Plot,Hashir Gill,Unaiza Mahesar,Litigated,Due,Clear,Paid,71600000.0
6900,Ramsha Kamal,DEMO-KPT-6900,House No. RC-376,Street 14,North Nazimabad,11,0,Plot,Ramsha Kamal,Asra Mirza,Verified,Paid,Clear,Due,23200000.0
6915,Qurat Siddiqui,DEMO-KPT-6915,House No. RB-728,Street 16,North Nazimabad,11,0,Plot,Qurat Siddiqui,Anum Memon,Litigated,Due,Issue Found,Due,33000000.0
16033,Akram Peerzada,DEMO-KPT-16033,House No. RCB-729,Street 17,North Nazimabad,11,0,Plot,Akram Peerzada,Shabana Umer,Litigated,Paid,Issue Found,Due,70900000.0
3459,Ahtisham Sohu,DEMO-KPT-3459,House No. D-785,Street 19,North Nazimabad,11,0,Plot,Ahtisham Sohu,Haris Ghauri,Litigated,Due,Clear,Paid,28900000.0
15966,Rehmat Shafi,DEMO-KPT-15966,House No. BDC-442,Street 19,North Nazimabad,11,0,Plot,Rehmat Shafi,Zawar Rafique,Verified,Due,Clear,Paid,50800000.0
3397,Mubashir Wattoo,DEMO-KPT-3397,House No. R-792,Street 26,North Nazimabad,11,0,Plot,Mubashir Wattoo,Zarmeen Shah,Litigated,Paid,Under Review,Due,76100000.0
6880,Iftikhar Umer,DEMO-KPT-6880,House No. CD-746,Street 29,North Nazimabad,11,0,Plot,Iftikhar Umer,Sibtain Ilyas,Litigated,Paid,Under Review,Due,67800000.0
12988,Anmol Sardar,DEMO-KPT-12988,House No. DD-562,Street 8,North Nazimabad,12,0,Plot,Anmol Sardar,Noaman Sultan,Verified,Paid,Issue Found,Paid,37200000.0
16164,Dilawar Kamboh,DEMO-KPT-16164,House No. CBD-434,Street 27,North Nazimabad,12,0,Plot,Dilawar Kamboh,Erum Chattha,Verified,Due,Issue Found,Paid,65600000.0
3774,Shafiq Afridi,DEMO-KPT-3774,House No. R-804,Street 2,North Nazimabad,13,0,Plot,Shafiq Afridi,Inam Lakhani,Verified,Paid,Clear,Paid,31800000.0
16404,Jamila Rehman,DEMO-KPT-16404,House No. CDR-738,Street 4,North Nazimabad,13,0,Plot,Jamila Rehman,Tahmina Noor,Verified,Due,Issue Found,Paid,69300000.0
7167,Faizan Tanvir,DEMO-KPT-7167,House No. CR-331,Street 7,North Nazimabad,13,0,Plot,Faizan Tanvir,Jawad Sohu,Verified,Due,Clear,Due,75300000.0
10089,Haziq Lughmani,DEMO-KPT-10089,House No. RC-622,Street 8,North Nazimabad,13,0,Plot,Haziq Lughmani,Laraib Kazmi,Pending,Paid,Under Review,Paid,44600000.0
16428,Rehan Saeed,DEMO-KPT-16428,House No. CDB-569,Street 11,North Nazimabad,13,0,Plot,Rehan Saeed,Tahreem Ali,Verified,Paid,Issue Found,Paid,44900000.0
10010,Inayat Kharal,DEMO-KPT-10010,House No. DR-585,Street 13,North Nazimabad,13,0,Plot,Inayat Kharal,Abbas Nawaz,Verified,Due,Under Review,Due,41600000.0
13160,Mahnaz Raza,DEMO-KPT-13160,House No. CB-800,Street 13,North Nazimabad,13,0,Plot,Mahnaz Raza,Haseeb Barakzai,Verified,Due,Under Review,Due,37400000.0
16310,Ramsha Talpur,DEMO-KPT-16310,House No. CDR-403,Street 13,North Nazimabad,13,0,Plot,Ramsha Talpur,Inayat Leghari,Verified,Due,Under Review,Due,29100000.0
16316,Saeeda Rana,DEMO-KPT-16316,House No. RDC-653,Street 13,North Nazimabad,13,0,Plot,Saeeda Rana,Tamkeen Lak,Pending,Paid,Clear,Paid,30800000.0
3760,Sahrish Bhurgri,DEMO-KPT-3760,House No. C-745,Street 14,North Nazimabad,13,0,Plot,Sahrish Bhurgri,Babar Cheema,Litigated,Due,Issue Found,Paid,64500000.0
7116,Shahid Nadeem,DEMO-KPT-7116,House No. DC-449,Street 16,North Nazimabad,13,0,Plot,Shahid Nadeem,Isha Mahar,Litigated,Due,Issue Found,Due,22900000.0
9999,Ahmed Dreshak,DEMO-KPT-9999,House No. BD-595,Street 20,North Nazimabad,13,0,Plot,Ahmed Dreshak,Momina Joiya,Verified,Due,Clear,Due,36400000.0
3730,Bashir Shaikh,DEMO-KPT-3730,House No. B-779,Street 29,North Nazimabad,13,0,Plot,Bashir Shaikh,Rehana Hoti,Litigated,Paid,Under Review,Due,53400000.0
13104,Tanzeela Ghaffar,DEMO-KPT-13104,House No. RR-489,Street 30,North Nazimabad,13,0,Plot,Tanzeela Ghaffar,Abbas Lakhani,Verified,Paid,Issue Found,Paid,59200000.0
10198,Nawal Zubairi,DEMO-KPT-10198,House No. RC-427,Street 3,North Nazimabad,14,0,Plot,Nawal Zubairi,Tahmina Abbasi,Litigated,Paid,Under Review,Due,48700000.0
3931,Rehana Rehman,DEMO-KPT-3931,House No. RD-392,Street 5,North Nazimabad,14,0,Plot,Rehana Rehman,Farhan Hameed,Verified,Due,Under Review,Due,42500000.0
10255,Zunair Lone,DEMO-KPT-10255,House No. CR-864,Street 5,North Nazimabad,14,0,Plot,Zunair Lone,Mazhar Tahir,Pending,Paid,Issue Found,Due,46300000.0
7306,Alizeh Khosa,DEMO-KPT-7306,House No. BD-503,Street 6,North Nazimabad,14,0,Plot,Alizeh Khosa,Kamil Farooqi,Pending,Due,Issue Found,Paid,68700000.0
3925,Aneeqa Imran,DEMO-KPT-3925,House No. CD-463,Street 8,North Nazimabad,14,0,Plot,Aneeqa Imran,Sumbal Zaman,Litigated,Paid,Under Review,Due,32600000.0
13375,Sultan Kasi,DEMO-KPT-13375,House No. DB-518,Street 8,North Nazimabad,14,0,Plot,Sultan Kasi,Dua Haral,Litigated,Paid,Under Review,Due,33900000.0
7202,Mubashir Turk,DEMO-KPT-7202,House No. RC-415,Street 13,North Nazimabad,14,0,Plot,Mubashir Turk,Fakhar Qadri,Verified,Due,Clear,Paid,74700000.0
7185,Abeera Usmani,DEMO-KPT-7185,House No. CC-387,Street 14,North Nazimabad,14,0,Plot,Abeera Usmani,Zahid Tareen,Verified,Due,Issue Found,Paid,70300000.0
7350,Maira Shafi,DEMO-KPT-7350,House No. DR-695,Street 14,North Nazimabad,14,0,Plot,Maira Shafi,Laraib Bhutto,Verified,Paid,Clear,Due,29200000.0
16568,Aneesa Mian,DEMO-KPT-16568,House No. DCR-391,Street 15,North Nazimabad,14,0,Plot,Aneesa Mian,Asad Minhas,Verified,Paid,Issue Found,Due,54000000.0
3883,Muneeba Dreshak,DEMO-KPT-3883,House No. RC-398,Street 17,North Nazimabad,14,0,Plot,Muneeba Dreshak,Atiya Shafiq,Litigated,Paid,Issue Found,Due,42900000.0
16624,Misbah Jamali,DEMO-KPT-16624,House No. BRC-560,Street 20,North Nazimabad,14,0,Plot,Misbah Jamali,Iftikhar Bilgrami,Pending,Due,Clear,Paid,78900000.0
7286,Waqar Gandapur,DEMO-KPT-7286,House No. DC-412,Street 21,North Nazimabad,14,0,Plot,Waqar Gandapur,Zehra Riaz,Verified,Due,Under Review,Due,26600000.0
13464,Balaj Laghari,DEMO-KPT-13464,House No. RDB-522,Street 27,North Nazimabad,14,0,Plot,Balaj Laghari,Amal Bajwa,Verified,Due,Issue Found,Paid,55100000.0
16614,Sitara Tanvir,DEMO-KPT-16614,House No. DRB-766,Street 27,North Nazimabad,14,0,Plot,Sitara Tanvir,Shamoon Rabbani,Verified,Due,Issue Found,Paid,58600000.0
16636,Sahil Noor,DEMO-KPT-16636,House No. CRB-387,Street 27,North Nazimabad,14,0,Plot,Sahil Noor,Luqman Rind,Pending,Paid,Issue Found,Paid,59000000.0
7374,Shahmeer Lughmani,DEMO-KPT-7374,House No. DD-647,Street 2,North Nazimabad,15,0,Plot,Shahmeer Lughmani,Jannat Sheikh,Verified,Paid,Clear,Paid,77500000.0
16752,Obaid Dahri,DEMO-KPT-16752,House No. DRB-749,Street 2,North Nazimabad,15,0,Plot,Obaid Dahri,Zaynab Samo,Litigated,Paid,Clear,Paid,64700000.0
7428,Rabia Khalid,DEMO-KPT-7428,House No. BD-463,Street 11,North Nazimabad,15,0,Plot,Rabia Khalid,Palwasha Ghauri,Verified,Paid,Issue Found,Paid,43800000.0
4139,Bahadur Lari,DEMO-KPT-4139,House No. RB-752,Street 14,North Nazimabad,15,0,Plot,Bahadur Lari,Sabrina Iqbal,Verified,Due,Under Review,Due,42800000.0
13580,Tamim Alvi,DEMO-KPT-13580,House No. RBD-723,Street 17,North Nazimabad,15,0,Plot,Tamim Alvi,Zakariya Zubair,Verified,Paid,Issue Found,Due,46500000.0
13501,Usman Memon,DEMO-KPT-13501,House No. RCD-857,Street 25,North Nazimabad,15,0,Plot,Usman Memon,Mahad Yazdani,Litigated,Paid,Clear,Due,31800000.0
4168,Zia Janjua,DEMO-KPT-4168,House No. RD-546,Street 29,North Nazimabad,15,0,Plot,Zia Janjua,Sikandar Pirzada,Litigated,Paid,Issue Found,Paid,49700000.0
10480,Nimra Rajper,DEMO-KPT-10480,House No. BB-896,Street 29,North Nazimabad,15,0,Plot,Nimra Rajper,Ghazanfar Yaqoob,Litigated,Paid,Under Review,Due,28900000.0
4310,Talat Hinjra,DEMO-KPT-4310,House No. DC-876,Street 3,North Nazimabad,16,0,Plot,Talat Hinjra,Amna Bugti,Pending,Due,Clear,Due,31400000.0
10646,Anum Awan,DEMO-KPT-10646,House No. CD-370,Street 7,North Nazimabad,16,0,Plot,Anum Awan,Zafar Siddiqui,Pending,Due,Issue Found,Due,29100000.0
10675,Asra Tanoli,DEMO-KPT-10675,House No. DD-621,Street 8,North Nazimabad,16,0,Plot,Asra Tanoli,Hasnain Riaz,Litigated,Paid,Under Review,Due,54800000.0
16888,Shabana Rashid,DEMO-KPT-16888,House No. DCB-477,Street 8,North Nazimabad,16,0,Plot,Shabana Rashid,Zakir Tarar,Pending,Paid,Issue Found,Due,39200000.0
13662,Kausar Rehman,DEMO-KPT-13662,House No. BRD-489,Street 9,North Nazimabad,16,0,Plot,Kausar Rehman,Dua Riaz,Litigated,Due,Under Review,Due,31800000.0
16840,Wali Sheikh,DEMO-KPT-16840,House No. BDC-765,Street 9,North Nazimabad,16,0,Plot,Wali Sheikh,Zartaj Gondal,Verified,Due,Under Review,Due,78600000.0
16790,Aneesa Ansari,DEMO-KPT-16790,House No. BRC-315,Street 15,North Nazimabad,16,0,Plot,Aneesa Ansari,Sidra Talpur,Pending,Paid,Under Review,Due,57600000.0
4182,Qaiser Pasha,DEMO-KPT-4182,House No. RR-609,Street 18,North Nazimabad,16,0,Plot,Qaiser Pasha,Sabahat Lashari,Pending,Due,Issue Found,Paid,33000000.0
16792,Sumayya Akhtar,DEMO-KPT-16792,House No. RCD-345,Street 20,North Nazimabad,16,0,Plot,Sumayya Akhtar,Sohail Mir,Litigated,Due,Clear,Paid,52000000.0
4273,Iftikhar Dreshak,DEMO-KPT-4273,House No. BR-757,Street 26,North Nazimabad,16,0,Plot,Iftikhar Dreshak,Irfan Sipra,Pending,Due,Under Review,Due,58900000.0
16948,Taha Chaudhry,DEMO-KPT-16948,House No. DBR-813,Street 3,North Nazimabad,17,0,Plot,Taha Chaudhry,Qurat Sabri,Litigated,Paid,Under Review,Due,79000000.0
13855,Iffat Laghari,DEMO-KPT-13855,House No. DRC-534,Street 5,North Nazimabad,17,0,Plot,Iffat Laghari,Erum Lari,Pending,Paid,Issue Found,Due,20100000.0
16981,Affan Tahir,DEMO-KPT-16981,House No. RCB-490,Street 5,North Nazimabad,17,0,Plot,Affan Tahir,Jamshed Mahar,Verified,Due,Under Review,Due,51800000.0
13849,Ahtisham Khuhro,DEMO-KPT-13849,House No. DCB-322,Street 6,North Nazimabad,17,0,Plot,Ahtisham Khuhro,Rafiq Jafri,Litigated,Due,Under Review,Due,26300000.0
4444,Saira Abro,DEMO-KPT-4444,House No. CC-428,Street 7,North Nazimabad,17,0,Plot,Saira Abro,Nawaz Yousafzai,Verified,Due,Under Review,Paid,74800000.0
10744,Dania Daudzai,DEMO-KPT-10744,House No. DB-613,Street 7,North Nazimabad,17,0,Plot,Dania Daudzai,Samra Virk,Verified,Due,Under Review,Paid,39400000.0
13919,Noman Ghazali,DEMO-KPT-13919,House No. CBD-897,Street 20,North Nazimabad,17,0,Plot,Noman Ghazali,Mahrukh Daudzai,Verified,Due,Clear,Paid,59700000.0
7651,Shafaq Shafi,DEMO-KPT-7651,House No. DC-656,Street 25,North Nazimabad,17,0,Plot,Shafaq Shafi,Kanwal Jogezai,Litigated,Paid,Clear,Due,63300000.0
10801,Iffat Virk,DEMO-KPT-10801,House No. DR-545,Street 25,North Nazimabad,17,0,Plot,Iffat Virk,Shabana Dar,Litigated,Paid,Clear,Due,52700000.0
7574,Sharmeen Hussain,DEMO-KPT-7574,House No. DB-396,Street 26,North Nazimabad,17,0,Plot,Sharmeen Hussain,Warda Warsi,Litigated,Paid,Clear,Due,57300000.0
7550,Alizeh Sandhu,DEMO-KPT-7550,House No. DD-339,Street 27,North Nazimabad,17,0,Plot,Alizeh Sandhu,Fareed Bettani,Verified,Paid,Issue Found,Paid,32900000.0
10941,Mazhar Abbasi,DEMO-KPT-10941,House No. RR-800,Street 3,North Nazimabad,18,0,Plot,Mazhar Abbasi,Waqar Wattoo,Pending,Paid,Issue Found,Paid,73200000.0
13924,Aneeqa Saleem,DEMO-KPT-13924,House No. CRB-697,Street 20,North Nazimabad,18,0,Plot,Aneeqa Saleem,Haroon Virk,Pending,Due,Clear,Paid,42700000.0
10919,Ikhlaq Bettani,DEMO-KPT-10919,House No. RR-542,Street 22,North Nazimabad,18,0,Plot,Ikhlaq Bettani,Mazen Zubair,Verified,Paid,Under Review,Due,30900000.0
14004,Anum Yousafzai,DEMO-KPT-14004,House No. DCB-433,Street 30,North Nazimabad,18,0,Plot,Anum Yousafzai,Mahad Mirza,Verified,Paid,Issue Found,Paid,60400000.0
4798,Yawar Shaikh,DEMO-KPT-4798,House No. BB-665,Street 3,North Nazimabad,19,0,Plot,Yawar Shaikh,Erum Qureshi,Litigated,Paid,Under Review,Due,20900000.0
7948,Javeria Buriro,DEMO-KPT-7948,House No. BD-772,Street 3,North Nazimabad,19,0,Plot,Javeria Buriro,Amal Kalhoro,Litigated,Paid,Under Review,Due,75100000.0
7839,Bushra Lakhani,DEMO-KPT-7839,House No. BC-744,Street 8,North Nazimabad,19,0,Plot,Bushra Lakhani,Ehsan Palijo,Pending,Paid,Under Review,Paid,67100000.0
7840,Suleman Hashmi,DEMO-KPT-7840,House No. CB-798,Street 9,North Nazimabad,19,0,Plot,Suleman Hashmi,Jabbar Yazdani,Verified,Due,Under Review,Due,52300000.0
11083,Zubaida Mazari,DEMO-KPT-11083,House No. BC-588,Street 17,North Nazimabad,19,0,Plot,Zubaida Mazari,Haleema Zardari,Litigated,Paid,Issue Found,Due,34800000.0
14081,Nizam Lone,DEMO-KPT-14081,House No. CDB-353,Street 17,North Nazimabad,19,0,Plot,Nizam Lone,Balaj Jamali,Litigated,Due,Clear,Due,50300000.0
14079,Subhan Niazi,DEMO-KPT-14079,House No. CDB-617,Street 21,North Nazimabad,19,0,Plot,Subhan Niazi,Mahira Zubair,Litigated,Due,Issue Found,Paid,42400000.0
11050,Adil Baig,DEMO-KPT-11050,House No. BR-690,Street 27,North Nazimabad,19,0,Plot,Adil Baig,Atif Kayani,Pending,Due,Clear,Paid,71100000.0
14045,Saleha Chattha,DEMO-KPT-14045,House No. RCB-450,Street 27,North Nazimabad,19,0,Plot,Saleha Chattha,Firdous Dogar,Pending,Due,Clear,Paid,66600000.0
11081,Osama Bajwa,DEMO-KPT-11081,House No. CD-537,Street 29,North Nazimabad,19,0,Plot,Osama Bajwa,Babar Lari,Pending,Due,Clear,Due,35000000.0
14080,Talha Qadri,DEMO-KPT-14080,House No. DRC-451,Street 29,North Nazimabad,19,0,Plot,Talha Qadri,Hanzala Khosa,Litigated,Paid,Under Review,Due,49000000.0
14107,Lubna Ghazali,DEMO-KPT-14107,House No. CRD-863,Street 30,North Nazimabad,19,0,Plot,Lubna Ghazali,Shahid Zafar,Pending,Paid,Clear,Due,34900000.0
14124,Emaan Kasi,DEMO-KPT-14124,House No. RBD-483,Street 2,North Nazimabad,20,0,Plot,Emaan Kasi,Hashim Bugti,Verified,Paid,Clear,Paid,23500000.0
7981,Samra Mustafa,DEMO-KPT-7981,House No. DD-816,Street 5,North Nazimabad,20,0,Plot,Samra Mustafa,Mirha Hayat,Verified,Due,Under Review,Due,52700000.0
11194,Wahab Samo,DEMO-KPT-11194,House No. RD-720,Street 7,North Nazimabad,20,0,Plot,Wahab Samo,Alamgir Cheema,Verified,Due,Under Review,Paid,51600000.0
5066,Feryal Shakeel,DEMO-KPT-5066,House No. BD-505,Street 13,North Nazimabad,20,0,Plot,Feryal Shakeel,Ayan Ahmed,Pending,Paid,Clear,Paid,71400000.0
11235,Tahir Farooq,DEMO-KPT-11235,House No. DR-871,Street 14,North Nazimabad,20,0,Plot,Tahir Farooq,Uzair Haral,Verified,Due,Issue Found,Paid,32600000.0
1513,Ayesha Warraich,DEMO-KPT-1513,House No. D-364,Street 1,Saddar,1,0,Plot,Ayesha Warraich,Izhar Kamboh,Litigated,Paid,Clear,Paid,25700000.0
15960,Farwa Pasha,DEMO-KPT-15960,House No. RBD-501,Street 1,Saddar,1,0,Plot,Farwa Pasha,Yusra Janjua,Verified,Due,Under Review,Paid,42400000.0
14261,Moiz Ilyas,DEMO-KPT-14261,House No. RBC-429,Street 3,Saddar,1,0,Plot,Moiz Ilyas,Shoaib Daudzai,Pending,Due,Issue Found,Paid,60100000.0
14246,Basit Zardari,DEMO-KPT-14246,House No. CDB-785,Street 7,Saddar,1,0,Plot,Basit Zardari,Owais Yazdani,Pending,Due,Issue Found,Due,38800000.0
1512,Rida Siddiqui,DEMO-KPT-1512,House No. R-312,Street 9,Saddar,1,0,Plot,Rida Siddiqui,Jahangir Hanif,Litigated,Due,Under Review,Due,77200000.0
1540,Ghazanfar Imran,DEMO-KPT-1540,House No. B-474,Street 9,Saddar,1,0,Plot,Ghazanfar Imran,Sehar Tunio,Verified,Due,Under Review,Due,27900000.0
1514,Afreen Wazir,DEMO-KPT-1514,House No. R-735,Street 10,Saddar,1,0,Plot,Afreen Wazir,Munir Zubair,Pending,Paid,Issue Found,Paid,67900000.0
15978,Sabika Rind,DEMO-KPT-15978,House No. CDB-692,Street 11,Saddar,1,0,Plot,Sabika Rind,Lubna Haral,Verified,Paid,Issue Found,Paid,68800000.0
7310,Ahtisham Raza,DEMO-KPT-7310,House No. CD-477,Street 13,Saddar,1,0,Plot,Ahtisham Raza,Asim Malik,Verified,Due,Under Review,Due,52000000.0
1490,Amjad Lughmani,DEMO-KPT-1490,House No. C-517,Street 15,Saddar,1,0,Plot,Amjad Lughmani,Zia Rizvi,Pending,Paid,Under Review,Due,61400000.0
1492,Tayyaba Lone,DEMO-KPT-1492,House No. R-487,Street 20,Saddar,1,0,Plot,Tayyaba Lone,Minahil Wani,Litigated,Due,Clear,Paid,58900000.0
3482,Sarah Sheikh,DEMO-KPT-3482,House No. C-695,Street 22,Saddar,1,0,Plot,Sarah Sheikh,Shayan Saif,Pending,Due,Issue Found,Paid,36800000.0
10843,Zunair Panezai,DEMO-KPT-10843,House No. CR-407,Street 25,Saddar,1,0,Plot,Zunair Panezai,Zaib Samo,Pending,Due,Under Review,Paid,25500000.0
16019,Mukarram Kamboh,DEMO-KPT-16019,House No. DRB-857,Street 25,Saddar,1,0,Plot,Mukarram Kamboh,Abid Mian,Verified,Due,Under Review,Due,58000000.0
14324,Tayyab Gakhar,DEMO-KPT-14324,House No. BCR-553,Street 26,Saddar,1,0,Plot,Tayyab Gakhar,Zubaid Saeed,Litigated,Paid,Clear,Due,63400000.0
15976,Zubia Bhittani,DEMO-KPT-15976,House No. DCR-435,Street 27,Saddar,1,0,Plot,Zubia Bhittani,Amara Ranjha,Litigated,Paid,Clear,Due,39900000.0
7330,Noshaba Bijarani,DEMO-KPT-7330,House No. CC-523,Street 29,Saddar,1,0,Plot,Noshaba Bijarani,Shama Riaz,Litigated,Paid,Under Review,Due,47600000.0
9210,Javeria Bukhari,DEMO-KPT-9210,House No. CB-543,Street 1,Saddar,2,0,Plot,Javeria Bukhari,Samina Naseem,Verified,Due,Under Review,Paid,31100000.0
9174,Shakeel Chattha,DEMO-KPT-9174,House No. DD-396,Street 2,Saddar,2,0,Plot,Shakeel Chattha,Sabeen Sial,Verified,Paid,Clear,Paid,30600000.0
16048,Farah Gilani,DEMO-KPT-16048,House No. DCB-673,Street 3,Saddar,2,0,Plot,Farah Gilani,Sakina Mustafa,Litigated,Paid,Under Review,Due,27900000.0
3544,Urwa Samo,DEMO-KPT-3544,House No. R-845,Street 7,Saddar,2,0,Plot,Urwa Samo,Ayla Jadoon,Verified,Due,Under Review,Paid,57100000.0
14344,Jawad Zubairi,DEMO-KPT-14344,House No. BCR-651,Street 7,Saddar,2,0,Plot,Jawad Zubairi,Khushbu Gondal,Verified,Due,Under Review,Paid,54300000.0
14367,Sharjeel Mengal,DEMO-KPT-14367,House No. BDR-887,Street 7,Saddar,2,0,Plot,Sharjeel Mengal,Yaqoob Haral,Verified,Due,Clear,Due,22800000.0
14338,Warda Umer,DEMO-KPT-14338,House No. RDB-878,Street 8,Saddar,2,0,Plot,Warda Umer,Sahil Shakeel,Verified,Paid,Issue Found,Paid,44500000.0
1549,Isha Bugti,DEMO-KPT-1549,House No. B-896,Street 11,Saddar,2,0,Plot,Isha Bugti,Areeba Kayani,Pending,Due,Issue Found,Due,48800000.0
16037,Muneeb Gakhar,DEMO-KPT-16037,House No. CDB-716,Street 14,Saddar,2,0,Plot,Muneeb Gakhar,Ashfaq Gondal,Verified,Paid,Under Review,Due,36600000.0
7340,Ikram Zubair,DEMO-KPT-7340,House No. BB-579,Street 15,Saddar,2,0,Plot,Ikram Zubair,Tahseen Awan,Pending,Paid,Under Review,Due,75400000.0
12699,Talha Zaman,DEMO-KPT-12699,House No. DC-558,Street 20,Saddar,2,0,Plot,Talha Zaman,Sadaf Siddiqui,Verified,Due,Clear,Due,30900000.0
14369,Maqsood Kiani,DEMO-KPT-14369,House No. RDB-552,Street 20,Saddar,2,0,Plot,Maqsood Kiani,Sumbal Noor,Verified,Due,Clear,Paid,26600000.0
12643,Yawar Turk,DEMO-KPT-12643,House No. CD-360,Street 25,Saddar,2,0,Plot,Yawar Turk,Saleha Mahsud,Pending,Due,Under Review,Paid,41600000.0
1597,Sumayya Hussain,DEMO-KPT-1597,House No. R-630,Street 26,Saddar,2,0,Plot,Sumayya Hussain,Hira Qazi,Litigated,Paid,Under Review,Due,21100000.0
14376,Anam Bajwa,DEMO-KPT-14376,House No. DCB-449,Street 29,Saddar,2,0,Plot,Anam Bajwa,Asifa Lodhi,Pending,Due,Issue Found,Due,51600000.0
7357,Ishaq Sahito,DEMO-KPT-7357,House No. CB-595,Street 30,Saddar,2,0,Plot,Ishaq Sahito,Khizar Aslam,Pending,Paid,Clear,Due,39200000.0
12654,Fida Shafi,DEMO-KPT-12654,House No. DD-520,Street 30,Saddar,2,0,Plot,Fida Shafi,Tariq Bhutto,Verified,Paid,Issue Found,Paid,76400000.0
3664,Maimoona Sabri,DEMO-KPT-3664,House No. B-819,Street 3,Saddar,3,0,Plot,Maimoona Sabri,Shaista Sultan,Pending,Paid,Issue Found,Due,40600000.0
7445,Sahrish Baloch,DEMO-KPT-7445,House No. RD-388,Street 5,Saddar,3,0,Plot,Sahrish Baloch,Hidayat Tariq,Pending,Paid,Issue Found,Paid,23300000.0
9349,Mehak Majeed,DEMO-KPT-9349,House No. BC-625,Street 6,Saddar,3,0,Plot,Mehak Majeed,Talal Tarar,Litigated,Due,Under Review,Due,44600000.0
1767,Zohair Bangash,DEMO-KPT-1767,House No. B-445,Street 7,Saddar,3,0,Plot,Zohair Bangash,Saeeda Zia,Verified,Due,Clear,Due,47500000.0
5586,Zahra Rana,DEMO-KPT-5586,House No. DC-532,Street 7,Saddar,3,0,Plot,Zahra Rana,Tahira Korai,Pending,Paid,Under Review,Paid,28700000.0
16167,Arisha Saeed,DEMO-KPT-16167,House No. CRB-880,Street 7,Saddar,3,0,Plot,Arisha Saeed,Yawar Khan,Verified,Due,Clear,Due,78300000.0
5589,Rizwan Warraich,DEMO-KPT-5589,House No. DB-844,Street 8,Saddar,3,0,Plot,Rizwan Warraich,Akif Peerzada,Pending,Paid,Under Review,Paid,77800000.0
11038,Arbaz Siddiqui,DEMO-KPT-11038,House No. DB-600,Street 8,Saddar,3,0,Plot,Arbaz Siddiqui,Aneela Sabri,Pending,Paid,Issue Found,Due,24500000.0
12725,Parveen Kakar,DEMO-KPT-12725,House No. DR-860,Street 9,Saddar,3,0,Plot,Parveen Kakar,Sohail Rafique,Pending,Paid,Under Review,Paid,77700000.0
3626,Talal Hashmi,DEMO-KPT-3626,House No. D-464,Street 11,Saddar,3,0,Plot,Talal Hashmi,Shees Hameed,Verified,Due,Issue Found,Due,69500000.0
1802,Zarmeen Memon,DEMO-KPT-1802,House No. D-374,Street 13,Saddar,3,0,Plot,Zarmeen Memon,Sadaf Cheema,Verified,Due,Clear,Paid,24600000.0
1785,Sufyan Latif,DEMO-KPT-1785,House No. C-845,Street 14,Saddar,3,0,Plot,Sufyan Latif,Shahzadi Qureshi,Verified,Due,Issue Found,Paid,24900000.0
9287,Moiz Minhas,DEMO-KPT-9287,House No. RB-445,Street 14,Saddar,3,0,Plot,Moiz Minhas,Iram Mazari,Verified,Paid,Under Review,Due,52200000.0
11087,Taimoor Warraich,DEMO-KPT-11087,House No. CB-839,Street 14,Saddar,3,0,Plot,Taimoor Warraich,Fiza Hameed,Verified,Paid,Under Review,Due,29500000.0
12750,Abrar Mahsud,DEMO-KPT-12750,House No. BD-710,Street 14,Saddar,3,0,Plot,Abrar Mahsud,Tayyeb Lakhani,Verified,Paid,Clear,Due,51600000.0
5540,Asif Shakir,DEMO-KPT-5540,House No. BC-756,Street 15,Saddar,3,0,Plot,Asif Shakir,Hassan Dreshak,Pending,Paid,Under Review,Due,20800000.0
1807,Sohaib Bhatti,DEMO-KPT-1807,House No. C-306,Street 17,Saddar,3,0,Plot,Sohaib Bhatti,Sobia Ghauri,Pending,Due,Clear,Paid,56500000.0
3607,Mohib Nawaz,DEMO-KPT-3607,House No. R-641,Street 17,Saddar,3,0,Plot,Mohib Nawaz,Inshal Mirza,Pending,Due,Clear,Paid,48900000.0
12732,Mukhtar Bettani,DEMO-KPT-12732,House No. RB-871,Street 18,Saddar,3,0,Plot,Mukhtar Bettani,Mariam Gabol,Pending,Due,Issue Found,Paid,60700000.0
7416,Sanam Nawaz,DEMO-KPT-7416,House No. DD-572,Street 19,Saddar,3,0,Plot,Sanam Nawaz,Sarfraz Bettani,Verified,Due,Clear,Paid,71200000.0
12742,Abid Yasin,DEMO-KPT-12742,House No. DB-837,Street 20,Saddar,3,0,Plot,Abid Yasin,Ihtisham Barakzai,Litigated,Due,Clear,Paid,39900000.0
1801,Beenish Zafar,DEMO-KPT-1801,House No. R-872,Street 25,Saddar,3,0,Plot,Beenish Zafar,Ayub Sindhi,Litigated,Paid,Clear,Due,52200000.0
3643,Tariq Kazmi,DEMO-KPT-3643,House No. B-311,Street 25,Saddar,3,0,Plot,Tariq Kazmi,Anas Kayani,Pending,Due,Under Review,Paid,60000000.0
14443,Sufyan Mirani,DEMO-KPT-14443,House No. DRB-493,Street 25,Saddar,3,0,Plot,Sufyan Mirani,Ahmed Naseem,Pending,Due,Under Review,Paid,56400000.0
5518,Iram Kamboh,DEMO-KPT-5518,House No. RR-556,Street 29,Saddar,3,0,Plot,Iram Kamboh,Ifrah Nasar,Litigated,Paid,Issue Found,Paid,33200000.0
7481,Zohaib Ghumman,DEMO-KPT-7481,House No. BC-766,Street 29,Saddar,3,0,Plot,Zohaib Ghumman,Nosheen Sandhu,Pending,Due,Clear,Due,29900000.0
12730,Fahim Ali,DEMO-KPT-12730,House No. BR-582,Street 29,Saddar,3,0,Plot,Fahim Ali,Zayan Gakhar,Litigated,Paid,Under Review,Due,53900000.0
12810,Fabiha Barakzai,DEMO-KPT-12810,House No. BD-452,Street 1,Saddar,4,0,Plot,Fabiha Barakzai,Aslam Ghani,Verified,Due,Under Review,Paid,61700000.0
16264,Balaj Hoti,DEMO-KPT-16264,House No. BCD-860,Street 3,Saddar,4,0,Plot,Balaj Hoti,Khizar Talpur,Pending,Paid,Issue Found,Due,71500000.0
5755,Sufyan Mahar,DEMO-KPT-5755,House No. RD-427,Street 5,Saddar,4,0,Plot,Sufyan Mahar,Taimur Mansoor,Pending,Paid,Issue Found,Due,30300000.0
12762,Rayyan Wattoo,DEMO-KPT-12762,House No. DD-670,Street 9,Saddar,4,0,Plot,Rayyan Wattoo,Junaid Qadir,Litigated,Due,Under Review,Due,71400000.0
1826,Shaheen Rabbani,DEMO-KPT-1826,House No. C-352,Street 11,Saddar,4,0,Plot,Shaheen Rabbani,Sonia Tareen,Verified,Due,Issue Found,Due,35300000.0
3689,Afreen Panezai,DEMO-KPT-3689,House No. C-330,Street 14,Saddar,4,0,Plot,Afreen Panezai,Waqas Shah,Verified,Due,Under Review,Due,22400000.0
11166,Manahil Baloch,DEMO-KPT-11166,House No. CB-705,Street 16,Saddar,4,0,Plot,Manahil Baloch,Zameer Hayat,Litigated,Due,Issue Found,Due,59100000.0
11141,Nailah Naqvi,DEMO-KPT-11141,House No. RC-766,Street 18,Saddar,4,0,Plot,Nailah Naqvi,Gohar Latif,Verified,Due,Clear,Due,68800000.0
12785,Ayan Virk,DEMO-KPT-12785,House No. BR-706,Street 18,Saddar,4,0,Plot,Ayan Virk,Rustam Wani,Pending,Due,Issue Found,Paid,80000000.0
14486,Wasim Qadir,DEMO-KPT-14486,House No. RBC-327,Street 21,Saddar,4,0,Plot,Wasim Qadir,Sakina Tanoli,Verified,Due,Under Review,Due,23800000.0
5750,Neelam Shaikh,DEMO-KPT-5750,House No. DB-780,Street 27,Saddar,4,0,Plot,Neelam Shaikh,Izhar Mazari,Verified,Paid,Issue Found,Paid,49700000.0
12826,Syeda Umer,DEMO-KPT-12826,House No. BR-338,Street 27,Saddar,4,0,Plot,Syeda Umer,Taha Ijaz,Litigated,Paid,Clear,Due,36500000.0
3763,Jawad Pasha,DEMO-KPT-3763,House No. D-623,Street 1,Saddar,5,0,Plot,Jawad Pasha,Saif Awan,Litigated,Paid,Clear,Paid,35500000.0
14725,Haleema Tiwana,DEMO-KPT-14725,House No. DRC-598,Street 8,Saddar,5,0,Plot,Haleema Tiwana,Nasreen Kidwai,Litigated,Paid,Under Review,Due,67400000.0
1925,Afshan Mirani,DEMO-KPT-1925,House No. C-895,Street 9,Saddar,5,0,Plot,Afshan Mirani,Musa Shinwari,Pending,Paid,Under Review,Paid,28000000.0
12886,Nighat Saif,DEMO-KPT-12886,House No. BR-643,Street 9,Saddar,5,0,Plot,Nighat Saif,Sara Zardari,Pending,Paid,Clear,Paid,29500000.0
16364,Neha Waheed,DEMO-KPT-16364,House No. DRB-781,Street 10,Saddar,5,0,Plot,Neha Waheed,Fahad Ghaffar,Pending,Paid,Issue Found,Paid,43700000.0
1916,Emaan Ilyas,DEMO-KPT-1916,House No. R-718,Street 13,Saddar,5,0,Plot,Emaan Ilyas,Ijaz Toor,Pending,Paid,Clear,Paid,42000000.0
11252,Sundas Cheena,DEMO-KPT-11252,House No. RD-375,Street 13,Saddar,5,0,Plot,Sundas Cheena,Mukhtar Kamal,Verified,Due,Clear,Paid,34400000.0
1889,Sohaib Bukhari,DEMO-KPT-1889,House No. B-639,Street 14,Saddar,5,0,Plot,Sohaib Bukhari,Emaan Kiani,Verified,Due,Under Review,Due,36400000.0
16314,Bahadur Buriro,DEMO-KPT-16314,House No. BDC-768,Street 15,Saddar,5,0,Plot,Bahadur Buriro,Ijaz Awan,Verified,Due,Issue Found,Paid,71300000.0
5766,Ramsha Yasin,DEMO-KPT-5766,House No. RR-364,Street 16,Saddar,5,0,Plot,Ramsha Yasin,Tayyab Hameed,Litigated,Due,Issue Found,Due,72800000.0
7610,Sobia Khokhar,DEMO-KPT-7610,House No. CD-858,Street 18,Saddar,5,0,Plot,Sobia Khokhar,Bakhtiar Durrani,Verified,Paid,Under Review,Paid,73500000.0
1942,Sameen Yousaf,DEMO-KPT-1942,House No. C-630,Street 20,Saddar,5,0,Plot,Sameen Yousaf,Ahsan Yousafzai,Litigated,Due,Clear,Paid,54900000.0
5819,Mirza Pasha,DEMO-KPT-5819,House No. DR-636,Street 20,Saddar,5,0,Plot,Mirza Pasha,Akram Waheed,Verified,Due,Clear,Paid,65800000.0
1929,Zubaid Umer,DEMO-KPT-1929,House No. D-573,Street 21,Saddar,5,0,Plot,Zubaid Umer,Yahya Wattoo,Litigated,Due,Issue Found,Paid,33400000.0
9536,Arfa Javed,DEMO-KPT-9536,House No. BR-552,Street 21,Saddar,5,0,Plot,Arfa Javed,Mahnaz Tariq,Verified,Due,Under Review,Due,54700000.0
14732,Khurram Achakzai,DEMO-KPT-14732,House No. BCR-591,Street 22,Saddar,5,0,Plot,Khurram Achakzai,Rauf Ali,Pending,Due,Issue Found,Paid,49700000.0
5836,Shoaib Shah,DEMO-KPT-5836,House No. RD-824,Street 27,Saddar,5,0,Plot,Shoaib Shah,Warda Sindhi,Pending,Paid,Issue Found,Paid,56800000.0
3757,Tehmina Rizvi,DEMO-KPT-3757,House No. B-305,Street 30,Saddar,5,0,Plot,Tehmina Rizvi,Nabeeha Javed,Pending,Paid,Clear,Due,64100000.0
2010,Manzoor Hayat,DEMO-KPT-2010,House No. C-683,Street 1,Saddar,6,0,Plot,Manzoor Hayat,Zubia Kiani,Verified,Due,Under Review,Paid,24000000.0
3898,Saad Bhurgri,DEMO-KPT-3898,House No. BB-791,Street 3,Saddar,6,0,Plot,Saad Bhurgri,Dilawar Bhutto,Litigated,Paid,Under Review,Due,59600000.0
11350,Wasim Wattoo,DEMO-KPT-11350,House No. BR-854,Street 4,Saddar,6,0,Plot,Wasim Wattoo,Sabih Gill,Pending,Due,Under Review,Due,44400000.0
3845,Erum Durrani,DEMO-KPT-3845,House No. B-687,Street 5,Saddar,6,0,Plot,Erum Durrani,Mahnaz Sial,Pending,Paid,Issue Found,Paid,41300000.0
12967,Mahjabeen Hafeez,DEMO-KPT-12967,House No. DB-354,Street 5,Saddar,6,0,Plot,Mahjabeen Hafeez,Asim Latif,Pending,Paid,Clear,Paid,27600000.0
11356,Ishaq Wattoo,DEMO-KPT-11356,House No. DC-322,Street 6,Saddar,6,0,Plot,Ishaq Wattoo,Rashida Niazi,Pending,Due,Issue Found,Paid,35600000.0
14817,Amal Khuhro,DEMO-KPT-14817,House No. CRB-437,Street 7,Saddar,6,0,Plot,Amal Khuhro,Jahangir Shah,Verified,Due,Clear,Due,78000000.0
3886,Saleha Zafar,DEMO-KPT-3886,House No. CC-775,Street 9,Saddar,6,0,Plot,Saleha Zafar,Hanzala Rizvi,Pending,Paid,Clear,Paid,70900000.0
9614,Bilquis Bukhari,DEMO-KPT-9614,House No. CB-601,Street 10,Saddar,6,0,Plot,Bilquis Bukhari,Wasim Turk,Pending,Paid,Issue Found,Paid,29900000.0
9539,Sonia Ilyas,DEMO-KPT-9539,House No. RD-786,Street 14,Saddar,6,0,Plot,Sonia Ilyas,Nageen Ilyas,Verified,Due,Under Review,Due,21500000.0
7790,Ghulam Nadeem,DEMO-KPT-7790,House No. RC-803,Street 15,Saddar,6,0,Plot,Ghulam Nadeem,Mehrunnisa Mohmand,Pending,Paid,Under Review,Due,34600000.0
12968,Fazal Imran,DEMO-KPT-12968,House No. CB-875,Street 15,Saddar,6,0,Plot,Fazal Imran,Zafar Waheed,Verified,Paid,Issue Found,Due,51600000.0
2001,Arslan Riaz,DEMO-KPT-2001,House No. D-656,Street 17,Saddar,6,0,Plot,Arslan Riaz,Haseeb Khalid,Verified,Paid,Under Review,Paid,76000000.0
7747,Safa Kayani,DEMO-KPT-7747,House No. CB-698,Street 17,Saddar,6,0,Plot,Safa Kayani,Mehrunnisa Dahri,Litigated,Due,Issue Found,Due,28900000.0
9547,Faiza Virk,DEMO-KPT-9547,House No. CC-479,Street 17,Saddar,6,0,Plot,Faiza Virk,Aisha Bhutto,Litigated,Due,Issue Found,Due,71000000.0
9579,Imtiaz Zubair,DEMO-KPT-9579,House No. DC-324,Street 21,Saddar,6,0,Plot,Imtiaz Zubair,Nimra Naseem,Litigated,Due,Issue Found,Paid,29600000.0
9569,Rakhshanda Bijarani,DEMO-KPT-9569,House No. CC-654,Street 22,Saddar,6,0,Plot,Rakhshanda Bijarani,Yumna Zubair,Verified,Paid,Under Review,Due,66500000.0
5893,Sonia Bilgrami,DEMO-KPT-5893,House No. DB-316,Street 25,Saddar,6,0,Plot,Sonia Bilgrami,Fozia Lak,Pending,Due,Under Review,Paid,52100000.0
12974,Noman Shakir,DEMO-KPT-12974,House No. DB-400,Street 26,Saddar,6,0,Plot,Noman Shakir,Arbaz Peerzada,Litigated,Paid,Clear,Due,37300000.0
3950,Sobia Zardari,DEMO-KPT-3950,House No. RD-890,Street 27,Saddar,6,0,Plot,Sobia Zardari,Tehmina Chandio,Verified,Paid,Issue Found,Paid,50200000.0
14821,Fareeha Hanif,DEMO-KPT-14821,House No. DCR-339,Street 28,Saddar,6,0,Plot,Fareeha Hanif,Zaid Mazari,Litigated,Due,Under Review,Due,36500000.0
11380,Nargis Sohu,DEMO-KPT-11380,House No. DR-405,Street 29,Saddar,6,0,Plot,Nargis Sohu,Aqib Nadeem,Litigated,Paid,Under Review,Due,26900000.0
16481,Hussain Janjua,DEMO-KPT-16481,House No. DCB-537,Street 29,Saddar,6,0,Plot,Hussain Janjua,Aneela Farooqi,Pending,Due,Clear,Due,48600000.0
1957,Azka Virk,DEMO-KPT-1957,House No. C-339,Street 30,Saddar,6,0,Plot,Azka Virk,Azka Kiani,Pending,Paid,Clear,Due,79000000.0
3967,Shanza Nadeem,DEMO-KPT-3967,House No. CC-799,Street 5,Saddar,7,0,Plot,Shanza Nadeem,Rafay Tarar,Pending,Paid,Clear,Paid,57200000.0
9640,Haris Kharal,DEMO-KPT-9640,House No. BB-809,Street 9,Saddar,7,0,Plot,Haris Kharal,Sundas Popalzai,Verified,Due,Under Review,Due,56100000.0
9649,Jamil Ghaffar,DEMO-KPT-9649,House No. BR-506,Street 11,Saddar,7,0,Plot,Jamil Ghaffar,Raees Dogar,Pending,Due,Issue Found,Due,29100000.0
9678,Ehsan Mari,DEMO-KPT-9678,House No. CC-603,Street 11,Saddar,7,0,Plot,Ehsan Mari,Eman Javed,Verified,Paid,Issue Found,Paid,27200000.0
6000,Zunaira Nawaz,DEMO-KPT-6000,House No. DD-846,Street 14,Saddar,7,0,Plot,Zunaira Nawaz,Hassan Durrani,Verified,Paid,Clear,Due,38300000.0
11451,Rubina Nadeem,DEMO-KPT-11451,House No. RD-695,Street 17,Saddar,7,0,Plot,Rubina Nadeem,Mazhar Latif,Verified,Paid,Under Review,Paid,67100000.0
5982,Palwasha Ali,DEMO-KPT-5982,House No. RC-438,Street 18,Saddar,7,0,Plot,Palwasha Ali,Atiya Zubair,Pending,Due,Issue Found,Paid,46400000.0
13010,Shabana Mirza,DEMO-KPT-13010,House No. BR-763,Street 18,Saddar,7,0,Plot,Shabana Mirza,Amara Cheena,Verified,Paid,Under Review,Paid,68400000.0
16541,Fatima Warsi,DEMO-KPT-16541,House No. BDR-492,Street 18,Saddar,7,0,Plot,Fatima Warsi,Kamran Ahmed,Verified,Due,Clear,Due,46200000.0
16610,Tabassum Yazdani,DEMO-KPT-16610,House No. DCB-754,Street 18,Saddar,7,0,Plot,Tabassum Yazdani,Urooj Shah,Verified,Paid,Under Review,Paid,65200000.0
7866,Farah Samo,DEMO-KPT-7866,House No. RB-518,Street 19,Saddar,7,0,Plot,Farah Samo,Aneesa Gabol,Verified,Due,Clear,Paid,34300000.0
16550,Kaleem Ghaffar,DEMO-KPT-16550,House No. RCB-674,Street 27,Saddar,7,0,Plot,Kaleem Ghaffar,Ayla Yasin,Verified,Paid,Issue Found,Paid,32600000.0
11548,Alizeh Kharal,DEMO-KPT-11548,House No. CD-611,Street 3,Saddar,8,0,Plot,Alizeh Kharal,Shahida Ghumman,Litigated,Paid,Under Review,Due,78200000.0
14914,Kainat Daudzai,DEMO-KPT-14914,House No. CDR-389,Street 3,Saddar,8,0,Plot,Kainat Daudzai,Moeen Laghari,Pending,Paid,Issue Found,Due,69900000.0
11575,Afshan Zaidi,DEMO-KPT-11575,House No. DD-785,Street 8,Saddar,8,0,Plot,Afshan Zaidi,Hammad Yasin,Litigated,Paid,Under Review,Due,24000000.0
11478,Zara Rashid,DEMO-KPT-11478,House No. RD-748,Street 11,Saddar,8,0,Plot,Zara Rashid,Arif Hayat,Verified,Paid,Issue Found,Paid,57200000.0
16676,Maira Afridi,DEMO-KPT-16676,House No. BRD-886,Street 11,Saddar,8,0,Plot,Maira Afridi,Mirha Ghani,Verified,Due,Issue Found,Due,49300000.0
13035,Rayyan Dawood,DEMO-KPT-13035,House No. BB-851,Street 14,Saddar,8,0,Plot,Rayyan Dawood,Azka Dahri,Verified,Due,Issue Found,Paid,61000000.0
15010,Sidra Bhutto,DEMO-KPT-15010,House No. CRD-332,Street 14,Saddar,8,0,Plot,Sidra Bhutto,Mirha Kayani,Litigated,Due,Issue Found,Paid,61800000.0
2168,Aneela Tareen,DEMO-KPT-2168,House No. R-744,Street 15,Saddar,8,0,Plot,Aneela Tareen,Noshaba Warsi,Verified,Paid,Issue Found,Due,33200000.0
14964,Adil Bashir,DEMO-KPT-14964,House No. CBD-616,Street 15,Saddar,8,0,Plot,Adil Bashir,Kamran Zubair,Verified,Due,Issue Found,Paid,65100000.0
6051,Hania Shafiq,DEMO-KPT-6051,House No. CC-606,Street 17,Saddar,8,0,Plot,Hania Shafiq,Farwa Dreshak,Verified,Paid,Under Review,Paid,57500000.0
6066,Jazib Dar,DEMO-KPT-6066,House No. CR-506,Street 19,Saddar,8,0,Plot,Jazib Dar,Jamila Hussain,Verified,Due,Clear,Paid,72400000.0
4136,Parvez Tariq,DEMO-KPT-4136,House No. DD-599,Street 21,Saddar,8,0,Plot,Parvez Tariq,Mahir Palijo,Verified,Due,Under Review,Due,52100000.0
6119,Khansa Zia,DEMO-KPT-6119,House No. BD-698,Street 25,Saddar,8,0,Plot,Khansa Zia,Kausar Lashari,Verified,Due,Under Review,Due,58200000.0
16651,Nudrat Majeed,DEMO-KPT-16651,House No. RDC-783,Street 25,Saddar,8,0,Plot,Nudrat Majeed,Asim Naqvi,Litigated,Paid,Clear,Due,28500000.0
7931,Saleha Iqbal,DEMO-KPT-7931,House No. BC-302,Street 29,Saddar,8,0,Plot,Saleha Iqbal,Shabana Aslam,Pending,Due,Clear,Due,62300000.0
4224,Umair Barakzai,DEMO-KPT-4224,House No. BB-834,Street 2,Saddar,9,0,Plot,Umair Barakzai,Ibrahim Rashid,Verified,Paid,Clear,Paid,71800000.0
4245,Fatima Bashir,DEMO-KPT-4245,House No. BD-487,Street 2,Saddar,9,0,Plot,Fatima Bashir,Rida Saif,Verified,Paid,Clear,Paid,66000000.0
6148,Hina Mohmand,DEMO-KPT-6148,House No. BB-747,Street 3,Saddar,9,0,Plot,Hina Mohmand,Kaleemullah Shakir,Litigated,Paid,Under Review,Due,46900000.0
15110,Jamila Mari,DEMO-KPT-15110,House No. RCB-697,Street 3,Saddar,9,0,Plot,Jamila Mari,Sajida Jogezai,Pending,Due,Clear,Due,24300000.0
9781,Sahar Rajput,DEMO-KPT-9781,House No. DR-736,Street 5,Saddar,9,0,Plot,Sahar Rajput,Mushtaq Abro,Verified,Due,Under Review,Due,25800000.0
9805,Naseer Kalhoro,DEMO-KPT-9805,House No. DB-669,Street 5,Saddar,9,0,Plot,Naseer Kalhoro,Javeria Lari,Pending,Paid,Issue Found,Due,45000000.0
6199,Malaika Bhutto,DEMO-KPT-6199,House No. BD-599,Street 6,Saddar,9,0,Plot,Malaika Bhutto,Adeel Wattoo,Litigated,Due,Under Review,Due,77400000.0
11638,Faiza Shakir,DEMO-KPT-11638,House No. DR-501,Street 8,Saddar,9,0,Plot,Faiza Shakir,Kinza Jaffri,Verified,Paid,Issue Found,Paid,20800000.0
13127,Bareera Bhutto,DEMO-KPT-13127,House No. DR-735,Street 13,Saddar,9,0,Plot,Bareera Bhutto,Dilshad Malik,Pending,Due,Under Review,Due,35800000.0
4190,Hammad Wani,DEMO-KPT-4190,House No. RB-778,Street 15,Saddar,9,0,Plot,Hammad Wani,Sultan Ghazali,Pending,Paid,Under Review,Due,30700000.0
9818,Tehmina Rehman,DEMO-KPT-9818,House No. DR-494,Street 15,Saddar,9,0,Plot,Tehmina Rehman,Nizam Umer,Verified,Paid,Issue Found,Due,49700000.0
4147,Huma Ghauri,DEMO-KPT-4147,House No. BD-749,Street 17,Saddar,9,0,Plot,Huma Ghauri,Bakhtawar Marwat,Litigated,Due,Issue Found,Due,58400000.0
8107,Mirza Barakzai,DEMO-KPT-8107,House No. RC-359,Street 17,Saddar,9,0,Plot,Mirza Barakzai,Neelam Cheema,Pending,Due,Clear,Paid,36200000.0
13130,Tahmina Anwar,DEMO-KPT-13130,House No. BB-414,Street 17,Saddar,9,0,Plot,Tahmina Anwar,Zehra Gilani,Verified,Paid,Issue Found,Due,78300000.0
6191,Izhar Usmani,DEMO-KPT-6191,House No. CB-890,Street 18,Saddar,9,0,Plot,Izhar Usmani,Furqan Leghari,Verified,Due,Clear,Due,60800000.0
4192,Mehwish Chaudhry,DEMO-KPT-4192,House No. CD-510,Street 20,Saddar,9,0,Plot,Mehwish Chaudhry,Farah Shinwari,Litigated,Due,Clear,Paid,27400000.0
11674,Hamid Peerzada,DEMO-KPT-11674,House No. CB-719,Street 20,Saddar,9,0,Plot,Hamid Peerzada,Iffat Naseem,Pending,Due,Clear,Paid,42800000.0
8101,Khalid Bettani,DEMO-KPT-8101,House No. RB-351,Street 25,Saddar,9,0,Plot,Khalid Bettani,Nadeem Mahsud,Litigated,Paid,Clear,Due,59700000.0
8071,Hafsa Bhutto,DEMO-KPT-8071,House No. CC-352,Street 28,Saddar,9,0,Plot,Hafsa Bhutto,Ayla Gandapur,Litigated,Due,Under Review,Due,67300000.0
13224,Sadaf Mari,DEMO-KPT-13224,House No. DR-648,Street 2,Saddar,10,0,Plot,Sadaf Mari,Beenish Kamal,Verified,Paid,Clear,Paid,29500000.0
16845,Wajiha Gondal,DEMO-KPT-16845,House No. DCB-630,Street 2,Saddar,10,0,Plot,Wajiha Gondal,Arif Dayo,Verified,Paid,Clear,Paid,55700000.0
4254,Nauman Mirza,DEMO-KPT-4254,House No. BB-833,Street 4,Saddar,10,0,Plot,Nauman Mirza,Abid Khosa,Verified,Due,Issue Found,Paid,67700000.0
13254,Rooman Baloch,DEMO-KPT-13254,House No. CC-545,Street 4,Saddar,10,0,Plot,Rooman Baloch,Mahrukh Soomro,Verified,Due,Issue Found,Paid,67900000.0
15199,Sumbal Pasha,DEMO-KPT-15199,House No. BDR-737,Street 6,Saddar,10,0,Plot,Sumbal Pasha,Alina Hameed,Litigated,Due,Under Review,Due,74700000.0
9867,Hanif Sindhi,DEMO-KPT-9867,House No. RR-557,Street 7,Saddar,10,0,Plot,Hanif Sindhi,Sabih Shah,Verified,Due,Clear,Due,67600000.0
15146,Fareed Sindhi,DEMO-KPT-15146,House No. CRB-765,Street 7,Saddar,10,0,Plot,Fareed Sindhi,Rimsha Talpur,Pending,Due,Issue Found,Due,31100000.0
16839,Shahzad Rajput,DEMO-KPT-16839,House No. DCB-619,Street 8,Saddar,10,0,Plot,Shahzad Rajput,Saleem Mangi,Pending,Paid,Under Review,Paid,28700000.0
16814,Nageen Iqbal,DEMO-KPT-16814,House No. CRD-846,Street 10,Saddar,10,0,Plot,Nageen Iqbal,Affan Majeed,Pending,Paid,Issue Found,Paid,38400000.0
6326,Shahab Saeed,DEMO-KPT-6326,House No. DR-788,Street 11,Saddar,10,0,Plot,Shahab Saeed,Esha Hashmi,Verified,Due,Issue Found,Due,31000000.0
2360,Fawad Farooqi,DEMO-KPT-2360,House No. D-622,Street 13,Saddar,10,0,Plot,Fawad Farooqi,Tahir Bajwa,Verified,Due,Under Review,Due,60600000.0
9902,Saba Barakzai,DEMO-KPT-9902,House No. RD-684,Street 13,Saddar,10,0,Plot,Saba Barakzai,Zartaj Tariq,Verified,Due,Clear,Paid,64300000.0
11685,Mahir Zubair,DEMO-KPT-11685,House No. BR-492,Street 14,Saddar,10,0,Plot,Mahir Zubair,Iftikhar Hanif,Verified,Due,Issue Found,Paid,40400000.0
2301,Bilawal Yasin,DEMO-KPT-2301,House No. B-359,Street 16,Saddar,10,0,Plot,Bilawal Yasin,Aslam Warsi,Pending,Paid,Under Review,Due,61100000.0
4313,Nauman Soomro,DEMO-KPT-4313,House No. RR-474,Street 19,Saddar,10,0,Plot,Nauman Soomro,Haris Barakzai,Pending,Paid,Issue Found,Paid,53600000.0
13192,Benazir Sipra,DEMO-KPT-13192,House No. BR-622,Street 20,Saddar,10,0,Plot,Benazir Sipra,Balaj Umer,Litigated,Due,Clear,Paid,26600000.0
16873,Haziq Orakzai,DEMO-KPT-16873,House No. DCB-538,Street 26,Saddar,10,0,Plot,Haziq Orakzai,Sahar Yousaf,Pending,Due,Under Review,Due,52400000.0
15131,Majid Niazi,DEMO-KPT-15131,House No. CDB-340,Street 29,Saddar,10,0,Plot,Majid Niazi,Tayyaba Ansari,Pending,Due,Clear,Due,55000000.0
11754,Jalal Warsi,DEMO-KPT-11754,House No. DD-756,Street 30,Saddar,10,0,Plot,Jalal Warsi,Hafiz Sadiq,Verified,Paid,Issue Found,Paid,69700000.0
2413,Hussnain Chattha,DEMO-KPT-2413,House No. D-745,Street 1,Saddar,11,0,Plot,Hussnain Chattha,Khalid Saeed,Litigated,Paid,Clear,Paid,41700000.0
13260,Shahmeer Tariq,DEMO-KPT-13260,House No. CR-323,Street 1,Saddar,11,0,Plot,Shahmeer Tariq,Rameez Bettani,Verified,Due,Under Review,Paid,68700000.0
13310,Mahira Saeed,DEMO-KPT-13310,House No. CR-335,Street 3,Saddar,11,0,Plot,Mahira Saeed,Aziz Buriro,Pending,Due,Clear,Due,31700000.0
8200,Aneeqa Bangash,DEMO-KPT-8200,House No. RC-752,Street 4,Saddar,11,0,Plot,Aneeqa Bangash,Raheela Randhawa,Pending,Due,Under Review,Due,48500000.0
16946,Salahuddin Rabbani,DEMO-KPT-16946,House No. BCD-486,Street 7,Saddar,11,0,Plot,Salahuddin Rabbani,Rooman Bhatti,Pending,Due,Issue Found,Due,66500000.0
15238,Ayub Mazari,DEMO-KPT-15238,House No. BDC-425,Street 8,Saddar,11,0,Plot,Ayub Mazari,Imtiaz Baig,Verified,Paid,Issue Found,Paid,23900000.0
2366,Irfan Barakzai,DEMO-KPT-2366,House No. D-505,Street 13,Saddar,11,0,Plot,Irfan Barakzai,Fasih Zubair,Pending,Paid,Clear,Paid,75800000.0
6410,Waqar Ijaz,DEMO-KPT-6410,House No. CR-376,Street 13,Saddar,11,0,Plot,Waqar Ijaz,Hasnain Joiya,Verified,Due,Under Review,Due,35900000.0
8216,Haziq Noor,DEMO-KPT-8216,House No. CC-770,Street 13,Saddar,11,0,Plot,Haziq Noor,Areeba Bukhari,Pending,Paid,Clear,Paid,68100000.0
11810,Manzoor Malik,DEMO-KPT-11810,House No. CR-629,Street 13,Saddar,11,0,Plot,Manzoor Malik,Umaima Randhawa,Verified,Due,Under Review,Due,34900000.0
11816,Asad Mirza,DEMO-KPT-11816,House No. BD-341,Street 13,Saddar,11,0,Plot,Asad Mirza,Amir Zafar,Pending,Paid,Clear,Paid,41800000.0
9997,Jazib Yaqoob,DEMO-KPT-9997,House No. CB-604,Street 17,Saddar,11,0,Plot,Jazib Yaqoob,Rashid Gill,Litigated,Due,Issue Found,Due,52700000.0
16913,Bushra Wazir,DEMO-KPT-16913,House No. BCR-518,Street 19,Saddar,11,0,Plot,Bushra Wazir,Shehryar Hashmi,Pending,Paid,Issue Found,Paid,78100000.0
8199,Malaika Iqbal,DEMO-KPT-8199,House No. BC-305,Street 20,Saddar,11,0,Plot,Malaika Iqbal,Nighat Mir,Verified,Due,Clear,Due,23200000.0
6386,Taimur Sial,DEMO-KPT-6386,House No. CR-517,Street 21,Saddar,11,0,Plot,Taimur Sial,Shabana Mahar,Verified,Due,Under Review,Due,58900000.0
8229,Haris Qureshi,DEMO-KPT-8229,House No. CC-533,Street 21,Saddar,11,0,Plot,Haris Qureshi,Hidayat Dogar,Litigated,Due,Issue Found,Paid,26300000.0
13273,Luqman Khosa,DEMO-KPT-13273,House No. RC-587,Street 26,Saddar,11,0,Plot,Luqman Khosa,Aqsa Sindhi,Pending,Due,Under Review,Due,57000000.0
15224,Alam Soomro,DEMO-KPT-15224,House No. DBR-343,Street 26,Saddar,11,0,Plot,Alam Soomro,Shahbaz Shafiq,Litigated,Paid,Clear,Due,64000000.0
15200,Lamia Dayo,DEMO-KPT-15200,House No. RDB-872,Street 27,Saddar,11,0,Plot,Lamia Dayo,Yasmeen Baig,Verified,Paid,Issue Found,Paid,68400000.0
2368,Sara Zubairi,DEMO-KPT-2368,House No. R-784,Street 29,Saddar,11,0,Plot,Sara Zubairi,Nimra Awan,Litigated,Paid,Issue Found,Paid,41800000.0
8218,Arham Baloch,DEMO-KPT-8218,House No. BB-373,Street 29,Saddar,11,0,Plot,Arham Baloch,Parvez Lashari,Litigated,Paid,Issue Found,Paid,25500000.0
8263,Arsalan Ilyas,DEMO-KPT-8263,House No. DB-322,Street 1,Saddar,12,0,Plot,Arsalan Ilyas,Ammar Joiya,Litigated,Paid,Clear,Paid,41600000.0
2445,Kamran Lughmani,DEMO-KPT-2445,House No. C-786,Street 2,Saddar,12,0,Plot,Kamran Lughmani,Mehrunnisa Siddiqui,Verified,Paid,Clear,Paid,22300000.0
2510,Sibtain Waheed,DEMO-KPT-2510,House No. B-340,Street 3,Saddar,12,0,Plot,Sibtain Waheed,Azka Zia,Pending,Due,Clear,Due,63300000.0
10041,Zunaira Yaqoob,DEMO-KPT-10041,House No. RC-531,Street 3,Saddar,12,0,Plot,Zunaira Yaqoob,Ayesha Butt,Pending,Paid,Issue Found,Paid,47600000.0
6486,Danish Durrani,DEMO-KPT-6486,House No. BD-581,Street 7,Saddar,12,0,Plot,Danish Durrani,Irtaza Lashari,Pending,Paid,Under Review,Paid,45800000.0
11890,Sabrina Hussain,DEMO-KPT-11890,House No. RC-332,Street 9,Saddar,12,0,Plot,Sabrina Hussain,Hashir Farooq,Verified,Due,Under Review,Due,38000000.0
6464,Aryan Bugti,DEMO-KPT-6464,House No. CB-450,Street 10,Saddar,12,0,Plot,Aryan Bugti,Bakhtawar Mahar,Pending,Paid,Issue Found,Paid,28500000.0
11864,Neelam Sandhu,DEMO-KPT-11864,House No. RD-431,Street 10,Saddar,12,0,Plot,Neelam Sandhu,Anmol Mohammadzai,Pending,Paid,Issue Found,Paid,34500000.0
2478,Atif Chandio,DEMO-KPT-2478,House No. C-678,Street 11,Saddar,12,0,Plot,Atif Chandio,Younas Alvi,Verified,Paid,Issue Found,Paid,27000000.0
2542,Ayub Pasha,DEMO-KPT-2542,House No. C-316,Street 12,Saddar,12,0,Plot,Ayub Pasha,Irfan Kidwai,Litigated,Due,Clear,Paid,48000000.0
13342,Mehreen Ranjha,DEMO-KPT-13342,House No. RC-657,Street 12,Saddar,12,0,Plot,Mehreen Ranjha,Kamil Sindhi,Litigated,Due,Clear,Paid,61400000.0
10016,Zahida Mari,DEMO-KPT-10016,House No. DR-352,Street 13,Saddar,12,0,Plot,Zahida Mari,Ihsan Naqvi,Pending,Paid,Clear,Paid,28300000.0
8267,Pervaiz Gandapur,DEMO-KPT-8267,House No. BD-312,Street 14,Saddar,12,0,Plot,Pervaiz Gandapur,Sajida Ilyas,Pending,Paid,Under Review,Due,50500000.0
11860,Qurat Yousafzai,DEMO-KPT-11860,House No. BB-882,Street 14,Saddar,12,0,Plot,Qurat Yousafzai,Manzoor Shaikh,Litigated,Due,Issue Found,Paid,66200000.0
15285,Mashal Wattoo,DEMO-KPT-15285,House No. RDB-527,Street 14,Saddar,12,0,Plot,Mashal Wattoo,Inaya Javed,Verified,Due,Issue Found,Paid,62900000.0
13333,Afshan Dahri,DEMO-KPT-13333,House No. CB-795,Street 17,Saddar,12,0,Plot,Afshan Dahri,Anmol Javed,Litigated,Paid,Issue Found,Due,73700000.0
4460,Hadi Turk,DEMO-KPT-4460,House No. DC-410,Street 18,Saddar,12,0,Plot,Hadi Turk,Parvez Ijaz,Verified,Paid,Under Review,Paid,41900000.0
6516,Mahira Tareen,DEMO-KPT-6516,House No. RR-678,Street 19,Saddar,12,0,Plot,Mahira Tareen,Zarar Hafeez,Verified,Due,Clear,Paid,46500000.0
16959,Waleed Jaffri,DEMO-KPT-16959,House No. DRB-572,Street 19,Saddar,12,0,Plot,Waleed Jaffri,Tamkeen Iqbal,Litigated,Due,Clear,Paid,38800000.0
13382,Sajida Wazir,DEMO-KPT-13382,House No. CR-531,Street 22,Saddar,12,0,Plot,Sajida Wazir,Kamran Mehmood,Pending,Due,Issue Found,Paid,25500000.0
13319,Balaj Dreshak,DEMO-KPT-13319,House No. BR-661,Street 25,Saddar,12,0,Plot,Balaj Dreshak,Mahjabeen Rajper,Verified,Due,Under Review,Due,29400000.0
11818,Kausar Shakeel,DEMO-KPT-11818,House No. BR-789,Street 29,Saddar,12,0,Plot,Kausar Shakeel,Sahil Imran,Litigated,Paid,Issue Found,Paid,63800000.0
15276,Azhar Hayat,DEMO-KPT-15276,House No. CRD-742,Street 29,Saddar,12,0,Plot,Azhar Hayat,Nuzhat Mian,Pending,Due,Issue Found,Due,55000000.0
8257,Komal Nawaz,DEMO-KPT-8257,House No. CR-416,Street 30,Saddar,12,0,Plot,Komal Nawaz,Azka Mughal,Pending,Paid,Clear,Due,50400000.0
10057,Aqsa Gill,DEMO-KPT-10057,House No. CC-793,Street 30,Saddar,12,0,Plot,Aqsa Gill,Omer Tarar,Pending,Paid,Clear,Due,36800000.0
6598,Saqib Talpur,DEMO-KPT-6598,House No. RR-535,Street 3,Saddar,13,0,Plot,Saqib Talpur,Kashaf Bajwa,Litigated,Paid,Under Review,Due,40300000.0
8360,Sidrah Dar,DEMO-KPT-8360,House No. CD-479,Street 3,Saddar,13,0,Plot,Sidrah Dar,Sohail Lak,Pending,Due,Clear,Due,55700000.0
8411,Mahnoor Lakhani,DEMO-KPT-8411,House No. DD-734,Street 3,Saddar,13,0,Plot,Mahnoor Lakhani,Riaz Mahesar,Pending,Due,Issue Found,Paid,62900000.0
13405,Kaleem Riaz,DEMO-KPT-13405,House No. BR-559,Street 5,Saddar,13,0,Plot,Kaleem Riaz,Munir Ansari,Pending,Paid,Issue Found,Due,69300000.0
10138,Awais Lughmani,DEMO-KPT-10138,House No. BD-887,Street 8,Saddar,13,0,Plot,Awais Lughmani,Rehman Ghazali,Pending,Paid,Issue Found,Due,68600000.0
11928,Farzana Ijaz,DEMO-KPT-11928,House No. BC-603,Street 11,Saddar,13,0,Plot,Farzana Ijaz,Esha Rajper,Verified,Paid,Issue Found,Paid,74800000.0
4597,Mansoor Chandio,DEMO-KPT-4597,House No. CB-707,Street 17,Saddar,13,0,Plot,Mansoor Chandio,Zohair Saif,Litigated,Due,Issue Found,Due,36400000.0
6583,Farrukh Pasha,DEMO-KPT-6583,House No. DB-570,Street 17,Saddar,13,0,Plot,Farrukh Pasha,Shafaq Dogar,Litigated,Paid,Issue Found,Due,64700000.0
10183,Zohair Yazdani,DEMO-KPT-10183,House No. CC-444,Street 17,Saddar,13,0,Plot,Zohair Yazdani,Kafeel Lashari,Litigated,Paid,Issue Found,Due,56300000.0
11901,Zaynab Shah,DEMO-KPT-11901,House No. BD-552,Street 17,Saddar,13,0,Plot,Zaynab Shah,Yahya Mughal,Verified,Paid,Under Review,Paid,78400000.0
6563,Hasnain Talpur,DEMO-KPT-6563,House No. RD-633,Street 19,Saddar,13,0,Plot,Hasnain Talpur,Mansoor Gandapur,Pending,Paid,Issue Found,Paid,59800000.0
4501,Sitara Zubair,DEMO-KPT-4501,House No. BR-743,Street 25,Saddar,13,0,Plot,Sitara Zubair,Fareeha Randhawa,Litigated,Paid,Clear,Due,21000000.0
6569,Sajida Jamali,DEMO-KPT-6569,House No. RR-647,Street 25,Saddar,13,0,Plot,Sajida Jamali,Mahir Mustafa,Verified,Due,Under Review,Due,77400000.0
10150,Wajid Ghaffar,DEMO-KPT-10150,House No. DD-850,Street 27,Saddar,13,0,Plot,Wajid Ghaffar,Kaneez Mohmand,Pending,Due,Clear,Paid,40300000.0
13400,Hassan Ghazali,DEMO-KPT-13400,House No. CR-746,Street 27,Saddar,13,0,Plot,Hassan Ghazali,Asim Alvi,Verified,Paid,Issue Found,Paid,27900000.0
10077,Imtiaz Jamali,DEMO-KPT-10077,House No. RD-312,Street 28,Saddar,13,0,Plot,Imtiaz Jamali,Rafia Iqbal,Verified,Paid,Under Review,Due,79200000.0
8455,Shan Orakzai,DEMO-KPT-8455,House No. RD-607,Street 5,Saddar,14,0,Plot,Shan Orakzai,Shaheen Korai,Pending,Paid,Issue Found,Due,34800000.0
10231,Sameer Sultan,DEMO-KPT-10231,House No. CR-495,Street 5,Saddar,14,0,Plot,Sameer Sultan,Laila Dar,Verified,Due,Under Review,Due,53100000.0
15425,Hidayat Janjua,DEMO-KPT-15425,House No. RDC-441,Street 9,Saddar,14,0,Plot,Hidayat Janjua,Mohib Barakzai,Pending,Paid,Under Review,Paid,52400000.0
15410,Tanveer Mustafa,DEMO-KPT-15410,House No. CDR-501,Street 13,Saddar,14,0,Plot,Tanveer Mustafa,Bakhtiar Chandio,Verified,Due,Under Review,Due,21400000.0
6668,Zeeshan Usmani,DEMO-KPT-6668,House No. CR-661,Street 15,Saddar,14,0,Plot,Zeeshan Usmani,Imtiaz Nadeem,Verified,Paid,Issue Found,Due,35400000.0
2751,Sameer Ahmed,DEMO-KPT-2751,House No. B-698,Street 16,Saddar,14,0,Plot,Sameer Ahmed,Yumna Lone,Pending,Paid,Under Review,Due,66900000.0
2707,Zunaira Wazir,DEMO-KPT-2707,House No. C-830,Street 17,Saddar,14,0,Plot,Zunaira Wazir,Fabiha Mahar,Pending,Due,Clear,Paid,35100000.0
6641,Uzair Cheema,DEMO-KPT-6641,House No. BB-569,Street 18,Saddar,14,0,Plot,Uzair Cheema,Sumbal Mansoor,Verified,Due,Clear,Due,71100000.0
10209,Anas Saeed,DEMO-KPT-10209,House No. DB-592,Street 19,Saddar,14,0,Plot,Anas Saeed,Kinza Mahesar,Litigated,Due,Clear,Paid,52400000.0
4723,Nawal Shaikh,DEMO-KPT-4723,House No. RB-830,Street 26,Saddar,14,0,Plot,Nawal Shaikh,Shan Sipra,Pending,Due,Under Review,Due,31600000.0
8450,Mehak Zubair,DEMO-KPT-8450,House No. CR-751,Street 27,Saddar,14,0,Plot,Mehak Zubair,Azhar Ranjha,Verified,Paid,Issue Found,Paid,61600000.0
13486,Imran Tareen,DEMO-KPT-13486,House No. DRC-787,Street 27,Saddar,14,0,Plot,Imran Tareen,Nashra Farooqi,Pending,Paid,Issue Found,Paid,46900000.0
13476,Malaika Durrani,DEMO-KPT-13476,House No. CRB-506,Street 29,Saddar,14,0,Plot,Malaika Durrani,Mashal Mahsud,Pending,Due,Issue Found,Due,73300000.0
6814,Younas Ranjha,DEMO-KPT-6814,House No. BR-483,Street 3,Saddar,15,0,Plot,Younas Ranjha,Mukhtar Khalid,Pending,Paid,Issue Found,Due,20300000.0
15504,Abid Imran,DEMO-KPT-15504,House No. DRC-412,Street 4,Saddar,15,0,Plot,Abid Imran,Nudrat Rana,Verified,Due,Issue Found,Paid,66100000.0
12067,Afreen Achakzai,DEMO-KPT-12067,House No. DR-331,Street 5,Saddar,15,0,Plot,Afreen Achakzai,Babar Sipra,Pending,Paid,Clear,Paid,32800000.0
4849,Arif Nawaz,DEMO-KPT-4849,House No. CR-333,Street 6,Saddar,15,0,Plot,Arif Nawaz,Ejaz Tunio,Litigated,Due,Under Review,Due,66000000.0
2825,Ijaz Zahid,DEMO-KPT-2825,House No. R-437,Street 9,Saddar,15,0,Plot,Ijaz Zahid,Ashar Malik,Pending,Paid,Under Review,Paid,79200000.0
6776,Aslam Alvi,DEMO-KPT-6776,House No. CB-867,Street 11,Saddar,15,0,Plot,Aslam Alvi,Sohail Peerzada,Verified,Due,Issue Found,Due,29900000.0
15499,Anila Rehman,DEMO-KPT-15499,House No. CRD-495,Street 11,Saddar,15,0,Plot,Anila Rehman,Shamoon Magsi,Pending,Due,Issue Found,Due,23700000.0
2789,Khansa Memon,DEMO-KPT-2789,House No. C-892,Street 14,Saddar,15,0,Plot,Khansa Memon,Qayyum Shaikh,Verified,Due,Under Review,Due,42300000.0
13667,Parvez Dawood,DEMO-KPT-13667,House No. CDB-806,Street 14,Saddar,15,0,Plot,Parvez Dawood,Sumayya Rafique,Pending,Paid,Under Review,Due,39200000.0
2797,Khizar Hussain,DEMO-KPT-2797,House No. D-778,Street 17,Saddar,15,0,Plot,Khizar Hussain,Yumna Dahri,Litigated,Due,Issue Found,Due,63000000.0
10357,Burhan Qadir,DEMO-KPT-10357,House No. CD-735,Street 17,Saddar,15,0,Plot,Burhan Qadir,Ifrah Javed,Pending,Due,Clear,Paid,75900000.0
2832,Khawar Durrani,DEMO-KPT-2832,House No. R-836,Street 18,Saddar,15,0,Plot,Khawar Durrani,Beenish Ghazali,Pending,Due,Issue Found,Paid,37000000.0
8510,Rashida Warraich,DEMO-KPT-8510,House No. RD-361,Street 18,Saddar,15,0,Plot,Rashida Warraich,Aun Zubairi,Verified,Paid,Under Review,Paid,58600000.0
15432,Tahreem Sial,DEMO-KPT-15432,House No. CRD-725,Street 18,Saddar,15,0,Plot,Tahreem Sial,Taha Ghauri,Pending,Due,Issue Found,Paid,42100000.0
2819,Fareed Mahesar,DEMO-KPT-2819,House No. D-549,Street 22,Saddar,15,0,Plot,Fareed Mahesar,Amal Kamal,Verified,Paid,Under Review,Due,55600000.0
4747,Sehrish Qadri,DEMO-KPT-4747,House No. BD-500,Street 26,Saddar,15,0,Plot,Sehrish Qadri,Owais Leghari,Litigated,Paid,Under Review,Due,41400000.0
4850,Balaj Nasar,DEMO-KPT-4850,House No. RB-577,Street 27,Saddar,15,0,Plot,Balaj Nasar,Shan Rafique,Verified,Paid,Issue Found,Paid,39500000.0
8514,Sadia Mohammadzai,DEMO-KPT-8514,House No. CR-750,Street 27,Saddar,15,0,Plot,Sadia Mohammadzai,Rooman Minhas,Verified,Due,Issue Found,Paid,79000000.0
15526,Aun Bangash,DEMO-KPT-15526,House No. BDC-503,Street 27,Saddar,15,0,Plot,Aun Bangash,Aryan Zaidi,Litigated,Paid,Clear,Due,21400000.0
10321,Bakhtawar Swati,DEMO-KPT-10321,House No. CD-545,Street 28,Saddar,15,0,Plot,Bakhtawar Swati,Daniyal Swati,Litigated,Due,Under Review,Due,57900000.0
10326,Waqar Bettani,DEMO-KPT-10326,House No. DC-368,Street 29,Saddar,15,0,Plot,Waqar Bettani,Inaya Malik,Pending,Due,Issue Found,Due,57200000.0
12089,Vaqar Umer,DEMO-KPT-12089,House No. BR-617,Street 30,Saddar,15,0,Plot,Vaqar Umer,Obaid Randhawa,Litigated,Due,Issue Found,Paid,21600000.0
8614,Mahir Leghari,DEMO-KPT-8614,House No. BB-420,Street 3,Saddar,16,0,Plot,Mahir Leghari,Batool Lashari,Pending,Paid,Issue Found,Due,50900000.0
8650,Qurat Buriro,DEMO-KPT-8650,House No. CB-714,Street 4,Saddar,16,0,Plot,Qurat Buriro,Rashid Zaidi,Pending,Due,Under Review,Due,51400000.0
12117,Mahjabeen Randhawa,DEMO-KPT-12117,House No. CR-569,Street 7,Saddar,16,0,Plot,Mahjabeen Randhawa,Nizam Abbasi,Verified,Due,Clear,Due,71400000.0
13738,Sara Sahito,DEMO-KPT-13738,House No. RDC-482,Street 8,Saddar,16,0,Plot,Sara Sahito,Maryum Ghaffar,Pending,Paid,Issue Found,Due,32700000.0
8576,Kanwal Lone,DEMO-KPT-8576,House No. BB-725,Street 11,Saddar,16,0,Plot,Kanwal Lone,Inshal Chaudhry,Verified,Due,Issue Found,Due,71100000.0
8660,Kabir Zubairi,DEMO-KPT-8660,House No. RC-864,Street 13,Saddar,16,0,Plot,Kabir Zubairi,Sabahat Dawood,Verified,Due,Under Review,Due,66600000.0
8639,Hina Samo,DEMO-KPT-8639,House No. DC-873,Street 14,Saddar,16,0,Plot,Hina Samo,Nawaz Akhtar,Verified,Due,Under Review,Due,62300000.0
15587,Ijaz Dawood,DEMO-KPT-15587,House No. DCR-398,Street 14,Saddar,16,0,Plot,Ijaz Dawood,Sakina Shah,Verified,Paid,Under Review,Due,62000000.0
15583,Naeem Niazi,DEMO-KPT-15583,House No. BRC-753,Street 17,Saddar,16,0,Plot,Naeem Niazi,Saleha Sultan,Litigated,Paid,Issue Found,Due,56000000.0
12110,Tahseen Majeed,DEMO-KPT-12110,House No. RD-342,Street 18,Saddar,16,0,Plot,Tahseen Majeed,Aamir Zahid,Verified,Paid,Under Review,Paid,56000000.0
13723,Imad Khan,DEMO-KPT-13723,House No. DCB-686,Street 26,Saddar,16,0,Plot,Imad Khan,Jannat Pirzada,Pending,Due,Under Review,Due,75500000.0
2950,Uroosa Shaikh,DEMO-KPT-2950,House No. R-561,Street 27,Saddar,16,0,Plot,Uroosa Shaikh,Sumaira Laghari,Pending,Due,Clear,Paid,63600000.0
4921,Yameen Samo,DEMO-KPT-4921,House No. BR-505,Street 28,Saddar,16,0,Plot,Yameen Samo,Zafar Baloch,Litigated,Due,Under Review,Due,73500000.0
6913,Sharmeen Ghaffar,DEMO-KPT-6913,House No. CC-362,Street 1,Saddar,17,0,Plot,Sharmeen Ghaffar,Parveen Malik,Litigated,Paid,Clear,Paid,54300000.0
10513,Ifrah Tiwana,DEMO-KPT-10513,House No. RD-630,Street 1,Saddar,17,0,Plot,Ifrah Tiwana,Faisal Popalzai,Litigated,Paid,Clear,Paid,31600000.0
2998,Luqman Randhawa,DEMO-KPT-2998,House No. R-851,Street 3,Saddar,17,0,Plot,Luqman Randhawa,Tasneem Tariq,Litigated,Paid,Under Review,Due,38000000.0
6939,Naureen Yasin,DEMO-KPT-6939,House No. DB-565,Street 8,Saddar,17,0,Plot,Naureen Yasin,Kamal Usmani,Pending,Paid,Under Review,Paid,66900000.0
6988,Ayla Leghari,DEMO-KPT-6988,House No. CD-604,Street 8,Saddar,17,0,Plot,Ayla Leghari,Kashif Qazi,Pending,Paid,Issue Found,Due,63800000.0
10539,Ambreen Farooqi,DEMO-KPT-10539,House No. RC-755,Street 8,Saddar,17,0,Plot,Ambreen Farooqi,Mehreen Butt,Pending,Paid,Under Review,Paid,58200000.0
6910,Zubair Shakir,DEMO-KPT-6910,House No. BR-685,Street 14,Saddar,17,0,Plot,Zubair Shakir,Farah Tanvir,Litigated,Due,Issue Found,Paid,38100000.0
10500,Jamila Khokhar,DEMO-KPT-10500,House No. BC-731,Street 14,Saddar,17,0,Plot,Jamila Khokhar,Manzoor Rajper,Verified,Paid,Clear,Due,76600000.0
15668,Sameer Pasha,DEMO-KPT-15668,House No. CBR-385,Street 15,Saddar,17,0,Plot,Sameer Pasha,Munib Malik,Verified,Paid,Issue Found,Due,36600000.0
5001,Tanzeela Dawood,DEMO-KPT-5001,House No. CB-664,Street 16,Saddar,17,0,Plot,Tanzeela Dawood,Zahida Lodhi,Pending,Paid,Under Review,Due,75500000.0
2983,Emaan Baig,DEMO-KPT-2983,House No. R-698,Street 17,Saddar,17,0,Plot,Emaan Baig,Zubaid Hanif,Litigated,Paid,Issue Found,Due,64600000.0
4957,Shayan Mahsud,DEMO-KPT-4957,House No. CD-507,Street 17,Saddar,17,0,Plot,Shayan Mahsud,Sabih Mirani,Pending,Due,Clear,Paid,59000000.0
8751,Shamoon Panhwar,DEMO-KPT-8751,House No. DC-329,Street 17,Saddar,17,0,Plot,Shamoon Panhwar,Munib Rashid,Verified,Paid,Under Review,Paid,49100000.0
15609,Sehrish Hanif,DEMO-KPT-15609,House No. RDB-593,Street 19,Saddar,17,0,Plot,Sehrish Hanif,Hafiz Mian,Litigated,Due,Clear,Paid,64700000.0
5036,Hammad Sahito,DEMO-KPT-5036,House No. CD-686,Street 21,Saddar,17,0,Plot,Hammad Sahito,Zulekha Hameed,Verified,Due,Under Review,Due,49000000.0
12151,Iftikhar Kamboh,DEMO-KPT-12151,House No. RD-690,Street 25,Saddar,17,0,Plot,Iftikhar Kamboh,Maqsood Tanoli,Litigated,Paid,Clear,Due,30100000.0
12193,Yusuf Rajput,DEMO-KPT-12193,House No. BR-878,Street 25,Saddar,17,0,Plot,Yusuf Rajput,Maimoona Ijaz,Pending,Due,Under Review,Paid,28900000.0
13850,Humaira Niazi,DEMO-KPT-13850,House No. RCD-473,Street 27,Saddar,17,0,Plot,Humaira Niazi,Qudrat Saif,Verified,Paid,Issue Found,Paid,30600000.0
10468,Zahra Yasin,DEMO-KPT-10468,House No. DB-324,Street 29,Saddar,17,0,Plot,Zahra Yasin,Mina Saleem,Litigated,Paid,Issue Found,Paid,29100000.0
8707,Ibrahim Dahri,DEMO-KPT-8707,House No. DD-329,Street 30,Saddar,17,0,Plot,Ibrahim Dahri,Ammar Warraich,Pending,Paid,Clear,Due,21600000.0
12204,Jamshed Gandapur,DEMO-KPT-12204,House No. BB-346,Street 30,Saddar,17,0,Plot,Jamshed Gandapur,Ijaz Virk,Verified,Paid,Issue Found,Paid,62100000.0
8760,Hussain Shafi,DEMO-KPT-8760,House No. CC-701,Street 1,Saddar,18,0,Plot,Hussain Shafi,Babar Kalhoro,Verified,Due,Under Review,Paid,30600000.0
12291,Sadiq Imran,DEMO-KPT-12291,House No. DB-482,Street 3,Saddar,18,0,Plot,Sadiq Imran,Rakhshanda Zardari,Pending,Paid,Issue Found,Paid,70800000.0
8795,Rafiq Dahri,DEMO-KPT-8795,House No. BR-813,Street 5,Saddar,18,0,Plot,Rafiq Dahri,Aisha Mohammadzai,Pending,Paid,Issue Found,Paid,75700000.0
15694,Nailah Awan,DEMO-KPT-15694,House No. CRB-419,Street 7,Saddar,18,0,Plot,Nailah Awan,Farzana Kayani,Verified,Due,Under Review,Paid,30200000.0
15717,Sadaqat Yasin,DEMO-KPT-15717,House No. BDR-444,Street 7,Saddar,18,0,Plot,Sadaqat Yasin,Sumbal Bhittani,Verified,Due,Clear,Due,65400000.0
12312,Shaheer Awan,DEMO-KPT-12312,House No. RD-752,Street 9,Saddar,18,0,Plot,Shaheer Awan,Aneesa Bangash,Litigated,Due,Under Review,Due,71500000.0
5114,Sidrah Popalzai,DEMO-KPT-5114,House No. DB-883,Street 10,Saddar,18,0,Plot,Sidrah Popalzai,Ayla Zaidi,Pending,Paid,Issue Found,Paid,79500000.0
3176,Nargis Ranjha,DEMO-KPT-3176,House No. C-632,Street 11,Saddar,18,0,Plot,Nargis Ranjha,Khizar Mansoor,Verified,Due,Issue Found,Due,23300000.0
13952,Dilshad Qureshi,DEMO-KPT-13952,House No. BCD-604,Street 13,Saddar,18,0,Plot,Dilshad Qureshi,Adeel Javed,Verified,Due,Clear,Paid,49600000.0
5064,Zuha Lodhi,DEMO-KPT-5064,House No. BC-611,Street 15,Saddar,18,0,Plot,Zuha Lodhi,Yusra Zubairi,Verified,Due,Issue Found,Paid,63000000.0
8833,Rehmat Lone,DEMO-KPT-8833,House No. BD-400,Street 17,Saddar,18,0,Plot,Rehmat Lone,Mukarram Kidwai,Litigated,Paid,Issue Found,Due,41600000.0
12281,Samiya Pasha,DEMO-KPT-12281,House No. RR-877,Street 17,Saddar,18,0,Plot,Samiya Pasha,Sanam Hashmi,Litigated,Due,Clear,Due,42800000.0
10566,Amal Qadir,DEMO-KPT-10566,House No. BR-639,Street 19,Saddar,18,0,Plot,Amal Qadir,Zartaj Qazi,Verified,Due,Clear,Paid,66500000.0
10613,Hania Soomro,DEMO-KPT-10613,House No. BB-656,Street 19,Saddar,18,0,Plot,Hania Soomro,Mustafa Kamal,Pending,Paid,Issue Found,Paid,76400000.0
15724,Ghulam Yousafzai,DEMO-KPT-15724,House No. CDB-414,Street 20,Saddar,18,0,Plot,Ghulam Yousafzai,Fiza Zahid,Pending,Due,Clear,Paid,59000000.0
13951,Fazal Sindhi,DEMO-KPT-13951,House No. DRB-707,Street 25,Saddar,18,0,Plot,Fazal Sindhi,Burhan Awan,Litigated,Paid,Clear,Due,31700000.0
15674,Sheeba Tariq,DEMO-KPT-15674,House No. RBD-629,Street 26,Saddar,18,0,Plot,Sheeba Tariq,Mahnoor Rizvi,Litigated,Paid,Clear,Due,40000000.0
7100,Ayub Gandapur,DEMO-KPT-7100,House No. BD-620,Street 27,Saddar,18,0,Plot,Ayub Gandapur,Irum Gakhar,Verified,Paid,Issue Found,Paid,68000000.0
10576,Javaria Kakar,DEMO-KPT-10576,House No. DD-351,Street 27,Saddar,18,0,Plot,Javaria Kakar,Talat Sultan,Litigated,Paid,Clear,Due,32700000.0
10631,Esha Javed,DEMO-KPT-10631,House No. CD-300,Street 29,Saddar,18,0,Plot,Esha Javed,Waqas Qureshi,Pending,Due,Clear,Due,55900000.0
12280,Maqsood Joiya,DEMO-KPT-12280,House No. CB-801,Street 29,Saddar,18,0,Plot,Maqsood Joiya,Mehreen Aslam,Litigated,Paid,Under Review,Due,67500000.0
15726,Safa Mehmood,DEMO-KPT-15726,House No. BRC-745,Street 29,Saddar,18,0,Plot,Safa Mehmood,Inshal Kakar,Pending,Due,Issue Found,Due,62200000.0
3252,Amir Usmani,DEMO-KPT-3252,House No. D-631,Street 2,Saddar,19,0,Plot,Amir Usmani,Anwar Mari,Litigated,Paid,Clear,Paid,60500000.0
12345,Arisha Marwat,DEMO-KPT-12345,House No. DD-792,Street 2,Saddar,19,0,Plot,Arisha Marwat,Saher Soomro,Verified,Paid,Clear,Paid,20700000.0
8881,Khurram Zahid,DEMO-KPT-8881,House No. DB-412,Street 5,Saddar,19,0,Plot,Khurram Zahid,Mashal Ghaffar,Verified,Due,Under Review,Due,58300000.0
14112,Ubaid Farooqi,DEMO-KPT-14112,House No. CDR-405,Street 9,Saddar,19,0,Plot,Ubaid Farooqi,Zaib Mahsud,Litigated,Due,Under Review,Due,42900000.0
14114,Kabeer Rajper,DEMO-KPT-14114,House No. CBD-694,Street 10,Saddar,19,0,Plot,Kabeer Rajper,Arbaz Shah,Pending,Paid,Issue Found,Paid,71900000.0
3230,Liaquat Bhittani,DEMO-KPT-3230,House No. R-464,Street 17,Saddar,19,0,Plot,Liaquat Bhittani,Omer Farooqi,Verified,Paid,Issue Found,Due,49000000.0
5233,Awais Korai,DEMO-KPT-5233,House No. RC-414,Street 17,Saddar,19,0,Plot,Awais Korai,Sharjeel Jamali,Litigated,Paid,Issue Found,Due,47400000.0
12335,Jannat Kamal,DEMO-KPT-12335,House No. CC-729,Street 18,Saddar,19,0,Plot,Jannat Kamal,Arslan Panhwar,Pending,Due,Issue Found,Paid,47000000.0
5213,Fauzia Umer,DEMO-KPT-5213,House No. RR-481,Street 19,Saddar,19,0,Plot,Fauzia Umer,Hammad Noor,Pending,Paid,Issue Found,Paid,51400000.0
10682,Laila Parvez,DEMO-KPT-10682,House No. CB-592,Street 22,Saddar,19,0,Plot,Laila Parvez,Ayla Alvi,Pending,Due,Issue Found,Paid,62400000.0
5197,Saif Imran,DEMO-KPT-5197,House No. DR-819,Street 26,Saddar,19,0,Plot,Saif Imran,Affan Jamal,Litigated,Paid,Under Review,Due,44700000.0
5176,Sibtain Sabri,DEMO-KPT-5176,House No. CC-800,Street 27,Saddar,19,0,Plot,Sibtain Sabri,Riaz Yousafzai,Litigated,Paid,Clear,Due,20400000.0
7164,Basit Sardar,DEMO-KPT-7164,House No. DD-502,Street 27,Saddar,19,0,Plot,Basit Sardar,Bushra Bukhari,Verified,Due,Issue Found,Paid,62400000.0
10700,Majid Sardar,DEMO-KPT-10700,House No. RR-565,Street 27,Saddar,19,0,Plot,Majid Sardar,Rizwan Zaman,Verified,Paid,Issue Found,Paid,23300000.0
7176,Sabih Zaidi,DEMO-KPT-7176,House No. DR-861,Street 29,Saddar,19,0,Plot,Sabih Zaidi,Ahmed Zaidi,Pending,Due,Issue Found,Due,21500000.0
15913,Aleena Popalzai,DEMO-KPT-15913,House No. CBD-521,Street 1,Saddar,20,0,Plot,Aleena Popalzai,Ishaq Soomro,Litigated,Paid,Clear,Paid,22600000.0
10767,Uzair Shinwari,DEMO-KPT-10767,House No. DB-692,Street 7,Saddar,20,0,Plot,Uzair Shinwari,Minahil Bhittani,Verified,Due,Clear,Due,35700000.0
10738,Maimoona Palijo,DEMO-KPT-10738,House No. RD-876,Street 8,Saddar,20,0,Plot,Maimoona Palijo,Haseeb Ali,Verified,Paid,Issue Found,Paid,58300000.0
12436,Tahseen Chaudhry,DEMO-KPT-12436,House No. DR-534,Street 9,Saddar,20,0,Plot,Tahseen Chaudhry,Rehman Achakzai,Pending,Paid,Clear,Paid,73100000.0
7226,Sahrish Rind,DEMO-KPT-7226,House No. CR-414,Street 11,Saddar,20,0,Plot,Sahrish Rind,Murtaza Imran,Verified,Due,Issue Found,Due,52500000.0
14178,Taimoor Chattha,DEMO-KPT-14178,House No. BRC-533,Street 11,Saddar,20,0,Plot,Taimoor Chattha,Majid Raza,Verified,Paid,Issue Found,Paid,54300000.0
14117,Zamzam Riaz,DEMO-KPT-14117,House No. DRC-751,Street 14,Saddar,20,0,Plot,Zamzam Riaz,Fabiha Shinwari,Pending,Paid,Under Review,Due,37400000.0
7251,Haseeb Ghaffar,DEMO-KPT-7251,House No. CC-527,Street 16,Saddar,20,0,Plot,Haseeb Ghaffar,Maaz Usmani,Pending,Paid,Under Review,Due,78500000.0
15881,Amber Sahito,DEMO-KPT-15881,House No. CRD-672,Street 17,Saddar,20,0,Plot,Amber Sahito,Aryan Peerzada,Litigated,Due,Clear,Due,64000000.0
8969,Zakariya Durrani,DEMO-KPT-8969,House No. DC-479,Street 20,Saddar,20,0,Plot,Zakariya Durrani,Zubia Barakzai,Verified,Due,Clear,Paid,44700000.0
7243,Qamar Gabol,DEMO-KPT-7243,House No. CB-391,Street 25,Saddar,20,0,Plot,Qamar Gabol,Aiman Pirzada,Pending,Due,Under Review,Paid,76900000.0
10776,Mirha Talpur,DEMO-KPT-10776,House No. DD-568,Street 29,Saddar,20,0,Plot,Mirha Talpur,Aqib Bashir,Pending,Due,Issue Found,Due,60000000.0
15880,Rizwaan Magsi,DEMO-KPT-15880,House No. CDB-788,Street 29,Saddar,20,0,Plot,Rizwaan Magsi,Javeria Wattoo,Litigated,Paid,Under Review,Due,39700000.0
1545,Bilawal Mohammadzai,DEMO-KPT-1545,House No. C-657,Street 2,Tower,1,0,Plot,Bilawal Mohammadzai,Izhar Warraich,Verified,Paid,Clear,Paid,77700000.0
1041,Zara Butt,DEMO-KPT-1041,House No. A-972,Street 3,Tower,1,0,Plot,Zara Butt,Ahsan Butt,Pending,Paid,Issue Found,Paid,64600000.0
1456,Mateen Shinwari,DEMO-KPT-1456,House No. C-832,Street 6,Tower,1,0,Plot,Mateen Shinwari,Khurram Shaikh,Pending,Due,Issue Found,Paid,53000000.0
4210,Jamshed Kamboh,DEMO-KPT-4210,House No. BB-715,Street 14,Tower,1,0,Plot,Jamshed Kamboh,Neha Daudzai,Litigated,Due,Issue Found,Paid,79200000.0
14090,Raheela Zubairi,DEMO-KPT-14090,House No. DRC-319,Street 15,Tower,1,0,Plot,Raheela Zubairi,Luqman Awan,Pending,Paid,Under Review,Due,34200000.0
10897,Zakir Lodhi,DEMO-KPT-10897,House No. DR-800,Street 17,Tower,1,0,Plot,Zakir Lodhi,Aisha Mansoor,Litigated,Due,Issue Found,Due,40400000.0
14030,Nudrat Lone,DEMO-KPT-14030,House No. RDC-690,Street 17,Tower,1,0,Plot,Nudrat Lone,Sufyan Alvi,Verified,Paid,Issue Found,Due,45600000.0
14173,Naureen Kazmi,DEMO-KPT-14173,House No. DBR-849,Street 26,Tower,1,0,Plot,Naureen Kazmi,Lamia Mengal,Pending,Due,Under Review,Due,33800000.0
1576,Rehan Rajput,DEMO-KPT-1576,House No. R-849,Street 27,Tower,1,0,Plot,Rehan Rajput,Farooq Ghauri,Litigated,Paid,Clear,Due,62600000.0
14248,Safa Popalzai,DEMO-KPT-14248,House No. DCB-881,Street 3,Tower,2,0,Plot,Safa Popalzai,Lubna Lone,Litigated,Paid,Under Review,Due,76700000.0
4399,Zehra Rehman,DEMO-KPT-4399,House No. BD-673,Street 6,Tower,2,0,Plot,Zehra Rehman,Hoorain Tahir,Litigated,Due,Under Review,Due,40400000.0
1090,Anaya Farooq,DEMO-KPT-1090,House No. A-165,Street 9,Tower,2,0,Plot,Anaya Farooq,Iqra Sheikh,Verified,Due,Under Review,Due,50800000.0
10925,Sehrish Kakar,DEMO-KPT-10925,House No. DB-857,Street 9,Tower,2,0,Plot,Sehrish Kakar,Bushra Farooqi,Pending,Paid,Under Review,Paid,51200000.0
1064,Zain Siddiqui,DEMO-KPT-1064,House No. A-412,Street 10,Tower,2,0,Plot,Zain Siddiqui,Shoaib Siddiqui,Pending,Paid,Issue Found,Paid,28700000.0
10964,Samina Khattak,DEMO-KPT-10964,House No. BR-669,Street 10,Tower,2,0,Plot,Samina Khattak,Humayun Dawood,Pending,Paid,Issue Found,Paid,50400000.0
1099,Adnan Hussain,DEMO-KPT-1099,House No. A-714,Street 11,Tower,2,0,Plot,Adnan Hussain,Ali Butt,Pending,Due,Issue Found,Due,78000000.0
4342,Zubaida Nasar,DEMO-KPT-4342,House No. DC-897,Street 12,Tower,2,0,Plot,Zubaida Nasar,Ubaid Orakzai,Litigated,Due,Clear,Paid,67200000.0
14242,Manahil Virk,DEMO-KPT-14242,House No. DRC-321,Street 12,Tower,2,0,Plot,Manahil Virk,Nailah Latif,Litigated,Due,Clear,Paid,75800000.0
7760,Murtaza Hoti,DEMO-KPT-7760,House No. BR-614,Street 13,Tower,2,0,Plot,Murtaza Hoti,Hanif Sahito,Verified,Due,Under Review,Due,38700000.0
10965,Zoya Mustafa,DEMO-KPT-10965,House No. BB-441,Street 16,Tower,2,0,Plot,Zoya Mustafa,Hashir Tahir,Litigated,Due,Issue Found,Due,58400000.0
1101,Ahmed Farooq,DEMO-KPT-1101,House No. A-126,Street 17,Tower,2,0,Plot,Ahmed Farooq,Ahsan Haider,Verified,Paid,Under Review,Paid,64700000.0
1085,Arsalan Hussain,DEMO-KPT-1085,House No. A-635,Street 18,Tower,2,0,Plot,Arsalan Hussain,Adnan Ali,Pending,Due,Issue Found,Paid,29800000.0
7913,Zahida Qadri,DEMO-KPT-7913,House No. RR-482,Street 19,Tower,2,0,Plot,Zahida Qadri,Dua Dahri,Pending,Paid,Issue Found,Paid,34100000.0
1619,Zahra Magsi,DEMO-KPT-1619,House No. C-511,Street 25,Tower,2,0,Plot,Zahra Magsi,Faizan Haral,Verified,Due,Under Review,Due,73900000.0
1160,Hira Farooq,DEMO-KPT-1160,House No. A-473,Street 3,Tower,3,0,Plot,Hira Farooq,Nimra Hussain,Pending,Due,Clear,Due,65200000.0
4641,Sheeba Bashir,DEMO-KPT-4641,House No. RR-850,Street 3,Tower,3,0,Plot,Sheeba Bashir,Laiba Kharal,Pending,Paid,Issue Found,Paid,52000000.0
1138,Adnan Haider,DEMO-KPT-1138,House No. A-216,Street 8,Tower,3,0,Plot,Adnan Haider,Hussain Raza,Pending,Paid,Issue Found,Due,71500000.0
11125,Safa Lari,DEMO-KPT-11125,House No. CR-831,Street 8,Tower,3,0,Plot,Safa Lari,Athar Yasin,Litigated,Paid,Under Review,Due,56600000.0
14477,Fauzia Ghauri,DEMO-KPT-14477,House No. DRC-843,Street 13,Tower,3,0,Plot,Fauzia Ghauri,Mishal Bhittani,Pending,Due,Under Review,Due,67900000.0
8016,Laila Zaman,DEMO-KPT-8016,House No. DB-439,Street 16,Tower,3,0,Plot,Laila Zaman,Taimur Mughal,Litigated,Due,Issue Found,Due,56200000.0
14451,Shagufta Gondal,DEMO-KPT-14451,House No. CBR-403,Street 16,Tower,3,0,Plot,Shagufta Gondal,Shoaib Zubairi,Pending,Paid,Under Review,Due,63700000.0
14480,Nasir Haral,DEMO-KPT-14480,House No. CRD-414,Street 17,Tower,3,0,Plot,Nasir Haral,Mahmood Parvez,Verified,Paid,Issue Found,Due,67700000.0
7991,Shafay Saif,DEMO-KPT-7991,House No. DB-831,Street 18,Tower,3,0,Plot,Shafay Saif,Maira Laghari,Verified,Due,Clear,Due,63000000.0
4716,Rimsha Baig,DEMO-KPT-4716,House No. RB-855,Street 19,Tower,3,0,Plot,Rimsha Baig,Zainab Cheema,Verified,Due,Clear,Paid,62000000.0
8074,Beenish Mari,DEMO-KPT-8074,House No. RB-796,Street 20,Tower,3,0,Plot,Beenish Mari,Sumaira Chaudhry,Pending,Due,Clear,Paid,67200000.0
11069,Zarmeen Nasar,DEMO-KPT-11069,House No. RB-669,Street 25,Tower,3,0,Plot,Zarmeen Nasar,Samra Marwat,Verified,Due,Under Review,Due,22800000.0
11174,Abid Memon,DEMO-KPT-11174,House No. RD-578,Street 26,Tower,3,0,Plot,Abid Memon,Sameer Baig,Litigated,Paid,Clear,Due,77200000.0
4595,Qurat Mirani,DEMO-KPT-4595,House No. BD-566,Street 27,Tower,3,0,Plot,Qurat Mirani,Wahab Mir,Pending,Due,Clear,Paid,22700000.0
14386,Farzana Tiwana,DEMO-KPT-14386,House No. RBD-386,Street 27,Tower,3,0,Plot,Farzana Tiwana,Bilal Cheema,Pending,Paid,Issue Found,Paid,63100000.0
1771,Sidra Memon,DEMO-KPT-1771,House No. C-589,Street 28,Tower,3,0,Plot,Sidra Memon,Sanam Malik,Litigated,Due,Under Review,Due,29000000.0
1854,Bisma Rizvi,DEMO-KPT-1854,House No. D-679,Street 30,Tower,3,0,Plot,Bisma Rizvi,Sanam Memon,Verified,Paid,Issue Found,Paid,34300000.0
1198,Owais Malik,DEMO-KPT-1198,House No. A-134,Street 3,Tower,4,0,Plot,Owais Malik,Sana Javed,Litigated,Paid,Under Review,Due,50900000.0
14500,Sanam Sheikh,DEMO-KPT-14500,House No. RBC-571,Street 4,Tower,4,0,Plot,Sanam Sheikh,Nabila Mangi,Pending,Due,Under Review,Due,44800000.0
4738,Alam Baig,DEMO-KPT-4738,House No. CR-367,Street 8,Tower,4,0,Plot,Alam Baig,Nida Hashmi,Pending,Paid,Issue Found,Due,79400000.0
4825,Maira Leghari,DEMO-KPT-4825,House No. DB-691,Street 8,Tower,4,0,Plot,Maira Leghari,Ahad Junejo,Litigated,Paid,Under Review,Due,72400000.0
8225,Khizar Haral,DEMO-KPT-8225,House No. CC-727,Street 9,Tower,4,0,Plot,Khizar Haral,Zoya Hinjra,Pending,Paid,Under Review,Paid,58200000.0
8299,Mahrukh Talpur,DEMO-KPT-8299,House No. RC-391,Street 11,Tower,4,0,Plot,Mahrukh Talpur,Sania Bangash,Pending,Due,Issue Found,Due,33000000.0
4792,Abrar Soomro,DEMO-KPT-4792,House No. DD-451,Street 12,Tower,4,0,Plot,Abrar Soomro,Nasreen Kazmi,Litigated,Due,Clear,Paid,75600000.0
1187,Nimra Malik,DEMO-KPT-1187,House No. A-842,Street 14,Tower,4,0,Plot,Nimra Malik,Hussain Noor,Verified,Paid,Under Review,Due,77900000.0
1183,Iqra Shah,DEMO-KPT-1183,House No. A-578,Street 17,Tower,4,0,Plot,Iqra Shah,Zain Shah,Litigated,Paid,Issue Found,Due,50000000.0
11330,Maaz Bashir,DEMO-KPT-11330,House No. CB-355,Street 17,Tower,4,0,Plot,Maaz Bashir,Fiza Jadoon,Verified,Paid,Issue Found,Due,25400000.0
11349,Tahreem Khuhro,DEMO-KPT-11349,House No. RC-555,Street 20,Tower,4,0,Plot,Tahreem Khuhro,Anmol Mohmand,Verified,Due,Clear,Due,60200000.0
14623,Saad Zubair,DEMO-KPT-14623,House No. RBD-528,Street 26,Tower,4,0,Plot,Saad Zubair,Raheela Jafri,Pending,Due,Under Review,Due,32800000.0
8326,Aisha Sadiq,DEMO-KPT-8326,House No. BC-378,Street 27,Tower,4,0,Plot,Aisha Sadiq,Laila Lodhi,Litigated,Paid,Clear,Due,61200000.0
14577,Sufyan Raza,DEMO-KPT-14577,House No. BRC-557,Street 28,Tower,4,0,Plot,Sufyan Raza,Yousaf Naseem,Verified,Paid,Under Review,Due,20600000.0
1181,Hira Aslam,DEMO-KPT-1181,House No. A-10,Street 29,Tower,4,0,Plot,Hira Aslam,Ahmed Ali,Pending,Due,Clear,Due,67300000.0
1974,Sarmad Shakir,DEMO-KPT-1974,House No. C-890,Street 2,Tower,5,0,Plot,Sarmad Shakir,Sarah Usmani,Verified,Paid,Clear,Paid,73000000.0
2098,Zunair Farooq,DEMO-KPT-2098,House No. B-850,Street 3,Tower,5,0,Plot,Zunair Farooq,Malaika Mohammadzai,Litigated,Paid,Under Review,Due,67100000.0
4894,Hanzala Ijaz,DEMO-KPT-4894,House No. RR-594,Street 7,Tower,5,0,Plot,Hanzala Ijaz,Anwar Yousafzai,Verified,Due,Under Review,Paid,25500000.0
1225,Ahmed Sheikh,DEMO-KPT-1225,House No. A-327,Street 8,Tower,5,0,Plot,Ahmed Sheikh,Ayesha Farooq,Litigated,Paid,Under Review,Due,28600000.0
1990,Tamkeen Ghazali,DEMO-KPT-1990,House No. B-797,Street 9,Tower,5,0,Plot,Tamkeen Ghazali,Rohail Shah,Verified,Due,Under Review,Due,25600000.0
8386,Ibrahim Aslam,DEMO-KPT-8386,House No. DD-479,Street 9,Tower,5,0,Plot,Ibrahim Aslam,Wajiha Saleem,Pending,Paid,Clear,Paid,47600000.0
11449,Ashar Baloch,DEMO-KPT-11449,House No. RR-821,Street 11,Tower,5,0,Plot,Ashar Baloch,Fahad Bangash,Pending,Due,Issue Found,Due,30900000.0
11364,Sahrish Sahito,DEMO-KPT-11364,House No. CC-419,Street 15,Tower,5,0,Plot,Sahrish Sahito,Khalid Memon,Verified,Due,Issue Found,Paid,54100000.0
1266,Alina Haider,DEMO-KPT-1266,House No. A-524,Street 16,Tower,5,0,Plot,Alina Haider,Ahmed Naeem,Litigated,Due,Issue Found,Due,29900000.0
11382,Furqan Ghauri,DEMO-KPT-11382,House No. CB-894,Street 18,Tower,5,0,Plot,Furqan Ghauri,Zamzam Iqbal,Pending,Due,Issue Found,Paid,49700000.0
4924,Shabbir Wani,DEMO-KPT-4924,House No. CD-603,Street 20,Tower,5,0,Plot,Shabbir Wani,Taha Marri,Pending,Due,Clear,Paid,77900000.0
1232,Ayesha Khan,DEMO-KPT-1232,House No. A-86,Street 22,Tower,5,0,Plot,Ayesha Khan,Sadia Raza,Pending,Due,Issue Found,Paid,69300000.0
4951,Aashir Dayo,DEMO-KPT-4951,House No. RC-480,Street 25,Tower,5,0,Plot,Aashir Dayo,Mansha Majeed,Litigated,Paid,Clear,Due,53900000.0
14766,Nafisa Wani,DEMO-KPT-14766,House No. DCB-565,Street 16,Tower,6,0,Plot,Nafisa Wani,Zeeshan Nadeem,Litigated,Due,Issue Found,Due,26200000.0
11582,Wasim Zubair,DEMO-KPT-11582,House No. BR-597,Street 22,Tower,6,0,Plot,Wasim Zubair,Parveen Afridi,Pending,Due,Issue Found,Paid,32400000.0
8645,Sara Turk,DEMO-KPT-8645,House No. BD-536,Street 27,Tower,6,0,Plot,Sara Turk,Nargis Virk,Pending,Due,Clear,Paid,79800000.0
2304,Unaiza Naseem,DEMO-KPT-2304,House No. R-656,Street 30,Tower,6,0,Plot,Unaiza Naseem,Nosheen Rehman,Verified,Paid,Issue Found,Paid,72300000.0
1317,Fahad Farooq,DEMO-KPT-1317,House No. A-623,Street 7,Tower,7,0,Plot,Fahad Farooq,Zain Ahmed,Verified,Due,Clear,Due,25400000.0
5188,Hussain Baig,DEMO-KPT-5188,House No. CC-712,Street 8,Tower,7,0,Plot,Hussain Baig,Sonia Dayo,Pending,Paid,Issue Found,Due,40900000.0
14975,Kinza Baig,DEMO-KPT-14975,House No. CDR-314,Street 9,Tower,7,0,Plot,Kinza Baig,Siddique Raza,Pending,Paid,Under Review,Paid,72800000.0
8714,Sarmad Latif,DEMO-KPT-8714,House No. CD-719,Street 10,Tower,7,0,Plot,Sarmad Latif,Danish Zafar,Pending,Paid,Issue Found,Paid,34700000.0
1335,Sana Sheikh,DEMO-KPT-1335,House No. A-643,Street 14,Tower,7,0,Plot,Sana Sheikh,Waleed Ahmed,Verified,Due,Issue Found,Paid,77500000.0
8710,Najma Bhat,DEMO-KPT-8710,House No. CD-378,Street 14,Tower,7,0,Plot,Najma Bhat,Haroon Talpur,Litigated,Due,Issue Found,Paid,70700000.0
8681,Rayyan Rajput,DEMO-KPT-8681,House No. RB-564,Street 17,Tower,7,0,Plot,Rayyan Rajput,Hamza Rind,Litigated,Due,Clear,Due,33900000.0
8682,Sehar Kakar,DEMO-KPT-8682,House No. CB-873,Street 18,Tower,7,0,Plot,Sehar Kakar,Fawad Tiwana,Pending,Due,Issue Found,Paid,42800000.0
15066,Shakeel Shaikh,DEMO-KPT-15066,House No. DBR-887,Street 19,Tower,7,0,Plot,Shakeel Shaikh,Urooj Unar,Verified,Due,Clear,Paid,35800000.0
8680,Rashida Baloch,DEMO-KPT-8680,House No. RB-439,Street 29,Tower,7,0,Plot,Rashida Baloch,Nuzhat Niazi,Litigated,Paid,Under Review,Due,50800000.0
8848,Shabana Kazmi,DEMO-KPT-8848,House No. CC-659,Street 3,Tower,8,0,Plot,Shabana Kazmi,Noshaba Unar,Litigated,Paid,Under Review,Due,51800000.0
2495,Fiza Mirani,DEMO-KPT-2495,House No. R-601,Street 5,Tower,8,0,Plot,Fiza Mirani,Haseeb Rashid,Pending,Paid,Issue Found,Paid,20600000.0
5525,Maham Chaudhry,DEMO-KPT-5525,House No. CC-713,Street 9,Tower,8,0,Plot,Maham Chaudhry,Ihtisham Nadeem,Pending,Paid,Under Review,Paid,69600000.0
2537,Maryum Naseem,DEMO-KPT-2537,House No. R-629,Street 14,Tower,8,0,Plot,Maryum Naseem,Luqmaan Lakhani,Verified,Paid,Under Review,Due,40500000.0
8918,Erum Yousaf,DEMO-KPT-8918,House No. DD-739,Street 15,Tower,8,0,Plot,Erum Yousaf,Tamkeen Akhtar,Verified,Paid,Issue Found,Due,31700000.0
5407,Rayyan Chattha,DEMO-KPT-5407,House No. DD-723,Street 17,Tower,8,0,Plot,Rayyan Chattha,Zaid Pasha,Pending,Due,Clear,Paid,26800000.0
8819,Ramsha Mian,DEMO-KPT-8819,House No. CC-470,Street 25,Tower,8,0,Plot,Ramsha Mian,Sumaira Kamboh,Verified,Due,Under Review,Due,20000000.0
15076,Bareera Tarar,DEMO-KPT-15076,House No. DBR-649,Street 27,Tower,8,0,Plot,Bareera Tarar,Rehana Qazi,Litigated,Paid,Clear,Due,35600000.0
1414,Ayesha Iqbal,DEMO-KPT-1414,House No. A-460,Street 3,Tower,9,0,Plot,Ayesha Iqbal,Hassan Hussain,Pending,Paid,Issue Found,Due,32300000.0
2561,Taimur Kharal,DEMO-KPT-2561,House No. C-602,Street 3,Tower,9,0,Plot,Taimur Kharal,Tahreem Rajput,Pending,Due,Issue Found,Paid,73200000.0
12088,Sabir Peerzada,DEMO-KPT-12088,House No. RB-472,Street 8,Tower,9,0,Plot,Sabir Peerzada,Mashal Siddiqui,Verified,Paid,Issue Found,Paid,29900000.0
9002,Rida Sindhi,DEMO-KPT-9002,House No. BD-802,Street 13,Tower,9,0,Plot,Rida Sindhi,Tamim Buriro,Verified,Due,Clear,Paid,45300000.0
9129,Yaqoob Riaz,DEMO-KPT-9129,House No. RR-776,Street 21,Tower,9,0,Plot,Yaqoob Riaz,Adnan Baloch,Litigated,Due,Issue Found,Paid,40900000.0
2600,Jazib Mari,DEMO-KPT-2600,House No. C-617,Street 27,Tower,9,0,Plot,Jazib Mari,Asma Bukhari,Verified,Paid,Issue Found,Paid,30600000.0
5650,Zohair Mansoor,DEMO-KPT-5650,House No. CC-612,Street 27,Tower,9,0,Plot,Zohair Mansoor,Zayan Dayo,Pending,Due,Clear,Paid,68500000.0
9118,Laraib Mahar,DEMO-KPT-9118,House No. DC-419,Street 29,Tower,9,0,Plot,Laraib Mahar,Nadeem Popalzai,Litigated,Paid,Issue Found,Paid,22500000.0
15510,Unaiza Sahito,DEMO-KPT-15510,House No. RDC-750,Street 1,Tower,10,0,Plot,Unaiza Sahito,Ammar Bhittani,Verified,Due,Under Review,Paid,71700000.0
2802,Aqeel Rana,DEMO-KPT-2802,House No. C-422,Street 2,Tower,10,0,Plot,Aqeel Rana,Israr Barakzai,Litigated,Paid,Clear,Paid,65400000.0
12339,Yasmeen Zubair,DEMO-KPT-12339,House No. DR-810,Street 8,Tower,10,0,Plot,Yasmeen Zubair,Maryam Shakeel,Pending,Paid,Under Review,Paid,60000000.0
12340,Areeba Laghari,DEMO-KPT-12340,House No. BD-686,Street 9,Tower,10,0,Plot,Areeba Laghari,Bakht Marri,Verified,Due,Under Review,Due,25600000.0
15389,Sara Ijaz,DEMO-KPT-15389,House No. CRD-530,Street 14,Tower,10,0,Plot,Sara Ijaz,Haris Majeed,Verified,Due,Under Review,Due,32400000.0
15431,Dua Bhittani,DEMO-KPT-15431,House No. CBD-436,Street 17,Tower,10,0,Plot,Dua Bhittani,Sagheer Mengal,Litigated,Due,Clear,Due,50700000.0
1449,Mahnoor Khan,DEMO-KPT-1449,House No. A-672,Street 20,Tower,10,0,Plot,Mahnoor Khan,Bilal Khan,Verified,Due,Clear,Due,61400000.0
1436,Anaya Tariq,DEMO-KPT-1436,House No. A-922,Street 21,Tower,10,0,Plot,Anaya Tariq,Ayesha Sheikh,Verified,Due,Under Review,Due,69500000.0
5732,Aisha Samo,DEMO-KPT-5732,House No. BD-539,Street 22,Tower,10,0,Plot,Aisha Samo,Kanwal Gakhar,Pending,Due,Issue Found,Paid,38800000.0
9269,Tanzeela Bukhari,DEMO-KPT-9269,House No. BR-776,Street 25,Tower,10,0,Plot,Tanzeela Bukhari,Mustafa Shinwari,Verified,Due,Under Review,Due,44000000.0
2795,Babar Leghari,DEMO-KPT-2795,House No. B-638,Street 27,Tower,10,0,Plot,Babar Leghari,Sahrish Mir,Pending,Due,Clear,Paid,75900000.0
2754,Uroosa Lak,DEMO-KPT-2754,House No. R-745,Street 30,Tower,10,0,Plot,Uroosa Lak,Batool Bettani,Verified,Paid,Issue Found,Paid,46600000.0
15560,Samina Magsi,DEMO-KPT-15560,House No. DBC-630,Street 3,Tower,11,0,Plot,Samina Magsi,Mohib Mughal,Pending,Due,Clear,Due,64900000.0
12499,Aamir Gill,DEMO-KPT-12499,House No. DR-683,Street 6,Tower,11,0,Plot,Aamir Gill,Umar Bhat,Litigated,Due,Under Review,Due,32600000.0
15596,Parveen Noor,DEMO-KPT-15596,House No. DCB-776,Street 7,Tower,11,0,Plot,Parveen Noor,Salahuddin Nasar,Pending,Due,Issue Found,Due,64200000.0
2928,Mahir Dreshak,DEMO-KPT-2928,House No. R-395,Street 11,Tower,11,0,Plot,Mahir Dreshak,Shakeel Tareen,Verified,Paid,Issue Found,Paid,34900000.0
15592,Tahreem Durrani,DEMO-KPT-15592,House No. BRD-628,Street 12,Tower,11,0,Plot,Tahreem Durrani,Inam Ilyas,Litigated,Due,Clear,Paid,22200000.0
2860,Zameer Wazir,DEMO-KPT-2860,House No. B-554,Street 14,Tower,11,0,Plot,Zameer Wazir,Rafay Mansoor,Litigated,Due,Issue Found,Paid,38900000.0
9366,Tahreem Khalid,DEMO-KPT-9366,House No. DC-547,Street 16,Tower,11,0,Plot,Tahreem Khalid,Hira Mangi,Litigated,Due,Issue Found,Due,34500000.0
5936,Shazia Cheema,DEMO-KPT-5936,House No. DB-410,Street 21,Tower,11,0,Plot,Shazia Cheema,Humaira Mir,Verified,Due,Under Review,Due,44600000.0
9350,Awais Zia,DEMO-KPT-9350,House No. BC-728,Street 27,Tower,11,0,Plot,Awais Zia,Noreen Shafi,Verified,Paid,Issue Found,Paid,37400000.0
9436,Shahida Alvi,DEMO-KPT-9436,House No. BR-444,Street 27,Tower,11,0,Plot,Shahida Alvi,Kainat Mir,Pending,Paid,Issue Found,Paid,72300000.0
6049,Amber Mengal,DEMO-KPT-6049,House No. BB-722,Street 11,Tower,12,0,Plot,Amber Mengal,Rubina Warsi,Pending,Due,Issue Found,Due,75900000.0
9527,Humayun Iqbal,DEMO-KPT-9527,House No. DC-733,Street 13,Tower,12,0,Plot,Humayun Iqbal,Shahida Tahir,Pending,Due,Under Review,Due,40500000.0
15752,Zeshan Panhwar,DEMO-KPT-15752,House No. DBR-589,Street 13,Tower,12,0,Plot,Zeshan Panhwar,Naila Sipra,Verified,Due,Clear,Paid,68700000.0
3135,Mehak Dreshak,DEMO-KPT-3135,House No. R-451,Street 14,Tower,12,0,Plot,Mehak Dreshak,Alizeh Ghaffar,Verified,Due,Issue Found,Paid,69100000.0
6035,Nida Tarar,DEMO-KPT-6035,House No. DC-703,Street 18,Tower,12,0,Plot,Nida Tarar,Zuha Dogar,Pending,Due,Issue Found,Paid,49600000.0
9582,Mashal Dar,DEMO-KPT-9582,House No. BB-508,Street 18,Tower,12,0,Plot,Mashal Dar,Owais Tanoli,Pending,Due,Issue Found,Paid,49600000.0
6182,Qayyum Sohu,DEMO-KPT-6182,House No. CD-528,Street 22,Tower,12,0,Plot,Qayyum Sohu,Tauseef Hanif,Pending,Due,Issue Found,Paid,30200000.0
9580,Khushbu Hoti,DEMO-KPT-9580,House No. DD-514,Street 29,Tower,12,0,Plot,Khushbu Hoti,Sabika Mughal,Litigated,Paid,Under Review,Due,70400000.0
15924,Aamir Toor,DEMO-KPT-15924,House No. DRC-439,Street 2,Tower,13,0,Plot,Aamir Toor,Zubair Pasha,Verified,Paid,Clear,Paid,57600000.0
9639,Farzana Hashmi,DEMO-KPT-9639,House No. CC-445,Street 8,Tower,13,0,Plot,Farzana Hashmi,Humaira Mohammadzai,Pending,Paid,Under Review,Paid,48100000.0
15912,Umaima Noor,DEMO-KPT-15912,House No. BRC-382,Street 9,Tower,13,0,Plot,Umaima Noor,Siddique Naseem,Litigated,Due,Under Review,Due,60000000.0
12764,Qaiser Shafiq,DEMO-KPT-12764,House No. DB-678,Street 10,Tower,13,0,Plot,Qaiser Shafiq,Subhan Sheikh,Pending,Paid,Issue Found,Paid,59500000.0
3260,Malaika Noor,DEMO-KPT-3260,House No. B-673,Street 13,Tower,13,0,Plot,Malaika Noor,Zahida Sultan,Verified,Due,Under Review,Due,30900000.0
3300,Ejaz Sindhi,DEMO-KPT-3300,House No. C-451,Street 14,Tower,13,0,Plot,Ejaz Sindhi,Shama Warsi,Verified,Paid,Clear,Due,67500000.0
3264,Khizar Zardari,DEMO-KPT-3264,House No. B-329,Street 15,Tower,13,0,Plot,Khizar Zardari,Rehman Siddiqui,Verified,Due,Issue Found,Paid,62600000.0
3201,Faizan Wattoo,DEMO-KPT-3201,House No. R-651,Street 16,Tower,13,0,Plot,Faizan Wattoo,Kausar Kalhoro,Pending,Paid,Under Review,Due,63500000.0
6307,Burhan Bashir,DEMO-KPT-6307,House No. BB-703,Street 17,Tower,13,0,Plot,Burhan Bashir,Jamila Jamali,Pending,Due,Clear,Paid,35100000.0
15879,Fida Mian,DEMO-KPT-15879,House No. BDC-797,Street 21,Tower,13,0,Plot,Fida Mian,Dawood Jadoon,Litigated,Due,Issue Found,Paid,22800000.0
6419,Luqman Shah,DEMO-KPT-6419,House No. DD-361,Street 22,Tower,13,0,Plot,Luqman Shah,Khadija Sheikh,Verified,Paid,Under Review,Due,49000000.0
9719,Qaiser Sadiq,DEMO-KPT-9719,House No. BB-336,Street 25,Tower,13,0,Plot,Qaiser Sadiq,Zaheer Randhawa,Verified,Due,Under Review,Due,66800000.0
9676,Yumna Shakeel,DEMO-KPT-9676,House No. DB-532,Street 27,Tower,13,0,Plot,Yumna Shakeel,Khalid Kamal,Litigated,Paid,Clear,Due,32300000.0
3410,Irfan Lodhi,DEMO-KPT-3410,House No. C-344,Street 3,Tower,14,0,Plot,Irfan Lodhi,Kaleemullah Kidwai,Pending,Due,Clear,Due,77700000.0
12931,Waqas Mustafa,DEMO-KPT-12931,House No. DB-536,Street 5,Tower,14,0,Plot,Waqas Mustafa,Arham Mengal,Verified,Due,Under Review,Due,59800000.0
9799,Iqbal Ghaffar,DEMO-KPT-9799,House No. BR-649,Street 6,Tower,14,0,Plot,Iqbal Ghaffar,Sibtain Yousaf,Litigated,Due,Under Review,Due,21100000.0
15936,Jibran Bukhari,DEMO-KPT-15936,House No. BCD-645,Street 7,Tower,14,0,Plot,Jibran Bukhari,Ruqayya Tanoli,Pending,Paid,Under Review,Paid,79400000.0
16042,Akram Kazmi,DEMO-KPT-16042,House No. DBR-898,Street 12,Tower,14,0,Plot,Akram Kazmi,Hina Bhurgri,Litigated,Due,Clear,Paid,51000000.0
13052,Hanzala Jamal,DEMO-KPT-13052,House No. CB-490,Street 13,Tower,14,0,Plot,Hanzala Jamal,Iftikhar Minhas,Verified,Due,Clear,Paid,23400000.0
6501,Mazhar Kazmi,DEMO-KPT-6501,House No. BR-664,Street 17,Tower,14,0,Plot,Mazhar Kazmi,Rafia Anwar,Verified,Paid,Under Review,Paid,65500000.0
13057,Laiba Gakhar,DEMO-KPT-13057,House No. RC-434,Street 17,Tower,14,0,Plot,Laiba Gakhar,Naila Tanvir,Pending,Due,Clear,Paid,24300000.0
3413,Zamzam Minhas,DEMO-KPT-3413,House No. R-546,Street 19,Tower,14,0,Plot,Zamzam Minhas,Mahnoor Jadoon,Pending,Paid,Issue Found,Paid,56300000.0
12909,Rooman Tanvir,DEMO-KPT-12909,House No. RR-379,Street 19,Tower,14,0,Plot,Rooman Tanvir,Asad Laghari,Litigated,Due,Clear,Paid,34200000.0
6550,Sabih Farooq,DEMO-KPT-6550,House No. RC-532,Street 27,Tower,14,0,Plot,Sabih Farooq,Anum Bhutto,Pending,Due,Clear,Paid,67900000.0
9871,Aleeza Bettani,DEMO-KPT-9871,House No. CC-309,Street 28,Tower,14,0,Plot,Aleeza Bettani,Wasim Bhatti,Litigated,Due,Under Review,Due,66900000.0
3499,Khushbu Sial,DEMO-KPT-3499,House No. C-772,Street 6,Tower,15,0,Plot,Khushbu Sial,Rizwan Jafri,Litigated,Due,Under Review,Due,48300000.0
13215,Fawad Baig,DEMO-KPT-13215,House No. CB-389,Street 16,Tower,15,0,Plot,Fawad Baig,Shanza Mohmand,Litigated,Due,Issue Found,Due,20900000.0
6581,Asad Baloch,DEMO-KPT-6581,House No. RC-868,Street 29,Tower,15,0,Plot,Asad Baloch,Rabia Junejo,Pending,Due,Clear,Due,36200000.0
16341,Ashfaq Baig,DEMO-KPT-16341,House No. CBD-785,Street 3,Tower,16,0,Plot,Ashfaq Baig,Naila Naseem,Pending,Paid,Issue Found,Paid,56600000.0
10104,Fazal Awan,DEMO-KPT-10104,House No. BC-530,Street 4,Tower,16,0,Plot,Fazal Awan,Sarfraz Waheed,Verified,Due,Issue Found,Paid,71200000.0
10145,Taimoor Usmani,DEMO-KPT-10145,House No. RD-539,Street 5,Tower,16,0,Plot,Taimoor Usmani,Mahira Leghari,Pending,Paid,Issue Found,Paid,71500000.0
3567,Yasmeen Wattoo,DEMO-KPT-3567,House No. D-569,Street 7,Tower,16,0,Plot,Yasmeen Wattoo,Shaheer Mehmood,Verified,Due,Clear,Due,41500000.0
10192,Hafeez Parvez,DEMO-KPT-10192,House No. BB-342,Street 12,Tower,16,0,Plot,Hafeez Parvez,Zakariya Javed,Litigated,Due,Clear,Paid,55700000.0
16331,Rizwan Lari,DEMO-KPT-16331,House No. CDR-587,Street 17,Tower,16,0,Plot,Rizwan Lari,Sheeba Qadri,Litigated,Due,Clear,Due,73700000.0
10126,Beenish Warraich,DEMO-KPT-10126,House No. RD-772,Street 27,Tower,16,0,Plot,Beenish Warraich,Afshan Mahsud,Litigated,Paid,Clear,Due,59900000.0
16377,Zawar Kharal,DEMO-KPT-16377,House No. CBD-687,Street 28,Tower,16,0,Plot,Zawar Kharal,Zulfiqar Yasin,Verified,Paid,Under Review,Due,72500000.0
3702,Jabbar Ali,DEMO-KPT-3702,House No. R-465,Street 2,Tower,17,0,Plot,Jabbar Ali,Ghulam Malik,Litigated,Paid,Clear,Paid,26400000.0
16498,Syeda Noor,DEMO-KPT-16498,House No. DCB-717,Street 3,Tower,17,0,Plot,Syeda Noor,Zamzam Sadiq,Litigated,Paid,Under Review,Due,37800000.0
6995,Sajid Dar,DEMO-KPT-6995,House No. RC-633,Street 5,Tower,17,0,Plot,Sajid Dar,Sabahat Chandio,Pending,Paid,Issue Found,Paid,35500000.0
6914,Moiz Rabbani,DEMO-KPT-6914,House No. RD-596,Street 10,Tower,17,0,Plot,Moiz Rabbani,Atif Sipra,Pending,Paid,Issue Found,Paid,56000000.0
13526,Ayeza Mian,DEMO-KPT-13526,House No. DCR-458,Street 11,Tower,17,0,Plot,Ayeza Mian,Anwar Saleem,Verified,Due,Issue Found,Due,77600000.0
3686,Anmol Mengal,DEMO-KPT-3686,House No. D-721,Street 21,Tower,17,0,Plot,Anmol Mengal,Asim Khosa,Verified,Due,Under Review,Due,54700000.0
3719,Asra Sipra,DEMO-KPT-3719,House No. C-685,Street 22,Tower,17,0,Plot,Asra Sipra,Naeem Rind,Verified,Paid,Under Review,Due,67000000.0
13439,Tahira Jadoon,DEMO-KPT-13439,House No. DBR-480,Street 30,Tower,17,0,Plot,Tahira Jadoon,Qamar Gilani,Litigated,Due,Issue Found,Paid,34300000.0
3810,Sikandar Dreshak,DEMO-KPT-3810,House No. D-527,Street 1,Tower,18,0,Plot,Sikandar Dreshak,Nadia Sheikh,Verified,Due,Under Review,Paid,48500000.0
7264,Shazia Sindhi,DEMO-KPT-7264,House No. RC-405,Street 3,Tower,18,0,Plot,Shazia Sindhi,Nazia Kayani,Pending,Paid,Issue Found,Due,51000000.0
10450,Hira Gill,DEMO-KPT-10450,House No. BC-429,Street 4,Tower,18,0,Plot,Hira Gill,Mirha Buriro,Pending,Due,Under Review,Due,60300000.0
7075,Waqar Dawood,DEMO-KPT-7075,House No. DD-440,Street 8,Tower,18,0,Plot,Waqar Dawood,Amber Rashid,Litigated,Paid,Under Review,Due,26900000.0
16652,Faisal Gandapur,DEMO-KPT-16652,House No. BCD-820,Street 13,Tower,18,0,Plot,Faisal Gandapur,Lubna Butt,Verified,Due,Clear,Paid,69500000.0
3887,Mina Hanif,DEMO-KPT-3887,House No. BR-591,Street 14,Tower,18,0,Plot,Mina Hanif,Sania Panhwar,Verified,Paid,Under Review,Due,58500000.0
13619,Waqas Tahir,DEMO-KPT-13619,House No. BCR-402,Street 22,Tower,18,0,Plot,Waqas Tahir,Amara Sadiq,Verified,Paid,Under Review,Due,68300000.0
10351,Haseeb Chattha,DEMO-KPT-10351,House No. BB-685,Street 25,Tower,18,0,Plot,Haseeb Chattha,Mahjabeen Dawood,Litigated,Paid,Clear,Due,38400000.0
10336,Ibrahim Hashmi,DEMO-KPT-10336,House No. CR-426,Street 27,Tower,18,0,Plot,Ibrahim Hashmi,Hina Dawood,Pending,Paid,Issue Found,Paid,78900000.0
3777,Maryam Noor,DEMO-KPT-3777,House No. R-681,Street 28,Tower,18,0,Plot,Maryam Noor,Maryum Jaffri,Verified,Paid,Under Review,Due,71900000.0
13657,Mehrunnisa Mughal,DEMO-KPT-13657,House No. BDR-459,Street 30,Tower,18,0,Plot,Mehrunnisa Mughal,Nageen Pirzada,Pending,Paid,Clear,Due,73800000.0
13811,Amara Jogezai,DEMO-KPT-13811,House No. BDR-640,Street 3,Tower,19,0,Plot,Amara Jogezai,Aleeza Lari,Pending,Due,Issue Found,Paid,46500000.0
10554,Nageen Warsi,DEMO-KPT-10554,House No. DD-499,Street 4,Tower,19,0,Plot,Nageen Warsi,Maryum Yousaf,Verified,Due,Issue Found,Paid,33200000.0
7390,Daniyal Chaudhry,DEMO-KPT-7390,House No. DB-794,Street 9,Tower,19,0,Plot,Daniyal Chaudhry,Sajjad Iqbal,Verified,Due,Under Review,Due,53100000.0
7364,Zahida Ghumman,DEMO-KPT-7364,House No. RB-717,Street 10,Tower,19,0,Plot,Zahida Ghumman,Iram Ali,Pending,Paid,Issue Found,Paid,79400000.0
16760,Faiza Gandapur,DEMO-KPT-16760,House No. DBC-401,Street 13,Tower,19,0,Plot,Faiza Gandapur,Yahya Gandapur,Verified,Due,Under Review,Due,55600000.0
10490,Emaan Yousaf,DEMO-KPT-10490,House No. RC-688,Street 15,Tower,19,0,Plot,Emaan Yousaf,Fida Korai,Pending,Paid,Under Review,Due,79800000.0
13701,Alizeh Ilyas,DEMO-KPT-13701,House No. BRC-604,Street 17,Tower,19,0,Plot,Alizeh Ilyas,Fida Rabbani,Verified,Paid,Under Review,Paid,61300000.0
7385,Zunaira Rajput,DEMO-KPT-7385,House No. CC-460,Street 18,Tower,19,0,Plot,Zunaira Rajput,Zarmeen Dogar,Pending,Due,Issue Found,Paid,26900000.0
16782,Talal Qadir,DEMO-KPT-16782,House No. BRD-776,Street 18,Tower,19,0,Plot,Talal Qadir,Farhan Zia,Pending,Due,Issue Found,Paid,24600000.0
10479,Rida Mengal,DEMO-KPT-10479,House No. RR-384,Street 21,Tower,19,0,Plot,Rida Mengal,Fatima Kiani,Litigated,Due,Issue Found,Paid,23000000.0
10573,Ahad Buriro,DEMO-KPT-10573,House No. DB-781,Street 26,Tower,19,0,Plot,Ahad Buriro,Muneeb Peerzada,Pending,Due,Under Review,Due,36200000.0
13750,Samra Qureshi,DEMO-KPT-13750,House No. BRC-671,Street 27,Tower,19,0,Plot,Samra Qureshi,Zamzam Sipra,Pending,Due,Clear,Paid,43700000.0
16900,Umaima Pirzada,DEMO-KPT-16900,House No. BCD-544,Street 27,Tower,19,0,Plot,Umaima Pirzada,Haziq Kakar,Pending,Due,Clear,Paid,29800000.0
4152,Shahida Gabol,DEMO-KPT-4152,House No. RR-376,Street 2,Tower,20,0,Plot,Shahida Gabol,Maira Noor,Litigated,Paid,Clear,Paid,30800000.0
10648,Tahseen Ijaz,DEMO-KPT-10648,House No. RB-874,Street 3,Tower,20,0,Plot,Tahseen Ijaz,Bakhtawar Zubairi,Litigated,Paid,Under Review,Due,71100000.0
10681,Sundas Mari,DEMO-KPT-10681,House No. RD-624,Street 5,Tower,20,0,Plot,Sundas Mari,Salma Palijo,Verified,Due,Under Review,Due,68700000.0
10699,Fariha Hoti,DEMO-KPT-10699,House No. RR-623,Street 6,Tower,20,0,Plot,Fariha Hoti,Ajmal Qazi,Litigated,Due,Under Review,Due,53100000.0
16942,Taimur Jogezai,DEMO-KPT-16942,House No. BDC-814,Street 12,Tower,20,0,Plot,Taimur Jogezai,Irum Tarar,Litigated,Due,Clear,Paid,43700000.0
4130,Arfa Noor,DEMO-KPT-4130,House No. CC-823,Street 17,Tower,20,0,Plot,Arfa Noor,Imran Dahri,Verified,Paid,Issue Found,Due,44200000.0
16933,Sobia Wazir,DEMO-KPT-16933,House No. DCR-885,Street 17,Tower,20,0,Plot,Sobia Wazir,Yumna Hussain,Litigated,Paid,Issue Found,Due,30700000.0
4169,Sanam Turk,DEMO-KPT-4169,House No. BR-752,Street 22,Tower,20,0,Plot,Sanam Turk,Umaima Yousaf,Verified,Paid,Under Review,Due,37800000.0
13926,Farid Akhtar,DEMO-KPT-13926,House No. DCB-780,Street 29,Tower,20,0,Plot,Farid Akhtar,Zaynab Durrani,Pending,Due,Issue Found,Due,59300000.0
16931,Kabir Panezai,DEMO-KPT-16931,House No. DCB-338,Street 29,Tower,20,0,Plot,Kabir Panezai,Rubab Jamal,Pending,Due,Clear,Due,63000000.0
