Owner ID,Owner Name,Property ID,House Number,Street Number,Area,Block,Rooms,Property Type,Property Owner,Previous Owner,Ownership Status,Taxes Status,Legal Check,Utilities Bill,Price (PKR)
8040,Sajida Butt,DEMO-KPT-8040,House No. CC-745,Street 15,Bahria Town,1,4,Portion,Sajida Butt,Tooba Imran,Litigated,Due,Clear,Due,41700000.0
15362,Ayesha Shakir,DEMO-KPT-15362,House No. BDC-522,Street 18,Bahria Town,1,4,Portion,Ayesha Shakir,Mubashir Gabol,Pending,Paid,Under Review,Paid,71100000.0
1504,Umar Talpur,DEMO-KPT-1504,House No. R-557,Street 22,Bahria Town,1,4,Portion,Umar Talpur,Anila Lakhani,Verified,Paid,Issue Found,Due,60500000.0
15306,Khadija Ghani,DEMO-KPT-15306,House No. BRC-356,Street 25,Bahria Town,1,4,Portion,Khadija Ghani,Sagheer Dahri,Pending,Paid,Under Review,Due,66900000.0
1809,Tayyaba Khuhro,DEMO-KPT-1809,House No. C-823,Street 15,Bahria Town,2,4,Portion,Tayyaba Khuhro,Ayeza Sohu,Litigated,Due,Clear,Paid,34600000.0
1777,Nabeeha Bugti,DEMO-KPT-1777,House No. D-553,Street 19,Bahria Town,2,4,Portion,Nabeeha Bugti,Dawood Kasi,Pending,Due,Issue Found,Paid,47100000.0
15904,Haseeb Lak,DEMO-KPT-15904,House No. BDC-544,Street 22,Bahria Town,2,4,Portion,Haseeb Lak,Uzma Mohmand,Verified,Paid,Issue Found,Due,34200000.0
9559,Haroon Ghazali,DEMO-KPT-9559,House No. BB-739,Street 6,Bahria Town,4,4,Portion,Haroon Ghazali,Balaj Lughmani,Verified,Paid,Clear,Due,45200000.0
2494,Umaima Shakeel,DEMO-KPT-2494,House No. R-485,Street 14,Bahria Town,4,4,Portion,Umaima Shakeel,Wajiha Saeed,Litigated,Due,Under Review,Due,77400000.0
2453,Afzal Bajwa,DEMO-KPT-2453,House No. B-395,Street 19,Bahria Town,4,4,Portion,Afzal Bajwa,Kaneez Kharal,Verified,Paid,Issue Found,Due,75100000.0
2549,Abdullah Durrani,DEMO-KPT-2549,House No. C-347,Street 19,Bahria Town,4,4,Portion,Abdullah Durrani,Mukarram Naseem,Litigated,Paid,Issue Found,Paid,46900000.0
16499,Haleema Saleem,DEMO-KPT-16499,House No. BCD-354,Street 19,Bahria Town,4,4,Portion,Haleema Saleem,Bareera Kayani,Litigated,Paid,Issue Found,Paid,79800000.0
2258,Mahjabeen Sadiq,DEMO-KPT-2258,House No. B-565,Street 22,Bahria Town,4,4,Portion,Mahjabeen Sadiq,Zubair Mahsud,Verified,Paid,Issue Found,Paid,63800000.0
2741,Haleema Ahmed,DEMO-KPT-2741,House No. R-616,Street 8,Bahria Town,5,4,Portion,Haleema Ahmed,Tabish Marwat,Pending,Due,Clear,Paid,79700000.0
9985,Umaima Zaidi,DEMO-KPT-9985,House No. RB-837,Street 20,Bahria Town,5,4,Portion,Umaima Zaidi,Rabia Tanoli,Verified,Due,Under Review,Due,60800000.0
10345,Azhar Bijarani,DEMO-KPT-10345,House No. RD-810,Street 21,Bahria Town,6,4,Portion,Azhar Bijarani,Ayesha Rafique,Pending,Due,Under Review,Due,57000000.0
3064,Sakina Yaqoob,DEMO-KPT-3064,House No. R-837,Street 26,Bahria Town,6,4,Portion,Sakina Yaqoob,Zahid Rashid,Pending,Due,Issue Found,Paid,42400000.0
10264,Fasih Rehman,DEMO-KPT-10264,House No. DD-540,Street 26,Bahria Town,6,4,Portion,Fasih Rehman,Saleha Mangi,Pending,Due,Issue Found,Paid,34100000.0
3540,Shamoon Wattoo,DEMO-KPT-3540,House No. B-397,Street 15,Bahria Town,7,4,Portion,Shamoon Wattoo,Tauseef Bashir,Litigated,Due,Clear,Due,72100000.0
3380,Ijaz Rind,DEMO-KPT-3380,House No. C-723,Street 21,Bahria Town,7,4,Portion,Ijaz Rind,Inshal Ilyas,Pending,Paid,Under Review,Paid,70500000.0
10833,Zaheer Khuhro,DEMO-KPT-10833,House No. RC-889,Street 24,Bahria Town,8,4,Portion,Zaheer Khuhro,Qurat Zia,Verified,Paid,Under Review,Paid,29300000.0
10927,Bashir Bhittani,DEMO-KPT-10927,House No. CR-693,Street 24,Bahria Town,8,4,Portion,Bashir Bhittani,Lina Bilgrami,Pending,Due,Issue Found,Due,24800000.0
4138,Zahida Zubairi,DEMO-KPT-4138,House No. DC-869,Street 7,Bahria Town,9,4,Portion,Zahida Zubairi,Momina Sheikh,Litigated,Due,Clear,Due,31200000.0
11099,Mahjabeen Lakhani,DEMO-KPT-11099,House No. BB-778,Street 19,Bahria Town,9,4,Portion,Mahjabeen Lakhani,Tabish Talpur,Litigated,Paid,Issue Found,Paid,35600000.0
11512,Mehwish Jaffri,DEMO-KPT-11512,House No. RR-515,Street 24,Bahria Town,10,4,Portion,Mehwish Jaffri,Mukarram Shakeel,Verified,Due,Under Review,Due,36300000.0
11416,Sabika Jamal,DEMO-KPT-11416,House No. BD-332,Street 30,Bahria Town,10,4,Portion,Sabika Jamal,Misbah Mazari,Litigated,Due,Issue Found,Due,63200000.0
4529,Bilal Khosa,DEMO-KPT-4529,House No. RB-888,Street 22,Bahria Town,11,4,Portion,Bilal Khosa,Ayeza Korai,Verified,Due,Clear,Due,26500000.0
4762,Sibtain Mian,DEMO-KPT-4762,House No. RR-769,Street 24,Bahria Town,11,4,Portion,Sibtain Mian,Sajjad Daudzai,Verified,Due,Under Review,Due,59400000.0
11936,Ijaz Gandapur,DEMO-KPT-11936,House No. RC-705,Street 24,Bahria Town,11,4,Portion,Ijaz Gandapur,Hina Leghari,Verified,Due,Issue Found,Paid,59000000.0
5025,Mushtaq Bangash,DEMO-KPT-5025,House No. RC-482,Street 3,Bahria Town,12,4,Portion,Mushtaq Bangash,Hafsa Ghazali,Verified,Due,Under Review,Paid,67900000.0
12113,Zahid Haral,DEMO-KPT-12113,House No. CR-876,Street 3,Bahria Town,12,4,Portion,Zahid Haral,Amna Tareen,Verified,Due,Under Review,Due,74100000.0
4848,Afreen Mahsud,DEMO-KPT-4848,House No. BR-463,Street 9,Bahria Town,12,4,Portion,Afreen Mahsud,Rizwaan Rind,Verified,Paid,Issue Found,Due,45700000.0
4890,Umair Rehman,DEMO-KPT-4890,House No. CB-310,Street 15,Bahria Town,12,4,Portion,Umair Rehman,Ayesha Jafri,Litigated,Due,Clear,Due,76600000.0
12092,Ghulam Laghari,DEMO-KPT-12092,House No. BD-841,Street 27,Bahria Town,12,4,Portion,Ghulam Laghari,Israr Gill,Verified,Paid,Under Review,Due,21100000.0
5059,Atif Khokhar,DEMO-KPT-5059,House No. CD-390,Street 6,Bahria Town,13,4,Portion,Atif Khokhar,Hidayat Lari,Verified,Paid,Clear,Due,31700000.0
12641,Rehmat Bhittani,DEMO-KPT-12641,House No. BR-741,Street 8,Bahria Town,13,4,Portion,Rehmat Bhittani,Feroz Dreshak,Pending,Due,Clear,Paid,74900000.0
12498,Nasreen Jadoon,DEMO-KPT-12498,House No. DR-363,Street 9,Bahria Town,13,4,Portion,Nasreen Jadoon,Rooman Barakzai,Verified,Paid,Issue Found,Due,47300000.0
12426,Saleha Pasha,DEMO-KPT-12426,House No. RC-855,Street 17,Bahria Town,13,4,Portion,Saleha Pasha,Mahwish Ijaz,Pending,Paid,Clear,Paid,54800000.0
5439,Naveed Yousaf,DEMO-KPT-5439,House No. CR-491,Street 9,Bahria Town,14,4,Portion,Naveed Yousaf,Fawad Soomro,Pending,Due,Clear,Paid,31400000.0
5459,Komal Rashid,DEMO-KPT-5459,House No. RR-471,Street 10,Bahria Town,14,4,Portion,Komal Rashid,Amber Ansari,Verified,Paid,Issue Found,Due,50000000.0
12844,Izhar Mohammadzai,DEMO-KPT-12844,House No. DR-798,Street 14,Bahria Town,14,4,Portion,Izhar Mohammadzai,Taha Akhtar,Litigated,Due,Under Review,Due,64500000.0
12743,Raheel Ghani,DEMO-KPT-12743,House No. DC-418,Street 15,Bahria Town,14,4,Portion,Raheel Ghani,Kamal Nadeem,Verified,Paid,Issue Found,Due,36100000.0
5508,Naveed Randhawa,DEMO-KPT-5508,House No. CC-690,Street 18,Bahria Town,14,4,Portion,Naveed Randhawa,Sagheer Naseem,Litigated,Paid,Clear,Due,66400000.0
12862,Zahida Bajwa,DEMO-KPT-12862,House No. DD-318,Street 24,Bahria Town,14,4,Portion,Zahida Bajwa,Fahim Khan,Verified,Due,Under Review,Due,20300000.0
12698,Haziq Chattha,DEMO-KPT-12698,House No. CC-778,Street 25,Bahria Town,14,4,Portion,Haziq Chattha,Athar Bettani,Pending,Due,Issue Found,Due,46900000.0
5792,Beenish Marwat,DEMO-KPT-5792,House No. DR-400,Street 27,Bahria Town,14,4,Portion,Beenish Marwat,Amna Latif,Verified,Paid,Under Review,Due,71200000.0
12824,Eman Jogezai,DEMO-KPT-12824,House No. BD-681,Street 27,Bahria Town,14,4,Portion,Eman Jogezai,Nudrat Chandio,Litigated,Paid,Issue Found,Paid,38200000.0
5891,Ghazala Tunio,DEMO-KPT-5891,House No. RD-429,Street 8,Bahria Town,15,4,Portion,Ghazala Tunio,Shanza Junejo,Pending,Due,Clear,Paid,71900000.0
5823,Hamid Sadiq,DEMO-KPT-5823,House No. CB-354,Street 14,Bahria Town,15,4,Portion,Hamid Sadiq,Urooj Warraich,Litigated,Due,Issue Found,Paid,30800000.0
6423,Masood Hinjra,DEMO-KPT-6423,House No. CC-472,Street 3,Bahria Town,17,4,Portion,Masood Hinjra,Misbah Yousaf,Litigated,Paid,Clear,Due,50500000.0
14035,Vaqar Barakzai,DEMO-KPT-14035,House No. DCR-589,Street 20,Bahria Town,17,4,Portion,Vaqar Barakzai,Shaheen Khuhro,Verified,Due,Under Review,Due,71900000.0
6647,Rashid Niazi,DEMO-KPT-6647,House No. DR-643,Street 27,Bahria Town,17,4,Portion,Rashid Niazi,Hoorain Bhatti,Litigated,Paid,Issue Found,Paid,40300000.0
14028,Ruqayya Ghauri,DEMO-KPT-14028,House No. BDC-543,Street 27,Bahria Town,17,4,Portion,Ruqayya Ghauri,Ikram Turk,Pending,Paid,Clear,Paid,35600000.0
6848,Shahab Jaffri,DEMO-KPT-6848,House No. BR-850,Street 25,Bahria Town,18,4,Portion,Shahab Jaffri,Sarmad Khosa,Pending,Due,Issue Found,Due,58200000.0
14404,Farheen Tanvir,DEMO-KPT-14404,House No. BCD-550,Street 25,Bahria Town,18,4,Portion,Farheen Tanvir,Bareera Saif,Verified,Paid,Issue Found,Due,36500000.0
6916,Furqan Usmani,DEMO-KPT-6916,House No. BR-766,Street 30,Bahria Town,18,4,Portion,Furqan Usmani,Zameer Farooq,Litigated,Due,Issue Found,Due,75200000.0
14778,Armaghan Kayani,DEMO-KPT-14778,House No. RBC-397,Street 4,Bahria Town,19,4,Portion,Armaghan Kayani,Asim Samo,Pending,Paid,Under Review,Due,74300000.0
14753,Shoaib Yaqoob,DEMO-KPT-14753,House No. DBR-600,Street 22,Bahria Town,19,4,Portion,Shoaib Yaqoob,Bilawal Gilani,Verified,Due,Under Review,Due,20000000.0
14928,Mateen Raza,DEMO-KPT-14928,House No. BRD-763,Street 27,Bahria Town,19,4,Portion,Mateen Raza,Farwa Ghazali,Pending,Paid,Clear,Paid,53100000.0
14973,Kaleem Mirani,DEMO-KPT-14973,House No. BRC-722,Street 3,Bahria Town,20,4,Portion,Kaleem Mirani,Farwa Sardar,Litigated,Paid,Clear,Due,70000000.0
15062,Qudrat Iqbal,DEMO-KPT-15062,House No. RDB-523,Street 18,Bahria Town,20,4,Portion,Qudrat Iqbal,Faisal Qazi,Litigated,Paid,Issue Found,Due,21900000.0
7645,Ayub Tanoli,DEMO-KPT-7645,House No. CR-479,Street 21,Bahria Town,20,4,Portion,Ayub Tanoli,Rizwan Laghari,Pending,Due,Under Review,Due,31400000.0
7654,Tamim Chaudhry,DEMO-KPT-7654,House No. BB-319,Street 25,Bahria Town,20,4,Portion,Tamim Chaudhry,Laiba Saleem,Verified,Paid,Issue Found,Due,57100000.0
8991,Rauf Mansoor,DEMO-KPT-8991,House No. BB-389,Street 4,Clifton,1,4,Portion,Rauf Mansoor,Farheen Kidwai,Pending,Due,Clear,Paid,123300000.0
9109,Mukhtar Memon,DEMO-KPT-9109,House No. DB-707,Street 6,Clifton,1,4,Portion,Mukhtar Memon,Farwa Ghauri,Verified,Paid,Clear,Due,122800000.0
1743,Saher Kiani,DEMO-KPT-1743,House No. D-304,Street 8,Clifton,1,4,Portion,Saher Kiani,Sarah Bettani,Litigated,Paid,Clear,Due,102400000.0
9148,Mahnaz Khosa,DEMO-KPT-9148,House No. DC-764,Street 15,Clifton,1,4,Portion,Mahnaz Khosa,Taimoor Qazi,Litigated,Due,Clear,Due,167500000.0
15340,Sana Abro,DEMO-KPT-15340,House No. DBR-607,Street 19,Clifton,1,4,Portion,Sana Abro,Khansa Korai,Litigated,Paid,Issue Found,Paid,119700000.0
15203,Sabeen Hafeez,DEMO-KPT-15203,House No. DRC-334,Street 22,Clifton,1,4,Portion,Sabeen Hafeez,Adnan Shafi,Verified,Due,Under Review,Due,140800000.0
1684,Momina Bhurgri,DEMO-KPT-1684,House No. D-726,Street 24,Clifton,1,4,Portion,Momina Bhurgri,Azka Mirani,Verified,Paid,Clear,Paid,133600000.0
1806,Aslam Baloch,DEMO-KPT-1806,House No. B-364,Street 25,Clifton,1,4,Portion,Aslam Baloch,Irum Ghani,Pending,Paid,Under Review,Due,128500000.0
15257,Hafeez Yousafzai,DEMO-KPT-15257,House No. CDR-609,Street 25,Clifton,1,4,Portion,Hafeez Yousafzai,Akram Junejo,Verified,Paid,Issue Found,Due,107100000.0
1565,Zohaib Laghari,DEMO-KPT-1565,House No. R-709,Street 29,Clifton,1,4,Portion,Zohaib Laghari,Mahwish Chandio,Pending,Paid,Clear,Paid,179100000.0
15638,Komal Shinwari,DEMO-KPT-15638,House No. RCD-594,Street 7,Clifton,2,4,Portion,Komal Shinwari,Zohra Lari,Litigated,Due,Clear,Paid,128500000.0
15733,Zubaid Kakar,DEMO-KPT-15733,House No. DRB-837,Street 16,Clifton,2,4,Portion,Zubaid Kakar,Faiza Ranjha,Verified,Due,Clear,Due,135900000.0
2030,Urwa Farooq,DEMO-KPT-2030,House No. B-435,Street 21,Clifton,2,4,Portion,Urwa Farooq,Lubna Marri,Pending,Paid,Under Review,Paid,165600000.0
9577,Ghazala Tariq,DEMO-KPT-9577,House No. DD-753,Street 24,Clifton,2,4,Portion,Ghazala Tariq,Amber Malik,Pending,Due,Issue Found,Due,152100000.0
15783,Jamshed Sohu,DEMO-KPT-15783,House No. BDC-531,Street 24,Clifton,2,4,Portion,Jamshed Sohu,Umaima Korai,Verified,Paid,Under Review,Paid,140900000.0
9959,Benazir Dayo,DEMO-KPT-9959,House No. BR-672,Street 10,Clifton,3,4,Portion,Benazir Dayo,Hasnain Baloch,Verified,Paid,Issue Found,Due,169500000.0
2104,Saif Lone,DEMO-KPT-2104,House No. D-345,Street 14,Clifton,3,4,Portion,Saif Lone,Parveen Shakeel,Pending,Due,Clear,Paid,154900000.0
2312,Ambreen Sial,DEMO-KPT-2312,House No. R-811,Street 18,Clifton,3,4,Portion,Ambreen Sial,Sabrina Mehmood,Pending,Paid,Under Review,Paid,133900000.0
9792,Mazen Rind,DEMO-KPT-9792,House No. BD-881,Street 22,Clifton,3,4,Portion,Mazen Rind,Nadia Rizvi,Pending,Due,Under Review,Paid,102800000.0
2254,Shahzadi Mahsud,DEMO-KPT-2254,House No. B-798,Street 25,Clifton,3,4,Portion,Shahzadi Mahsud,Sitara Zaidi,Verified,Paid,Issue Found,Due,111800000.0
10059,Iqra Ranjha,DEMO-KPT-10059,House No. DB-359,Street 11,Clifton,4,4,Portion,Iqra Ranjha,Zubaid Pirzada,Verified,Due,Under Review,Due,126700000.0
10151,Alamgir Mazari,DEMO-KPT-10151,House No. RC-498,Street 12,Clifton,4,4,Portion,Alamgir Mazari,Zubaida Chattha,Litigated,Paid,Issue Found,Due,118200000.0
2683,Mansoor Tiwana,DEMO-KPT-2683,House No. R-376,Street 16,Clifton,4,4,Portion,Mansoor Tiwana,Rafia Zia,Verified,Due,Clear,Due,159400000.0
3133,Arif Hameed,DEMO-KPT-3133,House No. B-493,Street 16,Clifton,5,4,Portion,Arif Hameed,Farrukh Kasi,Verified,Due,Clear,Due,127100000.0
16997,Sumaira Zubair,DEMO-KPT-16997,House No. DBR-853,Street 27,Clifton,5,4,Portion,Sumaira Zubair,Qayyum Marri,Litigated,Paid,Issue Found,Paid,103900000.0
10493,Zarmeen Ijaz,DEMO-KPT-10493,House No. BR-575,Street 15,Clifton,6,4,Portion,Zarmeen Ijaz,Munir Kakar,Verified,Paid,Issue Found,Due,111100000.0
10516,Kashaf Laghari,DEMO-KPT-10516,House No. CR-480,Street 30,Clifton,6,4,Portion,Kashaf Laghari,Asma Ghani,Litigated,Due,Issue Found,Due,161000000.0
3862,Shamoon Tarar,DEMO-KPT-3862,House No. BD-880,Street 24,Clifton,7,4,Portion,Shamoon Tarar,Haider Waheed,Verified,Due,Under Review,Due,144400000.0
10612,Mubashra Peerzada,DEMO-KPT-10612,House No. DD-346,Street 24,Clifton,7,4,Portion,Mubashra Peerzada,Hafsa Afridi,Verified,Due,Under Review,Due,135300000.0
4125,Mubeen Dreshak,DEMO-KPT-4125,House No. DD-797,Street 3,Clifton,8,4,Portion,Mubeen Dreshak,Raza Khokhar,Verified,Due,Under Review,Paid,174600000.0
4198,Batool Rizvi,DEMO-KPT-4198,House No. BD-819,Street 15,Clifton,8,4,Portion,Batool Rizvi,Jibran Hanif,Litigated,Due,Clear,Due,132100000.0
10783,Rustam Shinwari,DEMO-KPT-10783,House No. BD-832,Street 16,Clifton,8,4,Portion,Rustam Shinwari,Sidra Panezai,Verified,Due,Clear,Due,144600000.0
11577,Raees Qazi,DEMO-KPT-11577,House No. RR-391,Street 20,Clifton,9,4,Portion,Raees Qazi,Noor Saeed,Verified,Paid,Under Review,Paid,162000000.0
4457,Sameen Zaman,DEMO-KPT-4457,House No. CB-468,Street 25,Clifton,9,4,Portion,Sameen Zaman,Basit Farooq,Verified,Paid,Issue Found,Due,152300000.0
4517,Ejaz Kamboh,DEMO-KPT-4517,House No. DC-828,Street 27,Clifton,9,4,Portion,Ejaz Kamboh,Sagheer Zaman,Pending,Paid,Under Review,Due,111800000.0
11515,Rafay Zardari,DEMO-KPT-11515,House No. RR-555,Street 29,Clifton,9,4,Portion,Rafay Zardari,Tariq Iqbal,Litigated,Paid,Issue Found,Due,139400000.0
4986,Shahmeer Akhtar,DEMO-KPT-4986,House No. CC-755,Street 26,Clifton,10,4,Portion,Shahmeer Akhtar,Minhaj Hayat,Litigated,Paid,Clear,Paid,159000000.0
12238,Sumaira Sohu,DEMO-KPT-12238,House No. CD-819,Street 7,Clifton,11,4,Portion,Sumaira Sohu,Hoorain Shafiq,Litigated,Due,Clear,Due,119400000.0
12158,Uroosa Samo,DEMO-KPT-12158,House No. CR-646,Street 22,Clifton,11,4,Portion,Uroosa Samo,Rabia Korai,Verified,Paid,Issue Found,Paid,126000000.0
12277,Furqan Rabbani,DEMO-KPT-12277,House No. CB-676,Street 24,Clifton,11,4,Portion,Furqan Rabbani,Mansha Bajwa,Pending,Due,Issue Found,Due,104500000.0
12301,Jazib Sindhi,DEMO-KPT-12301,House No. BB-388,Street 29,Clifton,11,4,Portion,Jazib Sindhi,Sarmad Zia,Verified,Due,Under Review,Due,172500000.0
12639,Shaheen Chaudhry,DEMO-KPT-12639,House No. CB-353,Street 9,Clifton,12,4,Portion,Shaheen Chaudhry,Aisha Zaman,Pending,Due,Clear,Paid,144600000.0
5373,Sharjeel Rajput,DEMO-KPT-5373,House No. RD-572,Street 14,Clifton,12,4,Portion,Sharjeel Rajput,Haziq Shinwari,Litigated,Due,Issue Found,Paid,100100000.0
5634,Zehra Bangash,DEMO-KPT-5634,House No. RC-826,Street 18,Clifton,12,4,Portion,Zehra Bangash,Eman Jamal,Litigated,Due,Issue Found,Due,153200000.0
6198,Wajid Mangi,DEMO-KPT-6198,House No. CD-702,Street 9,Clifton,13,4,Portion,Wajid Mangi,Hussain Akhtar,Verified,Paid,Issue Found,Due,155100000.0
12927,Iftikhar Soomro,DEMO-KPT-12927,House No. RC-431,Street 20,Clifton,13,4,Portion,Iftikhar Soomro,Arslan Lughmani,Verified,Paid,Under Review,Paid,170300000.0
12942,Shehryar Dogar,DEMO-KPT-12942,House No. DC-493,Street 22,Clifton,13,4,Portion,Shehryar Dogar,Tasneem Sahito,Pending,Due,Under Review,Paid,173600000.0
13312,Nadia Junejo,DEMO-KPT-13312,House No. BD-520,Street 24,Clifton,14,4,Portion,Nadia Junejo,Abubakar Janjua,Verified,Due,Under Review,Due,175900000.0
13054,Imtiaz Cheema,DEMO-KPT-13054,House No. CC-602,Street 25,Clifton,14,4,Portion,Imtiaz Cheema,Uzma Bangash,Verified,Paid,Issue Found,Due,175400000.0
6451,Hira Khattak,DEMO-KPT-6451,House No. CR-873,Street 29,Clifton,14,4,Portion,Hira Khattak,Bakhtawar Tahir,Verified,Due,Under Review,Due,168600000.0
13623,Shumaila Rashid,DEMO-KPT-13623,House No. BRD-315,Street 3,Clifton,15,4,Portion,Shumaila Rashid,Husna Wazir,Litigated,Paid,Clear,Due,120100000.0
13608,Mahwish Dreshak,DEMO-KPT-13608,House No. CBR-711,Street 18,Clifton,15,4,Portion,Mahwish Dreshak,Nayyar Virk,Litigated,Paid,Clear,Due,137200000.0
13403,Aneesa Qureshi,DEMO-KPT-13403,House No. BD-694,Street 22,Clifton,15,4,Portion,Aneesa Qureshi,Sumbal Randhawa,Verified,Due,Under Review,Due,144100000.0
6692,Sarfraz Zubair,DEMO-KPT-6692,House No. CB-889,Street 27,Clifton,15,4,Portion,Sarfraz Zubair,Sarmad Qadir,Verified,Paid,Under Review,Due,107100000.0
6767,Farzana Chandio,DEMO-KPT-6767,House No. CD-775,Street 27,Clifton,15,4,Portion,Farzana Chandio,Maira Lari,Pending,Paid,Under Review,Due,168000000.0
13989,Neelam Rana,DEMO-KPT-13989,House No. DRC-416,Street 9,Clifton,16,4,Portion,Neelam Rana,Saqib Mari,Pending,Due,Clear,Paid,133800000.0
7343,Sana Buriro,DEMO-KPT-7343,House No. BR-442,Street 15,Clifton,16,4,Portion,Sana Buriro,Nasrullah Umer,Verified,Paid,Issue Found,Due,163800000.0
7285,Anwar Kamboh,DEMO-KPT-7285,House No. DR-488,Street 20,Clifton,16,4,Portion,Anwar Kamboh,Shaheen Anwar,Verified,Due,Under Review,Due,132100000.0
7208,Wajiha Parvez,DEMO-KPT-7208,House No. CD-348,Street 22,Clifton,16,4,Portion,Wajiha Parvez,Shifa Leghari,Verified,Paid,Issue Found,Paid,167900000.0
13967,Rabia Aslam,DEMO-KPT-13967,House No. CRD-877,Street 27,Clifton,16,4,Portion,Rabia Aslam,Bakhtawar Tanoli,Pending,Paid,Under Review,Due,112700000.0
14249,Nargis Ghumman,DEMO-KPT-14249,House No. BCD-305,Street 19,Clifton,17,4,Portion,Nargis Ghumman,Hamza Bhat,Litigated,Paid,Issue Found,Paid,173700000.0
7869,Zahida Shah,DEMO-KPT-7869,House No. DC-689,Street 4,Clifton,18,4,Portion,Zahida Shah,Marwa Kayani,Pending,Paid,Under Review,Paid,130700000.0
7988,Shahbaz Wazir,DEMO-KPT-7988,House No. DD-493,Street 7,Clifton,18,4,Portion,Shahbaz Wazir,Asif Wani,Litigated,Due,Clear,Paid,151900000.0
8182,Muneeba Panhwar,DEMO-KPT-8182,House No. RC-706,Street 27,Clifton,18,4,Portion,Muneeba Panhwar,Erum Shinwari,Litigated,Due,Issue Found,Paid,131600000.0
8404,Inam Baloch,DEMO-KPT-8404,House No. RR-683,Street 14,Clifton,19,4,Portion,Inam Baloch,Saba Shakeel,Pending,Due,Clear,Paid,168200000.0
8541,Aamir Ali,DEMO-KPT-8541,House No. DC-849,Street 4,Clifton,20,4,Portion,Aamir Ali,Zeeshan Ghaffar,Pending,Due,Clear,Paid,141800000.0
8780,Afreen Lodhi,DEMO-KPT-8780,House No. DD-341,Street 21,Clifton,20,4,Portion,Afreen Lodhi,Alizeh Dreshak,Pending,Paid,Under Review,Paid,133400000.0
8453,Akram Daudzai,DEMO-KPT-8453,House No. DC-431,Street 22,Clifton,20,4,Portion,Akram Daudzai,Isha Umer,Verified,Due,Under Review,Due,141200000.0
14879,Sohail Raza,DEMO-KPT-14879,House No. CBD-730,Street 22,Clifton,20,4,Portion,Sohail Raza,Maimoona Sandhu,Verified,Due,Clear,Due,171300000.0
1584,Riaz Shah,DEMO-KPT-1584,House No. B-843,Street 18,DHA,1,4,Portion,Riaz Shah,Fahim Naqvi,Litigated,Due,Issue Found,Due,166100000.0
13451,Jazib Orakzai,DEMO-KPT-13451,House No. RBC-368,Street 19,DHA,1,4,Portion,Jazib Orakzai,Sehar Saif,Verified,Paid,Issue Found,Paid,172800000.0
7229,Rohail Shafi,DEMO-KPT-7229,House No. RR-848,Street 22,DHA,1,4,Portion,Rohail Shafi,Shaheen Peerzada,Verified,Due,Clear,Due,150200000.0
13517,Zehra Imran,DEMO-KPT-13517,House No. BRC-581,Street 27,DHA,1,4,Portion,Zehra Imran,Tahseen Mirani,Pending,Paid,Under Review,Due,145800000.0
7354,Qaiser Yasin,DEMO-KPT-7354,House No. BR-730,Street 22,DHA,2,4,Portion,Qaiser Yasin,Dilawar Janjua,Verified,Paid,Issue Found,Due,101700000.0
7658,Rabia Mohammadzai,DEMO-KPT-7658,House No. DR-664,Street 22,DHA,2,4,Portion,Rabia Mohammadzai,Bakht Kalhoro,Verified,Paid,Issue Found,Paid,109500000.0
7712,Maaz Latif,DEMO-KPT-7712,House No. BC-752,Street 18,DHA,3,4,Portion,Maaz Latif,Lina Joiya,Pending,Paid,Under Review,Paid,130100000.0
7883,Tabassum Shafiq,DEMO-KPT-7883,House No. DC-444,Street 24,DHA,3,4,Portion,Tabassum Shafiq,Dania Soomro,Pending,Paid,Under Review,Paid,122600000.0
1970,Maqsood Zaidi,DEMO-KPT-1970,House No. C-336,Street 26,DHA,3,4,Portion,Maqsood Zaidi,Sheraz Khan,Verified,Paid,Issue Found,Paid,141400000.0
14277,Bakhtawar Warraich,DEMO-KPT-14277,House No. DCB-440,Street 20,DHA,4,4,Portion,Bakhtawar Warraich,Zohair Dawood,Verified,Paid,Under Review,Paid,170800000.0
14395,Erum Bhittani,DEMO-KPT-14395,House No. DBR-743,Street 21,DHA,4,4,Portion,Erum Bhittani,Laila Siddiqui,Pending,Due,Under Review,Due,124900000.0
14408,Mansoor Dahri,DEMO-KPT-14408,House No. BRC-747,Street 22,DHA,4,4,Portion,Mansoor Dahri,Saher Shafi,Verified,Paid,Issue Found,Paid,131300000.0
2512,Zain Kiani,DEMO-KPT-2512,House No. B-820,Street 24,DHA,4,4,Portion,Zain Kiani,Asra Ghaffar,Verified,Due,Under Review,Due,167900000.0
8042,Aryan Minhas,DEMO-KPT-8042,House No. RB-849,Street 27,DHA,4,4,Portion,Aryan Minhas,Shahzadi Toor,Verified,Paid,Under Review,Due,159500000.0
14297,Kabir Yaqoob,DEMO-KPT-14297,House No. BCR-832,Street 27,DHA,4,4,Portion,Kabir Yaqoob,Asifa Kamboh,Litigated,Paid,Issue Found,Paid,137700000.0
2809,Rimsha Tanvir,DEMO-KPT-2809,House No. C-714,Street 6,DHA,5,4,Portion,Rimsha Tanvir,Kabeer Pirzada,Verified,Paid,Clear,Due,148400000.0
8493,Usman Tanoli,DEMO-KPT-8493,House No. DR-713,Street 8,DHA,5,4,Portion,Usman Tanoli,Ali Zia,Litigated,Paid,Clear,Due,156600000.0
2859,Zainab Saif,DEMO-KPT-2859,House No. B-563,Street 11,DHA,5,4,Portion,Zainab Saif,Alishba Zubairi,Verified,Due,Under Review,Due,154300000.0
14841,Zamzam Raza,DEMO-KPT-14841,House No. CBD-861,Street 4,DHA,6,4,Portion,Zamzam Raza,Saad Sipra,Pending,Due,Clear,Paid,135200000.0
3042,Nabeeha Bashir,DEMO-KPT-3042,House No. C-729,Street 22,DHA,6,4,Portion,Nabeeha Bashir,Aneesa Dar,Pending,Due,Under Review,Paid,143500000.0
3186,Hafeez Talpur,DEMO-KPT-3186,House No. R-526,Street 26,DHA,6,4,Portion,Hafeez Talpur,Hanzala Akhtar,Litigated,Paid,Clear,Paid,176300000.0
8774,Sami Magsi,DEMO-KPT-8774,House No. CC-432,Street 27,DHA,6,4,Portion,Sami Magsi,Zaid Janjua,Litigated,Paid,Issue Found,Paid,156300000.0
8716,Hussain Qadir,DEMO-KPT-8716,House No. RD-814,Street 30,DHA,6,4,Portion,Hussain Qadir,Sahrish Mari,Litigated,Due,Issue Found,Due,133800000.0
15198,Nida Shakir,DEMO-KPT-15198,House No. CDR-714,Street 9,DHA,7,4,Portion,Nida Shakir,Kausar Mengal,Verified,Paid,Issue Found,Due,136000000.0
9062,Qamar Mohammadzai,DEMO-KPT-9062,House No. CB-330,Street 18,DHA,7,4,Portion,Qamar Mohammadzai,Shaista Kakar,Pending,Paid,Under Review,Paid,171900000.0
3358,Azeem Gakhar,DEMO-KPT-3358,House No. R-687,Street 20,DHA,7,4,Portion,Azeem Gakhar,Huma Wattoo,Pending,Paid,Under Review,Paid,146400000.0
9004,Marwa Zafar,DEMO-KPT-9004,House No. DR-622,Street 25,DHA,7,4,Portion,Marwa Zafar,Naeem Waheed,Verified,Paid,Issue Found,Due,127700000.0
15197,Vaqar Mustafa,DEMO-KPT-15197,House No. RBD-466,Street 27,DHA,7,4,Portion,Vaqar Mustafa,Afshan Panezai,Litigated,Paid,Issue Found,Paid,131300000.0
15115,Danish Raza,DEMO-KPT-15115,House No. CDR-589,Street 29,DHA,7,4,Portion,Danish Raza,Kabir Waheed,Litigated,Paid,Issue Found,Due,125700000.0
3639,Mehak Tariq,DEMO-KPT-3639,House No. R-751,Street 9,DHA,8,4,Portion,Mehak Tariq,Affan Hoti,Pending,Due,Clear,Paid,123600000.0
9212,Yasmeen Yousaf,DEMO-KPT-9212,House No. BB-840,Street 18,DHA,8,4,Portion,Yasmeen Yousaf,Eman Naseem,Litigated,Paid,Issue Found,Due,112300000.0
15701,Kabeer Lari,DEMO-KPT-15701,House No. DCB-394,Street 19,DHA,8,4,Portion,Kabeer Lari,Shaheer Warraich,Verified,Paid,Issue Found,Paid,173800000.0
15427,Lubna Alvi,DEMO-KPT-15427,House No. CRB-424,Street 24,DHA,8,4,Portion,Lubna Alvi,Sameen Bhurgri,Pending,Due,Issue Found,Due,119700000.0
3698,Alina Kamal,DEMO-KPT-3698,House No. C-609,Street 25,DHA,8,4,Portion,Alina Kamal,Bilquis Kharal,Pending,Due,Issue Found,Due,132300000.0
9525,Rimsha Tanoli,DEMO-KPT-9525,House No. BR-467,Street 3,DHA,9,4,Portion,Rimsha Tanoli,Nashra Jafri,Verified,Due,Under Review,Paid,112200000.0
9593,Ramsha Rizvi,DEMO-KPT-9593,House No. RB-333,Street 15,DHA,9,4,Portion,Ramsha Rizvi,Rehana Hafeez,Verified,Paid,Issue Found,Due,176000000.0
3833,Hadiqa Joiya,DEMO-KPT-3833,House No. R-663,Street 24,DHA,9,4,Portion,Hadiqa Joiya,Rehan Peerzada,Pending,Paid,Under Review,Paid,154800000.0
9686,Nashra Qadir,DEMO-KPT-9686,House No. CB-814,Street 24,DHA,9,4,Portion,Nashra Qadir,Samad Shaikh,Verified,Due,Issue Found,Paid,178000000.0
4089,Imran Marri,DEMO-KPT-4089,House No. RD-406,Street 9,DHA,10,4,Portion,Imran Marri,Shaista Shakir,Pending,Due,Clear,Paid,170600000.0
16359,Ammar Hanif,DEMO-KPT-16359,House No. CRD-320,Street 11,DHA,10,4,Portion,Ammar Hanif,Noor Baloch,Verified,Due,Under Review,Due,118900000.0
16348,Mehboob Chattha,DEMO-KPT-16348,House No. DCR-867,Street 15,DHA,10,4,Portion,Mehboob Chattha,Zahida Imran,Litigated,Due,Clear,Due,119600000.0
16436,Sania Zubairi,DEMO-KPT-16436,House No. RCB-798,Street 24,DHA,10,4,Portion,Sania Zubairi,Ahsan Daudzai,Verified,Due,Issue Found,Paid,122100000.0
9935,Junaid Warsi,DEMO-KPT-9935,House No. BD-387,Street 29,DHA,10,4,Portion,Junaid Warsi,Mehmood Tiwana,Pending,Paid,Under Review,Due,175600000.0
4490,Amjad Khokhar,DEMO-KPT-4490,House No. BR-384,Street 23,DHA,11,4,Portion,Amjad Khokhar,Mehmood Sadiq,Litigated,Paid,Issue Found,Due,149500000.0
16640,Liaquat Javed,DEMO-KPT-16640,House No. DCB-362,Street 23,DHA,11,4,Portion,Liaquat Javed,Nawal Zardari,Litigated,Paid,Issue Found,Due,128300000.0
4397,Yusuf Gondal,DEMO-KPT-4397,House No. DD-732,Street 27,DHA,11,4,Portion,Yusuf Gondal,Hasnain Hussain,Litigated,Paid,Issue Found,Paid,174100000.0
4578,Rakhshanda Bajwa,DEMO-KPT-4578,House No. DR-324,Street 27,DHA,11,4,Portion,Rakhshanda Bajwa,Daniyal Ranjha,Pending,Paid,Clear,Paid,160300000.0
10688,Tanzeela Sardar,DEMO-KPT-10688,House No. BC-811,Street 7,DHA,12,4,Portion,Tanzeela Sardar,Luqman Rehman,Litigated,Due,Clear,Paid,177800000.0
10626,Mohib Mirani,DEMO-KPT-10626,House No. CB-871,Street 17,DHA,12,4,Portion,Mohib Mirani,Omer Mari,Pending,Paid,Clear,Paid,153700000.0
4834,Rameez Hanif,DEMO-KPT-4834,House No. CR-621,Street 24,DHA,12,4,Portion,Rameez Hanif,Javed Aslam,Verified,Paid,Clear,Paid,161100000.0
10354,Sharmeen Mir,DEMO-KPT-10354,House No. CB-439,Street 25,DHA,12,4,Portion,Sharmeen Mir,Khansa Sipra,Verified,Paid,Issue Found,Due,128900000.0
5201,Sajjad Hayat,DEMO-KPT-5201,House No. BC-323,Street 12,DHA,13,4,Portion,Sajjad Hayat,Hidayat Waheed,Litigated,Paid,Issue Found,Due,110200000.0
5174,Ubaid Mughal,DEMO-KPT-5174,House No. DC-629,Street 27,DHA,13,4,Portion,Ubaid Mughal,Shaheen Bhatti,Litigated,Paid,Issue Found,Paid,119800000.0
10835,Arslan Zubairi,DEMO-KPT-10835,House No. DC-768,Street 29,DHA,13,4,Portion,Arslan Zubairi,Basit Shafiq,Pending,Paid,Under Review,Due,130300000.0
11291,Mirha Janjua,DEMO-KPT-11291,House No. BC-447,Street 8,DHA,14,4,Portion,Mirha Janjua,Shanza Dogar,Pending,Due,Clear,Paid,123200000.0
11286,Mahnaz Tahir,DEMO-KPT-11286,House No. DC-744,Street 26,DHA,14,4,Portion,Mahnaz Tahir,Rooman Lak,Litigated,Paid,Clear,Paid,136900000.0
11332,Khansa Abbasi,DEMO-KPT-11332,House No. CR-523,Street 27,DHA,14,4,Portion,Khansa Abbasi,Owais Zardari,Litigated,Due,Issue Found,Paid,118300000.0
11285,Yaqoob Mirza,DEMO-KPT-11285,House No. CR-424,Street 29,DHA,14,4,Portion,Yaqoob Mirza,Nawal Parvez,Pending,Paid,Under Review,Due,130900000.0
11373,Fatima Gabol,DEMO-KPT-11373,House No. CC-771,Street 3,DHA,15,4,Portion,Fatima Gabol,Mehak Daudzai,Litigated,Paid,Clear,Due,101400000.0
5867,Nigar Yousaf,DEMO-KPT-5867,House No. BR-303,Street 27,DHA,15,4,Portion,Nigar Yousaf,Arisha Sial,Pending,Paid,Under Review,Due,172500000.0
11930,Shafay Nawaz,DEMO-KPT-11930,House No. CR-754,Street 21,DHA,16,4,Portion,Shafay Nawaz,Kashaf Bettani,Pending,Paid,Under Review,Paid,154600000.0
6240,Urwa Tahir,DEMO-KPT-6240,House No. RR-618,Street 15,DHA,17,4,Portion,Urwa Tahir,Husna Sabri,Litigated,Due,Clear,Due,112900000.0
6277,Noreen Popalzai,DEMO-KPT-6277,House No. RR-699,Street 19,DHA,17,4,Portion,Noreen Popalzai,Taha Nadeem,Pending,Due,Issue Found,Paid,128000000.0
6192,Mushtaq Wattoo,DEMO-KPT-6192,House No. RD-553,Street 22,DHA,17,4,Portion,Mushtaq Wattoo,Waseem Sandhu,Pending,Due,Under Review,Paid,104600000.0
6308,Anila Khokhar,DEMO-KPT-6308,House No. DD-788,Street 22,DHA,17,4,Portion,Anila Khokhar,Kamal Gilani,Verified,Paid,Issue Found,Paid,105500000.0
12401,Rukhsana Gilani,DEMO-KPT-12401,House No. CR-614,Street 12,DHA,18,4,Portion,Rukhsana Gilani,Mishal Yasin,Litigated,Paid,Issue Found,Due,156600000.0
6317,Mahrukh Kharal,DEMO-KPT-6317,House No. RC-774,Street 27,DHA,18,4,Portion,Mahrukh Kharal,Arham Mustafa,Pending,Paid,Under Review,Due,129900000.0
12167,Esha Khan,DEMO-KPT-12167,House No. CR-665,Street 27,DHA,18,4,Portion,Esha Khan,Kainat Bhittani,Pending,Paid,Under Review,Due,171400000.0
6744,Kafeel Dayo,DEMO-KPT-6744,House No. CD-817,Street 7,DHA,19,4,Portion,Kafeel Dayo,Kaneez Janjua,Verified,Paid,Clear,Paid,112900000.0
6634,Saeeda Abro,DEMO-KPT-6634,House No. DR-588,Street 24,DHA,19,4,Portion,Saeeda Abro,Sidra Haral,Verified,Paid,Clear,Paid,165300000.0
13159,Hina Zaman,DEMO-KPT-13159,House No. DR-499,Street 6,DHA,20,4,Portion,Hina Zaman,Shamoon Mehmood,Verified,Paid,Clear,Due,177000000.0
13091,Manahil Saeed,DEMO-KPT-13091,House No. BB-700,Street 8,DHA,20,4,Portion,Manahil Saeed,Ahmed Zahid,Pending,Due,Clear,Paid,150200000.0
6898,Khadija Butt,DEMO-KPT-6898,House No. RC-547,Street 15,DHA,20,4,Portion,Khadija Butt,Sharmeen Khattak,Litigated,Due,Clear,Due,110500000.0
13135,Hania Majeed,DEMO-KPT-13135,House No. BC-505,Street 20,DHA,20,4,Portion,Hania Majeed,Warda Zaman,Verified,Due,Under Review,Due,101200000.0
6901,Ghazanfar Kiani,DEMO-KPT-6901,House No. CC-566,Street 29,DHA,20,4,Portion,Ghazanfar Kiani,Sohaib Mir,Verified,Due,Under Review,Due,158700000.0
14391,Dilshad Tunio,DEMO-KPT-14391,House No. BDC-847,Street 4,FB Area,1,4,Portion,Dilshad Tunio,Rizwan Qazi,Pending,Due,Clear,Paid,62000000.0
1459,Bakht Majeed,DEMO-KPT-1459,House No. B-664,Street 6,FB Area,1,4,Portion,Bakht Majeed,Hanzala Zubair,Verified,Paid,Clear,Due,56200000.0
14488,Zarmeen Warsi,DEMO-KPT-14488,House No. CDR-648,Street 7,FB Area,1,4,Portion,Zarmeen Warsi,Khadija Hashmi,Litigated,Due,Clear,Due,63300000.0
16194,Humayun Kiani,DEMO-KPT-16194,House No. RDC-430,Street 7,FB Area,1,4,Portion,Humayun Kiani,Azan Pirzada,Verified,Paid,Clear,Paid,25200000.0
14439,Waqar Bhittani,DEMO-KPT-14439,House No. RBD-797,Street 9,FB Area,1,4,Portion,Waqar Bhittani,Saleha Bhutto,Pending,Due,Clear,Paid,49400000.0
9509,Haseeb Gondal,DEMO-KPT-9509,House No. CC-718,Street 10,FB Area,1,4,Portion,Haseeb Gondal,Fariha Palijo,Verified,Paid,Issue Found,Due,51900000.0
4744,Mohsin Mengal,DEMO-KPT-4744,House No. CR-442,Street 14,FB Area,1,4,Portion,Mohsin Mengal,Mukarram Mangi,Litigated,Due,Under Review,Due,56000000.0
6309,Faiza Rehman,DEMO-KPT-6309,House No. CB-892,Street 15,FB Area,1,4,Portion,Faiza Rehman,Aneesa Qadri,Litigated,Due,Clear,Paid,30600000.0
14409,Hadi Tanoli,DEMO-KPT-14409,House No. BCD-468,Street 15,FB Area,1,4,Portion,Hadi Tanoli,Nawaz Minhas,Litigated,Due,Clear,Paid,79100000.0
4712,Amber Khalid,DEMO-KPT-4712,House No. DC-541,Street 18,FB Area,1,4,Portion,Amber Khalid,Numan Ilyas,Litigated,Paid,Issue Found,Due,71900000.0
7884,Asra Dawood,DEMO-KPT-7884,House No. CC-650,Street 18,FB Area,1,4,Portion,Asra Dawood,Tamkeen Yousafzai,Litigated,Due,Issue Found,Due,41700000.0
3190,Mahnaz Dawood,DEMO-KPT-3190,House No. C-477,Street 19,FB Area,1,4,Portion,Mahnaz Dawood,Nuzhat Akhtar,Litigated,Paid,Issue Found,Paid,35800000.0
16151,Azhar Lak,DEMO-KPT-16151,House No. RDB-505,Street 19,FB Area,1,4,Portion,Azhar Lak,Waleed Bhittani,Verified,Paid,Issue Found,Paid,69300000.0
3235,Shahab Dreshak,DEMO-KPT-3235,House No. C-643,Street 20,FB Area,1,4,Portion,Shahab Dreshak,Burhan Mari,Verified,Due,Under Review,Due,42900000.0
9479,Haroon Rajput,DEMO-KPT-9479,House No. CC-371,Street 22,FB Area,1,4,Portion,Haroon Rajput,Madiha Farooqi,Verified,Due,Clear,Due,31000000.0
11153,Hafsa Noor,DEMO-KPT-11153,House No. BR-407,Street 22,FB Area,1,4,Portion,Hafsa Noor,Hira Yousaf,Verified,Due,Under Review,Due,55800000.0
6290,Mehak Qureshi,DEMO-KPT-6290,House No. RR-388,Street 23,FB Area,1,4,Portion,Mehak Qureshi,Iffat Sindhi,Litigated,Paid,Issue Found,Due,76900000.0
7912,Muzammil Laghari,DEMO-KPT-7912,House No. DC-492,Street 24,FB Area,1,4,Portion,Muzammil Laghari,Aleeza Dayo,Verified,Due,Under Review,Due,57600000.0
14498,Ijaz Gabol,DEMO-KPT-14498,House No. RCD-302,Street 25,FB Area,1,4,Portion,Ijaz Gabol,Uzair Bashir,Pending,Due,Issue Found,Due,31700000.0
7915,Mahir Zaidi,DEMO-KPT-7915,House No. CB-882,Street 29,FB Area,1,4,Portion,Mahir Zaidi,Saleha Shinwari,Litigated,Paid,Issue Found,Due,48500000.0
9573,Bareera Waheed,DEMO-KPT-9573,House No. CC-393,Street 3,FB Area,2,4,Portion,Bareera Waheed,Aslam Rabbani,Litigated,Paid,Clear,Due,78700000.0
11213,Khawar Bangash,DEMO-KPT-11213,House No. RD-383,Street 3,FB Area,2,4,Portion,Khawar Bangash,Rustam Yousaf,Verified,Due,Under Review,Due,43100000.0
9538,Rafiq Khalid,DEMO-KPT-9538,House No. RR-802,Street 7,FB Area,2,4,Portion,Rafiq Khalid,Kinza Memon,Litigated,Due,Clear,Due,63900000.0
3309,Luqman Wattoo,DEMO-KPT-3309,House No. D-806,Street 11,FB Area,2,4,Portion,Luqman Wattoo,Sabir Nawaz,Verified,Due,Under Review,Due,77400000.0
9609,Uzma Ghauri,DEMO-KPT-9609,House No. CB-431,Street 11,FB Area,2,4,Portion,Uzma Ghauri,Nasreen Anwar,Verified,Due,Under Review,Due,77000000.0
3293,Sanam Unar,DEMO-KPT-3293,House No. C-635,Street 15,FB Area,2,4,Portion,Sanam Unar,Asif Mehmood,Verified,Paid,Issue Found,Due,22600000.0
16240,Mahira Majeed,DEMO-KPT-16240,House No. DCB-426,Street 19,FB Area,2,4,Portion,Mahira Majeed,Parveen Usmani,Litigated,Paid,Issue Found,Paid,47300000.0
1558,Anam Mohammadzai,DEMO-KPT-1558,House No. D-465,Street 20,FB Area,2,4,Portion,Anam Mohammadzai,Balaj Rajper,Pending,Paid,Under Review,Paid,22900000.0
11245,Sehar Jafri,DEMO-KPT-11245,House No. RB-655,Street 21,FB Area,2,4,Portion,Sehar Jafri,Luqman Shinwari,Pending,Due,Under Review,Due,38400000.0
1586,Khizar Bangash,DEMO-KPT-1586,House No. B-616,Street 24,FB Area,2,4,Portion,Khizar Bangash,Azka Mir,Verified,Due,Issue Found,Paid,47900000.0
7984,Rimsha Lodhi,DEMO-KPT-7984,House No. BC-339,Street 24,FB Area,2,4,Portion,Rimsha Lodhi,Babar Iqbal,Verified,Paid,Clear,Paid,51600000.0
12865,Haziq Kiani,DEMO-KPT-12865,House No. DB-820,Street 29,FB Area,2,4,Portion,Haziq Kiani,Samiya Wazir,Litigated,Paid,Issue Found,Due,54700000.0
4913,Aqsa Rajput,DEMO-KPT-4913,House No. DD-789,Street 3,FB Area,3,4,Portion,Aqsa Rajput,Sikandar Jaffri,Verified,Due,Under Review,Due,55900000.0
3369,Dua Achakzai,DEMO-KPT-3369,House No. R-817,Street 4,FB Area,3,4,Portion,Dua Achakzai,Fawad Anwar,Pending,Paid,Under Review,Paid,20600000.0
1688,Sabika Korai,DEMO-KPT-1688,House No. R-684,Street 7,FB Area,3,4,Portion,Sabika Korai,Amara Sial,Litigated,Due,Clear,Paid,38500000.0
1698,Sania Daudzai,DEMO-KPT-1698,House No. C-756,Street 9,FB Area,3,4,Portion,Sania Daudzai,Rehana Raza,Verified,Paid,Issue Found,Due,34600000.0
7998,Zainab Mahsud,DEMO-KPT-7998,House No. RB-757,Street 9,FB Area,3,4,Portion,Zainab Mahsud,Noman Ahmed,Verified,Paid,Issue Found,Due,77900000.0
14651,Alishba Noor,DEMO-KPT-14651,House No. DRC-390,Street 12,FB Area,3,4,Portion,Alishba Noor,Bashir Pirzada,Litigated,Paid,Issue Found,Due,61000000.0
4901,Khizar Noor,DEMO-KPT-4901,House No. CB-440,Street 19,FB Area,3,4,Portion,Khizar Noor,Kaleemullah Butt,Verified,Paid,Issue Found,Paid,27100000.0
11335,Ahsan Sohu,DEMO-KPT-11335,House No. CC-600,Street 20,FB Area,3,4,Portion,Ahsan Sohu,Mukhtar Siddiqui,Verified,Due,Under Review,Due,34500000.0
14608,Sikandar Latif,DEMO-KPT-14608,House No. CDB-451,Street 20,FB Area,3,4,Portion,Sikandar Latif,Warda Hanif,Pending,Paid,Under Review,Paid,23100000.0
7992,Rashid Khattak,DEMO-KPT-7992,House No. BC-869,Street 22,FB Area,3,4,Portion,Rashid Khattak,Zain Jogezai,Pending,Due,Under Review,Paid,29300000.0
11377,Khadija Orakzai,DEMO-KPT-11377,House No. DR-348,Street 24,FB Area,3,4,Portion,Khadija Orakzai,Dilawar Yousaf,Pending,Due,Issue Found,Due,74300000.0
8014,Zarmeen Kazmi,DEMO-KPT-8014,House No. CB-493,Street 26,FB Area,3,4,Portion,Zarmeen Kazmi,Rafay Swati,Pending,Due,Issue Found,Paid,42000000.0
4847,Mahnaz Mohmand,DEMO-KPT-4847,House No. CC-760,Street 27,FB Area,3,4,Portion,Mahnaz Mohmand,Nida Mehmood,Litigated,Paid,Issue Found,Paid,58500000.0
8063,Zubia Popalzai,DEMO-KPT-8063,House No. CD-400,Street 3,FB Area,4,4,Portion,Zubia Popalzai,Aleeza Ghumman,Verified,Due,Under Review,Due,62900000.0
13013,Mahira Warsi,DEMO-KPT-13013,House No. RR-884,Street 3,FB Area,4,4,Portion,Mahira Warsi,Mirha Tanoli,Verified,Due,Under Review,Due,66400000.0
8094,Dilshad Mohmand,DEMO-KPT-8094,House No. CB-472,Street 7,FB Area,4,4,Portion,Dilshad Mohmand,Firdous Ghani,Verified,Paid,Clear,Paid,54900000.0
6551,Asif Mian,DEMO-KPT-6551,House No. CD-694,Street 12,FB Area,4,4,Portion,Asif Mian,Azan Tanoli,Litigated,Paid,Issue Found,Due,36100000.0
8073,Zayan Hussain,DEMO-KPT-8073,House No. BC-622,Street 14,FB Area,4,4,Portion,Zayan Hussain,Shahmeer Shafiq,Litigated,Due,Issue Found,Paid,57800000.0
9754,Rashid Dahri,DEMO-KPT-9754,House No. CR-554,Street 14,FB Area,4,4,Portion,Rashid Dahri,Rohail Lone,Pending,Due,Clear,Paid,51900000.0
13033,Sanam Shafiq,DEMO-KPT-13033,House No. DB-822,Street 16,FB Area,4,4,Portion,Sanam Shafiq,Sehar Rana,Verified,Due,Clear,Due,53200000.0
11462,Rimsha Shakir,DEMO-KPT-11462,House No. RC-763,Street 18,FB Area,4,4,Portion,Rimsha Shakir,Irtaza Durrani,Litigated,Paid,Issue Found,Due,78100000.0
13112,Zamzam Cheema,DEMO-KPT-13112,House No. BB-588,Street 18,FB Area,4,4,Portion,Zamzam Cheema,Arif Tarar,Pending,Paid,Under Review,Paid,28600000.0
8051,Fauzia Riaz,DEMO-KPT-8051,House No. DB-671,Street 19,FB Area,4,4,Portion,Fauzia Riaz,Shamim Waheed,Verified,Paid,Issue Found,Paid,25300000.0
14699,Asifa Hayat,DEMO-KPT-14699,House No. RDB-469,Street 19,FB Area,4,4,Portion,Asifa Hayat,Zeshan Chandio,Litigated,Paid,Issue Found,Paid,35900000.0
14662,Farheen Sadiq,DEMO-KPT-14662,House No. BDR-449,Street 24,FB Area,4,4,Portion,Farheen Sadiq,Arooj Tanvir,Verified,Due,Under Review,Due,36100000.0
1757,Zaid Wazir,DEMO-KPT-1757,House No. C-694,Street 25,FB Area,4,4,Portion,Zaid Wazir,Samina Javed,Verified,Paid,Issue Found,Due,25000000.0
4954,Isha Bangash,DEMO-KPT-4954,House No. BC-707,Street 25,FB Area,4,4,Portion,Isha Bangash,Shahmeer Warsi,Verified,Paid,Issue Found,Due,28300000.0
14665,Adnan Warsi,DEMO-KPT-14665,House No. DRB-654,Street 29,FB Area,4,4,Portion,Adnan Warsi,Samad Leghari,Litigated,Paid,Issue Found,Due,47800000.0
16415,Gohar Rind,DEMO-KPT-16415,House No. RCD-449,Street 29,FB Area,4,4,Portion,Gohar Rind,Tayyeb Toor,Pending,Paid,Clear,Paid,65300000.0
13173,Ashraf Bettani,DEMO-KPT-13173,House No. RD-791,Street 3,FB Area,5,4,Portion,Ashraf Bettani,Hina Rehman,Litigated,Paid,Clear,Due,63400000.0
3488,Abid Bhittani,DEMO-KPT-3488,House No. D-414,Street 7,FB Area,5,4,Portion,Abid Bhittani,Safa Shafi,Litigated,Due,Clear,Paid,69700000.0
6638,Sabrina Qazi,DEMO-KPT-6638,House No. RC-496,Street 7,FB Area,5,4,Portion,Sabrina Qazi,Zarar Rind,Litigated,Due,Clear,Paid,65200000.0
13138,Mahnaz Durrani,DEMO-KPT-13138,House No. RR-593,Street 7,FB Area,5,4,Portion,Mahnaz Durrani,Amir Abbasi,Litigated,Due,Clear,Due,62400000.0
14738,Mirha Mir,DEMO-KPT-14738,House No. RCB-433,Street 7,FB Area,5,4,Portion,Mirha Mir,Maryam Hoti,Litigated,Due,Clear,Paid,47900000.0
6648,Azka Bhatti,DEMO-KPT-6648,House No. BD-409,Street 9,FB Area,5,4,Portion,Azka Bhatti,Sehrish Malik,Verified,Paid,Issue Found,Due,42000000.0
9798,Qurat Anwar,DEMO-KPT-9798,House No. BR-334,Street 9,FB Area,5,4,Portion,Qurat Anwar,Shazia Khosa,Verified,Paid,Issue Found,Due,72400000.0
1959,Saira Mughal,DEMO-KPT-1959,House No. C-545,Street 11,FB Area,5,4,Portion,Saira Mughal,Mishal Khattak,Verified,Due,Under Review,Due,31600000.0
6604,Sobia Zahid,DEMO-KPT-6604,House No. CD-391,Street 14,FB Area,5,4,Portion,Sobia Zahid,Mina Gakhar,Pending,Due,Clear,Paid,55300000.0
11494,Asma Malik,DEMO-KPT-11494,House No. BR-687,Street 14,FB Area,5,4,Portion,Asma Malik,Ghazanfar Bajwa,Litigated,Due,Under Review,Due,64000000.0
8109,Zubaida Qadir,DEMO-KPT-8109,House No. BD-589,Street 15,FB Area,5,4,Portion,Zubaida Qadir,Aneela Nadeem,Litigated,Due,Clear,Paid,31300000.0
14790,Shagufta Nawaz,DEMO-KPT-14790,House No. BCR-396,Street 15,FB Area,5,4,Portion,Shagufta Nawaz,Naureen Ranjha,Litigated,Due,Clear,Due,49000000.0
9830,Anmol Mirza,DEMO-KPT-9830,House No. RB-438,Street 19,FB Area,5,4,Portion,Anmol Mirza,Awais Shah,Verified,Paid,Under Review,Paid,69800000.0
14727,Ayeza Hanif,DEMO-KPT-14727,House No. BRC-881,Street 20,FB Area,5,4,Portion,Ayeza Hanif,Talal Majeed,Verified,Paid,Under Review,Paid,73900000.0
8095,Tanzeela Hanif,DEMO-KPT-8095,House No. CB-527,Street 21,FB Area,5,4,Portion,Tanzeela Hanif,Kamal Rana,Pending,Due,Under Review,Due,51500000.0
14845,Rashida Khosa,DEMO-KPT-14845,House No. DCR-625,Street 21,FB Area,5,4,Portion,Rashida Khosa,Tabish Unar,Pending,Due,Under Review,Due,24600000.0
8106,Eman Dreshak,DEMO-KPT-8106,House No. RB-828,Street 25,FB Area,5,4,Portion,Eman Dreshak,Jamshed Mustafa,Pending,Paid,Under Review,Due,42500000.0
14807,Kashif Hussain,DEMO-KPT-14807,House No. RDC-833,Street 25,FB Area,5,4,Portion,Kashif Hussain,Nimra Abro,Verified,Paid,Issue Found,Due,60400000.0
13128,Safa Wani,DEMO-KPT-13128,House No. BD-833,Street 27,FB Area,5,4,Portion,Safa Wani,Neelam Mian,Pending,Paid,Clear,Paid,25600000.0
11465,Riaz Ali,DEMO-KPT-11465,House No. DC-719,Street 29,FB Area,5,4,Portion,Riaz Ali,Hafsa Ghani,Pending,Paid,Clear,Paid,20700000.0
5038,Fayyaz Kiani,DEMO-KPT-5038,House No. DB-718,Street 7,FB Area,6,4,Portion,Fayyaz Kiani,Sheraz Chattha,Litigated,Due,Clear,Due,40900000.0
2044,Aun Mazari,DEMO-KPT-2044,House No. D-635,Street 14,FB Area,6,4,Portion,Aun Mazari,Kausar Mari,Litigated,Due,Under Review,Due,50800000.0
14859,Waseem Farooqi,DEMO-KPT-14859,House No. RDC-540,Street 15,FB Area,6,4,Portion,Waseem Farooqi,Zaib Turk,Litigated,Due,Clear,Paid,41600000.0
6733,Alam Dar,DEMO-KPT-6733,House No. CB-850,Street 16,FB Area,6,4,Portion,Alam Dar,Azan Khokhar,Verified,Due,Clear,Due,34000000.0
8208,Minahil Minhas,DEMO-KPT-8208,House No. CR-590,Street 18,FB Area,6,4,Portion,Minahil Minhas,Wali Kalhoro,Litigated,Paid,Clear,Due,46100000.0
9890,Hadiqa Yasin,DEMO-KPT-9890,House No. BR-326,Street 23,FB Area,6,4,Portion,Hadiqa Yasin,Amara Bhatti,Litigated,Paid,Issue Found,Due,49600000.0
2036,Shazia Mengal,DEMO-KPT-2036,House No. C-528,Street 24,FB Area,6,4,Portion,Shazia Mengal,Nadia Naseem,Verified,Due,Issue Found,Paid,53500000.0
2062,Ghazala Riaz,DEMO-KPT-2062,House No. D-795,Street 24,FB Area,6,4,Portion,Ghazala Riaz,Asifa Bhurgri,Verified,Due,Under Review,Due,32200000.0
9933,Sabih Dreshak,DEMO-KPT-9933,House No. CB-570,Street 24,FB Area,6,4,Portion,Sabih Dreshak,Farzana Mian,Verified,Paid,Under Review,Paid,20700000.0
14883,Mubashir Jamali,DEMO-KPT-14883,House No. RBD-849,Street 24,FB Area,6,4,Portion,Mubashir Jamali,Imad Dogar,Verified,Paid,Under Review,Paid,70900000.0
6754,Shabbir Mahsud,DEMO-KPT-6754,House No. BR-787,Street 25,FB Area,6,4,Portion,Shabbir Mahsud,Mehwish Naseem,Verified,Paid,Issue Found,Due,64000000.0
8198,Shahida Farooqi,DEMO-KPT-8198,House No. RR-504,Street 25,FB Area,6,4,Portion,Shahida Farooqi,Rauf Haral,Pending,Due,Issue Found,Due,37900000.0
14856,Sabih Kazmi,DEMO-KPT-14856,House No. CBD-725,Street 25,FB Area,6,4,Portion,Sabih Kazmi,Nayyar Sabri,Pending,Paid,Under Review,Due,33200000.0
13398,Jamshed Yasin,DEMO-KPT-13398,House No. CR-719,Street 9,FB Area,7,4,Portion,Jamshed Yasin,Mina Mohmand,Verified,Paid,Issue Found,Due,58900000.0
8344,Pervaiz Bhittani,DEMO-KPT-8344,House No. CR-728,Street 14,FB Area,7,4,Portion,Pervaiz Bhittani,Abbas Ghaffar,Litigated,Due,Under Review,Due,74500000.0
16623,Zainab Kamal,DEMO-KPT-16623,House No. BDC-586,Street 14,FB Area,7,4,Portion,Zainab Kamal,Noshaba Qadri,Litigated,Due,Issue Found,Paid,43500000.0
3743,Tamim Javed,DEMO-KPT-3743,House No. D-624,Street 15,FB Area,7,4,Portion,Tamim Javed,Rafay Alvi,Verified,Paid,Issue Found,Due,71200000.0
5093,Huma Samo,DEMO-KPT-5093,House No. RB-623,Street 15,FB Area,7,4,Portion,Huma Samo,Yasmeen Peerzada,Verified,Paid,Issue Found,Due,77200000.0
8312,Ehsan Alvi,DEMO-KPT-8312,House No. BB-872,Street 18,FB Area,7,4,Portion,Ehsan Alvi,Kamran Sabri,Litigated,Paid,Issue Found,Due,56200000.0
10008,Imtiaz Butt,DEMO-KPT-10008,House No. RC-745,Street 18,FB Area,7,4,Portion,Imtiaz Butt,Minhaj Hashmi,Litigated,Paid,Clear,Due,27300000.0
2099,Farooq Jogezai,DEMO-KPT-2099,House No. C-308,Street 19,FB Area,7,4,Portion,Farooq Jogezai,Awais Ghani,Litigated,Paid,Issue Found,Paid,60600000.0
11651,Yusra Nawaz,DEMO-KPT-11651,House No. BC-538,Street 19,FB Area,7,4,Portion,Yusra Nawaz,Ruqayya Qadir,Verified,Paid,Issue Found,Paid,24300000.0
16658,Junaid Wattoo,DEMO-KPT-16658,House No. DRC-643,Street 22,FB Area,7,4,Portion,Junaid Wattoo,Malaika Gabol,Verified,Paid,Issue Found,Paid,64600000.0
10027,Bushra Mangi,DEMO-KPT-10027,House No. DB-829,Street 24,FB Area,7,4,Portion,Bushra Mangi,Faizan Ghaffar,Pending,Due,Issue Found,Due,21900000.0
16656,Faizan Mohmand,DEMO-KPT-16656,House No. BRC-577,Street 25,FB Area,7,4,Portion,Faizan Mohmand,Zahid Qureshi,Pending,Paid,Under Review,Due,67000000.0
10070,Maira Ghauri,DEMO-KPT-10070,House No. DB-891,Street 26,FB Area,7,4,Portion,Maira Ghauri,Sobia Sabri,Verified,Paid,Issue Found,Paid,27900000.0
13463,Salman Majeed,DEMO-KPT-13463,House No. CBR-396,Street 3,FB Area,8,4,Portion,Salman Majeed,Salahuddin Ilyas,Verified,Due,Under Review,Due,52000000.0
2178,Kanwar Bhutto,DEMO-KPT-2178,House No. R-628,Street 4,FB Area,8,4,Portion,Kanwar Bhutto,Bushra Popalzai,Pending,Paid,Under Review,Due,78900000.0
13440,Laila Bettani,DEMO-KPT-13440,House No. DRB-622,Street 15,FB Area,8,4,Portion,Laila Bettani,Shahida Lashari,Litigated,Due,Clear,Due,63900000.0
11683,Humaira Saleem,DEMO-KPT-11683,House No. CB-687,Street 16,FB Area,8,4,Portion,Humaira Saleem,Batool Afridi,Verified,Due,Clear,Due,78700000.0
8399,Anas Nasar,DEMO-KPT-8399,House No. BC-600,Street 19,FB Area,8,4,Portion,Anas Nasar,Emaan Sabri,Litigated,Paid,Issue Found,Paid,61400000.0
16690,Nashra Randhawa,DEMO-KPT-16690,House No. BRD-823,Street 19,FB Area,8,4,Portion,Nashra Randhawa,Azeem Zaman,Litigated,Paid,Issue Found,Paid,62700000.0
13495,Sikandar Khuhro,DEMO-KPT-13495,House No. DBR-789,Street 21,FB Area,8,4,Portion,Sikandar Khuhro,Yumna Ijaz,Pending,Due,Under Review,Due,49600000.0
2153,Noman Zardari,DEMO-KPT-2153,House No. R-584,Street 22,FB Area,8,4,Portion,Noman Zardari,Rukhsana Siddiqui,Verified,Due,Under Review,Due,31700000.0
5212,Shazia Parvez,DEMO-KPT-5212,House No. BC-361,Street 24,FB Area,8,4,Portion,Shazia Parvez,Farid Toor,Verified,Due,Under Review,Due,61400000.0
14977,Maham Awan,DEMO-KPT-14977,House No. BRC-447,Street 24,FB Area,8,4,Portion,Maham Awan,Ishaq Kiani,Pending,Due,Issue Found,Due,22100000.0
15020,Zubaid Gilani,DEMO-KPT-15020,House No. RCB-631,Street 26,FB Area,8,4,Portion,Zubaid Gilani,Muneeb Hameed,Verified,Paid,Issue Found,Paid,53200000.0
3815,Jawad Shafi,DEMO-KPT-3815,House No. D-559,Street 29,FB Area,8,4,Portion,Jawad Shafi,Luqman Bajwa,Pending,Paid,Clear,Paid,37500000.0
5165,Mehreen Dogar,DEMO-KPT-5165,House No. CB-578,Street 29,FB Area,8,4,Portion,Mehreen Dogar,Ammar Kamboh,Pending,Paid,Clear,Paid,67100000.0
13588,Yusuf Lughmani,DEMO-KPT-13588,House No. CRD-673,Street 7,FB Area,9,4,Portion,Yusuf Lughmani,Hidayat Siddiqui,Litigated,Due,Clear,Due,57000000.0
2291,Safa Riaz,DEMO-KPT-2291,House No. C-400,Street 8,FB Area,9,4,Portion,Safa Riaz,Iqra Mian,Pending,Due,Clear,Paid,29000000.0
2289,Jamil Jadoon,DEMO-KPT-2289,House No. R-728,Street 9,FB Area,9,4,Portion,Jamil Jadoon,Momina Dahri,Pending,Due,Clear,Paid,64700000.0
11739,Sabrina Nasar,DEMO-KPT-11739,House No. BR-808,Street 9,FB Area,9,4,Portion,Sabrina Nasar,Tahir Marri,Pending,Due,Clear,Paid,30800000.0
3904,Shan Dar,DEMO-KPT-3904,House No. BC-685,Street 14,FB Area,9,4,Portion,Shan Dar,Mansha Tarar,Pending,Due,Clear,Paid,44900000.0
2259,Aslam Majeed,DEMO-KPT-2259,House No. C-843,Street 15,FB Area,9,4,Portion,Aslam Majeed,Anam Imran,Litigated,Due,Clear,Paid,64600000.0
3876,Fahim Minhas,DEMO-KPT-3876,House No. CD-626,Street 17,FB Area,9,4,Portion,Fahim Minhas,Shahmeer Zubair,Pending,Paid,Clear,Paid,61000000.0
10176,Khurram Bhurgri,DEMO-KPT-10176,House No. RC-626,Street 17,FB Area,9,4,Portion,Khurram Bhurgri,Aryan Tarar,Pending,Paid,Clear,Paid,73600000.0
3899,Hassan Toor,DEMO-KPT-3899,House No. DB-520,Street 19,FB Area,9,4,Portion,Hassan Toor,Aftab Niazi,Litigated,Paid,Issue Found,Paid,28000000.0
5330,Nasrullah Kazmi,DEMO-KPT-5330,House No. BR-667,Street 19,FB Area,9,4,Portion,Nasrullah Kazmi,Laila Dogar,Verified,Paid,Under Review,Paid,60500000.0
10199,Sami Minhas,DEMO-KPT-10199,House No. BB-484,Street 19,FB Area,9,4,Portion,Sami Minhas,Rizwaan Bilgrami,Litigated,Paid,Issue Found,Paid,51700000.0
15053,Kashif Lakhani,DEMO-KPT-15053,House No. RBC-554,Street 19,FB Area,9,4,Portion,Kashif Lakhani,Parveen Mirza,Verified,Paid,Issue Found,Due,54700000.0
10227,Daniyal Lari,DEMO-KPT-10227,House No. CC-831,Street 20,FB Area,9,4,Portion,Daniyal Lari,Mazen Gakhar,Verified,Paid,Under Review,Paid,42600000.0
11733,Zameer Warsi,DEMO-KPT-11733,House No. RC-509,Street 24,FB Area,9,4,Portion,Zameer Warsi,Isha Hussain,Verified,Paid,Under Review,Paid,54100000.0
16777,Hira Toor,DEMO-KPT-16777,House No. CDR-642,Street 24,FB Area,9,4,Portion,Hira Toor,Obaid Sahito,Pending,Due,Issue Found,Due,37200000.0
2256,Saira Khuhro,DEMO-KPT-2256,House No. B-828,Street 25,FB Area,9,4,Portion,Saira Khuhro,Atiya Ijaz,Pending,Paid,Under Review,Due,27800000.0
16748,Fareeha Qadir,DEMO-KPT-16748,House No. RCD-771,Street 25,FB Area,9,4,Portion,Fareeha Qadir,Bakhtawar Toor,Pending,Due,Issue Found,Due,72200000.0
13536,Azan Rizvi,DEMO-KPT-13536,House No. RDC-446,Street 26,FB Area,9,4,Portion,Azan Rizvi,Zulekha Ahmed,Litigated,Paid,Clear,Paid,31600000.0
16820,Maaz Tiwana,DEMO-KPT-16820,House No. RBD-553,Street 26,FB Area,9,4,Portion,Maaz Tiwana,Rashida Iqbal,Verified,Paid,Issue Found,Paid,74300000.0
8492,Haziq Chandio,DEMO-KPT-8492,House No. BC-774,Street 27,FB Area,9,4,Portion,Haziq Chandio,Mubashra Farooq,Verified,Paid,Under Review,Due,72200000.0
11778,Haziq Raza,DEMO-KPT-11778,House No. CR-741,Street 27,FB Area,9,4,Portion,Haziq Raza,Salma Ahmed,Pending,Paid,Clear,Paid,39800000.0
15074,Salma Shafiq,DEMO-KPT-15074,House No. DRC-365,Street 27,FB Area,9,4,Portion,Salma Shafiq,Kashaf Khuhro,Litigated,Paid,Issue Found,Paid,55700000.0
11735,Qayyum Jamali,DEMO-KPT-11735,House No. RC-777,Street 29,FB Area,9,4,Portion,Qayyum Jamali,Pervaiz Warraich,Pending,Paid,Under Review,Due,55900000.0
5394,Khushbu Cheema,DEMO-KPT-5394,House No. CR-682,Street 7,FB Area,10,4,Portion,Khushbu Cheema,Rubab Sindhi,Verified,Paid,Clear,Paid,35100000.0
7001,Hafsa Sahito,DEMO-KPT-7001,House No. CC-540,Street 12,FB Area,10,4,Portion,Hafsa Sahito,Tabassum Rajput,Litigated,Paid,Issue Found,Due,44100000.0
15240,Sidrah Sindhi,DEMO-KPT-15240,House No. RBD-760,Street 15,FB Area,10,4,Portion,Sidrah Sindhi,Taimur Shakeel,Litigated,Due,Clear,Due,30500000.0
11808,Zarar Khattak,DEMO-KPT-11808,House No. BC-431,Street 18,FB Area,10,4,Portion,Zarar Khattak,Ghazala Usmani,Litigated,Paid,Clear,Due,34900000.0
5440,Raees Tariq,DEMO-KPT-5440,House No. BC-877,Street 19,FB Area,10,4,Portion,Raees Tariq,Zulfiqar Nadeem,Litigated,Paid,Issue Found,Paid,46200000.0
10327,Nadia Tariq,DEMO-KPT-10327,House No. DR-334,Street 19,FB Area,10,4,Portion,Nadia Tariq,Mehboob Majeed,Pending,Due,Issue Found,Paid,40200000.0
15230,Atiya Kharal,DEMO-KPT-15230,House No. RBC-412,Street 19,FB Area,10,4,Portion,Atiya Kharal,Aisha Ghumman,Verified,Paid,Under Review,Paid,37700000.0
6980,Nayab Hanif,DEMO-KPT-6980,House No. RD-362,Street 21,FB Area,10,4,Portion,Nayab Hanif,Basit Mehmood,Pending,Paid,Under Review,Paid,35600000.0
16880,Haris Shafiq,DEMO-KPT-16880,House No. DBR-838,Street 21,FB Area,10,4,Portion,Haris Shafiq,Sohail Shah,Pending,Paid,Under Review,Paid,27700000.0
5429,Taimur Sohu,DEMO-KPT-5429,House No. DC-806,Street 22,FB Area,10,4,Portion,Taimur Sohu,Khizar Shakir,Verified,Due,Clear,Due,38100000.0
13654,Abdullah Tanvir,DEMO-KPT-13654,House No. BCR-502,Street 22,FB Area,10,4,Portion,Abdullah Tanvir,Umaima Aslam,Verified,Paid,Issue Found,Due,70500000.0
3934,Nashra Saif,DEMO-KPT-3934,House No. RD-471,Street 24,FB Area,10,4,Portion,Nashra Saif,Sabahat Joiya,Verified,Paid,Clear,Paid,67500000.0
5436,Yousaf Peerzada,DEMO-KPT-5436,House No. RR-607,Street 26,FB Area,10,4,Portion,Yousaf Peerzada,Ayesha Rana,Litigated,Paid,Clear,Paid,77700000.0
11870,Hashir Samo,DEMO-KPT-11870,House No. RR-432,Street 26,FB Area,10,4,Portion,Hashir Samo,Mina Latif,Verified,Paid,Issue Found,Paid,79300000.0
8628,Nailah Lari,DEMO-KPT-8628,House No. BB-832,Street 27,FB Area,10,4,Portion,Nailah Lari,Parveen Bhat,Pending,Paid,Clear,Paid,65900000.0
13651,Younas Farooq,DEMO-KPT-13651,House No. DCB-315,Street 29,FB Area,10,4,Portion,Younas Farooq,Suleman Bangash,Verified,Due,Under Review,Due,77800000.0
2469,Zunaira Hussain,DEMO-KPT-2469,House No. C-384,Street 4,FB Area,11,4,Portion,Zunaira Hussain,Mansha Qazi,Pending,Paid,Under Review,Paid,53000000.0
8659,Rizwaan Buriro,DEMO-KPT-8659,House No. BD-378,Street 6,FB Area,11,4,Portion,Rizwaan Buriro,Mazen Durrani,Verified,Paid,Clear,Due,52300000.0
10389,Benazir Mari,DEMO-KPT-10389,House No. CC-422,Street 9,FB Area,11,4,Portion,Benazir Mari,Palwasha Majeed,Pending,Due,Clear,Paid,35400000.0
15273,Manzoor Rabbani,DEMO-KPT-15273,House No. RDC-511,Street 14,FB Area,11,4,Portion,Manzoor Rabbani,Shakeel Bashir,Litigated,Due,Issue Found,Paid,65000000.0
3990,Mukarram Mehmood,DEMO-KPT-3990,House No. DC-477,Street 15,FB Area,11,4,Portion,Mukarram Mehmood,Manahil Shafiq,Litigated,Due,Clear,Due,26900000.0
15309,Zunaira Hafeez,DEMO-KPT-15309,House No. CBD-838,Street 15,FB Area,11,4,Portion,Zunaira Hafeez,Hoorain Hameed,Litigated,Due,Clear,Paid,68000000.0
7026,Nuzhat Memon,DEMO-KPT-7026,House No. BR-462,Street 17,FB Area,11,4,Portion,Nuzhat Memon,Tahmina Lashari,Pending,Paid,Clear,Paid,65200000.0
5462,Shahzad Abbasi,DEMO-KPT-5462,House No. RB-582,Street 18,FB Area,11,4,Portion,Shahzad Abbasi,Abeera Hafeez,Pending,Paid,Under Review,Paid,51000000.0
8658,Tanveer Tunio,DEMO-KPT-8658,House No. BD-484,Street 18,FB Area,11,4,Portion,Tanveer Tunio,Imtiaz Popalzai,Litigated,Paid,Clear,Due,48100000.0
15308,Vaqar Zaidi,DEMO-KPT-15308,House No. BCD-498,Street 22,FB Area,11,4,Portion,Vaqar Zaidi,Amara Malik,Verified,Paid,Issue Found,Paid,25700000.0
8677,Mehak Mir,DEMO-KPT-8677,House No. RD-313,Street 24,FB Area,11,4,Portion,Mehak Mir,Sahar Bijarani,Pending,Due,Issue Found,Due,56000000.0
5498,Fauzia Yasin,DEMO-KPT-5498,House No. CB-691,Street 25,FB Area,11,4,Portion,Fauzia Yasin,Uzair Warraich,Pending,Due,Issue Found,Due,71900000.0
2474,Parveen Shaikh,DEMO-KPT-2474,House No. R-773,Street 27,FB Area,11,4,Portion,Parveen Shaikh,Tahseen Gabol,Litigated,Paid,Issue Found,Paid,27500000.0
5478,Maqsood Yasin,DEMO-KPT-5478,House No. DC-683,Street 27,FB Area,11,4,Portion,Maqsood Yasin,Rehman Kharal,Pending,Paid,Clear,Paid,51700000.0
2416,Kaleemullah Saif,DEMO-KPT-2416,House No. C-492,Street 30,FB Area,11,4,Portion,Kaleemullah Saif,Mehboob Dogar,Litigated,Due,Issue Found,Due,67200000.0
10438,Farheen Jadoon,DEMO-KPT-10438,House No. BD-389,Street 7,FB Area,12,4,Portion,Farheen Jadoon,Tayyeb Swati,Litigated,Due,Clear,Due,66200000.0
12038,Nasrullah Tunio,DEMO-KPT-12038,House No. DR-727,Street 7,FB Area,12,4,Portion,Nasrullah Tunio,Najma Khalid,Litigated,Due,Clear,Paid,23800000.0
2554,Liaquat Popalzai,DEMO-KPT-2554,House No. D-489,Street 14,FB Area,12,4,Portion,Liaquat Popalzai,Bareera Rajper,Pending,Due,Clear,Paid,25800000.0
5548,Ashraf Abro,DEMO-KPT-5548,House No. CB-459,Street 15,FB Area,12,4,Portion,Ashraf Abro,Atiya Lodhi,Litigated,Due,Clear,Due,57700000.0
7077,Sarah Bukhari,DEMO-KPT-7077,House No. DR-544,Street 20,FB Area,12,4,Portion,Sarah Bukhari,Husna Abbasi,Verified,Paid,Under Review,Paid,49300000.0
13730,Muhammad Lone,DEMO-KPT-13730,House No. RDB-738,Street 21,FB Area,12,4,Portion,Muhammad Lone,Kanwal Shafi,Pending,Paid,Under Review,Paid,27800000.0
4086,Zamzam Shaikh,DEMO-KPT-4086,House No. DB-672,Street 26,FB Area,12,4,Portion,Zamzam Shaikh,Haziq Rashid,Litigated,Paid,Clear,Paid,29200000.0
5570,Naureen Pirzada,DEMO-KPT-5570,House No. RB-450,Street 26,FB Area,12,4,Portion,Naureen Pirzada,Ubaid Rajput,Verified,Paid,Issue Found,Paid,71900000.0
12064,Ikram Rehman,DEMO-KPT-12064,House No. CR-392,Street 26,FB Area,12,4,Portion,Ikram Rehman,Kaleem Imran,Pending,Due,Issue Found,Paid,59300000.0
15336,Hanif Abbasi,DEMO-KPT-15336,House No. RDB-425,Street 26,FB Area,12,4,Portion,Hanif Abbasi,Kaneez Virk,Litigated,Paid,Clear,Paid,67300000.0
4067,Zubaida Rizvi,DEMO-KPT-4067,House No. BB-606,Street 27,FB Area,12,4,Portion,Zubaida Rizvi,Tahmina Rabbani,Pending,Paid,Under Review,Due,79400000.0
13765,Nida Gill,DEMO-KPT-13765,House No. RBD-805,Street 29,FB Area,12,4,Portion,Nida Gill,Sajid Virk,Litigated,Paid,Issue Found,Due,76700000.0
7239,Lamia Rabbani,DEMO-KPT-7239,House No. CD-478,Street 9,FB Area,13,4,Portion,Lamia Rabbani,Shafiq Ali,Pending,Due,Clear,Paid,24200000.0
12123,Sadia Khan,DEMO-KPT-12123,House No. CR-447,Street 14,FB Area,13,4,Portion,Sadia Khan,Hadiqa Soomro,Litigated,Due,Issue Found,Paid,66000000.0
10562,Shamim Jamal,DEMO-KPT-10562,House No. RD-340,Street 18,FB Area,13,4,Portion,Shamim Jamal,Zahida Nawaz,Litigated,Paid,Issue Found,Due,78500000.0
7177,Siddique Sultan,DEMO-KPT-7177,House No. CD-472,Street 19,FB Area,13,4,Portion,Siddique Sultan,Hoorain Achakzai,Pending,Due,Issue Found,Paid,39200000.0
2577,Umair Pirzada,DEMO-KPT-2577,House No. B-856,Street 20,FB Area,13,4,Portion,Umair Pirzada,Zakir Farooqi,Verified,Paid,Under Review,Paid,52900000.0
10558,Rehman Sheikh,DEMO-KPT-10558,House No. RB-476,Street 20,FB Area,13,4,Portion,Rehman Sheikh,Mina Khan,Pending,Paid,Under Review,Paid,68700000.0
13842,Sadiq Hashmi,DEMO-KPT-13842,House No. RBD-624,Street 22,FB Area,13,4,Portion,Sadiq Hashmi,Athar Ghaffar,Pending,Due,Under Review,Paid,71300000.0
15454,Momina Mirani,DEMO-KPT-15454,House No. BDR-674,Street 22,FB Area,13,4,Portion,Momina Mirani,Hoor Dreshak,Verified,Paid,Issue Found,Due,35400000.0
5636,Bisma Barakzai,DEMO-KPT-5636,House No. DD-602,Street 24,FB Area,13,4,Portion,Bisma Barakzai,Aleena Dogar,Verified,Due,Issue Found,Paid,26300000.0
5662,Tayyaba Naseem,DEMO-KPT-5662,House No. CB-796,Street 24,FB Area,13,4,Portion,Tayyaba Naseem,Amal Mohammadzai,Verified,Due,Under Review,Due,66100000.0
7157,Rizwaan Saeed,DEMO-KPT-7157,House No. BR-421,Street 25,FB Area,13,4,Portion,Rizwaan Saeed,Salahuddin Abro,Verified,Paid,Issue Found,Due,30500000.0
7206,Sadiq Bangash,DEMO-KPT-7206,House No. RD-583,Street 25,FB Area,13,4,Portion,Sadiq Bangash,Sarah Pirzada,Pending,Paid,Under Review,Due,55100000.0
15524,Owais Qadir,DEMO-KPT-15524,House No. CRB-550,Street 27,FB Area,13,4,Portion,Owais Qadir,Ihsan Orakzai,Litigated,Paid,Issue Found,Paid,28600000.0
10565,Shahida Mengal,DEMO-KPT-10565,House No. BC-445,Street 29,FB Area,13,4,Portion,Shahida Mengal,Sajid Kiani,Pending,Paid,Clear,Paid,71600000.0
7288,Laila Kamboh,DEMO-KPT-7288,House No. RB-731,Street 7,FB Area,14,4,Portion,Laila Kamboh,Tahreem Mansoor,Litigated,Due,Clear,Due,37600000.0
12144,Rabia Warsi,DEMO-KPT-12144,House No. CR-729,Street 7,FB Area,14,4,Portion,Rabia Warsi,Maryum Marwat,Verified,Paid,Clear,Paid,24000000.0
12189,Neelam Baloch,DEMO-KPT-12189,House No. BB-880,Street 9,FB Area,14,4,Portion,Neelam Baloch,Saeed Rana,Pending,Due,Clear,Paid,45300000.0
7259,Mashal Khalid,DEMO-KPT-7259,House No. CR-593,Street 10,FB Area,14,4,Portion,Mashal Khalid,Zunaira Hinjra,Verified,Paid,Issue Found,Due,64800000.0
12209,Daniyal Tanvir,DEMO-KPT-12209,House No. DR-328,Street 10,FB Area,14,4,Portion,Daniyal Tanvir,Alam Ghumman,Verified,Paid,Issue Found,Due,64900000.0
2673,Nayab Jafri,DEMO-KPT-2673,House No. C-396,Street 14,FB Area,14,4,Portion,Nayab Jafri,Nabeel Aslam,Litigated,Due,Issue Found,Paid,73600000.0
5704,Nashra Rana,DEMO-KPT-5704,House No. DC-354,Street 14,FB Area,14,4,Portion,Nashra Rana,Nadia Tahir,Pending,Due,Clear,Paid,73500000.0
15544,Mirza Chaudhry,DEMO-KPT-15544,House No. CDB-762,Street 14,FB Area,14,4,Portion,Mirza Chaudhry,Nashra Shakir,Litigated,Due,Under Review,Due,36200000.0
2677,Hidayat Barakzai,DEMO-KPT-2677,House No. R-318,Street 19,FB Area,14,4,Portion,Hidayat Barakzai,Anum Mughal,Pending,Due,Issue Found,Paid,57200000.0
5780,Khushbu Shafiq,DEMO-KPT-5780,House No. BD-835,Street 19,FB Area,14,4,Portion,Khushbu Shafiq,Kanwal Yousaf,Verified,Paid,Under Review,Paid,58100000.0
8877,Sidrah Baig,DEMO-KPT-8877,House No. CR-364,Street 20,FB Area,14,4,Portion,Sidrah Baig,Shahida Bhat,Verified,Paid,Under Review,Paid,48900000.0
12179,Shafay Shakir,DEMO-KPT-12179,House No. RB-595,Street 22,FB Area,14,4,Portion,Shafay Shakir,Aryan Waheed,Verified,Due,Clear,Due,59600000.0
8897,Tayyaba Bhittani,DEMO-KPT-8897,House No. DD-637,Street 27,FB Area,14,4,Portion,Tayyaba Bhittani,Nosheen Gabol,Litigated,Paid,Issue Found,Paid,61800000.0
8942,Hafsa Butt,DEMO-KPT-8942,House No. CR-500,Street 27,FB Area,14,4,Portion,Hafsa Butt,Esha Tunio,Verified,Paid,Under Review,Due,54600000.0
2735,Fahim Chaudhry,DEMO-KPT-2735,House No. D-712,Street 29,FB Area,14,4,Portion,Fahim Chaudhry,Arslan Wazir,Pending,Paid,Under Review,Due,25300000.0
8963,Ijaz Rizvi,DEMO-KPT-8963,House No. RB-824,Street 3,FB Area,15,4,Portion,Ijaz Rizvi,Murtaza Siddiqui,Verified,Due,Under Review,Due,54200000.0
5889,Amir Pirzada,DEMO-KPT-5889,House No. BR-700,Street 9,FB Area,15,4,Portion,Amir Pirzada,Uroosa Nadeem,Pending,Due,Clear,Paid,26700000.0
15648,Shahid Alvi,DEMO-KPT-15648,House No. CRB-609,Street 9,FB Area,15,4,Portion,Shahid Alvi,Mehwish Shinwari,Verified,Paid,Issue Found,Due,53700000.0
4294,Dua Gill,DEMO-KPT-4294,House No. CD-769,Street 14,FB Area,15,4,Portion,Dua Gill,Amara Rabbani,Litigated,Due,Under Review,Due,29600000.0
7348,Sabahat Jogezai,DEMO-KPT-7348,House No. BD-826,Street 15,FB Area,15,4,Portion,Sabahat Jogezai,Hania Wattoo,Litigated,Due,Clear,Due,77100000.0
13959,Salman Shafi,DEMO-KPT-13959,House No. BDR-884,Street 15,FB Area,15,4,Portion,Salman Shafi,Zaib Pirzada,Litigated,Due,Clear,Paid,59500000.0
13933,Zahid Baloch,DEMO-KPT-13933,House No. DBC-344,Street 16,FB Area,15,4,Portion,Zahid Baloch,Zawar Saeed,Verified,Due,Clear,Due,49000000.0
8977,Asifa Gabol,DEMO-KPT-8977,House No. BD-353,Street 19,FB Area,15,4,Portion,Asifa Gabol,Musa Haral,Pending,Due,Issue Found,Paid,45800000.0
10777,Obaid Mohammadzai,DEMO-KPT-10777,House No. BB-505,Street 19,FB Area,15,4,Portion,Obaid Mohammadzai,Nageen Afridi,Pending,Due,Issue Found,Paid,35300000.0
15627,Tasneem Alvi,DEMO-KPT-15627,House No. RBC-546,Street 20,FB Area,15,4,Portion,Tasneem Alvi,Saleha Peerzada,Verified,Paid,Under Review,Paid,54100000.0
7430,Nudrat Zaidi,DEMO-KPT-7430,House No. BD-884,Street 21,FB Area,15,4,Portion,Nudrat Zaidi,Noshaba Nasar,Pending,Paid,Under Review,Paid,28300000.0
10684,Naeem Yazdani,DEMO-KPT-10684,House No. DR-767,Street 24,FB Area,15,4,Portion,Naeem Yazdani,Rehan Marwat,Verified,Paid,Clear,Paid,79600000.0
2798,Kamal Khan,DEMO-KPT-2798,House No. B-763,Street 25,FB Area,15,4,Portion,Kamal Khan,Mahmood Barakzai,Pending,Due,Issue Found,Due,34400000.0
5854,Emaad Dogar,DEMO-KPT-5854,House No. CB-746,Street 25,FB Area,15,4,Portion,Emaad Dogar,Hasnain Cheema,Verified,Paid,Issue Found,Due,55800000.0
12248,Ihtisham Jafri,DEMO-KPT-12248,House No. DR-778,Street 25,FB Area,15,4,Portion,Ihtisham Jafri,Mohsin Shakir,Pending,Due,Issue Found,Due,51700000.0
13956,Mazhar Hameed,DEMO-KPT-13956,House No. RDC-397,Street 25,FB Area,15,4,Portion,Mazhar Hameed,Sakina Ghauri,Pending,Paid,Under Review,Due,60100000.0
15707,Ayaz Afridi,DEMO-KPT-15707,House No. RDC-510,Street 25,FB Area,15,4,Portion,Ayaz Afridi,Ejaz Pasha,Verified,Paid,Issue Found,Due,33200000.0
4388,Yusra Riaz,DEMO-KPT-4388,House No. DR-794,Street 7,FB Area,16,4,Portion,Yusra Riaz,Ambreen Palijo,Litigated,Due,Clear,Paid,28600000.0
15809,Malaika Nasar,DEMO-KPT-15809,House No. DCB-520,Street 10,FB Area,16,4,Portion,Malaika Nasar,Rubina Ghaffar,Verified,Paid,Issue Found,Due,51700000.0
2848,Zarar Noor,DEMO-KPT-2848,House No. C-741,Street 15,FB Area,16,4,Portion,Zarar Noor,Abubakar Jaffri,Litigated,Due,Clear,Due,77200000.0
10809,Shamim Magsi,DEMO-KPT-10809,House No. RC-615,Street 15,FB Area,16,4,Portion,Shamim Magsi,Haider Gabol,Litigated,Due,Clear,Paid,58500000.0
14058,Ehsan Latif,DEMO-KPT-14058,House No. RCB-779,Street 18,FB Area,16,4,Portion,Ehsan Latif,Hoor Bijarani,Litigated,Paid,Clear,Due,53600000.0
15790,Dania Memon,DEMO-KPT-15790,House No. CRB-892,Street 19,FB Area,16,4,Portion,Dania Memon,Tauseef Qadir,Litigated,Paid,Issue Found,Paid,33000000.0
5935,Rehan Tariq,DEMO-KPT-5935,House No. CC-631,Street 20,FB Area,16,4,Portion,Rehan Tariq,Jamila Latif,Verified,Due,Under Review,Due,73900000.0
8995,Momina Khalid,DEMO-KPT-8995,House No. CC-859,Street 21,FB Area,16,4,Portion,Momina Khalid,Anum Ranjha,Pending,Due,Under Review,Due,29500000.0
2854,Haider Marri,DEMO-KPT-2854,House No. D-719,Street 22,FB Area,16,4,Portion,Haider Marri,Nabila Tariq,Verified,Paid,Issue Found,Due,63300000.0
9008,Nouman Latif,DEMO-KPT-9008,House No. CD-345,Street 22,FB Area,16,4,Portion,Nouman Latif,Mahmood Ghumman,Verified,Paid,Issue Found,Paid,72000000.0
10808,Mirza Magsi,DEMO-KPT-10808,House No. CD-496,Street 22,FB Area,16,4,Portion,Mirza Magsi,Sonia Mansoor,Verified,Paid,Issue Found,Paid,57000000.0
10790,Ifrah Saif,DEMO-KPT-10790,House No. BR-392,Street 23,FB Area,16,4,Portion,Ifrah Saif,Nayyar Bhat,Litigated,Paid,Issue Found,Due,21800000.0
14077,Rakhshanda Rana,DEMO-KPT-14077,House No. DBC-730,Street 24,FB Area,16,4,Portion,Rakhshanda Rana,Jamila Zaman,Pending,Due,Issue Found,Due,57100000.0
5932,Talha Bugti,DEMO-KPT-5932,House No. RC-893,Street 27,FB Area,16,4,Portion,Talha Bugti,Fariha Mangi,Litigated,Due,Issue Found,Paid,51600000.0
4463,Mahir Virk,DEMO-KPT-4463,House No. DC-669,Street 3,FB Area,17,4,Portion,Mahir Virk,Shazia Qadri,Verified,Due,Under Review,Due,38400000.0
7578,Sameen Lakhani,DEMO-KPT-7578,House No. RR-333,Street 4,FB Area,17,4,Portion,Sameen Lakhani,Sabeen Cheema,Pending,Paid,Under Review,Due,41900000.0
15859,Esha Khalid,DEMO-KPT-15859,House No. RCB-380,Street 6,FB Area,17,4,Portion,Esha Khalid,Iqra Riaz,Verified,Paid,Clear,Due,54900000.0
10841,Shoaib Gill,DEMO-KPT-10841,House No. RR-578,Street 8,FB Area,17,4,Portion,Shoaib Gill,Bisma Zubair,Pending,Due,Clear,Paid,69700000.0
10859,Masood Yousafzai,DEMO-KPT-10859,House No. RC-394,Street 10,FB Area,17,4,Portion,Masood Yousafzai,Sheraz Lakhani,Verified,Paid,Issue Found,Due,39600000.0
4473,Waheed Rashid,DEMO-KPT-4473,House No. BC-769,Street 14,FB Area,17,4,Portion,Waheed Rashid,Amjad Kidwai,Litigated,Due,Issue Found,Paid,43100000.0
12394,Sabahat Marri,DEMO-KPT-12394,House No. RB-886,Street 14,FB Area,17,4,Portion,Sabahat Marri,Mahmood Jogezai,Litigated,Due,Under Review,Due,34000000.0
5993,Hafsa Durrani,DEMO-KPT-5993,House No. BD-878,Street 15,FB Area,17,4,Portion,Hafsa Durrani,Aqsa Mari,Verified,Paid,Issue Found,Due,35800000.0
2912,Noaman Gakhar,DEMO-KPT-2912,House No. C-350,Street 18,FB Area,17,4,Portion,Noaman Gakhar,Sadaqat Hoti,Litigated,Paid,Issue Found,Due,27900000.0
2934,Fahad Bashir,DEMO-KPT-2934,House No. B-862,Street 18,FB Area,17,4,Portion,Fahad Bashir,Raza Jadoon,Litigated,Due,Issue Found,Due,50200000.0
15858,Tahir Hinjra,DEMO-KPT-15858,House No. CBR-381,Street 18,FB Area,17,4,Portion,Tahir Hinjra,Dilawar Bhittani,Litigated,Paid,Clear,Due,30300000.0
2903,Shayan Achakzai,DEMO-KPT-2903,House No. C-420,Street 19,FB Area,17,4,Portion,Shayan Achakzai,Khawar Lari,Verified,Paid,Issue Found,Due,71900000.0
4451,Umar Popalzai,DEMO-KPT-4451,House No. BD-435,Street 19,FB Area,17,4,Portion,Umar Popalzai,Qayyum Gakhar,Verified,Paid,Issue Found,Paid,75200000.0
7601,Imran Riaz,DEMO-KPT-7601,House No. DC-786,Street 19,FB Area,17,4,Portion,Imran Riaz,Sidrah Bhurgri,Verified,Paid,Issue Found,Paid,73900000.0
2930,Laila Rafique,DEMO-KPT-2930,House No. B-647,Street 21,FB Area,17,4,Portion,Laila Rafique,Nafisa Tarar,Pending,Paid,Under Review,Paid,23800000.0
2933,Sabahat Zardari,DEMO-KPT-2933,House No. D-632,Street 24,FB Area,17,4,Portion,Sabahat Zardari,Maaz Mirani,Pending,Paid,Under Review,Paid,54400000.0
14120,Faiza Hussain,DEMO-KPT-14120,House No. DRB-840,Street 26,FB Area,17,4,Portion,Faiza Hussain,Sadaf Lashari,Verified,Paid,Issue Found,Paid,33400000.0
15828,Kaleemullah Pasha,DEMO-KPT-15828,House No. RCD-493,Street 27,FB Area,17,4,Portion,Kaleemullah Pasha,Hidayat Tahir,Pending,Paid,Clear,Paid,58500000.0
4491,Rubab Rajper,DEMO-KPT-4491,House No. BD-407,Street 4,FB Area,18,4,Portion,Rubab Rajper,Hira Cheena,Pending,Due,Clear,Paid,35700000.0
14169,Farooq Kakar,DEMO-KPT-14169,House No. CDR-882,Street 4,FB Area,18,4,Portion,Farooq Kakar,Amara Abro,Pending,Paid,Under Review,Paid,36600000.0
15909,Maham Ali,DEMO-KPT-15909,House No. CDR-485,Street 11,FB Area,18,4,Portion,Maham Ali,Mahrukh Mustafa,Verified,Due,Under Review,Due,38500000.0
14201,Sakina Zaman,DEMO-KPT-14201,House No. DBR-597,Street 12,FB Area,18,4,Portion,Sakina Zaman,Dawood Jamal,Litigated,Paid,Issue Found,Due,36900000.0
4483,Muneeba Rind,DEMO-KPT-4483,House No. RB-562,Street 16,FB Area,18,4,Portion,Muneeba Rind,Samad Mari,Verified,Due,Clear,Due,64800000.0
14162,Waqar Popalzai,DEMO-KPT-14162,House No. RCB-339,Street 18,FB Area,18,4,Portion,Waqar Popalzai,Faiza Abro,Litigated,Paid,Issue Found,Due,24400000.0
6080,Faiza Haral,DEMO-KPT-6080,House No. RR-306,Street 21,FB Area,18,4,Portion,Faiza Haral,Yumna Niazi,Pending,Paid,Under Review,Paid,62000000.0
9230,Rehman Tiwana,DEMO-KPT-9230,House No. DC-632,Street 21,FB Area,18,4,Portion,Rehman Tiwana,Zakariya Turk,Pending,Paid,Under Review,Paid,57300000.0
10954,Masood Ghani,DEMO-KPT-10954,House No. CD-410,Street 22,FB Area,18,4,Portion,Masood Ghani,Sitara Mazari,Verified,Paid,Issue Found,Due,44300000.0
12503,Hamza Rafique,DEMO-KPT-12503,House No. RR-779,Street 22,FB Area,18,4,Portion,Hamza Rafique,Tahseen Sipra,Verified,Due,Under Review,Due,65400000.0
6086,Raheela Shinwari,DEMO-KPT-6086,House No. BB-321,Street 24,FB Area,18,4,Portion,Raheela Shinwari,Hashim Kamal,Verified,Due,Issue Found,Paid,49100000.0
6112,Irtaza Butt,DEMO-KPT-6112,House No. CR-348,Street 24,FB Area,18,4,Portion,Irtaza Butt,Imran Bhat,Verified,Due,Under Review,Due,65900000.0
12484,Dawood Ali,DEMO-KPT-12484,House No. DR-801,Street 24,FB Area,18,4,Portion,Dawood Ali,Anmol Rajput,Verified,Paid,Clear,Paid,43900000.0
14186,Sajida Iqbal,DEMO-KPT-14186,House No. CRB-883,Street 24,FB Area,18,4,Portion,Sajida Iqbal,Adil Mehmood,Verified,Due,Issue Found,Paid,74600000.0
15877,Subhan Toor,DEMO-KPT-15877,House No. DRB-794,Street 24,FB Area,18,4,Portion,Subhan Toor,Zulekha Noor,Pending,Due,Issue Found,Due,44400000.0
4504,Dilawar Sohu,DEMO-KPT-4504,House No. BC-758,Street 25,FB Area,18,4,Portion,Dilawar Sohu,Sidrah Shakeel,Verified,Paid,Issue Found,Due,51600000.0
15920,Ijaz Barakzai,DEMO-KPT-15920,House No. RBC-805,Street 26,FB Area,18,4,Portion,Ijaz Barakzai,Tariq Noor,Verified,Paid,Issue Found,Paid,68000000.0
15916,Sidra Tahir,DEMO-KPT-15916,House No. RCB-360,Street 30,FB Area,18,4,Portion,Sidra Tahir,Fayyaz Ghumman,Litigated,Due,Issue Found,Due,39800000.0
11019,Daniya Samo,DEMO-KPT-11019,House No. BC-640,Street 4,FB Area,19,4,Portion,Daniya Samo,Rashida Mahesar,Pending,Paid,Under Review,Paid,57600000.0
12591,Sumayya Rana,DEMO-KPT-12591,House No. BD-347,Street 4,FB Area,19,4,Portion,Sumayya Rana,Saqib Ansari,Pending,Due,Clear,Paid,78400000.0
4609,Tamim Umer,DEMO-KPT-4609,House No. BD-721,Street 6,FB Area,19,4,Portion,Tamim Umer,Irum Zubairi,Verified,Paid,Clear,Due,65100000.0
7759,Shoaib Umer,DEMO-KPT-7759,House No. DR-546,Street 6,FB Area,19,4,Portion,Shoaib Umer,Khawar Swati,Verified,Paid,Clear,Due,67200000.0
12583,Abid Bangash,DEMO-KPT-12583,House No. CB-774,Street 16,FB Area,19,4,Portion,Abid Bangash,Nasrullah Kiani,Verified,Due,Clear,Due,48800000.0
9276,Hadiqa Toor,DEMO-KPT-9276,House No. RB-755,Street 17,FB Area,19,4,Portion,Hadiqa Toor,Raheel Dahri,Pending,Paid,Clear,Paid,59100000.0
4608,Qurat Afridi,DEMO-KPT-4608,House No. RC-679,Street 18,FB Area,19,4,Portion,Qurat Afridi,Tanzeela Ranjha,Litigated,Paid,Clear,Due,71400000.0
12551,Benazir Marwat,DEMO-KPT-12551,House No. BC-496,Street 19,FB Area,19,4,Portion,Benazir Marwat,Sabika Cheema,Verified,Paid,Issue Found,Paid,74000000.0
6177,Mariam Bilgrami,DEMO-KPT-6177,House No. BC-673,Street 20,FB Area,19,4,Portion,Mariam Bilgrami,Shayan Jadoon,Verified,Paid,Under Review,Paid,62800000.0
11008,Wania Qazi,DEMO-KPT-11008,House No. RD-381,Street 20,FB Area,19,4,Portion,Wania Qazi,Aftab Popalzai,Pending,Paid,Under Review,Paid,36500000.0
11036,Imad Mirza,DEMO-KPT-11036,House No. CB-820,Street 24,FB Area,19,4,Portion,Imad Mirza,Sajida Talpur,Verified,Due,Issue Found,Paid,40400000.0
14314,Rizwaan Marwat,DEMO-KPT-14314,House No. CBR-311,Street 26,FB Area,19,4,Portion,Rizwaan Marwat,Imtiaz Shafi,Pending,Due,Issue Found,Paid,34100000.0
9265,Ahtisham Kakar,DEMO-KPT-9265,House No. RR-762,Street 29,FB Area,19,4,Portion,Ahtisham Kakar,Nouman Rizvi,Litigated,Paid,Issue Found,Due,45600000.0
15965,Raees Pirzada,DEMO-KPT-15965,House No. BRC-830,Street 29,FB Area,19,4,Portion,Raees Pirzada,Aashir Junejo,Pending,Paid,Clear,Paid,25300000.0
9338,Aisha Zafar,DEMO-KPT-9338,House No. DB-803,Street 7,FB Area,20,4,Portion,Aisha Zafar,Kabir Bettani,Litigated,Due,Clear,Paid,69200000.0
3093,Tahmina Laghari,DEMO-KPT-3093,House No. C-537,Street 8,FB Area,20,4,Portion,Tahmina Laghari,Anam Tariq,Litigated,Paid,Clear,Due,58000000.0
6243,Afzal Bettani,DEMO-KPT-6243,House No. RC-450,Street 8,FB Area,20,4,Portion,Afzal Bettani,Sheraz Kidwai,Litigated,Paid,Clear,Due,76700000.0
14343,Farzana Bhat,DEMO-KPT-14343,House No. RDB-354,Street 8,FB Area,20,4,Portion,Farzana Bhat,Hoor Shinwari,Litigated,Paid,Clear,Due,30500000.0
7809,Naveed Jamal,DEMO-KPT-7809,House No. BB-559,Street 11,FB Area,20,4,Portion,Naveed Jamal,Mahad Wazir,Verified,Due,Under Review,Due,72800000.0
4643,Iftikhar Latif,DEMO-KPT-4643,House No. CB-454,Street 15,FB Area,20,4,Portion,Iftikhar Latif,Amal Yazdani,Verified,Paid,Issue Found,Due,32700000.0
4648,Bareera Sardar,DEMO-KPT-4648,House No. RB-727,Street 15,FB Area,20,4,Portion,Bareera Sardar,Mubashra Tanvir,Litigated,Due,Clear,Due,49100000.0
9390,Qamar Barakzai,DEMO-KPT-9390,House No. DD-758,Street 15,FB Area,20,4,Portion,Qamar Barakzai,Anas Mangi,Litigated,Due,Clear,Due,28500000.0
6251,Emaad Ansari,DEMO-KPT-6251,House No. CC-832,Street 19,FB Area,20,4,Portion,Emaad Ansari,Iqra Usmani,Verified,Paid,Issue Found,Paid,36400000.0
9380,Aashir Tanoli,DEMO-KPT-9380,House No. RR-856,Street 19,FB Area,20,4,Portion,Aashir Tanoli,Noaman Abbasi,Verified,Paid,Under Review,Paid,47900000.0
9401,Nosheen Lak,DEMO-KPT-9401,House No. RC-667,Street 19,FB Area,20,4,Portion,Nosheen Lak,Shaheen Qazi,Verified,Paid,Issue Found,Paid,66000000.0
14377,Umair Qadri,DEMO-KPT-14377,House No. CBR-658,Street 19,FB Area,20,4,Portion,Umair Qadri,Rubina Alvi,Pending,Due,Issue Found,Paid,72500000.0
16103,Hafsa Marwat,DEMO-KPT-16103,House No. RCD-803,Street 22,FB Area,20,4,Portion,Hafsa Marwat,Shafaq Hinjra,Verified,Due,Under Review,Due,35000000.0
9440,Israr Riaz,DEMO-KPT-9440,House No. CC-368,Street 23,FB Area,20,4,Portion,Israr Riaz,Nuzhat Warsi,Litigated,Paid,Issue Found,Due,64700000.0
12604,Zahra Shafi,DEMO-KPT-12604,House No. BR-871,Street 25,FB Area,20,4,Portion,Zahra Shafi,Daniyal Saleem,Verified,Paid,Issue Found,Due,29300000.0
16114,Saleem Zaidi,DEMO-KPT-16114,House No. DCB-843,Street 26,FB Area,20,4,Portion,Saleem Zaidi,Ahsan Leghari,Pending,Due,Issue Found,Paid,42700000.0
12678,Haroon Rana,DEMO-KPT-12678,House No. BD-735,Street 27,FB Area,20,4,Portion,Haroon Rana,Umar Rafique,Pending,Paid,Clear,Paid,66100000.0
14342,Javaria Lakhani,DEMO-KPT-14342,House No. DBC-880,Street 27,FB Area,20,4,Portion,Javaria Lakhani,Asad Sandhu,Verified,Paid,Under Review,Due,55700000.0
4666,Mirza Usmani,DEMO-KPT-4666,House No. BR-378,Street 30,FB Area,20,4,Portion,Mirza Usmani,Tahreem Kamboh,Litigated,Due,Issue Found,Due,22700000.0
8091,Ishaq Jaffri,DEMO-KPT-8091,House No. RR-685,Street 4,Gulistan-e-Johar,1,4,Portion,Ishaq Jaffri,Nailah Panhwar,Pending,Due,Clear,Paid,51000000.0
16644,Hashir Anwar,DEMO-KPT-16644,House No. BRC-766,Street 7,Gulistan-e-Johar,1,4,Portion,Hashir Anwar,Fakhar Dreshak,Verified,Paid,Clear,Paid,44700000.0
4751,Ali Yousaf,DEMO-KPT-4751,House No. DR-638,Street 12,Gulistan-e-Johar,1,4,Portion,Ali Yousaf,Sami Kamboh,Litigated,Paid,Issue Found,Due,45800000.0
13294,Sohail Sahito,DEMO-KPT-13294,House No. CR-588,Street 14,Gulistan-e-Johar,1,4,Portion,Sohail Sahito,Bakhtawar Sahito,Litigated,Due,Under Review,Due,35700000.0
1493,Zubair Daudzai,DEMO-KPT-1493,House No. D-475,Street 15,Gulistan-e-Johar,1,4,Portion,Zubair Daudzai,Armaghan Qureshi,Verified,Paid,Issue Found,Due,63300000.0
6448,Shamim Junejo,DEMO-KPT-6448,House No. DR-396,Street 15,Gulistan-e-Johar,1,4,Portion,Shamim Junejo,Ehsan Dahri,Litigated,Due,Clear,Due,58600000.0
4734,Muhammad Mian,DEMO-KPT-4734,House No. DR-410,Street 18,Gulistan-e-Johar,1,4,Portion,Muhammad Mian,Saeed Pasha,Litigated,Due,Issue Found,Due,27500000.0
6408,Kamran Nadeem,DEMO-KPT-6408,House No. CC-618,Street 18,Gulistan-e-Johar,1,4,Portion,Kamran Nadeem,Hania Orakzai,Litigated,Paid,Clear,Due,65900000.0
3027,Sadaqat Javed,DEMO-KPT-3027,House No. R-815,Street 20,Gulistan-e-Johar,1,4,Portion,Sadaqat Javed,Malaika Dreshak,Verified,Paid,Under Review,Paid,69000000.0
8108,Sheeba Akhtar,DEMO-KPT-8108,House No. RB-561,Street 22,Gulistan-e-Johar,1,4,Portion,Sheeba Akhtar,Mahnaz Sohu,Verified,Paid,Issue Found,Paid,79600000.0
16654,Wali Ghumman,DEMO-KPT-16654,House No. RDC-361,Street 25,Gulistan-e-Johar,1,4,Portion,Wali Ghumman,Zohra Mari,Verified,Paid,Issue Found,Due,61000000.0
8136,Sohail Daudzai,DEMO-KPT-8136,House No. DC-870,Street 26,Gulistan-e-Johar,1,4,Portion,Sohail Daudzai,Nuzhat Malik,Litigated,Paid,Clear,Paid,74700000.0
13274,Shahroz Sheikh,DEMO-KPT-13274,House No. DC-330,Street 27,Gulistan-e-Johar,1,4,Portion,Shahroz Sheikh,Maqsood Lodhi,Litigated,Paid,Issue Found,Paid,71800000.0
4715,Farah Buriro,DEMO-KPT-4715,House No. RB-430,Street 29,Gulistan-e-Johar,1,4,Portion,Farah Buriro,Iqbal Majeed,Pending,Paid,Clear,Paid,62800000.0
4765,Hania Dawood,DEMO-KPT-4765,House No. DC-667,Street 29,Gulistan-e-Johar,1,4,Portion,Hania Dawood,Warda Tunio,Litigated,Paid,Issue Found,Due,75600000.0
9715,Nargis Kalhoro,DEMO-KPT-9715,House No. CB-734,Street 29,Gulistan-e-Johar,1,4,Portion,Nargis Kalhoro,Shakeel Janjua,Litigated,Paid,Issue Found,Due,23700000.0
3078,Haider Ali,DEMO-KPT-3078,House No. B-608,Street 4,Gulistan-e-Johar,2,4,Portion,Haider Ali,Rehan Junejo,Pending,Paid,Under Review,Due,56800000.0
15069,Sitara Shinwari,DEMO-KPT-15069,House No. BRD-343,Street 4,Gulistan-e-Johar,2,4,Portion,Sitara Shinwari,Ikram Marri,Pending,Paid,Under Review,Paid,74900000.0
9843,Sajida Hoti,DEMO-KPT-9843,House No. CD-339,Street 8,Gulistan-e-Johar,2,4,Portion,Sajida Hoti,Azeem Zia,Litigated,Paid,Clear,Due,28700000.0
16758,Parveen Riaz,DEMO-KPT-16758,House No. BDC-363,Street 18,Gulistan-e-Johar,2,4,Portion,Parveen Riaz,Mukhtar Baloch,Litigated,Paid,Clear,Due,31100000.0
9877,Sahar Kiani,DEMO-KPT-9877,House No. CB-738,Street 19,Gulistan-e-Johar,2,4,Portion,Sahar Kiani,Shahbaz Sadiq,Pending,Due,Issue Found,Paid,45400000.0
11592,Burhan Lak,DEMO-KPT-11592,House No. CR-877,Street 22,Gulistan-e-Johar,2,4,Portion,Burhan Lak,Tahmina Toor,Pending,Due,Under Review,Paid,56300000.0
3140,Inshal Mirani,DEMO-KPT-3140,House No. C-724,Street 23,Gulistan-e-Johar,2,4,Portion,Inshal Mirani,Sufyan Saeed,Litigated,Paid,Issue Found,Due,37000000.0
8227,Samad Tanvir,DEMO-KPT-8227,House No. CC-330,Street 24,Gulistan-e-Johar,2,4,Portion,Samad Tanvir,Nasreen Javed,Pending,Due,Issue Found,Due,24500000.0
13384,Kaneez Qazi,DEMO-KPT-13384,House No. DD-532,Street 24,Gulistan-e-Johar,2,4,Portion,Kaneez Qazi,Luqmaan Haral,Verified,Paid,Clear,Paid,77600000.0
6515,Zaid Shinwari,DEMO-KPT-6515,House No. DC-816,Street 29,Gulistan-e-Johar,2,4,Portion,Zaid Shinwari,Dawood Tareen,Pending,Paid,Clear,Paid,60900000.0
8266,Majid Lashari,DEMO-KPT-8266,House No. RD-543,Street 30,Gulistan-e-Johar,2,4,Portion,Majid Lashari,Misbah Wani,Litigated,Due,Issue Found,Due,53900000.0
11663,Aiman Raza,DEMO-KPT-11663,House No. BD-499,Street 3,Gulistan-e-Johar,3,4,Portion,Aiman Raza,Waheed Lone,Verified,Due,Under Review,Due,64000000.0
8319,Naseer Jamali,DEMO-KPT-8319,House No. CB-730,Street 4,Gulistan-e-Johar,3,4,Portion,Naseer Jamali,Afshan Bangash,Pending,Paid,Under Review,Paid,30800000.0
13491,Sitara Parvez,DEMO-KPT-13491,House No. DCB-610,Street 4,Gulistan-e-Johar,3,4,Portion,Sitara Parvez,Dua Iqbal,Pending,Due,Clear,Paid,21000000.0
13494,Kanwal Achakzai,DEMO-KPT-13494,House No. BDR-501,Street 7,Gulistan-e-Johar,3,4,Portion,Kanwal Achakzai,Haseeb Sial,Verified,Paid,Clear,Paid,30000000.0
4933,Asra Khan,DEMO-KPT-4933,House No. DD-660,Street 16,Gulistan-e-Johar,3,4,Portion,Asra Khan,Jazib Unar,Verified,Due,Clear,Due,46400000.0
13483,Ashfaq Hafeez,DEMO-KPT-13483,House No. DBC-445,Street 16,Gulistan-e-Johar,3,4,Portion,Ashfaq Hafeez,Nageen Farooqi,Verified,Due,Clear,Due,42700000.0
1626,Khurram Saif,DEMO-KPT-1626,House No. C-370,Street 17,Gulistan-e-Johar,3,4,Portion,Khurram Saif,Yaqoob Lari,Pending,Paid,Clear,Paid,72200000.0
9940,Mehmood Jamali,DEMO-KPT-9940,House No. RC-520,Street 19,Gulistan-e-Johar,3,4,Portion,Mehmood Jamali,Suleman Tarar,Litigated,Paid,Issue Found,Paid,73100000.0
8308,Zara Butt,DEMO-KPT-8308,House No. CR-838,Street 20,Gulistan-e-Johar,3,4,Portion,Zara Butt,Aleena Wattoo,Pending,Paid,Under Review,Paid,77100000.0
9908,Aleeza Minhas,DEMO-KPT-9908,House No. BB-702,Street 22,Gulistan-e-Johar,3,4,Portion,Aleeza Minhas,Arisha Rajput,Verified,Paid,Issue Found,Paid,79400000.0
13490,Laila Khokhar,DEMO-KPT-13490,House No. DCB-561,Street 23,Gulistan-e-Johar,3,4,Portion,Laila Khokhar,Nudrat Mahar,Litigated,Paid,Issue Found,Due,78900000.0
3248,Sana Bhatti,DEMO-KPT-3248,House No. R-719,Street 25,Gulistan-e-Johar,3,4,Portion,Sana Bhatti,Shamoon Jadoon,Pending,Due,Issue Found,Due,42600000.0
11657,Abrar Mengal,DEMO-KPT-11657,House No. CR-496,Street 25,Gulistan-e-Johar,3,4,Portion,Abrar Mengal,Saima Warsi,Verified,Paid,Issue Found,Due,65600000.0
8324,Nabeeha Parvez,DEMO-KPT-8324,House No. RD-397,Street 27,Gulistan-e-Johar,3,4,Portion,Nabeeha Parvez,Raheel Bajwa,Litigated,Paid,Issue Found,Paid,58300000.0
16801,Sehar Talpur,DEMO-KPT-16801,House No. CBR-751,Street 29,Gulistan-e-Johar,3,4,Portion,Sehar Talpur,Nida Naqvi,Verified,Due,Under Review,Due,60000000.0
3273,Naila Khokhar,DEMO-KPT-3273,House No. C-639,Street 3,Gulistan-e-Johar,4,4,Portion,Naila Khokhar,Afshan Mirza,Litigated,Paid,Clear,Due,67400000.0
6678,Noreen Mangi,DEMO-KPT-6678,House No. RR-748,Street 4,Gulistan-e-Johar,4,4,Portion,Noreen Mangi,Momina Naseem,Pending,Paid,Under Review,Due,71200000.0
15228,Sara Bangash,DEMO-KPT-15228,House No. CBR-836,Street 4,Gulistan-e-Johar,4,4,Portion,Sara Bangash,Basit Kayani,Pending,Paid,Under Review,Due,35400000.0
16869,Saad Achakzai,DEMO-KPT-16869,House No. BCD-634,Street 4,Gulistan-e-Johar,4,4,Portion,Saad Achakzai,Rafay Cheena,Pending,Paid,Under Review,Paid,55300000.0
3259,Muhammad Bhittani,DEMO-KPT-3259,House No. C-780,Street 6,Gulistan-e-Johar,4,4,Portion,Muhammad Bhittani,Haider Sabri,Verified,Paid,Clear,Due,22500000.0
10009,Hina Warraich,DEMO-KPT-10009,House No. DD-707,Street 6,Gulistan-e-Johar,4,4,Portion,Hina Warraich,Firdous Sandhu,Verified,Paid,Clear,Due,69400000.0
11809,Dilawar Zaman,DEMO-KPT-11809,House No. CR-473,Street 6,Gulistan-e-Johar,4,4,Portion,Dilawar Zaman,Rashid Zaman,Verified,Paid,Clear,Due,30700000.0
15243,Hafiz Cheena,DEMO-KPT-15243,House No. BDR-516,Street 8,Gulistan-e-Johar,4,4,Portion,Hafiz Cheena,Basit Mengal,Litigated,Paid,Clear,Due,50200000.0
5009,Afreen Dogar,DEMO-KPT-5009,House No. BB-413,Street 10,Gulistan-e-Johar,4,4,Portion,Afreen Dogar,Farooq Saeed,Verified,Paid,Issue Found,Due,62500000.0
11843,Nudrat Mansoor,DEMO-KPT-11843,House No. DD-823,Street 15,Gulistan-e-Johar,4,4,Portion,Nudrat Mansoor,Yawar Mughal,Verified,Paid,Issue Found,Due,28700000.0
8376,Uzair Imran,DEMO-KPT-8376,House No. RB-316,Street 17,Gulistan-e-Johar,4,4,Portion,Uzair Imran,Beenish Achakzai,Pending,Paid,Clear,Paid,31800000.0
11762,Mishal Mian,DEMO-KPT-11762,House No. RC-605,Street 18,Gulistan-e-Johar,4,4,Portion,Mishal Mian,Ammar Baig,Pending,Paid,Under Review,Paid,34500000.0
16862,Zulfiqar Farooqi,DEMO-KPT-16862,House No. DCR-521,Street 18,Gulistan-e-Johar,4,4,Portion,Zulfiqar Farooqi,Mina Sandhu,Litigated,Paid,Issue Found,Due,55600000.0
6680,Adnan Abbasi,DEMO-KPT-6680,House No. DR-388,Street 19,Gulistan-e-Johar,4,4,Portion,Adnan Abbasi,Hira Ghazali,Verified,Paid,Under Review,Paid,51900000.0
15177,Shahzad Rana,DEMO-KPT-15177,House No. RCB-677,Street 20,Gulistan-e-Johar,4,4,Portion,Shahzad Rana,Waleed Sipra,Verified,Paid,Under Review,Paid,55100000.0
11695,Sarfraz Shafi,DEMO-KPT-11695,House No. BB-822,Street 21,Gulistan-e-Johar,4,4,Portion,Sarfraz Shafi,Kabir Riaz,Pending,Due,Under Review,Due,66600000.0
1692,Mehak Bijarani,DEMO-KPT-1692,House No. B-531,Street 22,Gulistan-e-Johar,4,4,Portion,Mehak Bijarani,Jazib Hashmi,Pending,Due,Under Review,Paid,41100000.0
13529,Qasim Khattak,DEMO-KPT-13529,House No. RDB-372,Street 22,Gulistan-e-Johar,4,4,Portion,Qasim Khattak,Naeem Orakzai,Verified,Due,Clear,Due,73300000.0
13533,Syeda Zubairi,DEMO-KPT-13533,House No. BRD-791,Street 24,Gulistan-e-Johar,4,4,Portion,Syeda Zubairi,Ambreen Bhat,Verified,Paid,Under Review,Paid,69400000.0
15242,Jamil Dahri,DEMO-KPT-15242,House No. RCB-705,Street 27,Gulistan-e-Johar,4,4,Portion,Jamil Dahri,Farwa Anwar,Verified,Paid,Under Review,Due,55600000.0
16865,Shehryar Qadir,DEMO-KPT-16865,House No. BRC-503,Street 29,Gulistan-e-Johar,4,4,Portion,Shehryar Qadir,Jannat Noor,Pending,Paid,Clear,Paid,68700000.0
8513,Malaika Bashir,DEMO-KPT-8513,House No. RC-606,Street 3,Gulistan-e-Johar,5,4,Portion,Malaika Bashir,Umair Usmani,Verified,Due,Under Review,Due,29900000.0
1794,Habib Alvi,DEMO-KPT-1794,House No. C-507,Street 7,Gulistan-e-Johar,5,4,Portion,Habib Alvi,Nuzhat Sardar,Verified,Paid,Clear,Paid,64800000.0
15359,Uroosa Jamali,DEMO-KPT-15359,House No. RBC-352,Street 10,Gulistan-e-Johar,5,4,Portion,Uroosa Jamali,Ashar Kamboh,Verified,Paid,Issue Found,Due,66300000.0
5109,Saba Ghumman,DEMO-KPT-5109,House No. DB-736,Street 11,Gulistan-e-Johar,5,4,Portion,Saba Ghumman,Bushra Bhittani,Verified,Due,Under Review,Due,52600000.0
10144,Azka Bettani,DEMO-KPT-10144,House No. DR-628,Street 14,Gulistan-e-Johar,5,4,Portion,Azka Bettani,Hashir Chattha,Litigated,Due,Under Review,Due,26800000.0
3426,Nazia Ranjha,DEMO-KPT-3426,House No. D-402,Street 17,Gulistan-e-Johar,5,4,Portion,Nazia Ranjha,Qudrat Hameed,Pending,Paid,Clear,Paid,50700000.0
5058,Inayat Yaqoob,DEMO-KPT-5058,House No. CB-519,Street 18,Gulistan-e-Johar,5,4,Portion,Inayat Yaqoob,Imad Kazmi,Litigated,Paid,Clear,Due,24500000.0
10134,Habib Farooq,DEMO-KPT-10134,House No. BD-401,Street 18,Gulistan-e-Johar,5,4,Portion,Habib Farooq,Shama Tareen,Litigated,Due,Issue Found,Due,31700000.0
8527,Nasreen Yasin,DEMO-KPT-8527,House No. BD-431,Street 19,Gulistan-e-Johar,5,4,Portion,Nasreen Yasin,Shehzad Turk,Pending,Due,Issue Found,Paid,22300000.0
16949,Jawad Tanoli,DEMO-KPT-16949,House No. RCB-493,Street 19,Gulistan-e-Johar,5,4,Portion,Jawad Tanoli,Aqib Sultan,Litigated,Paid,Issue Found,Paid,55100000.0
6745,Hadiqa Dar,DEMO-KPT-6745,House No. RB-654,Street 21,Gulistan-e-Johar,5,4,Portion,Hadiqa Dar,Samad Qureshi,Pending,Due,Under Review,Due,31100000.0
6740,Shahzadi Majeed,DEMO-KPT-6740,House No. RD-598,Street 23,Gulistan-e-Johar,5,4,Portion,Shahzadi Majeed,Fawad Leghari,Litigated,Paid,Issue Found,Due,36800000.0
3383,Irum Wani,DEMO-KPT-3383,House No. B-793,Street 24,Gulistan-e-Johar,5,4,Portion,Irum Wani,Zarmeen Yazdani,Pending,Paid,Under Review,Paid,44900000.0
11924,Shamim Zubair,DEMO-KPT-11924,House No. RC-544,Street 27,Gulistan-e-Johar,5,4,Portion,Shamim Zubair,Rehman Sahito,Litigated,Paid,Issue Found,Paid,72800000.0
16988,Hasnain Baig,DEMO-KPT-16988,House No. BCR-392,Street 7,Gulistan-e-Johar,6,4,Portion,Hasnain Baig,Sumbal Rajput,Litigated,Due,Clear,Paid,37800000.0
8591,Zubaida Virk,DEMO-KPT-8591,House No. RD-668,Street 8,Gulistan-e-Johar,6,4,Portion,Zubaida Virk,Zain Dayo,Pending,Due,Clear,Paid,76500000.0
16998,Rauf Saif,DEMO-KPT-16998,House No. RCB-515,Street 9,Gulistan-e-Johar,6,4,Portion,Rauf Saif,Mashal Jamali,Verified,Paid,Issue Found,Due,36300000.0
5162,Abrar Warsi,DEMO-KPT-5162,House No. BB-794,Street 18,Gulistan-e-Johar,6,4,Portion,Abrar Warsi,Aleeza Sandhu,Litigated,Paid,Issue Found,Due,53800000.0
13712,Awais Panhwar,DEMO-KPT-13712,House No. CBD-627,Street 18,Gulistan-e-Johar,6,4,Portion,Awais Panhwar,Safa Kamal,Litigated,Paid,Issue Found,Due,77300000.0
3449,Sheraz Dayo,DEMO-KPT-3449,House No. D-509,Street 19,Gulistan-e-Johar,6,4,Portion,Sheraz Dayo,Yasmeen Saif,Litigated,Paid,Issue Found,Paid,63600000.0
8590,Kaleem Kamal,DEMO-KPT-8590,House No. BD-655,Street 19,Gulistan-e-Johar,6,4,Portion,Kaleem Kamal,Mustafa Ghaffar,Litigated,Paid,Issue Found,Paid,67300000.0
16977,Saad Magsi,DEMO-KPT-16977,House No. RCB-338,Street 20,Gulistan-e-Johar,6,4,Portion,Saad Magsi,Jannat Kakar,Verified,Paid,Under Review,Paid,43700000.0
1808,Madiha Khattak,DEMO-KPT-1808,House No. D-598,Street 22,Gulistan-e-Johar,6,4,Portion,Madiha Khattak,Alina Buriro,Verified,Paid,Issue Found,Paid,61400000.0
8540,Zunair Rajper,DEMO-KPT-8540,House No. RD-667,Street 23,Gulistan-e-Johar,6,4,Portion,Zunair Rajper,Alishba Ghumman,Litigated,Paid,Issue Found,Due,38800000.0
5183,Nimra Saeed,DEMO-KPT-5183,House No. DR-642,Street 24,Gulistan-e-Johar,6,4,Portion,Nimra Saeed,Khizar Rizvi,Pending,Paid,Under Review,Paid,39000000.0
5186,Iram Saeed,DEMO-KPT-5186,House No. DD-394,Street 24,Gulistan-e-Johar,6,4,Portion,Iram Saeed,Anam Shakeel,Verified,Due,Issue Found,Paid,64200000.0
10234,Waleed Naseem,DEMO-KPT-10234,House No. RR-707,Street 24,Gulistan-e-Johar,6,4,Portion,Waleed Naseem,Naureen Qazi,Verified,Paid,Clear,Paid,60500000.0
1804,Nudrat Popalzai,DEMO-KPT-1804,House No. B-631,Street 25,Gulistan-e-Johar,6,4,Portion,Nudrat Popalzai,Arisha Kasi,Verified,Paid,Issue Found,Due,22900000.0
8554,Mahira Panhwar,DEMO-KPT-8554,House No. DC-631,Street 25,Gulistan-e-Johar,6,4,Portion,Mahira Panhwar,Moiz Cheema,Verified,Paid,Issue Found,Due,40200000.0
12047,Aryan Jogezai,DEMO-KPT-12047,House No. BD-692,Street 27,Gulistan-e-Johar,6,4,Portion,Aryan Jogezai,Younas Bettani,Litigated,Paid,Issue Found,Paid,66000000.0
13666,Iftikhar Panezai,DEMO-KPT-13666,House No. RBD-698,Street 30,Gulistan-e-Johar,6,4,Portion,Iftikhar Panezai,Adeel Khattak,Litigated,Due,Issue Found,Due,63900000.0
3563,Fabiha Umer,DEMO-KPT-3563,House No. B-326,Street 3,Gulistan-e-Johar,7,4,Portion,Fabiha Umer,Hasnain Raza,Verified,Due,Under Review,Due,59800000.0
8625,Hania Hanif,DEMO-KPT-8625,House No. BC-353,Street 3,Gulistan-e-Johar,7,4,Portion,Hania Hanif,Hadi Palijo,Verified,Due,Under Review,Paid,20400000.0
3591,Adeel Mehmood,DEMO-KPT-3591,House No. C-783,Street 4,Gulistan-e-Johar,7,4,Portion,Adeel Mehmood,Rubina Mian,Pending,Due,Clear,Paid,41900000.0
13751,Salahuddin Dayo,DEMO-KPT-13751,House No. BDR-880,Street 12,Gulistan-e-Johar,7,4,Portion,Salahuddin Dayo,Raees Ahmed,Litigated,Paid,Issue Found,Due,41000000.0
12090,Imtiaz Qureshi,DEMO-KPT-12090,House No. BB-454,Street 15,Gulistan-e-Johar,7,4,Portion,Imtiaz Qureshi,Shahida Tarar,Litigated,Due,Clear,Due,48500000.0
8612,Urooj Shaikh,DEMO-KPT-8612,House No. RC-891,Street 18,Gulistan-e-Johar,7,4,Portion,Urooj Shaikh,Zulekha Kidwai,Pending,Paid,Under Review,Paid,26400000.0
3577,Mateen Khosa,DEMO-KPT-3577,House No. C-748,Street 19,Gulistan-e-Johar,7,4,Portion,Mateen Khosa,Nadir Siddiqui,Pending,Due,Issue Found,Paid,79100000.0
13799,Amna Bhatti,DEMO-KPT-13799,House No. RDB-782,Street 19,Gulistan-e-Johar,7,4,Portion,Amna Bhatti,Tanzeela Yousaf,Litigated,Paid,Issue Found,Paid,30400000.0
3608,Atiya Hinjra,DEMO-KPT-3608,House No. B-376,Street 22,Gulistan-e-Johar,7,4,Portion,Atiya Hinjra,Alishba Dahri,Verified,Paid,Issue Found,Paid,74900000.0
6904,Asad Achakzai,DEMO-KPT-6904,House No. CR-536,Street 22,Gulistan-e-Johar,7,4,Portion,Asad Achakzai,Rooman Jamali,Verified,Paid,Issue Found,Due,39100000.0
5284,Laraib Jadoon,DEMO-KPT-5284,House No. BB-320,Street 24,Gulistan-e-Johar,7,4,Portion,Laraib Jadoon,Sidra Hayat,Verified,Paid,Clear,Paid,57400000.0
12107,Aiman Khokhar,DEMO-KPT-12107,House No. CR-319,Street 25,Gulistan-e-Johar,7,4,Portion,Aiman Khokhar,Alina Malik,Verified,Paid,Issue Found,Due,53300000.0
5215,Maimoona Daudzai,DEMO-KPT-5215,House No. DD-881,Street 29,Gulistan-e-Johar,7,4,Portion,Maimoona Daudzai,Mirha Bettani,Litigated,Paid,Issue Found,Due,40100000.0
10313,Raheela Khuhro,DEMO-KPT-10313,House No. DR-473,Street 3,Gulistan-e-Johar,8,4,Portion,Raheela Khuhro,Shabana Dreshak,Verified,Due,Under Review,Due,66800000.0
5391,Nabila Hussain,DEMO-KPT-5391,House No. RC-340,Street 4,Gulistan-e-Johar,8,4,Portion,Nabila Hussain,Qasim Kayani,Pending,Due,Clear,Paid,31600000.0
13878,Sohaib Khosa,DEMO-KPT-13878,House No. DBC-306,Street 4,Gulistan-e-Johar,8,4,Portion,Sohaib Khosa,Nabeeha Lak,Pending,Paid,Under Review,Due,46800000.0
12191,Madiha Lashari,DEMO-KPT-12191,House No. CC-333,Street 8,Gulistan-e-Johar,8,4,Portion,Madiha Lashari,Nageen Khokhar,Pending,Due,Clear,Paid,70100000.0
8709,Kashaf Ghaffar,DEMO-KPT-8709,House No. DB-399,Street 11,Gulistan-e-Johar,8,4,Portion,Kashaf Ghaffar,Arslan Pasha,Verified,Due,Under Review,Due,74000000.0
10323,Anwar Shah,DEMO-KPT-10323,House No. RD-559,Street 14,Gulistan-e-Johar,8,4,Portion,Anwar Shah,Madiha Naseem,Litigated,Due,Issue Found,Paid,52000000.0
8762,Younas Sabri,DEMO-KPT-8762,House No. CB-441,Street 18,Gulistan-e-Johar,8,4,Portion,Younas Sabri,Shahab Farooqi,Litigated,Paid,Issue Found,Due,59700000.0
12212,Akbar Bijarani,DEMO-KPT-12212,House No. RR-550,Street 18,Gulistan-e-Johar,8,4,Portion,Akbar Bijarani,Mirha Abro,Pending,Paid,Under Review,Paid,60100000.0
6953,Jazib Barakzai,DEMO-KPT-6953,House No. DC-489,Street 19,Gulistan-e-Johar,8,4,Portion,Jazib Barakzai,Farid Minhas,Verified,Paid,Issue Found,Due,31600000.0
15503,Sheeba Lughmani,DEMO-KPT-15503,House No. DCR-878,Street 19,Gulistan-e-Johar,8,4,Portion,Sheeba Lughmani,Marwa Bhutto,Verified,Paid,Issue Found,Due,55600000.0
6958,Ruqayya Chandio,DEMO-KPT-6958,House No. RR-497,Street 20,Gulistan-e-Johar,8,4,Portion,Ruqayya Chandio,Sajjad Rajput,Pending,Paid,Under Review,Paid,56000000.0
15508,Bilquis Yaqoob,DEMO-KPT-15508,House No. RDB-385,Street 20,Gulistan-e-Johar,8,4,Portion,Bilquis Yaqoob,Saima Hinjra,Pending,Paid,Under Review,Paid,66800000.0
3629,Sharmeen Pirzada,DEMO-KPT-3629,House No. D-796,Street 22,Gulistan-e-Johar,8,4,Portion,Sharmeen Pirzada,Yasir Naseem,Verified,Due,Clear,Due,37600000.0
8704,Khushbu Parvez,DEMO-KPT-8704,House No. RC-541,Street 22,Gulistan-e-Johar,8,4,Portion,Khushbu Parvez,Benazir Jaffri,Verified,Paid,Issue Found,Due,50400000.0
5406,Saif Janjua,DEMO-KPT-5406,House No. BB-487,Street 25,Gulistan-e-Johar,8,4,Portion,Saif Janjua,Sehrish Lodhi,Pending,Paid,Under Review,Due,28600000.0
12156,Shahab Ilyas,DEMO-KPT-12156,House No. BC-518,Street 25,Gulistan-e-Johar,8,4,Portion,Shahab Ilyas,Marwa Palijo,Pending,Paid,Under Review,Due,33700000.0
3678,Nudrat Bhittani,DEMO-KPT-3678,House No. D-666,Street 27,Gulistan-e-Johar,8,4,Portion,Nudrat Bhittani,Mustafa Yasin,Pending,Paid,Clear,Paid,52000000.0
13847,Taimoor Lari,DEMO-KPT-13847,House No. RBC-814,Street 27,Gulistan-e-Johar,8,4,Portion,Taimoor Lari,Hanif Mengal,Litigated,Paid,Issue Found,Paid,32000000.0
8701,Junaid Sandhu,DEMO-KPT-8701,House No. CC-554,Street 29,Gulistan-e-Johar,8,4,Portion,Junaid Sandhu,Wahab Dreshak,Verified,Due,Under Review,Due,44400000.0
13913,Zamzam Kakar,DEMO-KPT-13913,House No. DRB-350,Street 3,Gulistan-e-Johar,9,4,Portion,Zamzam Kakar,Waseem Shafi,Verified,Due,Under Review,Due,51200000.0
2019,Mudassar Nadeem,DEMO-KPT-2019,House No. C-478,Street 4,Gulistan-e-Johar,9,4,Portion,Mudassar Nadeem,Urooj Rabbani,Pending,Paid,Under Review,Paid,31900000.0
10459,Zehra Bhatti,DEMO-KPT-10459,House No. RD-407,Street 6,Gulistan-e-Johar,9,4,Portion,Zehra Bhatti,Yaqoob Saleem,Verified,Paid,Clear,Due,38700000.0
13893,Bakhtiar Laghari,DEMO-KPT-13893,House No. RCB-535,Street 8,Gulistan-e-Johar,9,4,Portion,Bakhtiar Laghari,Shumaila Mahar,Litigated,Paid,Clear,Due,58200000.0
13991,Sanam Javed,DEMO-KPT-13991,House No. BCD-810,Street 8,Gulistan-e-Johar,9,4,Portion,Sanam Javed,Alishba Junejo,Pending,Due,Clear,Paid,34400000.0
12293,Nudrat Mirani,DEMO-KPT-12293,House No. CB-898,Street 15,Gulistan-e-Johar,9,4,Portion,Nudrat Mirani,Sajid Sadiq,Verified,Paid,Issue Found,Due,72300000.0
12298,Kainat Rind,DEMO-KPT-12298,House No. CD-318,Street 15,Gulistan-e-Johar,9,4,Portion,Kainat Rind,Zunair Kiani,Litigated,Due,Clear,Due,59700000.0
2012,Aleeza Bhutto,DEMO-KPT-2012,House No. C-854,Street 18,Gulistan-e-Johar,9,4,Portion,Aleeza Bhutto,Shahroz Kalhoro,Litigated,Paid,Issue Found,Due,62800000.0
8849,Maham Sultan,DEMO-KPT-8849,House No. DC-592,Street 19,Gulistan-e-Johar,9,4,Portion,Maham Sultan,Amara Rajper,Litigated,Paid,Issue Found,Paid,34100000.0
13927,Anum Zaman,DEMO-KPT-13927,House No. BRD-594,Street 19,Gulistan-e-Johar,9,4,Portion,Anum Zaman,Raheela Saleem,Pending,Due,Issue Found,Paid,78800000.0
15680,Mehrunnisa Mehmood,DEMO-KPT-15680,House No. DCR-651,Street 19,Gulistan-e-Johar,9,4,Portion,Mehrunnisa Mehmood,Hussam Peerzada,Verified,Paid,Under Review,Paid,59200000.0
8812,Zarmeen Bilgrami,DEMO-KPT-8812,House No. CR-542,Street 24,Gulistan-e-Johar,9,4,Portion,Zarmeen Bilgrami,Rehana Sipra,Verified,Due,Under Review,Due,63300000.0
10477,Rauf Korai,DEMO-KPT-10477,House No. RD-891,Street 24,Gulistan-e-Johar,9,4,Portion,Rauf Korai,Zayan Wazir,Pending,Due,Issue Found,Due,39000000.0
5523,Sundas Yousafzai,DEMO-KPT-5523,House No. BB-359,Street 3,Gulistan-e-Johar,10,4,Portion,Sundas Yousafzai,Azeem Baloch,Litigated,Paid,Clear,Due,69800000.0
14073,Mariam Bangash,DEMO-KPT-14073,House No. RDC-514,Street 3,Gulistan-e-Johar,10,4,Portion,Mariam Bangash,Zarmeen Sipra,Litigated,Paid,Clear,Due,75000000.0
7128,Kamil Umer,DEMO-KPT-7128,House No. DC-647,Street 4,Gulistan-e-Johar,10,4,Portion,Kamil Umer,Sehrish Tanoli,Pending,Paid,Under Review,Due,37700000.0
8928,Fida Dar,DEMO-KPT-8928,House No. RC-790,Street 4,Gulistan-e-Johar,10,4,Portion,Fida Dar,Warda Mahsud,Pending,Paid,Under Review,Due,76800000.0
14038,Burhan Bhat,DEMO-KPT-14038,House No. RBC-495,Street 7,Gulistan-e-Johar,10,4,Portion,Burhan Bhat,Waqas Sohu,Litigated,Due,Clear,Due,37000000.0
15744,Hania Naseem,DEMO-KPT-15744,House No. DRB-397,Street 7,Gulistan-e-Johar,10,4,Portion,Hania Naseem,Ghulam Khokhar,Verified,Paid,Clear,Paid,70100000.0
7140,Kamil Ghumman,DEMO-KPT-7140,House No. BC-778,Street 15,Gulistan-e-Johar,10,4,Portion,Kamil Ghumman,Iffat Saif,Litigated,Due,Clear,Due,49500000.0
2076,Rashida Gilani,DEMO-KPT-2076,House No. D-828,Street 17,Gulistan-e-Johar,10,4,Portion,Rashida Gilani,Anila Tariq,Pending,Paid,Clear,Paid,34300000.0
12353,Kaneez Ranjha,DEMO-KPT-12353,House No. BD-497,Street 19,Gulistan-e-Johar,10,4,Portion,Kaneez Ranjha,Arif Saeed,Verified,Paid,Issue Found,Due,39100000.0
15745,Mubashra Afridi,DEMO-KPT-15745,House No. CDB-568,Street 21,Gulistan-e-Johar,10,4,Portion,Mubashra Afridi,Nosheen Lakhani,Pending,Due,Under Review,Due,52200000.0
2134,Nosheen Warraich,DEMO-KPT-2134,House No. C-742,Street 24,Gulistan-e-Johar,10,4,Portion,Nosheen Warraich,Uzma Orakzai,Verified,Paid,Clear,Paid,66100000.0
5527,Marium Memon,DEMO-KPT-5527,House No. DC-892,Street 24,Gulistan-e-Johar,10,4,Portion,Marium Memon,Adnan Zaidi,Pending,Due,Issue Found,Due,25400000.0
15756,Sakina Ghani,DEMO-KPT-15756,House No. DRB-546,Street 25,Gulistan-e-Johar,10,4,Portion,Sakina Ghani,Musa Wattoo,Pending,Paid,Under Review,Due,56700000.0
7114,Hadi Marwat,DEMO-KPT-7114,House No. CB-822,Street 26,Gulistan-e-Johar,10,4,Portion,Hadi Marwat,Armaghan Tanvir,Pending,Due,Issue Found,Paid,20900000.0
7142,Javaria Zubair,DEMO-KPT-7142,House No. RD-350,Street 27,Gulistan-e-Johar,10,4,Portion,Javaria Zubair,Rafia Tareen,Verified,Paid,Under Review,Due,69600000.0
7191,Zulekha Ansari,DEMO-KPT-7191,House No. BB-634,Street 4,Gulistan-e-Johar,11,4,Portion,Zulekha Ansari,Qaiser Jamal,Pending,Due,Clear,Paid,33900000.0
3851,Hoor Tiwana,DEMO-KPT-3851,House No. CC-649,Street 12,Gulistan-e-Johar,11,4,Portion,Hoor Tiwana,Nadir Umer,Litigated,Paid,Issue Found,Due,39900000.0
10654,Feryal Hinjra,DEMO-KPT-10654,House No. CR-813,Street 14,Gulistan-e-Johar,11,4,Portion,Feryal Hinjra,Wahab Niazi,Pending,Due,Clear,Paid,59300000.0
15812,Arbaz Kamboh,DEMO-KPT-15812,House No. DCR-388,Street 18,Gulistan-e-Johar,11,4,Portion,Arbaz Kamboh,Anas Bangash,Pending,Paid,Under Review,Paid,77500000.0
2201,Israr Anwar,DEMO-KPT-2201,House No. D-652,Street 19,Gulistan-e-Johar,11,4,Portion,Israr Anwar,Sumayya Kazmi,Verified,Paid,Issue Found,Paid,71700000.0
8951,Rizwaan Shafi,DEMO-KPT-8951,House No. RR-891,Street 19,Gulistan-e-Johar,11,4,Portion,Rizwaan Shafi,Zoya Daudzai,Verified,Paid,Issue Found,Paid,70600000.0
12449,Zia Sadiq,DEMO-KPT-12449,House No. CB-503,Street 19,Gulistan-e-Johar,11,4,Portion,Zia Sadiq,Hoor Abbasi,Litigated,Paid,Issue Found,Paid,61800000.0
7195,Fareeha Bijarani,DEMO-KPT-7195,House No. RR-445,Street 21,Gulistan-e-Johar,11,4,Portion,Fareeha Bijarani,Noaman Nasar,Pending,Due,Under Review,Due,70300000.0
8990,Ihsan Shakeel,DEMO-KPT-8990,House No. DC-513,Street 23,Gulistan-e-Johar,11,4,Portion,Ihsan Shakeel,Zia Niazi,Litigated,Paid,Issue Found,Due,62500000.0
5633,Noreen Talpur,DEMO-KPT-5633,House No. CD-530,Street 24,Gulistan-e-Johar,11,4,Portion,Noreen Talpur,Shabbir Khuhro,Pending,Paid,Under Review,Paid,65400000.0
2207,Haroon Mughal,DEMO-KPT-2207,House No. B-860,Street 25,Gulistan-e-Johar,11,4,Portion,Haroon Mughal,Wasim Yasin,Verified,Paid,Issue Found,Due,70000000.0
8957,Sahar Zahid,DEMO-KPT-8957,House No. RD-519,Street 25,Gulistan-e-Johar,11,4,Portion,Sahar Zahid,Nabeel Tunio,Verified,Paid,Issue Found,Due,37100000.0
2192,Kafeel Virk,DEMO-KPT-2192,House No. B-894,Street 27,Gulistan-e-Johar,11,4,Portion,Kafeel Virk,Shahab Parvez,Verified,Paid,Under Review,Due,28400000.0
7217,Nouman Bangash,DEMO-KPT-7217,House No. BD-782,Street 27,Gulistan-e-Johar,11,4,Portion,Nouman Bangash,Nadeem Yasin,Pending,Paid,Under Review,Due,77800000.0
12497,Umair Mian,DEMO-KPT-12497,House No. RR-396,Street 27,Gulistan-e-Johar,11,4,Portion,Umair Mian,Fayyaz Janjua,Litigated,Paid,Issue Found,Paid,23100000.0
14165,Hania Hashmi,DEMO-KPT-14165,House No. CRD-400,Street 29,Gulistan-e-Johar,11,4,Portion,Hania Hashmi,Minhaj Naseem,Pending,Paid,Clear,Paid,42500000.0
9075,Ghazanfar Ansari,DEMO-KPT-9075,House No. BC-828,Street 3,Gulistan-e-Johar,12,4,Portion,Ghazanfar Ansari,Arisha Nasar,Verified,Due,Under Review,Paid,49900000.0
10763,Sajid Anwar,DEMO-KPT-10763,House No. DC-813,Street 3,Gulistan-e-Johar,12,4,Portion,Sajid Anwar,Mahreen Jadoon,Verified,Due,Under Review,Due,23300000.0
10794,Asifa Bijarani,DEMO-KPT-10794,House No. CB-682,Street 7,Gulistan-e-Johar,12,4,Portion,Asifa Bijarani,Mazhar Kamal,Verified,Paid,Clear,Paid,48100000.0
12594,Inam Soomro,DEMO-KPT-12594,House No. BB-377,Street 7,Gulistan-e-Johar,12,4,Portion,Inam Soomro,Mahnaz Daudzai,Verified,Paid,Clear,Paid,43000000.0
7359,Murtaza Gill,DEMO-KPT-7359,House No. CD-592,Street 11,Gulistan-e-Johar,12,4,Portion,Murtaza Gill,Nadia Baig,Verified,Due,Under Review,Due,75000000.0
5676,Muzammil Jamali,DEMO-KPT-5676,House No. RB-329,Street 17,Gulistan-e-Johar,12,4,Portion,Muzammil Jamali,Wahab Khosa,Pending,Paid,Clear,Paid,49500000.0
14226,Noreen Bhittani,DEMO-KPT-14226,House No. RBC-733,Street 17,Gulistan-e-Johar,12,4,Portion,Noreen Bhittani,Rehana Tariq,Pending,Paid,Clear,Paid,37200000.0
14184,Qudrat Waheed,DEMO-KPT-14184,House No. BDC-793,Street 18,Gulistan-e-Johar,12,4,Portion,Qudrat Waheed,Zainab Popalzai,Litigated,Due,Issue Found,Due,66800000.0
5727,Nasreen Mansoor,DEMO-KPT-5727,House No. RD-769,Street 20,Gulistan-e-Johar,12,4,Portion,Nasreen Mansoor,Nudrat Tanoli,Verified,Paid,Under Review,Paid,77900000.0
10795,Adnan Cheena,DEMO-KPT-10795,House No. CB-688,Street 21,Gulistan-e-Johar,12,4,Portion,Adnan Cheena,Rafia Lodhi,Pending,Due,Under Review,Due,70700000.0
9098,Qamar Sahito,DEMO-KPT-9098,House No. DR-419,Street 25,Gulistan-e-Johar,12,4,Portion,Qamar Sahito,Akram Rabbani,Pending,Due,Issue Found,Due,76200000.0
2286,Qaiser Bugti,DEMO-KPT-2286,House No. B-519,Street 26,Gulistan-e-Johar,12,4,Portion,Qaiser Bugti,Adeel Orakzai,Litigated,Paid,Clear,Paid,72300000.0
9036,Shifa Qadir,DEMO-KPT-9036,House No. RR-632,Street 26,Gulistan-e-Johar,12,4,Portion,Shifa Qadir,Aneeqa Tanoli,Litigated,Paid,Clear,Paid,31500000.0
2267,Zohra Malik,DEMO-KPT-2267,House No. C-697,Street 27,Gulistan-e-Johar,12,4,Portion,Zohra Malik,Zehra Qadir,Pending,Paid,Under Review,Due,78600000.0
5778,Zuha Jamali,DEMO-KPT-5778,House No. DD-383,Street 4,Gulistan-e-Johar,13,4,Portion,Zuha Jamali,Faizan Naqvi,Pending,Paid,Under Review,Due,31600000.0
4044,Mubashra Sial,DEMO-KPT-4044,House No. CR-538,Street 7,Gulistan-e-Johar,13,4,Portion,Mubashra Sial,Zaib Shakir,Verified,Paid,Clear,Paid,47400000.0
7451,Nabila Rehman,DEMO-KPT-7451,House No. DB-302,Street 12,Gulistan-e-Johar,13,4,Portion,Nabila Rehman,Jibran Alvi,Litigated,Paid,Issue Found,Due,75600000.0
4001,Usman Talpur,DEMO-KPT-4001,House No. RC-846,Street 19,Gulistan-e-Johar,13,4,Portion,Usman Talpur,Nashra Kamboh,Verified,Paid,Issue Found,Paid,57500000.0
5827,Faisal Lak,DEMO-KPT-5827,House No. DB-738,Street 19,Gulistan-e-Johar,13,4,Portion,Faisal Lak,Zia Hayat,Pending,Due,Issue Found,Paid,75500000.0
7408,Nida Orakzai,DEMO-KPT-7408,House No. RB-799,Street 20,Gulistan-e-Johar,13,4,Portion,Nida Orakzai,Ajmal Sheikh,Pending,Paid,Under Review,Paid,24200000.0
15958,Ghazala Virk,DEMO-KPT-15958,House No. BRC-327,Street 20,Gulistan-e-Johar,13,4,Portion,Ghazala Virk,Arfa Jamali,Pending,Paid,Under Review,Paid,65100000.0
9154,Sheeba Jogezai,DEMO-KPT-9154,House No. DB-724,Street 22,Gulistan-e-Johar,13,4,Portion,Sheeba Jogezai,Ayeza Qureshi,Verified,Paid,Issue Found,Due,75900000.0
12629,Anila Bhatti,DEMO-KPT-12629,House No. DB-730,Street 22,Gulistan-e-Johar,13,4,Portion,Anila Bhatti,Bahadur Farooqi,Verified,Due,Clear,Due,42300000.0
14292,Bashir Hashmi,DEMO-KPT-14292,House No. DCB-590,Street 22,Gulistan-e-Johar,13,4,Portion,Bashir Hashmi,Musa Kharal,Pending,Due,Under Review,Paid,63500000.0
5807,Mahnoor Soomro,DEMO-KPT-5807,House No. CB-721,Street 25,Gulistan-e-Johar,13,4,Portion,Mahnoor Soomro,Raza Virk,Verified,Paid,Issue Found,Due,30400000.0
2328,Mehmood Nasar,DEMO-KPT-2328,House No. B-417,Street 27,Gulistan-e-Johar,13,4,Portion,Mehmood Nasar,Moeen Swati,Pending,Paid,Clear,Paid,45300000.0
5841,Alishba Shakir,DEMO-KPT-5841,House No. BR-782,Street 4,Gulistan-e-Johar,14,4,Portion,Alishba Shakir,Shehryar Rashid,Pending,Due,Clear,Paid,50400000.0
5909,Ayaz Abbasi,DEMO-KPT-5909,House No. DB-774,Street 10,Gulistan-e-Johar,14,4,Portion,Ayaz Abbasi,Ambreen Hashmi,Verified,Paid,Issue Found,Due,23300000.0
2409,Wania Butt,DEMO-KPT-2409,House No. D-536,Street 11,Gulistan-e-Johar,14,4,Portion,Wania Butt,Zohair Kidwai,Verified,Due,Under Review,Due,66000000.0
7504,Rauf Dawood,DEMO-KPT-7504,House No. DR-485,Street 14,Gulistan-e-Johar,14,4,Portion,Rauf Dawood,Sameer Soomro,Pending,Due,Clear,Paid,46900000.0
2358,Sadaqat Yousaf,DEMO-KPT-2358,House No. R-336,Street 18,Gulistan-e-Johar,14,4,Portion,Sadaqat Yousaf,Sabahat Sultan,Litigated,Paid,Clear,Due,55600000.0
10885,Iffat Abro,DEMO-KPT-10885,House No. BD-359,Street 20,Gulistan-e-Johar,14,4,Portion,Iffat Abro,Erum Magsi,Verified,Due,Under Review,Due,28900000.0
12754,Nashra Zubair,DEMO-KPT-12754,House No. BB-858,Street 22,Gulistan-e-Johar,14,4,Portion,Nashra Zubair,Sibtain Wani,Verified,Paid,Issue Found,Due,64900000.0
4054,Zakariya Hafeez,DEMO-KPT-4054,House No. BD-470,Street 25,Gulistan-e-Johar,14,4,Portion,Zakariya Hafeez,Obaid Rehman,Verified,Paid,Issue Found,Due,32000000.0
12751,Moiz Mahsud,DEMO-KPT-12751,House No. DR-760,Street 29,Gulistan-e-Johar,14,4,Portion,Moiz Mahsud,Naveed Popalzai,Verified,Due,Under Review,Due,44200000.0
9166,Nasir Nadeem,DEMO-KPT-9166,House No. BB-338,Street 30,Gulistan-e-Johar,14,4,Portion,Nasir Nadeem,Nadeem Jadoon,Litigated,Due,Issue Found,Due,41400000.0
5973,Nasreen Rafique,DEMO-KPT-5973,House No. CB-857,Street 3,Gulistan-e-Johar,15,4,Portion,Nasreen Rafique,Rehan Bukhari,Litigated,Paid,Clear,Due,55900000.0
7613,Nihal Lashari,DEMO-KPT-7613,House No. CD-515,Street 3,Gulistan-e-Johar,15,4,Portion,Nihal Lashari,Shifa Jaffri,Verified,Due,Under Review,Due,63800000.0
14509,Palwasha Shafi,DEMO-KPT-14509,House No. RBC-423,Street 6,Gulistan-e-Johar,15,4,Portion,Palwasha Shafi,Yahya Sultan,Verified,Paid,Clear,Due,36900000.0
16088,Danish Alvi,DEMO-KPT-16088,House No. DBC-681,Street 7,Gulistan-e-Johar,15,4,Portion,Danish Alvi,Numan Awan,Litigated,Due,Clear,Paid,34200000.0
4112,Wali Swati,DEMO-KPT-4112,House No. DR-867,Street 18,Gulistan-e-Johar,15,4,Portion,Wali Swati,Yasir Rajput,Pending,Paid,Under Review,Paid,41100000.0
12812,Arslan Naseem,DEMO-KPT-12812,House No. RB-426,Street 18,Gulistan-e-Johar,15,4,Portion,Arslan Naseem,Ghazanfar Rajput,Litigated,Paid,Issue Found,Due,41100000.0
14440,Subhan Tareen,DEMO-KPT-14440,House No. RCD-373,Street 19,Gulistan-e-Johar,15,4,Portion,Subhan Tareen,Shafaq Yasin,Litigated,Paid,Issue Found,Paid,26000000.0
16177,Fareeha Sindhi,DEMO-KPT-16177,House No. DBR-632,Street 19,Gulistan-e-Johar,15,4,Portion,Fareeha Sindhi,Izhar Mengal,Pending,Due,Issue Found,Paid,78300000.0
4204,Maham Zia,DEMO-KPT-4204,House No. CR-434,Street 22,Gulistan-e-Johar,15,4,Portion,Maham Zia,Minahil Soomro,Verified,Paid,Issue Found,Due,55900000.0
7656,Warda Dayo,DEMO-KPT-7656,House No. RD-330,Street 25,Gulistan-e-Johar,15,4,Portion,Warda Dayo,Aneeqa Bilgrami,Pending,Paid,Under Review,Due,74500000.0
2515,Batool Hashmi,DEMO-KPT-2515,House No. B-597,Street 29,Gulistan-e-Johar,15,4,Portion,Batool Hashmi,Sadiq Naqvi,Litigated,Paid,Issue Found,Due,48700000.0
12815,Tooba Jogezai,DEMO-KPT-12815,House No. CD-666,Street 29,Gulistan-e-Johar,15,4,Portion,Tooba Jogezai,Fauzia Laghari,Pending,Paid,Clear,Paid,75100000.0
7725,Iram Shafiq,DEMO-KPT-7725,House No. BB-841,Street 3,Gulistan-e-Johar,16,4,Portion,Iram Shafiq,Hidayat Buriro,Verified,Due,Under Review,Paid,37200000.0
14523,Nabeeha Mari,DEMO-KPT-14523,House No. DRC-575,Street 3,Gulistan-e-Johar,16,4,Portion,Nabeeha Mari,Zameer Butt,Litigated,Paid,Clear,Due,53100000.0
7691,Bushra Bhutto,DEMO-KPT-7691,House No. DD-443,Street 8,Gulistan-e-Johar,16,4,Portion,Bushra Bhutto,Irtaza Qadri,Pending,Due,Clear,Paid,49900000.0
7689,Saeeda Zubair,DEMO-KPT-7689,House No. CR-433,Street 9,Gulistan-e-Johar,16,4,Portion,Saeeda Zubair,Hoor Ranjha,Pending,Due,Clear,Paid,49600000.0
9348,Arsalan Haral,DEMO-KPT-9348,House No. DD-526,Street 9,Gulistan-e-Johar,16,4,Portion,Arsalan Haral,Rizwan Mahesar,Verified,Paid,Issue Found,Due,78600000.0
12904,Shaheer Sindhi,DEMO-KPT-12904,House No. CD-782,Street 14,Gulistan-e-Johar,16,4,Portion,Shaheer Sindhi,Sumaira Yousafzai,Pending,Due,Clear,Paid,47300000.0
5998,Sadiq Hanif,DEMO-KPT-5998,House No. DR-593,Street 15,Gulistan-e-Johar,16,4,Portion,Sadiq Hanif,Nighat Ranjha,Litigated,Due,Clear,Due,72600000.0
6053,Haris Popalzai,DEMO-KPT-6053,House No. RB-321,Street 19,Gulistan-e-Johar,16,4,Portion,Haris Popalzai,Omer Sabri,Verified,Paid,Issue Found,Due,29700000.0
12899,Yawar Alvi,DEMO-KPT-12899,House No. BB-664,Street 19,Gulistan-e-Johar,16,4,Portion,Yawar Alvi,Balaj Kakar,Litigated,Paid,Issue Found,Paid,33800000.0
9327,Shahroz Bhat,DEMO-KPT-9327,House No. RD-768,Street 20,Gulistan-e-Johar,16,4,Portion,Shahroz Bhat,Khurram Ghazali,Verified,Paid,Under Review,Paid,62100000.0
4280,Sahar Ghani,DEMO-KPT-4280,House No. DB-481,Street 21,Gulistan-e-Johar,16,4,Portion,Sahar Ghani,Laraib Akhtar,Pending,Paid,Under Review,Paid,26000000.0
16195,Alam Leghari,DEMO-KPT-16195,House No. RBD-841,Street 21,Gulistan-e-Johar,16,4,Portion,Alam Leghari,Babar Kharal,Pending,Due,Under Review,Due,48300000.0
14554,Sadiq Yousafzai,DEMO-KPT-14554,House No. DCB-582,Street 22,Gulistan-e-Johar,16,4,Portion,Sadiq Yousafzai,Sagheer Zafar,Verified,Paid,Issue Found,Due,32900000.0
16208,Laila Raza,DEMO-KPT-16208,House No. DBC-585,Street 22,Gulistan-e-Johar,16,4,Portion,Laila Raza,Urooj Yasin,Verified,Paid,Issue Found,Paid,33500000.0
7683,Huma Wazir,DEMO-KPT-7683,House No. BR-380,Street 24,Gulistan-e-Johar,16,4,Portion,Huma Wazir,Rakhshanda Riaz,Verified,Paid,Under Review,Paid,45500000.0
9392,Ifrah Barakzai,DEMO-KPT-9392,House No. DC-888,Street 27,Gulistan-e-Johar,16,4,Portion,Ifrah Barakzai,Mohib Rashid,Verified,Paid,Under Review,Due,34900000.0
16235,Khurram Farooq,DEMO-KPT-16235,House No. CRB-368,Street 29,Gulistan-e-Johar,16,4,Portion,Khurram Farooq,Ihsan Mengal,Pending,Paid,Under Review,Due,52900000.0
4216,Hadiqa Popalzai,DEMO-KPT-4216,House No. CB-378,Street 30,Gulistan-e-Johar,16,4,Portion,Hadiqa Popalzai,Nabila Mengal,Litigated,Due,Issue Found,Due,45300000.0
12978,Bakhtiar Niazi,DEMO-KPT-12978,House No. CD-550,Street 4,Gulistan-e-Johar,17,4,Portion,Bakhtiar Niazi,Talat Lone,Pending,Paid,Under Review,Due,60200000.0
14619,Tehmina Iqbal,DEMO-KPT-14619,House No. RCB-886,Street 4,Gulistan-e-Johar,17,4,Portion,Tehmina Iqbal,Syeda Mughal,Pending,Paid,Under Review,Paid,70100000.0
11148,Rahim Janjua,DEMO-KPT-11148,House No. CR-815,Street 9,Gulistan-e-Johar,17,4,Portion,Rahim Janjua,Ayub Javed,Verified,Paid,Issue Found,Due,34500000.0
4354,Israr Yasin,DEMO-KPT-4354,House No. CC-620,Street 14,Gulistan-e-Johar,17,4,Portion,Israr Yasin,Ihtisham Yaqoob,Pending,Due,Clear,Paid,79100000.0
6094,Tasneem Haral,DEMO-KPT-6094,House No. CR-622,Street 14,Gulistan-e-Johar,17,4,Portion,Tasneem Haral,Hussnain Dahri,Litigated,Due,Under Review,Due,47500000.0
4326,Iqbal Warsi,DEMO-KPT-4326,House No. DD-435,Street 17,Gulistan-e-Johar,17,4,Portion,Iqbal Warsi,Rubab Siddiqui,Pending,Paid,Clear,Paid,62400000.0
16262,Sidrah Ilyas,DEMO-KPT-16262,House No. RDC-552,Street 18,Gulistan-e-Johar,17,4,Portion,Sidrah Ilyas,Aqib Minhas,Pending,Paid,Under Review,Paid,58400000.0
11180,Khawar Kamboh,DEMO-KPT-11180,House No. CD-669,Street 19,Gulistan-e-Johar,17,4,Portion,Khawar Kamboh,Ilyas Nawaz,Verified,Paid,Under Review,Paid,66200000.0
7735,Anwar Lak,DEMO-KPT-7735,House No. CR-606,Street 20,Gulistan-e-Johar,17,4,Portion,Anwar Lak,Danish Hinjra,Verified,Due,Under Review,Due,27700000.0
9458,Tauseef Popalzai,DEMO-KPT-9458,House No. RD-493,Street 22,Gulistan-e-Johar,17,4,Portion,Tauseef Popalzai,Kamal Majeed,Verified,Paid,Issue Found,Paid,29500000.0
7777,Rukhsana Kazmi,DEMO-KPT-7777,House No. DC-468,Street 24,Gulistan-e-Johar,17,4,Portion,Rukhsana Kazmi,Javed Sardar,Pending,Due,Issue Found,Due,61200000.0
12934,Umair Saleem,DEMO-KPT-12934,House No. DR-740,Street 24,Gulistan-e-Johar,17,4,Portion,Umair Saleem,Jamil Lari,Verified,Paid,Clear,Paid,72700000.0
7748,Shahid Lashari,DEMO-KPT-7748,House No. DB-447,Street 25,Gulistan-e-Johar,17,4,Portion,Shahid Lashari,Haris Lughmani,Pending,Due,Issue Found,Due,48400000.0
9456,Jahangir Afridi,DEMO-KPT-9456,House No. BD-616,Street 25,Gulistan-e-Johar,17,4,Portion,Jahangir Afridi,Nadeem Ghaffar,Pending,Paid,Under Review,Due,57700000.0
16298,Jahangir Raza,DEMO-KPT-16298,House No. DRC-666,Street 25,Gulistan-e-Johar,17,4,Portion,Jahangir Raza,Awais Ghaffar,Pending,Due,Issue Found,Due,66500000.0
9486,Sahil Mehmood,DEMO-KPT-9486,House No. RB-412,Street 26,Gulistan-e-Johar,17,4,Portion,Sahil Mehmood,Hafsa Lughmani,Litigated,Paid,Clear,Paid,69900000.0
14570,Umar Wani,DEMO-KPT-14570,House No. DBR-511,Street 26,Gulistan-e-Johar,17,4,Portion,Umar Wani,Shahroz Jaffri,Verified,Paid,Issue Found,Paid,53500000.0
12947,Yusra Jaffri,DEMO-KPT-12947,House No. DB-890,Street 27,Gulistan-e-Johar,17,4,Portion,Yusra Jaffri,Idrees Mahesar,Litigated,Paid,Issue Found,Paid,79500000.0
4428,Haseeb Magsi,DEMO-KPT-4428,House No. DC-582,Street 4,Gulistan-e-Johar,18,4,Portion,Haseeb Magsi,Nuzhat Imran,Pending,Paid,Under Review,Due,20200000.0
2739,Shumaila Kamal,DEMO-KPT-2739,House No. D-753,Street 9,Gulistan-e-Johar,18,4,Portion,Shumaila Kamal,Mishal Achakzai,Pending,Due,Clear,Paid,29500000.0
6154,Beenish Lone,DEMO-KPT-6154,House No. RD-456,Street 14,Gulistan-e-Johar,18,4,Portion,Beenish Lone,Rubina Kiani,Pending,Due,Clear,Paid,66900000.0
14704,Afreen Nasar,DEMO-KPT-14704,House No. DRC-619,Street 14,Gulistan-e-Johar,18,4,Portion,Afreen Nasar,Ahmed Majeed,Pending,Due,Clear,Paid,56600000.0
13059,Emaan Rashid,DEMO-KPT-13059,House No. CC-508,Street 15,Gulistan-e-Johar,18,4,Portion,Emaan Rashid,Nazia Zahid,Litigated,Due,Clear,Paid,26400000.0
4477,Salma Cheena,DEMO-KPT-4477,House No. DC-429,Street 19,Gulistan-e-Johar,18,4,Portion,Salma Cheena,Zahid Marri,Pending,Due,Issue Found,Paid,74700000.0
11227,Ruqayya Ali,DEMO-KPT-11227,House No. DD-772,Street 19,Gulistan-e-Johar,18,4,Portion,Ruqayya Ali,Aiman Bettani,Pending,Due,Issue Found,Paid,60700000.0
13090,Shaheer Mansoor,DEMO-KPT-13090,House No. BR-890,Street 19,Gulistan-e-Johar,18,4,Portion,Shaheer Mansoor,Irtaza Mehmood,Litigated,Paid,Issue Found,Paid,42300000.0
2708,Nighat Cheema,DEMO-KPT-2708,House No. D-445,Street 22,Gulistan-e-Johar,18,4,Portion,Nighat Cheema,Sahil Iqbal,Verified,Paid,Issue Found,Paid,63900000.0
6203,Sabrina Shinwari,DEMO-KPT-6203,House No. RB-627,Street 22,Gulistan-e-Johar,18,4,Portion,Sabrina Shinwari,Kamran Ghazali,Verified,Due,Under Review,Due,41600000.0
16370,Aryan Ghumman,DEMO-KPT-16370,House No. DBR-691,Street 26,Gulistan-e-Johar,18,4,Portion,Aryan Ghumman,Rustam Marwat,Verified,Paid,Issue Found,Paid,70600000.0
2778,Mahmood Kalhoro,DEMO-KPT-2778,House No. C-703,Street 27,Gulistan-e-Johar,18,4,Portion,Mahmood Kalhoro,Yasmeen Mahesar,Pending,Paid,Clear,Paid,47400000.0
6197,Sehar Kidwai,DEMO-KPT-6197,House No. DD-809,Street 27,Gulistan-e-Johar,18,4,Portion,Sehar Kidwai,Uroosa Sial,Litigated,Paid,Issue Found,Paid,53000000.0
9532,Javaria Magsi,DEMO-KPT-9532,House No. BD-809,Street 27,Gulistan-e-Johar,18,4,Portion,Javaria Magsi,Jahangir Kayani,Litigated,Due,Issue Found,Paid,49000000.0
6228,Noshaba Mirza,DEMO-KPT-6228,House No. DC-690,Street 4,Gulistan-e-Johar,19,4,Portion,Noshaba Mirza,Umair Tiwana,Pending,Paid,Under Review,Due,54500000.0
6291,Mubashra Jamali,DEMO-KPT-6291,House No. RC-341,Street 4,Gulistan-e-Johar,19,4,Portion,Mubashra Jamali,Amara Jafri,Pending,Due,Clear,Paid,76000000.0
4494,Zakir Buriro,DEMO-KPT-4494,House No. RR-394,Street 7,Gulistan-e-Johar,19,4,Portion,Zakir Buriro,Habib Bhat,Verified,Paid,Clear,Paid,79100000.0
4539,Zameer Marri,DEMO-KPT-4539,House No. RC-638,Street 9,Gulistan-e-Johar,19,4,Portion,Zameer Marri,Aamir Unar,Pending,Due,Clear,Paid,33300000.0
6273,Ayan Rabbani,DEMO-KPT-6273,House No. RC-388,Street 14,Gulistan-e-Johar,19,4,Portion,Ayan Rabbani,Kashaf Gabol,Litigated,Due,Issue Found,Paid,77900000.0
16476,Ismail Alvi,DEMO-KPT-16476,House No. BCR-543,Street 17,Gulistan-e-Johar,19,4,Portion,Ismail Alvi,Misbah Dahri,Pending,Paid,Clear,Paid,69600000.0
2808,Rafay Abbasi,DEMO-KPT-2808,House No. C-411,Street 18,Gulistan-e-Johar,19,4,Portion,Rafay Abbasi,Sania Akhtar,Litigated,Paid,Clear,Due,55100000.0
11358,Aiman Bhurgri,DEMO-KPT-11358,House No. BD-554,Street 18,Gulistan-e-Johar,19,4,Portion,Aiman Bhurgri,Shifa Nawaz,Litigated,Paid,Clear,Due,24900000.0
14858,Shahmeer Mohammadzai,DEMO-KPT-14858,House No. CDR-758,Street 22,Gulistan-e-Johar,19,4,Portion,Shahmeer Mohammadzai,Salma Latif,Verified,Paid,Issue Found,Paid,24700000.0
14840,Naila Tiwana,DEMO-KPT-14840,House No. DBC-339,Street 23,Gulistan-e-Johar,19,4,Portion,Naila Tiwana,Hafsa Gilani,Litigated,Paid,Issue Found,Due,30100000.0
16462,Nihal Turk,DEMO-KPT-16462,House No. RCD-300,Street 24,Gulistan-e-Johar,19,4,Portion,Nihal Turk,Mehak Ansari,Verified,Due,Under Review,Due,67000000.0
4506,Bashir Hinjra,DEMO-KPT-4506,House No. CC-404,Street 25,Gulistan-e-Johar,19,4,Portion,Bashir Hinjra,Owais Lughmani,Pending,Paid,Under Review,Due,21600000.0
9548,Adil Minhas,DEMO-KPT-9548,House No. BB-719,Street 25,Gulistan-e-Johar,19,4,Portion,Adil Minhas,Lamia Shafiq,Pending,Due,Issue Found,Due,32700000.0
11348,Mustafa Shaikh,DEMO-KPT-11348,House No. CB-457,Street 25,Gulistan-e-Johar,19,4,Portion,Mustafa Shaikh,Dilshad Shakir,Pending,Due,Issue Found,Due,36100000.0
9601,Hadi Lari,DEMO-KPT-9601,House No. DB-765,Street 29,Gulistan-e-Johar,19,4,Portion,Hadi Lari,Mahir Khosa,Verified,Due,Under Review,Due,65100000.0
14925,Mehwish Zia,DEMO-KPT-14925,House No. RBC-362,Street 3,Gulistan-e-Johar,20,4,Portion,Mehwish Zia,Safa Magsi,Verified,Due,Under Review,Paid,66700000.0
9669,Ikhlaq Sadiq,DEMO-KPT-9669,House No. CD-828,Street 4,Gulistan-e-Johar,20,4,Portion,Ikhlaq Sadiq,Arisha Peerzada,Pending,Paid,Under Review,Paid,20000000.0
2944,Huma Mari,DEMO-KPT-2944,House No. C-721,Street 14,Gulistan-e-Johar,20,4,Portion,Huma Mari,Gohar Warraich,Litigated,Due,Under Review,Due,63800000.0
4703,Alina Rashid,DEMO-KPT-4703,House No. BC-631,Street 19,Gulistan-e-Johar,20,4,Portion,Alina Rashid,Samad Sultan,Verified,Paid,Issue Found,Due,40700000.0
9653,Zeeshan Rizvi,DEMO-KPT-9653,House No. BB-400,Street 19,Gulistan-e-Johar,20,4,Portion,Zeeshan Rizvi,Saima Mangi,Verified,Paid,Issue Found,Due,33500000.0
14890,Mahwish Rehman,DEMO-KPT-14890,House No. CDR-521,Street 19,Gulistan-e-Johar,20,4,Portion,Mahwish Rehman,Hassan Mazari,Litigated,Paid,Issue Found,Paid,50900000.0
9680,Zaheer Nawaz,DEMO-KPT-9680,House No. RD-359,Street 21,Gulistan-e-Johar,20,4,Portion,Zaheer Nawaz,Neelam Gondal,Pending,Paid,Under Review,Paid,36200000.0
6329,Sanam Mughal,DEMO-KPT-6329,House No. DR-699,Street 22,Gulistan-e-Johar,20,4,Portion,Sanam Mughal,Yahya Ghaffar,Verified,Due,Clear,Due,48000000.0
8003,Fareeha Nawaz,DEMO-KPT-8003,House No. RC-780,Street 22,Gulistan-e-Johar,20,4,Portion,Fareeha Nawaz,Aqsa Rafique,Verified,Due,Under Review,Due,29500000.0
16553,Mashal Bhurgri,DEMO-KPT-16553,House No. RDB-623,Street 22,Gulistan-e-Johar,20,4,Portion,Mashal Bhurgri,Humaira Naqvi,Verified,Due,Under Review,Due,56900000.0
9683,Kafeel Kalhoro,DEMO-KPT-9683,House No. BB-426,Street 24,Gulistan-e-Johar,20,4,Portion,Kafeel Kalhoro,Kamal Bukhari,Pending,Paid,Under Review,Paid,45600000.0
11486,Aryan Qazi,DEMO-KPT-11486,House No. BR-485,Street 24,Gulistan-e-Johar,20,4,Portion,Aryan Qazi,Hasnain Daudzai,Verified,Due,Issue Found,Paid,28400000.0
9620,Kashif Afridi,DEMO-KPT-9620,House No. BD-362,Street 26,Gulistan-e-Johar,20,4,Portion,Kashif Afridi,Waseem Gill,Verified,Paid,Issue Found,Paid,58000000.0
4582,Muneeb Warsi,DEMO-KPT-4582,House No. DC-311,Street 27,Gulistan-e-Johar,20,4,Portion,Muneeb Warsi,Benazir Sohu,Litigated,Due,Issue Found,Paid,36900000.0
6335,Balaj Aslam,DEMO-KPT-6335,House No. RR-368,Street 29,Gulistan-e-Johar,20,4,Portion,Balaj Aslam,Inam Tariq,Pending,Paid,Under Review,Due,25300000.0
1009,Ayesha Hussain,DEMO-KPT-1009,House No. A-705,Street 6,Gulshan-e-Iqbal,1,4,Portion,Ayesha Hussain,Danish Noor,Verified,Paid,Clear,Due,62300000.0
1008,Saad Qureshi,DEMO-KPT-1008,House No. A-881,Street 18,Gulshan-e-Iqbal,1,4,Portion,Saad Qureshi,Komal Malik,Litigated,Paid,Clear,Due,25500000.0
1458,Mashal Mengal,DEMO-KPT-1458,House No. C-337,Street 18,Gulshan-e-Iqbal,1,4,Portion,Mashal Mengal,Mehreen Parvez,Litigated,Paid,Clear,Due,35400000.0
5104,Awais Shaikh,DEMO-KPT-5104,House No. RR-460,Street 22,Gulshan-e-Iqbal,1,4,Portion,Awais Shaikh,Aashir Saleem,Verified,Paid,Issue Found,Due,34000000.0
4983,Salma Majeed,DEMO-KPT-4983,House No. DB-685,Street 24,Gulshan-e-Iqbal,1,4,Portion,Salma Majeed,Daniyal Randhawa,Verified,Paid,Under Review,Paid,40500000.0
8362,Ibrahim Qazi,DEMO-KPT-8362,House No. CD-700,Street 24,Gulshan-e-Iqbal,1,4,Portion,Ibrahim Qazi,Aiman Mustafa,Verified,Due,Under Review,Due,55000000.0
12228,Kabeer Mari,DEMO-KPT-12228,House No. CC-326,Street 27,Gulshan-e-Iqbal,1,4,Portion,Kabeer Mari,Saba Tunio,Pending,Paid,Clear,Paid,61900000.0
15767,Nouman Lak,DEMO-KPT-15767,House No. CRD-426,Street 27,Gulshan-e-Iqbal,1,4,Portion,Nouman Lak,Danish Javed,Pending,Paid,Under Review,Due,78300000.0
4985,Fareeha Gandapur,DEMO-KPT-4985,House No. RB-877,Street 29,Gulshan-e-Iqbal,1,4,Portion,Fareeha Gandapur,Noreen Sadiq,Pending,Paid,Under Review,Due,66800000.0
1654,Tayyeb Sultan,DEMO-KPT-1654,House No. B-868,Street 14,Gulshan-e-Iqbal,2,4,Portion,Tayyeb Sultan,Mahnoor Khokhar,Pending,Due,Clear,Paid,34600000.0
1112,Laiba Butt,DEMO-KPT-1112,House No. A-379,Street 18,Gulshan-e-Iqbal,2,4,Portion,Laiba Butt,Mariam Tariq,Litigated,Paid,Issue Found,Due,52300000.0
15984,Rauf Zafar,DEMO-KPT-15984,House No. RCD-548,Street 18,Gulshan-e-Iqbal,2,4,Portion,Rauf Zafar,Husna Shafi,Litigated,Due,Issue Found,Due,38400000.0
8635,Anum Talpur,DEMO-KPT-8635,House No. RD-794,Street 20,Gulshan-e-Iqbal,2,4,Portion,Anum Talpur,Shahid Abbasi,Verified,Due,Under Review,Due,28200000.0
12380,Noman Farooq,DEMO-KPT-12380,House No. DB-422,Street 21,Gulshan-e-Iqbal,2,4,Portion,Noman Farooq,Mehak Qazi,Pending,Paid,Under Review,Paid,69900000.0
1054,Laiba Raza,DEMO-KPT-1054,House No. A-955,Street 22,Gulshan-e-Iqbal,2,4,Portion,Laiba Raza,Usman Javed,Verified,Paid,Issue Found,Due,54000000.0
5303,Rayyan Tarar,DEMO-KPT-5303,House No. CC-732,Street 22,Gulshan-e-Iqbal,2,4,Portion,Rayyan Tarar,Fahim Bhat,Verified,Due,Under Review,Due,38100000.0
12412,Athar Turk,DEMO-KPT-12412,House No. RD-790,Street 24,Gulshan-e-Iqbal,2,4,Portion,Athar Turk,Mudassar Sadiq,Verified,Due,Under Review,Due,52000000.0
8507,Asra Tariq,DEMO-KPT-8507,House No. BD-543,Street 25,Gulshan-e-Iqbal,2,4,Portion,Asra Tariq,Liaquat Bangash,Verified,Paid,Issue Found,Due,25900000.0
1119,Iqra Javed,DEMO-KPT-1119,House No. A-95,Street 4,Gulshan-e-Iqbal,3,4,Portion,Iqra Javed,Bilal Mirza,Pending,Paid,Under Review,Paid,20400000.0
12543,Waleed Cheena,DEMO-KPT-12543,House No. DD-536,Street 8,Gulshan-e-Iqbal,3,4,Portion,Waleed Cheena,Athar Akhtar,Litigated,Paid,Clear,Due,66200000.0
1151,Bilal Haider,DEMO-KPT-1151,House No. A-992,Street 12,Gulshan-e-Iqbal,3,4,Portion,Bilal Haider,Bilal Aslam,Litigated,Paid,Issue Found,Due,48000000.0
5409,Farid Korai,DEMO-KPT-5409,House No. BC-423,Street 15,Gulshan-e-Iqbal,3,4,Portion,Farid Korai,Zaid Hayat,Litigated,Due,Clear,Paid,41400000.0
8784,Tayyeb Khattak,DEMO-KPT-8784,House No. CB-690,Street 18,Gulshan-e-Iqbal,3,4,Portion,Tayyeb Khattak,Mahad Talpur,Litigated,Due,Issue Found,Due,37200000.0
12477,Arfa Awan,DEMO-KPT-12477,House No. CR-307,Street 20,Gulshan-e-Iqbal,3,4,Portion,Arfa Awan,Haider Shafiq,Verified,Paid,Under Review,Paid,79000000.0
1130,Talha Sheikh,DEMO-KPT-1130,House No. A-722,Street 21,Gulshan-e-Iqbal,3,4,Portion,Talha Sheikh,Saad Ahmed,Pending,Paid,Under Review,Paid,36200000.0
1703,Ayla Dogar,DEMO-KPT-1703,House No. B-882,Street 22,Gulshan-e-Iqbal,3,4,Portion,Ayla Dogar,Mubashir Hinjra,Verified,Due,Under Review,Due,70100000.0
1133,Komal Mirza,DEMO-KPT-1133,House No. A-149,Street 24,Gulshan-e-Iqbal,3,4,Portion,Komal Mirza,Danish Hussain,Pending,Paid,Under Review,Paid,29000000.0
5357,Azan Jamali,DEMO-KPT-5357,House No. RD-507,Street 25,Gulshan-e-Iqbal,3,4,Portion,Azan Jamali,Aneela Kamboh,Verified,Paid,Issue Found,Due,33200000.0
12557,Mehrunnisa Baig,DEMO-KPT-12557,House No. CD-705,Street 25,Gulshan-e-Iqbal,3,4,Portion,Mehrunnisa Baig,Ahad Korai,Verified,Paid,Issue Found,Due,64400000.0
12514,Sajjad Rabbani,DEMO-KPT-12514,House No. BD-700,Street 26,Gulshan-e-Iqbal,3,4,Portion,Sajjad Rabbani,Tariq Abro,Pending,Due,Issue Found,Paid,63900000.0
16097,Asma Shinwari,DEMO-KPT-16097,House No. DBC-839,Street 27,Gulshan-e-Iqbal,3,4,Portion,Asma Shinwari,Mehak Panhwar,Litigated,Paid,Issue Found,Paid,61300000.0
8943,Palwasha Hanif,DEMO-KPT-8943,House No. RC-862,Street 8,Gulshan-e-Iqbal,4,4,Portion,Palwasha Hanif,Tahir Gakhar,Litigated,Paid,Clear,Due,63900000.0
16241,Fabiha Talpur,DEMO-KPT-16241,House No. CDB-893,Street 8,Gulshan-e-Iqbal,4,4,Portion,Fabiha Talpur,Amjad Riaz,Pending,Due,Clear,Paid,68800000.0
9039,Azeem Khalid,DEMO-KPT-9039,House No. BR-474,Street 9,Gulshan-e-Iqbal,4,4,Portion,Azeem Khalid,Anmol Parvez,Pending,Due,Clear,Paid,59200000.0
1204,Waleed Aslam,DEMO-KPT-1204,House No. A-649,Street 14,Gulshan-e-Iqbal,4,4,Portion,Waleed Aslam,Kashif Malik,Pending,Due,Clear,Paid,20400000.0
8973,Aqsa Gilani,DEMO-KPT-8973,House No. DC-551,Street 14,Gulshan-e-Iqbal,4,4,Portion,Aqsa Gilani,Sonia Mirani,Litigated,Due,Issue Found,Paid,23800000.0
1176,Owais Ali,DEMO-KPT-1176,House No. A-64,Street 17,Gulshan-e-Iqbal,4,4,Portion,Owais Ali,Muhammad Noor,Pending,Paid,Clear,Paid,74600000.0
1885,Rafia Nasar,DEMO-KPT-1885,House No. R-887,Street 20,Gulshan-e-Iqbal,4,4,Portion,Rafia Nasar,Shabbir Alvi,Verified,Due,Under Review,Due,40400000.0
12595,Zakariya Yousaf,DEMO-KPT-12595,House No. CD-891,Street 21,Gulshan-e-Iqbal,4,4,Portion,Zakariya Yousaf,Marium Jamali,Pending,Due,Under Review,Due,58200000.0
2033,Mehrunnisa Sandhu,DEMO-KPT-2033,House No. B-392,Street 24,Gulshan-e-Iqbal,4,4,Portion,Mehrunnisa Sandhu,Faizan Mangi,Pending,Paid,Under Review,Paid,21400000.0
12636,Mazen Bukhari,DEMO-KPT-12636,House No. DD-633,Street 26,Gulshan-e-Iqbal,4,4,Portion,Mazen Bukhari,Mansoor Latif,Litigated,Paid,Clear,Paid,52900000.0
16217,Ejaz Zahid,DEMO-KPT-16217,House No. RBC-635,Street 27,Gulshan-e-Iqbal,4,4,Portion,Ejaz Zahid,Mohib Ghazali,Pending,Paid,Under Review,Due,74300000.0
9035,Parvez Janjua,DEMO-KPT-9035,House No. RB-551,Street 29,Gulshan-e-Iqbal,4,4,Portion,Parvez Janjua,Fauzia Khuhro,Pending,Paid,Under Review,Due,39500000.0
9123,Neha Kasi,DEMO-KPT-9123,House No. DR-669,Street 3,Gulshan-e-Iqbal,5,4,Portion,Neha Kasi,Hania Tareen,Litigated,Paid,Clear,Due,21800000.0
1238,Alina Raza,DEMO-KPT-1238,House No. A-818,Street 7,Gulshan-e-Iqbal,5,4,Portion,Alina Raza,Arsalan Haider,Litigated,Due,Clear,Paid,20400000.0
1248,Mahnoor Javed,DEMO-KPT-1248,House No. A-481,Street 9,Gulshan-e-Iqbal,5,4,Portion,Mahnoor Javed,Danish Farooq,Verified,Paid,Issue Found,Due,45400000.0
16444,Umaima Khalid,DEMO-KPT-16444,House No. RDC-449,Street 14,Gulshan-e-Iqbal,5,4,Portion,Umaima Khalid,Farooq Gill,Litigated,Due,Under Review,Due,43100000.0
12748,Batool Jaffri,DEMO-KPT-12748,House No. CB-572,Street 15,Gulshan-e-Iqbal,5,4,Portion,Batool Jaffri,Sahrish Jaffri,Litigated,Due,Clear,Due,55200000.0
16343,Waseem Qureshi,DEMO-KPT-16343,House No. DBR-451,Street 15,Gulshan-e-Iqbal,5,4,Portion,Waseem Qureshi,Uroosa Umer,Verified,Paid,Issue Found,Due,51900000.0
12876,Sobia Kiani,DEMO-KPT-12876,House No. BC-313,Street 17,Gulshan-e-Iqbal,5,4,Portion,Sobia Kiani,Unaiza Zubairi,Pending,Paid,Clear,Paid,33200000.0
12803,Rubina Khattak,DEMO-KPT-12803,House No. DB-850,Street 19,Gulshan-e-Iqbal,5,4,Portion,Rubina Khattak,Shaheer Zafar,Verified,Paid,Issue Found,Due,30500000.0
1227,Muhammad Ahmed,DEMO-KPT-1227,House No. A-623,Street 20,Gulshan-e-Iqbal,5,4,Portion,Muhammad Ahmed,Kashif Noor,Verified,Paid,Under Review,Paid,59200000.0
2335,Jamila Durrani,DEMO-KPT-2335,House No. C-549,Street 20,Gulshan-e-Iqbal,5,4,Portion,Jamila Durrani,Rahim Riaz,Verified,Due,Under Review,Due,71500000.0
5747,Rizwan Malik,DEMO-KPT-5747,House No. BD-615,Street 27,Gulshan-e-Iqbal,5,4,Portion,Rizwan Malik,Zakir Sindhi,Litigated,Paid,Issue Found,Paid,51300000.0
5615,Misbah Kasi,DEMO-KPT-5615,House No. CD-305,Street 29,Gulshan-e-Iqbal,5,4,Portion,Misbah Kasi,Nadeem Gakhar,Pending,Paid,Clear,Paid,37100000.0
5844,Sana Jaffri,DEMO-KPT-5844,House No. DC-487,Street 7,Gulshan-e-Iqbal,6,4,Portion,Sana Jaffri,Fasih Mansoor,Verified,Paid,Clear,Paid,26600000.0
9393,Kaleem Unar,DEMO-KPT-9393,House No. CC-483,Street 8,Gulshan-e-Iqbal,6,4,Portion,Kaleem Unar,Bakhtiar Wazir,Litigated,Paid,Clear,Due,24600000.0
9244,Shakeel Siddiqui,DEMO-KPT-9244,House No. BB-515,Street 14,Gulshan-e-Iqbal,6,4,Portion,Shakeel Siddiqui,Ahsan Riaz,Litigated,Due,Under Review,Due,50500000.0
13023,Fozia Cheema,DEMO-KPT-13023,House No. CC-725,Street 14,Gulshan-e-Iqbal,6,4,Portion,Fozia Cheema,Azka Janjua,Litigated,Due,Issue Found,Paid,49700000.0
9433,Talal Rizvi,DEMO-KPT-9433,House No. RR-569,Street 16,Gulshan-e-Iqbal,6,4,Portion,Talal Rizvi,Amjad Jadoon,Verified,Due,Clear,Due,66600000.0
1345,Maham Sheikh,DEMO-KPT-1345,House No. A-872,Street 21,Gulshan-e-Iqbal,6,4,Portion,Maham Sheikh,Laiba Iqbal,Pending,Due,Under Review,Due,73200000.0
13007,Arfa Talpur,DEMO-KPT-13007,House No. BC-497,Street 25,Gulshan-e-Iqbal,6,4,Portion,Arfa Talpur,Noshaba Ranjha,Verified,Paid,Issue Found,Due,73600000.0
5764,Jawad Warraich,DEMO-KPT-5764,House No. CB-563,Street 26,Gulshan-e-Iqbal,6,4,Portion,Jawad Warraich,Kinza Kasi,Pending,Due,Issue Found,Paid,54500000.0
16592,Zarmeen Cheema,DEMO-KPT-16592,House No. RDB-446,Street 27,Gulshan-e-Iqbal,6,4,Portion,Zarmeen Cheema,Palwasha Kayani,Verified,Paid,Under Review,Due,64400000.0
16641,Rohail Parvez,DEMO-KPT-16641,House No. CDB-363,Street 4,Gulshan-e-Iqbal,7,4,Portion,Rohail Parvez,Urooj Saeed,Pending,Due,Clear,Paid,33700000.0
2588,Yusuf Farooq,DEMO-KPT-2588,House No. C-417,Street 7,Gulshan-e-Iqbal,7,4,Portion,Yusuf Farooq,Anum Qadir,Litigated,Due,Clear,Paid,55000000.0
1409,Mariam Butt,DEMO-KPT-1409,House No. A-729,Street 10,Gulshan-e-Iqbal,7,4,Portion,Mariam Butt,Arsalan Ahmed,Verified,Paid,Issue Found,Due,70100000.0
2651,Nida Pasha,DEMO-KPT-2651,House No. C-557,Street 19,Gulshan-e-Iqbal,7,4,Portion,Nida Pasha,Javaria Chandio,Verified,Paid,Issue Found,Paid,56700000.0
5890,Balaj Zaman,DEMO-KPT-5890,House No. RR-875,Street 19,Gulshan-e-Iqbal,7,4,Portion,Balaj Zaman,Ghulam Ghauri,Litigated,Paid,Issue Found,Paid,39200000.0
5977,Azeem Sardar,DEMO-KPT-5977,House No. DC-538,Street 24,Gulshan-e-Iqbal,7,4,Portion,Azeem Sardar,Ihsan Mian,Pending,Due,Issue Found,Due,36800000.0
16683,Ghazanfar Bashir,DEMO-KPT-16683,House No. CBR-744,Street 24,Gulshan-e-Iqbal,7,4,Portion,Ghazanfar Bashir,Hashir Wani,Verified,Paid,Under Review,Paid,61300000.0
5886,Iram Gandapur,DEMO-KPT-5886,House No. BD-896,Street 26,Gulshan-e-Iqbal,7,4,Portion,Iram Gandapur,Shaheer Tanvir,Litigated,Paid,Clear,Paid,21900000.0
9701,Rehman Ghumman,DEMO-KPT-9701,House No. BC-507,Street 12,Gulshan-e-Iqbal,8,4,Portion,Rehman Ghumman,Raza Chattha,Litigated,Paid,Issue Found,Due,43300000.0
13301,Uzma Wazir,DEMO-KPT-13301,House No. BD-521,Street 12,Gulshan-e-Iqbal,8,4,Portion,Uzma Wazir,Neha Lashari,Litigated,Paid,Issue Found,Due,42900000.0
3004,Nawal Javed,DEMO-KPT-3004,House No. C-482,Street 14,Gulshan-e-Iqbal,8,4,Portion,Nawal Javed,Aneeqa Khalid,Pending,Due,Clear,Paid,33400000.0
1448,Fatima Hussain,DEMO-KPT-1448,House No. A-184,Street 25,Gulshan-e-Iqbal,8,4,Portion,Fatima Hussain,Danish Khan,Pending,Due,Issue Found,Due,41600000.0
2965,Naila Tunio,DEMO-KPT-2965,House No. R-637,Street 29,Gulshan-e-Iqbal,8,4,Portion,Naila Tunio,Zuha Lashari,Litigated,Paid,Issue Found,Due,22200000.0
6001,Kinza Saleem,DEMO-KPT-6001,House No. CC-736,Street 29,Gulshan-e-Iqbal,8,4,Portion,Kinza Saleem,Sabir Chattha,Verified,Due,Under Review,Due,71600000.0
3113,Aleeza Talpur,DEMO-KPT-3113,House No. C-353,Street 3,Gulshan-e-Iqbal,9,4,Portion,Aleeza Talpur,Khushbu Sardar,Verified,Due,Under Review,Due,37300000.0
9828,Saba Saeed,DEMO-KPT-9828,House No. BB-396,Street 4,Gulshan-e-Iqbal,9,4,Portion,Saba Saeed,Burhan Marwat,Pending,Paid,Under Review,Due,32600000.0
9788,Esha Sandhu,DEMO-KPT-9788,House No. RD-727,Street 7,Gulshan-e-Iqbal,9,4,Portion,Esha Sandhu,Zaynab Bilgrami,Litigated,Due,Clear,Paid,57500000.0
13643,Shazia Ghazali,DEMO-KPT-13643,House No. CDB-343,Street 15,Gulshan-e-Iqbal,9,4,Portion,Shazia Ghazali,Hamid Lakhani,Verified,Paid,Issue Found,Due,23800000.0
13648,Mashal Ghazali,DEMO-KPT-13648,House No. CDB-819,Street 15,Gulshan-e-Iqbal,9,4,Portion,Mashal Ghazali,Sumaira Buriro,Litigated,Due,Clear,Due,58400000.0
3127,Shazia Yaqoob,DEMO-KPT-3127,House No. R-726,Street 19,Gulshan-e-Iqbal,9,4,Portion,Shazia Yaqoob,Naveed Kayani,Pending,Due,Issue Found,Paid,46100000.0
6295,Munir Rehman,DEMO-KPT-6295,House No. BB-625,Street 21,Gulshan-e-Iqbal,9,4,Portion,Munir Rehman,Nuzhat Wattoo,Pending,Due,Under Review,Due,74700000.0
9895,Ifrah Bhutto,DEMO-KPT-9895,House No. BR-512,Street 21,Gulshan-e-Iqbal,9,4,Portion,Ifrah Bhutto,Zunaira Khalid,Pending,Due,Under Review,Due,24900000.0
6306,Fawad Magsi,DEMO-KPT-6306,House No. BD-461,Street 25,Gulshan-e-Iqbal,9,4,Portion,Fawad Magsi,Husna Kamal,Pending,Paid,Under Review,Due,24900000.0
9904,Beenish Zardari,DEMO-KPT-9904,House No. DB-484,Street 25,Gulshan-e-Iqbal,9,4,Portion,Beenish Zardari,Qasim Saif,Verified,Paid,Issue Found,Due,31000000.0
3047,Akbar Talpur,DEMO-KPT-3047,House No. C-390,Street 27,Gulshan-e-Iqbal,9,4,Portion,Akbar Talpur,Muzammil Sohu,Litigated,Paid,Issue Found,Paid,22000000.0
13578,Irum Hashmi,DEMO-KPT-13578,House No. DBC-390,Street 27,Gulshan-e-Iqbal,9,4,Portion,Irum Hashmi,Awais Umer,Pending,Paid,Clear,Paid,24900000.0
6388,Zafar Majeed,DEMO-KPT-6388,House No. RR-475,Street 7,Gulshan-e-Iqbal,10,4,Portion,Zafar Majeed,Zarar Wani,Litigated,Due,Clear,Due,31800000.0
3191,Hira Kalhoro,DEMO-KPT-3191,House No. R-587,Street 8,Gulshan-e-Iqbal,10,4,Portion,Hira Kalhoro,Fayyaz Qureshi,Pending,Due,Clear,Paid,62600000.0
6339,Mustafa Popalzai,DEMO-KPT-6339,House No. CC-431,Street 9,Gulshan-e-Iqbal,10,4,Portion,Mustafa Popalzai,Shahab Rind,Pending,Due,Clear,Paid,65400000.0
13945,Jamila Akhtar,DEMO-KPT-13945,House No. DRB-649,Street 21,Gulshan-e-Iqbal,10,4,Portion,Jamila Akhtar,Tariq Awan,Pending,Due,Under Review,Due,58900000.0
6470,Rehman Baig,DEMO-KPT-6470,House No. DR-851,Street 26,Gulshan-e-Iqbal,10,4,Portion,Rehman Baig,Sohail Tanoli,Verified,Paid,Issue Found,Paid,32600000.0
9978,Fahim Mirani,DEMO-KPT-9978,House No. CC-427,Street 27,Gulshan-e-Iqbal,10,4,Portion,Fahim Mirani,Sanam Rafique,Pending,Paid,Clear,Paid,76000000.0
10278,Sumbal Bilgrami,DEMO-KPT-10278,House No. CB-312,Street 4,Gulshan-e-Iqbal,11,4,Portion,Sumbal Bilgrami,Firdous Cheena,Pending,Paid,Under Review,Due,45800000.0
6534,Sadaf Ansari,DEMO-KPT-6534,House No. DR-813,Street 18,Gulshan-e-Iqbal,11,4,Portion,Sadaf Ansari,Yousaf Shah,Litigated,Due,Issue Found,Due,68500000.0
10124,Maryam Shafi,DEMO-KPT-10124,House No. DR-554,Street 27,Gulshan-e-Iqbal,11,4,Portion,Maryam Shafi,Yaqoob Bhatti,Litigated,Paid,Issue Found,Paid,35600000.0
14174,Mubashir Dawood,DEMO-KPT-14174,House No. CRD-756,Street 27,Gulshan-e-Iqbal,11,4,Portion,Mubashir Dawood,Saira Hayat,Litigated,Paid,Issue Found,Paid,41000000.0
3528,Sufyan Ilyas,DEMO-KPT-3528,House No. D-331,Street 4,Gulshan-e-Iqbal,12,4,Portion,Sufyan Ilyas,Anam Bhutto,Pending,Paid,Under Review,Due,20900000.0
14288,Khurram Khan,DEMO-KPT-14288,House No. RBD-499,Street 7,Gulshan-e-Iqbal,12,4,Portion,Khurram Khan,Shama Javed,Litigated,Due,Clear,Paid,50800000.0
10391,Kamal Lughmani,DEMO-KPT-10391,House No. BB-731,Street 8,Gulshan-e-Iqbal,12,4,Portion,Kamal Lughmani,Rooman Kharal,Pending,Due,Clear,Paid,63000000.0
6759,Ali Usmani,DEMO-KPT-6759,House No. BB-724,Street 15,Gulshan-e-Iqbal,12,4,Portion,Ali Usmani,Nighat Mohmand,Litigated,Due,Clear,Paid,30300000.0
3492,Aleena Leghari,DEMO-KPT-3492,House No. R-732,Street 22,Gulshan-e-Iqbal,12,4,Portion,Aleena Leghari,Nadeem Hameed,Pending,Due,Under Review,Paid,73200000.0
3484,Alam Kayani,DEMO-KPT-3484,House No. D-383,Street 24,Gulshan-e-Iqbal,12,4,Portion,Alam Kayani,Irum Mohmand,Verified,Paid,Clear,Paid,47600000.0
3633,Arisha Kamboh,DEMO-KPT-3633,House No. R-677,Street 24,Gulshan-e-Iqbal,12,4,Portion,Arisha Kamboh,Arham Mangi,Verified,Paid,Under Review,Paid,34000000.0
6832,Sabeen Magsi,DEMO-KPT-6832,House No. BC-511,Street 27,Gulshan-e-Iqbal,12,4,Portion,Sabeen Magsi,Ikhlaq Khosa,Litigated,Due,Issue Found,Paid,62800000.0
10428,Khushbu Buriro,DEMO-KPT-10428,House No. DR-318,Street 27,Gulshan-e-Iqbal,12,4,Portion,Khushbu Buriro,Rukhsana Gandapur,Pending,Paid,Clear,Paid,30700000.0
3688,Rabia Riaz,DEMO-KPT-3688,House No. D-668,Street 7,Gulshan-e-Iqbal,13,4,Portion,Rabia Riaz,Noshaba Sahito,Litigated,Due,Clear,Due,72300000.0
6909,Erum Jamal,DEMO-KPT-6909,House No. BC-509,Street 11,Gulshan-e-Iqbal,13,4,Portion,Erum Jamal,Rehan Qureshi,Verified,Due,Under Review,Due,32000000.0
7054,Rukhsana Pirzada,DEMO-KPT-7054,House No. BC-849,Street 14,Gulshan-e-Iqbal,13,4,Portion,Rukhsana Pirzada,Shaista Nawaz,Pending,Due,Clear,Paid,48900000.0
14508,Nauman Baloch,DEMO-KPT-14508,House No. RBC-409,Street 18,Gulshan-e-Iqbal,13,4,Portion,Nauman Baloch,Saima Mughal,Litigated,Paid,Clear,Due,31600000.0
3640,Benazir Ilyas,DEMO-KPT-3640,House No. R-472,Street 19,Gulshan-e-Iqbal,13,4,Portion,Benazir Ilyas,Mahira Jadoon,Litigated,Paid,Issue Found,Paid,30800000.0
3636,Shanza Rind,DEMO-KPT-3636,House No. C-806,Street 26,Gulshan-e-Iqbal,13,4,Portion,Shanza Rind,Waqar Baloch,Litigated,Paid,Clear,Paid,70900000.0
3759,Ghulam Mian,DEMO-KPT-3759,House No. C-570,Street 11,Gulshan-e-Iqbal,14,4,Portion,Ghulam Mian,Naveed Zaman,Verified,Due,Under Review,Due,40300000.0
3803,Zaynab Yasin,DEMO-KPT-3803,House No. R-460,Street 19,Gulshan-e-Iqbal,14,4,Portion,Zaynab Yasin,Qaiser Khan,Verified,Paid,Issue Found,Due,40400000.0
10751,Ahad Qadir,DEMO-KPT-10751,House No. DR-682,Street 19,Gulshan-e-Iqbal,14,4,Portion,Ahad Qadir,Samiya Palijo,Verified,Paid,Issue Found,Paid,46900000.0
3754,Atiya Yaqoob,DEMO-KPT-3754,House No. D-884,Street 22,Gulshan-e-Iqbal,14,4,Portion,Atiya Yaqoob,Zaynab Bangash,Verified,Paid,Issue Found,Due,73500000.0
7204,Kaneez Baig,DEMO-KPT-7204,House No. CR-849,Street 25,Gulshan-e-Iqbal,14,4,Portion,Kaneez Baig,Shamoon Bijarani,Verified,Paid,Issue Found,Due,40600000.0
3766,Akbar Qadir,DEMO-KPT-3766,House No. D-477,Street 30,Gulshan-e-Iqbal,14,4,Portion,Akbar Qadir,Mahira Mohammadzai,Litigated,Due,Issue Found,Due,56600000.0
4059,Minhaj Khalid,DEMO-KPT-4059,House No. BD-689,Street 15,Gulshan-e-Iqbal,15,4,Portion,Minhaj Khalid,Dua Sindhi,Litigated,Due,Clear,Paid,61900000.0
14912,Gohar Sohu,DEMO-KPT-14912,House No. DBC-329,Street 18,Gulshan-e-Iqbal,15,4,Portion,Gohar Sohu,Ajmal Baloch,Pending,Paid,Under Review,Paid,50200000.0
4079,Akbar Jogezai,DEMO-KPT-4079,House No. CB-843,Street 22,Gulshan-e-Iqbal,15,4,Portion,Akbar Jogezai,Nosheen Pasha,Verified,Due,Clear,Due,36400000.0
3992,Sabir Gabol,DEMO-KPT-3992,House No. DB-455,Street 27,Gulshan-e-Iqbal,15,4,Portion,Sabir Gabol,Shan Zubairi,Verified,Paid,Under Review,Due,24000000.0
7278,Momina Lughmani,DEMO-KPT-7278,House No. BC-498,Street 27,Gulshan-e-Iqbal,15,4,Portion,Momina Lughmani,Siddique Bhatti,Pending,Paid,Clear,Paid,76100000.0
11015,Iqbal Tanvir,DEMO-KPT-11015,House No. CB-821,Street 29,Gulshan-e-Iqbal,15,4,Portion,Iqbal Tanvir,Abbas Mangi,Pending,Paid,Clear,Paid,70800000.0
4262,Sumayya Ghumman,DEMO-KPT-4262,House No. CR-580,Street 18,Gulshan-e-Iqbal,16,4,Portion,Sumayya Ghumman,Nazia Baloch,Litigated,Paid,Issue Found,Due,41200000.0
15084,Rubab Qadri,DEMO-KPT-15084,House No. CBR-704,Street 18,Gulshan-e-Iqbal,16,4,Portion,Rubab Qadri,Bakhtawar Abro,Litigated,Due,Issue Found,Due,69200000.0
11201,Salman Baig,DEMO-KPT-11201,House No. DR-835,Street 19,Gulshan-e-Iqbal,16,4,Portion,Salman Baig,Faizan Lakhani,Verified,Paid,Issue Found,Paid,53800000.0
11290,Tahreem Khan,DEMO-KPT-11290,House No. CD-829,Street 19,Gulshan-e-Iqbal,16,4,Portion,Tahreem Khan,Laiba Tahir,Litigated,Paid,Issue Found,Paid,44000000.0
14935,Owais Lakhani,DEMO-KPT-14935,House No. BDC-760,Street 20,Gulshan-e-Iqbal,16,4,Portion,Owais Lakhani,Mohib Sandhu,Verified,Due,Under Review,Due,20200000.0
15058,Madiha Latif,DEMO-KPT-15058,House No. RCB-399,Street 20,Gulshan-e-Iqbal,16,4,Portion,Madiha Latif,Kamal Mazari,Pending,Paid,Under Review,Paid,21300000.0
11207,Samad Turk,DEMO-KPT-11207,House No. RC-493,Street 25,Gulshan-e-Iqbal,16,4,Portion,Samad Turk,Shabbir Ghazali,Verified,Paid,Issue Found,Due,29100000.0
15016,Yusuf Bukhari,DEMO-KPT-15016,House No. RBC-472,Street 30,Gulshan-e-Iqbal,16,4,Portion,Yusuf Bukhari,Shabbir Jadoon,Litigated,Due,Issue Found,Due,31300000.0
15126,Qayyum Magsi,DEMO-KPT-15126,House No. RBC-645,Street 17,Gulshan-e-Iqbal,17,4,Portion,Qayyum Magsi,Daniya Gill,Pending,Paid,Clear,Paid,78700000.0
7627,Marwa Tanoli,DEMO-KPT-7627,House No. BB-743,Street 19,Gulshan-e-Iqbal,17,4,Portion,Marwa Tanoli,Taimur Korai,Pending,Due,Issue Found,Paid,70500000.0
7640,Farooq Mari,DEMO-KPT-7640,House No. CD-654,Street 23,Gulshan-e-Iqbal,17,4,Portion,Farooq Mari,Shaista Kasi,Litigated,Paid,Issue Found,Due,35200000.0
7685,Jamil Haral,DEMO-KPT-7685,House No. DR-500,Street 29,Gulshan-e-Iqbal,17,4,Portion,Jamil Haral,Sadaqat Tareen,Pending,Paid,Under Review,Due,29200000.0
4575,Hira Qadri,DEMO-KPT-4575,House No. CC-342,Street 3,Gulshan-e-Iqbal,18,4,Portion,Hira Qadri,Mehrunnisa Riaz,Verified,Due,Under Review,Paid,72300000.0
11469,Rahila Korai,DEMO-KPT-11469,House No. RB-685,Street 4,Gulshan-e-Iqbal,18,4,Portion,Rahila Korai,Lina Ranjha,Pending,Paid,Under Review,Paid,27600000.0
15388,Husna Raza,DEMO-KPT-15388,House No. BCD-837,Street 7,Gulshan-e-Iqbal,18,4,Portion,Husna Raza,Anwar Zaman,Litigated,Due,Clear,Due,30300000.0
4541,Sadiq Haral,DEMO-KPT-4541,House No. CC-844,Street 8,Gulshan-e-Iqbal,18,4,Portion,Sadiq Haral,Feryal Chattha,Pending,Due,Clear,Paid,46200000.0
7709,Kaleem Abro,DEMO-KPT-7709,House No. RB-458,Street 10,Gulshan-e-Iqbal,18,4,Portion,Kaleem Abro,Iffat Umer,Verified,Paid,Issue Found,Due,43600000.0
4562,Ihsan Zardari,DEMO-KPT-4562,House No. BB-397,Street 18,Gulshan-e-Iqbal,18,4,Portion,Ihsan Zardari,Rukhsana Jamali,Pending,Paid,Under Review,Paid,66700000.0
4533,Ghazala Naqvi,DEMO-KPT-4533,House No. DR-375,Street 24,Gulshan-e-Iqbal,18,4,Portion,Ghazala Naqvi,Mahira Zaman,Verified,Paid,Under Review,Paid,50300000.0
11584,Zunaira Shakir,DEMO-KPT-11584,House No. CD-623,Street 24,Gulshan-e-Iqbal,18,4,Portion,Zunaira Shakir,Aryan Dreshak,Verified,Paid,Clear,Paid,47000000.0
11785,Zainab Bijarani,DEMO-KPT-11785,House No. CC-864,Street 20,Gulshan-e-Iqbal,19,4,Portion,Zainab Bijarani,Inshal Wani,Verified,Due,Under Review,Due,67500000.0
15759,Shanza Minhas,DEMO-KPT-15759,House No. CDR-675,Street 15,Gulshan-e-Iqbal,20,4,Portion,Shanza Minhas,Raheel Mahar,Litigated,Due,Clear,Paid,25100000.0
4927,Tayyaba Lashari,DEMO-KPT-4927,House No. RB-540,Street 19,Gulshan-e-Iqbal,20,4,Portion,Tayyaba Lashari,Zahid Panhwar,Pending,Due,Issue Found,Paid,30200000.0
4945,Riaz Barakzai,DEMO-KPT-4945,House No. BR-810,Street 21,Gulshan-e-Iqbal,20,4,Portion,Riaz Barakzai,Fahad Unar,Pending,Due,Under Review,Due,37800000.0
4979,Anila Qadri,DEMO-KPT-4979,House No. RB-482,Street 22,Gulshan-e-Iqbal,20,4,Portion,Anila Qadri,Riaz Dayo,Verified,Due,Clear,Due,24000000.0
8133,Athar Lak,DEMO-KPT-8133,House No. RB-650,Street 24,Gulshan-e-Iqbal,20,4,Portion,Athar Lak,Dilshad Samo,Verified,Paid,Under Review,Paid,49700000.0
4907,Abid Ghumman,DEMO-KPT-4907,House No. DC-382,Street 25,Gulshan-e-Iqbal,20,4,Portion,Abid Ghumman,Anwar Ijaz,Verified,Paid,Issue Found,Due,56800000.0
15664,Akbar Mian,DEMO-KPT-15664,House No. CDR-778,Street 26,Gulshan-e-Iqbal,20,4,Portion,Akbar Mian,Sabahat Ijaz,Pending,Due,Issue Found,Paid,52000000.0
11851,Nizam Tariq,DEMO-KPT-11851,House No. RD-691,Street 29,Gulshan-e-Iqbal,20,4,Portion,Nizam Tariq,Saira Marwat,Verified,Due,Under Review,Due,63600000.0
1569,Sidrah Parvez,DEMO-KPT-1569,House No. B-693,Street 4,PECHS,1,4,Portion,Sidrah Parvez,Farah Sohu,Pending,Paid,Under Review,Paid,58500000.0
13388,Mahad Mahesar,DEMO-KPT-13388,House No. CC-401,Street 7,PECHS,1,4,Portion,Mahad Mahesar,Haleema Haral,Litigated,Due,Clear,Paid,58700000.0
7444,Jibran Ijaz,DEMO-KPT-7444,House No. CD-365,Street 14,PECHS,1,4,Portion,Jibran Ijaz,Irum Khalid,Litigated,Due,Under Review,Due,57400000.0
4440,Sehrish Gabol,DEMO-KPT-4440,House No. BR-842,Street 15,PECHS,1,4,Portion,Sehrish Gabol,Tahreem Bettani,Litigated,Due,Clear,Due,27900000.0
4509,Zartaj Warsi,DEMO-KPT-4509,House No. DC-833,Street 15,PECHS,1,4,Portion,Zartaj Warsi,Mehmood Baig,Litigated,Due,Clear,Paid,72900000.0
7476,Affan Mehmood,DEMO-KPT-7476,House No. DD-892,Street 17,PECHS,1,4,Portion,Affan Mehmood,Aneela Palijo,Pending,Paid,Clear,Paid,45700000.0
16408,Farrukh Popalzai,DEMO-KPT-16408,House No. CDB-373,Street 20,PECHS,1,4,Portion,Farrukh Popalzai,Farooq Mirani,Pending,Paid,Under Review,Paid,58500000.0
1580,Mateen Khokhar,DEMO-KPT-1580,House No. C-607,Street 21,PECHS,1,4,Portion,Mateen Khokhar,Rahila Ahmed,Pending,Paid,Under Review,Paid,42800000.0
1027,Salman Shah,DEMO-KPT-1027,House No. A-730,Street 24,PECHS,1,4,Portion,Salman Shah,Kashif Butt,Pending,Due,Issue Found,Due,72800000.0
10586,Sagheer Marwat,DEMO-KPT-10586,House No. RR-708,Street 24,PECHS,1,4,Portion,Sagheer Marwat,Emaad Anwar,Verified,Due,Issue Found,Paid,61500000.0
13442,Jalal Tunio,DEMO-KPT-13442,House No. RCD-380,Street 27,PECHS,1,4,Portion,Jalal Tunio,Khansa Farooqi,Verified,Paid,Under Review,Due,56100000.0
4535,Atiya Ansari,DEMO-KPT-4535,House No. RC-642,Street 29,PECHS,1,4,Portion,Atiya Ansari,Momina Panezai,Pending,Paid,Under Review,Due,55300000.0
4623,Nighat Mansoor,DEMO-KPT-4623,House No. DD-794,Street 3,PECHS,2,4,Portion,Nighat Mansoor,Bahadur Swati,Litigated,Paid,Clear,Due,69800000.0
10728,Qurat Kiani,DEMO-KPT-10728,House No. BB-749,Street 4,PECHS,2,4,Portion,Qurat Kiani,Hashir Wazir,Pending,Paid,Under Review,Due,69300000.0
16578,Rafia Janjua,DEMO-KPT-16578,House No. RBD-765,Street 4,PECHS,2,4,Portion,Rafia Janjua,Asif Dogar,Pending,Paid,Under Review,Due,20600000.0
7659,Rubab Gandapur,DEMO-KPT-7659,House No. RR-763,Street 15,PECHS,2,4,Portion,Rubab Gandapur,Mahir Rashid,Litigated,Due,Clear,Paid,71300000.0
10740,Sara Anwar,DEMO-KPT-10740,House No. CB-593,Street 15,PECHS,2,4,Portion,Sara Anwar,Sehrish Kamal,Litigated,Due,Clear,Due,34200000.0
10703,Aleeza Peerzada,DEMO-KPT-10703,House No. CR-353,Street 22,PECHS,2,4,Portion,Aleeza Peerzada,Saeed Bhat,Verified,Due,Under Review,Due,65000000.0
4627,Sahrish Zubair,DEMO-KPT-4627,House No. CC-632,Street 24,PECHS,2,4,Portion,Sahrish Zubair,Samra Achakzai,Pending,Due,Issue Found,Due,36900000.0
10757,Zohair Lughmani,DEMO-KPT-10757,House No. CR-839,Street 25,PECHS,2,4,Portion,Zohair Lughmani,Waqas Tariq,Verified,Paid,Issue Found,Due,43500000.0
1070,Alina Qureshi,DEMO-KPT-1070,House No. A-225,Street 26,PECHS,2,4,Portion,Alina Qureshi,Maham Aslam,Verified,Paid,Issue Found,Paid,27800000.0
1714,Hanif Ranjha,DEMO-KPT-1714,House No. R-433,Street 26,PECHS,2,4,Portion,Hanif Ranjha,Rafiq Sahito,Pending,Due,Issue Found,Paid,72600000.0
1697,Nazia Kazmi,DEMO-KPT-1697,House No. B-745,Street 27,PECHS,2,4,Portion,Nazia Kazmi,Rabia Bhat,Litigated,Paid,Issue Found,Paid,48700000.0
7732,Ihsan Rana,DEMO-KPT-7732,House No. BR-554,Street 27,PECHS,2,4,Portion,Ihsan Rana,Kashif Gilani,Litigated,Due,Issue Found,Paid,41600000.0
1051,Mariam Aslam,DEMO-KPT-1051,House No. A-386,Street 29,PECHS,2,4,Portion,Mariam Aslam,Mahnoor Qureshi,Verified,Due,Under Review,Due,35300000.0
16685,Shifa Sial,DEMO-KPT-16685,House No. DRC-456,Street 29,PECHS,2,4,Portion,Shifa Sial,Khadija Khan,Pending,Paid,Under Review,Due,39100000.0
16773,Shahroz Toor,DEMO-KPT-16773,House No. DCB-399,Street 3,PECHS,3,4,Portion,Shahroz Toor,Sakina Tarar,Litigated,Paid,Clear,Due,36100000.0
1791,Yasir Alvi,DEMO-KPT-1791,House No. R-377,Street 4,PECHS,3,4,Portion,Yasir Alvi,Farrukh Qadri,Pending,Due,Clear,Paid,57000000.0
10791,Aleeza Zafar,DEMO-KPT-10791,House No. CC-682,Street 4,PECHS,3,4,Portion,Aleeza Zafar,Nizam Rafique,Pending,Due,Clear,Paid,32100000.0
16738,Mubashir Bhat,DEMO-KPT-16738,House No. RBD-560,Street 7,PECHS,3,4,Portion,Mubashir Bhat,Asra Sheikh,Litigated,Due,Clear,Due,43500000.0
1859,Shagufta Tunio,DEMO-KPT-1859,House No. R-567,Street 10,PECHS,3,4,Portion,Shagufta Tunio,Mansha Shafi,Verified,Paid,Issue Found,Due,62400000.0
7894,Mahjabeen Talpur,DEMO-KPT-7894,House No. RR-551,Street 14,PECHS,3,4,Portion,Mahjabeen Talpur,Shahid Mahar,Litigated,Due,Under Review,Due,53800000.0
7798,Sidra Mangi,DEMO-KPT-7798,House No. CD-464,Street 15,PECHS,3,4,Portion,Sidra Mangi,Aleeza Bangash,Litigated,Due,Clear,Due,31600000.0
16712,Rahila Jadoon,DEMO-KPT-16712,House No. BDR-456,Street 18,PECHS,3,4,Portion,Rahila Jadoon,Ghazala Haral,Pending,Paid,Under Review,Paid,69300000.0
1840,Saleha Dogar,DEMO-KPT-1840,House No. D-552,Street 19,PECHS,3,4,Portion,Saleha Dogar,Tooba Bettani,Litigated,Paid,Issue Found,Paid,69000000.0
13827,Mirza Khosa,DEMO-KPT-13827,House No. CRD-593,Street 20,PECHS,3,4,Portion,Mirza Khosa,Wania Zia,Verified,Paid,Under Review,Paid,69000000.0
16735,Haseeb Daudzai,DEMO-KPT-16735,House No. CBD-697,Street 20,PECHS,3,4,Portion,Haseeb Daudzai,Nihal Mangi,Verified,Due,Under Review,Due,41500000.0
10829,Sundas Qadir,DEMO-KPT-10829,House No. RD-635,Street 22,PECHS,3,4,Portion,Sundas Qadir,Jazib Wazir,Verified,Due,Clear,Due,36500000.0
1790,Mirha Sial,DEMO-KPT-1790,House No. B-562,Street 23,PECHS,3,4,Portion,Mirha Sial,Maira Zaman,Litigated,Paid,Issue Found,Due,62000000.0
1927,Anila Gondal,DEMO-KPT-1927,House No. R-669,Street 24,PECHS,3,4,Portion,Anila Gondal,Nabila Ghauri,Pending,Due,Issue Found,Due,22200000.0
13834,Umar Kakar,DEMO-KPT-13834,House No. CBD-300,Street 24,PECHS,3,4,Portion,Umar Kakar,Wasim Tareen,Verified,Paid,Clear,Paid,44900000.0
7865,Tahreem Kasi,DEMO-KPT-7865,House No. CR-521,Street 29,PECHS,3,4,Portion,Tahreem Kasi,Aqeel Iqbal,Pending,Paid,Clear,Paid,24400000.0
1943,Farhan Jogezai,DEMO-KPT-1943,House No. B-717,Street 15,PECHS,4,4,Portion,Farhan Jogezai,Asma Orakzai,Verified,Paid,Issue Found,Due,33000000.0
10943,Zubair Zahid,DEMO-KPT-10943,House No. DB-571,Street 15,PECHS,4,4,Portion,Zubair Zahid,Tahir Bhurgri,Verified,Paid,Issue Found,Due,78700000.0
16884,Rizwan Bashir,DEMO-KPT-16884,House No. RCB-486,Street 18,PECHS,4,4,Portion,Rizwan Bashir,Zia Abro,Litigated,Due,Issue Found,Due,36400000.0
8077,Sana Farooqi,DEMO-KPT-8077,House No. DD-395,Street 19,PECHS,4,4,Portion,Sana Farooqi,Azka Baloch,Pending,Due,Issue Found,Paid,33700000.0
13880,Khalid Mansoor,DEMO-KPT-13880,House No. DRC-879,Street 19,PECHS,4,4,Portion,Khalid Mansoor,Murtaza Cheema,Verified,Paid,Under Review,Paid,72400000.0
5180,Shafaq Ansari,DEMO-KPT-5180,House No. CR-791,Street 21,PECHS,4,4,Portion,Shafaq Ansari,Asif Saleem,Pending,Paid,Under Review,Paid,24000000.0
5120,Sohail Iqbal,DEMO-KPT-5120,House No. DB-632,Street 26,PECHS,4,4,Portion,Sohail Iqbal,Lina Ijaz,Verified,Paid,Issue Found,Paid,78600000.0
1115,Kashif Siddiqui,DEMO-KPT-1115,House No. A-805,Street 29,PECHS,4,4,Portion,Kashif Siddiqui,Sara Naeem,Pending,Paid,Clear,Paid,35000000.0
2015,Bisma Hafeez,DEMO-KPT-2015,House No. R-742,Street 29,PECHS,4,4,Portion,Bisma Hafeez,Sharmeen Ilyas,Pending,Paid,Clear,Paid,25700000.0
5328,Obaid Turk,DEMO-KPT-5328,House No. RD-590,Street 4,PECHS,5,4,Portion,Obaid Turk,Qurat Mahar,Pending,Paid,Under Review,Due,37000000.0
2138,Shaista Mahesar,DEMO-KPT-2138,House No. R-736,Street 7,PECHS,5,4,Portion,Shaista Mahesar,Shahzadi Mohammadzai,Litigated,Due,Clear,Paid,46400000.0
11138,Tahira Rajput,DEMO-KPT-11138,House No. RB-559,Street 7,PECHS,5,4,Portion,Tahira Rajput,Shahab Junejo,Litigated,Due,Clear,Paid,38400000.0
8141,Ramsha Zaidi,DEMO-KPT-8141,House No. BB-775,Street 8,PECHS,5,4,Portion,Ramsha Zaidi,Sadaqat Hussain,Pending,Due,Clear,Paid,72900000.0
8259,Nazia Mahesar,DEMO-KPT-8259,House No. CD-780,Street 11,PECHS,5,4,Portion,Nazia Mahesar,Zayan Shafiq,Verified,Due,Under Review,Due,61500000.0
5340,Zubia Marri,DEMO-KPT-5340,House No. BD-405,Street 15,PECHS,5,4,Portion,Zubia Marri,Rubina Zaman,Litigated,Due,Clear,Due,77700000.0
5226,Nageen Waheed,DEMO-KPT-5226,House No. CR-664,Street 17,PECHS,5,4,Portion,Nageen Waheed,Minahil Mustafa,Pending,Paid,Clear,Paid,21900000.0
11076,Sitara Kamboh,DEMO-KPT-11076,House No. BB-376,Street 17,PECHS,5,4,Portion,Sitara Kamboh,Akif Chandio,Pending,Paid,Clear,Paid,49000000.0
5277,Luqmaan Swati,DEMO-KPT-5277,House No. DB-317,Street 20,PECHS,5,4,Portion,Luqmaan Swati,Bilquis Daudzai,Verified,Paid,Under Review,Paid,28700000.0
13979,Shees Zaidi,DEMO-KPT-13979,House No. BRC-442,Street 22,PECHS,5,4,Portion,Shees Zaidi,Zamzam Butt,Verified,Due,Clear,Due,42100000.0
13983,Sajida Mazari,DEMO-KPT-13983,House No. RBC-717,Street 24,PECHS,5,4,Portion,Sajida Mazari,Tabassum Tarar,Verified,Paid,Under Review,Paid,65900000.0
13986,Nayab Imran,DEMO-KPT-13986,House No. RCB-634,Street 26,PECHS,5,4,Portion,Nayab Imran,Mansha Bilgrami,Litigated,Paid,Clear,Paid,68200000.0
11147,Mohsin Cheena,DEMO-KPT-11147,House No. DC-496,Street 27,PECHS,5,4,Portion,Mohsin Cheena,Ghulam Hinjra,Litigated,Paid,Issue Found,Paid,69300000.0
2193,Kabir Rafique,DEMO-KPT-2193,House No. R-391,Street 8,PECHS,6,4,Portion,Kabir Rafique,Jabbar Shakeel,Litigated,Paid,Clear,Due,37400000.0
5343,Husna Haral,DEMO-KPT-5343,House No. BC-698,Street 8,PECHS,6,4,Portion,Husna Haral,Hassan Yousaf,Litigated,Paid,Clear,Due,42400000.0
14298,Tayyab Sahito,DEMO-KPT-14298,House No. CBR-753,Street 9,PECHS,6,4,Portion,Tayyab Sahito,Farrukh Daudzai,Verified,Paid,Issue Found,Due,62000000.0
8351,Fawad Popalzai,DEMO-KPT-8351,House No. CR-609,Street 12,PECHS,6,4,Portion,Fawad Popalzai,Muzammil Rehman,Litigated,Paid,Issue Found,Due,34600000.0
5383,Khawar Imran,DEMO-KPT-5383,House No. CR-527,Street 16,PECHS,6,4,Portion,Khawar Imran,Alam Khosa,Verified,Due,Clear,Due,79600000.0
8334,Hussam Barakzai,DEMO-KPT-8334,House No. DB-567,Street 18,PECHS,6,4,Portion,Hussam Barakzai,Arbaz Yazdani,Litigated,Due,Issue Found,Due,38600000.0
5351,Dawood Rajput,DEMO-KPT-5351,House No. BR-578,Street 19,PECHS,6,4,Portion,Dawood Rajput,Aisha Sipra,Verified,Paid,Issue Found,Paid,72300000.0
2245,Kamil Khan,DEMO-KPT-2245,House No. R-741,Street 21,PECHS,6,4,Portion,Kamil Khan,Palwasha Kamboh,Pending,Due,Under Review,Due,47000000.0
2279,Qudrat Shah,DEMO-KPT-2279,House No. C-365,Street 22,PECHS,6,4,Portion,Qudrat Shah,Rimsha Ghani,Verified,Due,Clear,Due,37100000.0
14183,Yusra Sahito,DEMO-KPT-14183,House No. RCD-679,Street 24,PECHS,6,4,Portion,Yusra Sahito,Shahida Hameed,Pending,Paid,Under Review,Paid,55000000.0
11328,Warda Noor,DEMO-KPT-11328,House No. CB-313,Street 27,PECHS,6,4,Portion,Warda Noor,Kaleemullah Naqvi,Pending,Paid,Clear,Paid,66400000.0
8365,Qamar Zubairi,DEMO-KPT-8365,House No. RC-794,Street 29,PECHS,6,4,Portion,Qamar Zubairi,Mubeen Mahesar,Litigated,Paid,Issue Found,Due,27000000.0
14363,Aftab Laghari,DEMO-KPT-14363,House No. BRC-682,Street 3,PECHS,7,4,Portion,Aftab Laghari,Kanwar Saeed,Verified,Due,Under Review,Due,43500000.0
2393,Hira Mirani,DEMO-KPT-2393,House No. B-543,Street 15,PECHS,7,4,Portion,Hira Mirani,Aiman Saeed,Verified,Paid,Issue Found,Due,58700000.0
2398,Ishaq Sipra,DEMO-KPT-2398,House No. B-557,Street 15,PECHS,7,4,Portion,Ishaq Sipra,Sehrish Saeed,Litigated,Due,Clear,Due,59400000.0
8533,Mahwish Cheena,DEMO-KPT-8533,House No. RB-339,Street 16,PECHS,7,4,Portion,Mahwish Cheena,Parveen Swati,Verified,Due,Clear,Due,33500000.0
1242,Bilal Naeem,DEMO-KPT-1242,House No. A-866,Street 22,PECHS,7,4,Portion,Bilal Naeem,Fahad Sheikh,Pending,Due,Under Review,Paid,31100000.0
11483,Kamil Ghani,DEMO-KPT-11483,House No. BD-561,Street 24,PECHS,7,4,Portion,Kamil Ghani,Mirha Khan,Pending,Paid,Under Review,Paid,21600000.0
2285,Husna Daudzai,DEMO-KPT-2285,House No. D-306,Street 29,PECHS,7,4,Portion,Husna Daudzai,Sundas Magsi,Pending,Paid,Under Review,Due,40700000.0
14475,Mahwish Khuhro,DEMO-KPT-14475,House No. CBR-717,Street 3,PECHS,8,4,Portion,Mahwish Khuhro,Mashal Mazari,Verified,Due,Under Review,Paid,73500000.0
5738,Shehryar Kamboh,DEMO-KPT-5738,House No. BR-898,Street 7,PECHS,8,4,Portion,Shehryar Kamboh,Ifrah Mazari,Litigated,Due,Clear,Paid,71600000.0
11588,Umaima Marwat,DEMO-KPT-11588,House No. CB-891,Street 7,PECHS,8,4,Portion,Umaima Marwat,Afreen Laghari,Litigated,Due,Clear,Paid,62900000.0
11643,Erum Zafar,DEMO-KPT-11643,House No. RD-400,Street 8,PECHS,8,4,Portion,Erum Zafar,Javaria Butt,Litigated,Paid,Clear,Due,35300000.0
1323,Arsalan Malik,DEMO-KPT-1323,House No. A-257,Street 14,PECHS,8,4,Portion,Arsalan Malik,Sara Hussain,Litigated,Due,Issue Found,Paid,29800000.0
2462,Hoor Orakzai,DEMO-KPT-2462,House No. D-883,Street 18,PECHS,8,4,Portion,Hoor Orakzai,Amna Kiani,Litigated,Paid,Issue Found,Due,38100000.0
5630,Abbas Malik,DEMO-KPT-5630,House No. DC-588,Street 21,PECHS,8,4,Portion,Abbas Malik,Owais Sardar,Pending,Paid,Under Review,Paid,68700000.0
8545,Nabeeha Awan,DEMO-KPT-8545,House No. RR-673,Street 21,PECHS,8,4,Portion,Nabeeha Awan,Abubakar Palijo,Pending,Due,Under Review,Due,23900000.0
8556,Rafay Ranjha,DEMO-KPT-8556,House No. RC-389,Street 25,PECHS,8,4,Portion,Rafay Ranjha,Haroon Ansari,Pending,Paid,Under Review,Due,74400000.0
11597,Laila Kakar,DEMO-KPT-11597,House No. BB-361,Street 27,PECHS,8,4,Portion,Laila Kakar,Tabish Hanif,Litigated,Paid,Issue Found,Paid,71500000.0
8585,Umar Rajput,DEMO-KPT-8585,House No. RR-572,Street 29,PECHS,8,4,Portion,Umar Rajput,Sabih Waheed,Pending,Paid,Under Review,Due,32000000.0
11691,Fiza Lughmani,DEMO-KPT-11691,House No. CB-659,Street 4,PECHS,9,4,Portion,Fiza Lughmani,Uzma Bhat,Pending,Due,Clear,Paid,29500000.0
5793,Raheel Yousaf,DEMO-KPT-5793,House No. RB-567,Street 8,PECHS,9,4,Portion,Raheel Yousaf,Kamal Tarar,Litigated,Paid,Clear,Due,69300000.0
1327,Sadia Malik,DEMO-KPT-1327,House No. A-568,Street 19,PECHS,9,4,Portion,Sadia Malik,Maham Khan,Pending,Due,Issue Found,Paid,33300000.0
11740,Saad Leghari,DEMO-KPT-11740,House No. DC-637,Street 19,PECHS,9,4,Portion,Saad Leghari,Sahar Gondal,Litigated,Paid,Issue Found,Paid,75200000.0
1379,Imran Sheikh,DEMO-KPT-1379,House No. A-47,Street 22,PECHS,9,4,Portion,Imran Sheikh,Bilal Mirza,Verified,Due,Clear,Due,20100000.0
5858,Sheeba Daudzai,DEMO-KPT-5858,House No. BD-767,Street 22,PECHS,9,4,Portion,Sheeba Daudzai,Tabassum Unar,Verified,Paid,Issue Found,Paid,64100000.0
2733,Fahad Tariq,DEMO-KPT-2733,House No. C-388,Street 24,PECHS,9,4,Portion,Fahad Tariq,Shahzadi Afridi,Verified,Paid,Under Review,Paid,73400000.0
14734,Iftikhar Tunio,DEMO-KPT-14734,House No. BCD-402,Street 24,PECHS,9,4,Portion,Iftikhar Tunio,Misbah Lashari,Verified,Paid,Clear,Paid,63000000.0
5856,Sajjad Gill,DEMO-KPT-5856,House No. BR-345,Street 25,PECHS,9,4,Portion,Sajjad Gill,Anam Khuhro,Pending,Paid,Under Review,Due,57900000.0
1386,Sara Qureshi,DEMO-KPT-1386,House No. A-854,Street 26,PECHS,9,4,Portion,Sara Qureshi,Usman Iqbal,Litigated,Paid,Clear,Paid,24400000.0
14747,Erum Khuhro,DEMO-KPT-14747,House No. BCD-395,Street 27,PECHS,9,4,Portion,Erum Khuhro,Abid Marwat,Litigated,Paid,Issue Found,Paid,74200000.0
1425,Saad Aslam,DEMO-KPT-1425,House No. A-36,Street 3,PECHS,10,4,Portion,Saad Aslam,Laiba Haider,Verified,Due,Under Review,Paid,63900000.0
8794,Talha Chaudhry,DEMO-KPT-8794,House No. BB-837,Street 14,PECHS,10,4,Portion,Talha Chaudhry,Anas Khalid,Litigated,Due,Under Review,Due,43400000.0
2843,Neelam Pirzada,DEMO-KPT-2843,House No. B-432,Street 15,PECHS,10,4,Portion,Neelam Pirzada,Emaan Latif,Verified,Paid,Issue Found,Due,69300000.0
11848,Safa Ghazali,DEMO-KPT-11848,House No. BB-624,Street 15,PECHS,10,4,Portion,Safa Ghazali,Parveen Jogezai,Litigated,Due,Clear,Due,59000000.0
8983,Fasih Sheikh,DEMO-KPT-8983,House No. DB-591,Street 16,PECHS,10,4,Portion,Fasih Sheikh,Lina Wani,Verified,Due,Clear,Due,55800000.0
5912,Qayyum Gill,DEMO-KPT-5912,House No. BC-857,Street 18,PECHS,10,4,Portion,Qayyum Gill,Saleha Yazdani,Pending,Paid,Under Review,Paid,78900000.0
14780,Saba Riaz,DEMO-KPT-14780,House No. RBC-410,Street 19,PECHS,10,4,Portion,Saba Riaz,Urwa Bhurgri,Verified,Paid,Under Review,Paid,30000000.0
6004,Asma Ghauri,DEMO-KPT-6004,House No. DD-853,Street 22,PECHS,10,4,Portion,Asma Ghauri,Sanam Jogezai,Verified,Paid,Issue Found,Due,63500000.0
11854,Uroosa Janjua,DEMO-KPT-11854,House No. BB-468,Street 22,PECHS,10,4,Portion,Uroosa Janjua,Faisal Yasin,Verified,Paid,Issue Found,Due,33700000.0
2936,Mehwish Orakzai,DEMO-KPT-2936,House No. R-458,Street 24,PECHS,10,4,Portion,Mehwish Orakzai,Shagufta Khattak,Verified,Due,Issue Found,Paid,46000000.0
11962,Ikram Gakhar,DEMO-KPT-11962,House No. DB-547,Street 24,PECHS,10,4,Portion,Ikram Gakhar,Sitara Mian,Verified,Due,Under Review,Due,68800000.0
14854,Rehman Naqvi,DEMO-KPT-14854,House No. RDB-643,Street 25,PECHS,10,4,Portion,Rehman Naqvi,Zawar Soomro,Verified,Paid,Issue Found,Due,43800000.0
3048,Bilawal Tunio,DEMO-KPT-3048,House No. B-353,Street 9,PECHS,11,4,Portion,Bilawal Tunio,Haleema Mughal,Verified,Paid,Issue Found,Due,28500000.0
12004,Palwasha Kidwai,DEMO-KPT-12004,House No. BD-757,Street 14,PECHS,11,4,Portion,Palwasha Kidwai,Waqar Kidwai,Pending,Due,Clear,Paid,49000000.0
3090,Naureen Rizvi,DEMO-KPT-3090,House No. R-348,Street 15,PECHS,11,4,Portion,Naureen Rizvi,Siddique Gabol,Litigated,Due,Clear,Due,75600000.0
3101,Naeem Sadiq,DEMO-KPT-3101,House No. B-499,Street 19,PECHS,11,4,Portion,Naeem Sadiq,Shahid Unar,Verified,Paid,Issue Found,Paid,61800000.0
6083,Tabish Noor,DEMO-KPT-6083,House No. BC-790,Street 24,PECHS,11,4,Portion,Tabish Noor,Rakhshanda Gandapur,Pending,Paid,Under Review,Paid,46300000.0
14948,Munib Zubairi,DEMO-KPT-14948,House No. BRC-300,Street 25,PECHS,11,4,Portion,Munib Zubairi,Sabika Mehmood,Pending,Due,Issue Found,Due,39300000.0
9170,Sumayya Mohammadzai,DEMO-KPT-9170,House No. DC-406,Street 26,PECHS,11,4,Portion,Sumayya Mohammadzai,Hoor Sial,Verified,Paid,Issue Found,Paid,20500000.0
6074,Nizam Baig,DEMO-KPT-6074,House No. DD-587,Street 27,PECHS,11,4,Portion,Nizam Baig,Kinza Jadoon,Litigated,Paid,Issue Found,Paid,20700000.0
6263,Qayyum Gilani,DEMO-KPT-6263,House No. BR-434,Street 3,PECHS,12,4,Portion,Qayyum Gilani,Nargis Yaqoob,Verified,Due,Under Review,Due,79100000.0
12225,Sonia Warraich,DEMO-KPT-12225,House No. RC-725,Street 3,PECHS,12,4,Portion,Sonia Warraich,Rubina Imran,Verified,Due,Under Review,Paid,73500000.0
3189,Rafay Marwat,DEMO-KPT-3189,House No. R-543,Street 9,PECHS,12,4,Portion,Rafay Marwat,Marwa Lodhi,Pending,Due,Clear,Paid,32000000.0
3123,Sheraz Tariq,DEMO-KPT-3123,House No. C-490,Street 14,PECHS,12,4,Portion,Sheraz Tariq,Musa Hussain,Litigated,Due,Issue Found,Paid,73200000.0
12159,Hadi Kharal,DEMO-KPT-12159,House No. RR-772,Street 15,PECHS,12,4,Portion,Hadi Kharal,Jazib Mustafa,Litigated,Due,Clear,Paid,20700000.0
9342,Husna Kamboh,DEMO-KPT-9342,House No. DR-769,Street 22,PECHS,12,4,Portion,Husna Kamboh,Waseem Ranjha,Pending,Due,Under Review,Paid,58400000.0
9236,Hoorain Bugti,DEMO-KPT-9236,House No. DB-833,Street 24,PECHS,12,4,Portion,Hoorain Bugti,Zubia Rajper,Verified,Due,Issue Found,Paid,41000000.0
15083,Abeera Hashmi,DEMO-KPT-15083,House No. BRC-303,Street 24,PECHS,12,4,Portion,Abeera Hashmi,Rohail Lughmani,Pending,Paid,Under Review,Paid,52300000.0
12154,Asifa Hussain,DEMO-KPT-12154,House No. CB-744,Street 25,PECHS,12,4,Portion,Asifa Hussain,Rubab Gill,Verified,Paid,Issue Found,Due,61800000.0
9441,Mahjabeen Ranjha,DEMO-KPT-9441,House No. RD-467,Street 4,PECHS,13,4,Portion,Mahjabeen Ranjha,Noor Soomro,Pending,Due,Clear,Paid,57000000.0
6409,Sabahat Lari,DEMO-KPT-6409,House No. CB-478,Street 6,PECHS,13,4,Portion,Sabahat Lari,Ayla Lakhani,Verified,Paid,Clear,Due,30900000.0
6341,Mubashra Usmani,DEMO-KPT-6341,House No. DC-837,Street 8,PECHS,13,4,Portion,Mubashra Usmani,Ahad Hoti,Pending,Due,Clear,Paid,35800000.0
9489,Yusuf Ahmed,DEMO-KPT-9489,House No. DB-456,Street 9,PECHS,13,4,Portion,Yusuf Ahmed,Asim Akhtar,Pending,Due,Clear,Paid,63600000.0
15448,Khansa Ghumman,DEMO-KPT-15448,House No. RBD-837,Street 15,PECHS,13,4,Portion,Khansa Ghumman,Maham Lakhani,Litigated,Due,Clear,Due,79900000.0
6362,Kausar Zahid,DEMO-KPT-6362,House No. DB-347,Street 18,PECHS,13,4,Portion,Kausar Zahid,Raza Tahir,Pending,Paid,Under Review,Paid,45900000.0
6427,Sumayya Hafeez,DEMO-KPT-6427,House No. DB-496,Street 24,PECHS,13,4,Portion,Sumayya Hafeez,Zaib Khokhar,Pending,Due,Issue Found,Due,46700000.0
3228,Mirha Hanif,DEMO-KPT-3228,House No. B-890,Street 27,PECHS,13,4,Portion,Mirha Hanif,Nazia Yaqoob,Pending,Paid,Clear,Paid,74800000.0
6378,Asma Saeed,DEMO-KPT-6378,House No. CB-302,Street 27,PECHS,13,4,Portion,Asma Saeed,Shayan Nawaz,Pending,Paid,Clear,Paid,63300000.0
15335,Gohar Barakzai,DEMO-KPT-15335,House No. CBD-820,Street 29,PECHS,13,4,Portion,Gohar Barakzai,Salma Zia,Pending,Paid,Under Review,Due,77800000.0
15530,Ambreen Wazir,DEMO-KPT-15530,House No. DCB-851,Street 21,PECHS,14,4,Portion,Ambreen Wazir,Yusuf Mahar,Pending,Paid,Under Review,Paid,57400000.0
6536,Iqbal Bhat,DEMO-KPT-6536,House No. BD-459,Street 24,PECHS,14,4,Portion,Iqbal Bhat,Arfa Bhatti,Verified,Due,Issue Found,Paid,48200000.0
3415,Amjad Bhurgri,DEMO-KPT-3415,House No. D-565,Street 29,PECHS,14,4,Portion,Amjad Bhurgri,Zubaid Yousaf,Litigated,Paid,Issue Found,Due,60600000.0
3497,Taha Khan,DEMO-KPT-3497,House No. C-539,Street 27,PECHS,15,4,Portion,Taha Khan,Zulekha Zaman,Litigated,Paid,Issue Found,Paid,40800000.0
9674,Aqsa Butt,DEMO-KPT-9674,House No. BC-389,Street 27,PECHS,15,4,Portion,Aqsa Butt,Parveen Haral,Litigated,Paid,Issue Found,Paid,62300000.0
12682,Inaya Achakzai,DEMO-KPT-12682,House No. BB-562,Street 27,PECHS,15,4,Portion,Inaya Achakzai,Tamkeen Naseem,Litigated,Due,Issue Found,Paid,76500000.0
9665,Huma Randhawa,DEMO-KPT-9665,House No. CB-768,Street 29,PECHS,15,4,Portion,Huma Randhawa,Zayan Unar,Pending,Paid,Clear,Paid,77000000.0
6713,Yusra Zia,DEMO-KPT-6713,House No. RD-741,Street 3,PECHS,16,4,Portion,Yusra Zia,Farrukh Shinwari,Verified,Due,Under Review,Due,69400000.0
9941,Ajmal Sultan,DEMO-KPT-9941,House No. RB-713,Street 8,PECHS,16,4,Portion,Ajmal Sultan,Fatima Sahito,Pending,Due,Clear,Paid,38300000.0
15791,Husna Bijarani,DEMO-KPT-15791,House No. DBR-766,Street 8,PECHS,16,4,Portion,Husna Bijarani,Mishal Baloch,Pending,Due,Clear,Paid,57900000.0
3659,Burhan Zubairi,DEMO-KPT-3659,House No. B-621,Street 10,PECHS,16,4,Portion,Burhan Zubairi,Zubaida Dogar,Verified,Paid,Issue Found,Due,77200000.0
6809,Zakir Ghani,DEMO-KPT-6809,House No. BB-687,Street 10,PECHS,16,4,Portion,Zakir Ghani,Abdullah Zubair,Verified,Paid,Issue Found,Due,76800000.0
3609,Ihsan Ghazali,DEMO-KPT-3609,House No. C-776,Street 15,PECHS,16,4,Portion,Ihsan Ghazali,Esha Shafi,Litigated,Due,Clear,Paid,69500000.0
9840,Alamgir Ghazali,DEMO-KPT-9840,House No. BR-413,Street 15,PECHS,16,4,Portion,Alamgir Ghazali,Zeeshan Kiani,Litigated,Due,Clear,Due,45900000.0
6758,Rehana Ali,DEMO-KPT-6758,House No. RR-301,Street 22,PECHS,16,4,Portion,Rehana Ali,Anila Farooq,Verified,Paid,Issue Found,Paid,51400000.0
15758,Sadaqat Ansari,DEMO-KPT-15758,House No. RDB-555,Street 22,PECHS,16,4,Portion,Sadaqat Ansari,Rahim Hoti,Verified,Paid,Issue Found,Paid,79100000.0
12964,Talat Riaz,DEMO-KPT-12964,House No. CR-553,Street 26,PECHS,16,4,Portion,Talat Riaz,Uroosa Khattak,Pending,Due,Issue Found,Paid,55200000.0
16001,Minhaj Qadri,DEMO-KPT-16001,House No. RDC-412,Street 12,PECHS,17,4,Portion,Minhaj Qadri,Rameez Afridi,Litigated,Paid,Issue Found,Due,60700000.0
6893,Mubashir Minhas,DEMO-KPT-6893,House No. RR-620,Street 15,PECHS,17,4,Portion,Mubashir Minhas,Amal Kasi,Verified,Paid,Issue Found,Due,34100000.0
13001,Zahra Khuhro,DEMO-KPT-13001,House No. BD-366,Street 19,PECHS,17,4,Portion,Zahra Khuhro,Hussnain Usmani,Verified,Paid,Issue Found,Paid,32100000.0
6877,Hashim Shafi,DEMO-KPT-6877,House No. BB-603,Street 24,PECHS,17,4,Portion,Hashim Shafi,Vaqar Bashir,Pending,Due,Issue Found,Due,43500000.0
6986,Abid Achakzai,DEMO-KPT-6986,House No. RR-389,Street 24,PECHS,17,4,Portion,Abid Achakzai,Asad Rabbani,Verified,Due,Issue Found,Paid,65700000.0
7012,Junaid Qazi,DEMO-KPT-7012,House No. RR-693,Street 24,PECHS,17,4,Portion,Junaid Qazi,Afshan Zia,Verified,Due,Under Review,Due,36500000.0
7088,Habib Sadiq,DEMO-KPT-7088,House No. BC-553,Street 7,PECHS,18,4,Portion,Habib Sadiq,Mishal Haral,Litigated,Due,Clear,Paid,30200000.0
13193,Haris Saeed,DEMO-KPT-13193,House No. CB-684,Street 15,PECHS,18,4,Portion,Haris Saeed,Maryam Jamali,Verified,Paid,Issue Found,Due,41900000.0
16026,Syeda Usmani,DEMO-KPT-16026,House No. RCD-530,Street 17,PECHS,18,4,Portion,Syeda Usmani,Hamza Ilyas,Pending,Paid,Clear,Paid,72000000.0
4058,Kamil Baig,DEMO-KPT-4058,House No. RB-852,Street 22,PECHS,18,4,Portion,Kamil Baig,Shahroz Nadeem,Verified,Paid,Issue Found,Paid,61000000.0
7103,Zubia Lak,DEMO-KPT-7103,House No. CC-776,Street 22,PECHS,18,4,Portion,Zubia Lak,Hoor Akhtar,Verified,Due,Under Review,Due,54600000.0
13204,Sheeba Ahmed,DEMO-KPT-13204,House No. CC-678,Street 22,PECHS,18,4,Portion,Sheeba Ahmed,Izhar Raza,Verified,Paid,Issue Found,Due,76300000.0
4040,Shifa Naseem,DEMO-KPT-4040,House No. DB-535,Street 23,PECHS,18,4,Portion,Shifa Naseem,Fabiha Marri,Litigated,Paid,Issue Found,Due,25300000.0
7084,Batool Lodhi,DEMO-KPT-7084,House No. RC-695,Street 24,PECHS,18,4,Portion,Batool Lodhi,Saima Sheikh,Verified,Paid,Clear,Paid,36400000.0
13056,Komal Ijaz,DEMO-KPT-13056,House No. RD-704,Street 25,PECHS,18,4,Portion,Komal Ijaz,Bilawal Bugti,Pending,Paid,Under Review,Due,59800000.0
13132,Nizam Baloch,DEMO-KPT-13132,House No. BB-698,Street 27,PECHS,18,4,Portion,Nizam Baloch,Mehrunnisa Dogar,Litigated,Due,Issue Found,Paid,20500000.0
16015,Kamal Tariq,DEMO-KPT-16015,House No. CDB-523,Street 29,PECHS,18,4,Portion,Kamal Tariq,Tasneem Ali,Litigated,Paid,Issue Found,Due,29300000.0
4269,Shagufta Swati,DEMO-KPT-4269,House No. CR-441,Street 4,PECHS,19,4,Portion,Shagufta Swati,Mahreen Raza,Pending,Paid,Under Review,Paid,34800000.0
16191,Idrees Bhat,DEMO-KPT-16191,House No. CDB-570,Street 4,PECHS,19,4,Portion,Idrees Bhat,Sajid Aslam,Pending,Due,Clear,Paid,68200000.0
13262,Sabeen Panezai,DEMO-KPT-13262,House No. DB-340,Street 18,PECHS,19,4,Portion,Sabeen Panezai,Aneesa Ali,Litigated,Paid,Issue Found,Due,64500000.0
13286,Sundas Javed,DEMO-KPT-13286,House No. BR-641,Street 24,PECHS,19,4,Portion,Sundas Javed,Zaid Bhatti,Verified,Due,Issue Found,Paid,29000000.0
7298,Firdous Kidwai,DEMO-KPT-7298,House No. BB-808,Street 25,PECHS,19,4,Portion,Firdous Kidwai,Balaj Nadeem,Pending,Due,Issue Found,Due,26500000.0
10247,Faisal Cheena,DEMO-KPT-10247,House No. DB-468,Street 27,PECHS,19,4,Portion,Faisal Cheena,Majid Farooq,Litigated,Paid,Issue Found,Paid,46900000.0
10425,Dilshad Khuhro,DEMO-KPT-10425,House No. CC-886,Street 3,PECHS,20,4,Portion,Dilshad Khuhro,Usman Niazi,Verified,Due,Under Review,Paid,42700000.0
10409,Sabrina Mengal,DEMO-KPT-10409,House No. RC-545,Street 10,PECHS,20,4,Portion,Sabrina Mengal,Aisha Kharal,Verified,Paid,Issue Found,Due,57900000.0
13326,Areeba Bashir,DEMO-KPT-13326,House No. CR-787,Street 17,PECHS,20,4,Portion,Areeba Bashir,Ijaz Jogezai,Pending,Paid,Clear,Paid,28100000.0
10390,Laiba Minhas,DEMO-KPT-10390,House No. CC-686,Street 19,PECHS,20,4,Portion,Laiba Minhas,Asra Rajper,Litigated,Paid,Issue Found,Paid,23800000.0
4283,Afzal Sadiq,DEMO-KPT-4283,House No. BD-688,Street 24,PECHS,20,4,Portion,Afzal Sadiq,Saeed Hoti,Pending,Paid,Under Review,Paid,59300000.0
7433,Rehman Wani,DEMO-KPT-7433,House No. CB-324,Street 24,PECHS,20,4,Portion,Rehman Wani,Anam Sabri,Pending,Paid,Under Review,Paid,61000000.0
16327,Ihtisham Bhittani,DEMO-KPT-16327,House No. DBR-857,Street 24,PECHS,20,4,Portion,Ihtisham Bhittani,Sharmeen Randhawa,Pending,Due,Issue Found,Due,73300000.0
7424,Kabeer Popalzai,DEMO-KPT-7424,House No. RR-513,Street 27,PECHS,20,4,Portion,Kabeer Popalzai,Aqeel Marwat,Litigated,Paid,Issue Found,Paid,49300000.0
10367,Saeeda Shaikh,DEMO-KPT-10367,House No. CC-599,Street 27,PECHS,20,4,Portion,Saeeda Shaikh,Zayan Cheema,Pending,Paid,Under Review,Due,25800000.0
1473,Ejaz Malik,DEMO-KPT-1473,House No. D-547,Street 3,Malir,1,4,Portion,Ejaz Malik,Mustafa Zia,Litigated,Paid,Clear,Due,28900000.0
12259,Zahid Kidwai,DEMO-KPT-12259,House No. DB-533,Street 6,Malir,1,4,Portion,Zahid Kidwai,Khizar Shah,Verified,Paid,Clear,Due,59100000.0
15294,Shayan Cheema,DEMO-KPT-15294,House No. DBR-717,Street 7,Malir,1,4,Portion,Shayan Cheema,Sumbal Zahid,Verified,Paid,Clear,Paid,73300000.0
9041,Urooj Barakzai,DEMO-KPT-9041,House No. RR-612,Street 8,Malir,1,4,Portion,Urooj Barakzai,Kaneez Shakeel,Pending,Due,Clear,Paid,43200000.0
2951,Tamim Leghari,DEMO-KPT-2951,House No. D-734,Street 12,Malir,1,4,Portion,Tamim Leghari,Kausar Pirzada,Litigated,Paid,Issue Found,Due,62700000.0
9009,Haris Mansoor,DEMO-KPT-9009,House No. RC-687,Street 15,Malir,1,4,Portion,Haris Mansoor,Saima Rehman,Litigated,Due,Clear,Paid,44600000.0
13776,Sajida Ijaz,DEMO-KPT-13776,House No. CBD-798,Street 17,Malir,1,4,Portion,Sajida Ijaz,Sidra Shah,Pending,Paid,Clear,Paid,78600000.0
7499,Zulekha Zubairi,DEMO-KPT-7499,House No. RD-888,Street 19,Malir,1,4,Portion,Zulekha Zubairi,Fabiha Bashir,Litigated,Paid,Issue Found,Paid,35600000.0
13853,Sagheer Mahsud,DEMO-KPT-13853,House No. DCB-761,Street 22,Malir,1,4,Portion,Sagheer Mahsud,Rafia Hayat,Verified,Due,Under Review,Due,63600000.0
3034,Shees Sandhu,DEMO-KPT-3034,House No. C-524,Street 24,Malir,1,4,Portion,Shees Sandhu,Uzma Lodhi,Verified,Paid,Clear,Paid,51900000.0
12232,Ihsan Jogezai,DEMO-KPT-12232,House No. RB-631,Street 27,Malir,1,4,Portion,Ihsan Jogezai,Rukhsana Abbasi,Litigated,Due,Issue Found,Paid,53700000.0
1516,Saher Toor,DEMO-KPT-1516,House No. B-520,Street 30,Malir,1,4,Portion,Saher Toor,Kabir Peerzada,Litigated,Due,Issue Found,Due,65900000.0
3038,Mahreen Bijarani,DEMO-KPT-3038,House No. B-433,Street 7,Malir,2,4,Portion,Mahreen Bijarani,Mukarram Ghani,Litigated,Due,Clear,Paid,75500000.0
4588,Numan Shakeel,DEMO-KPT-4588,House No. CB-648,Street 7,Malir,2,4,Portion,Numan Shakeel,Taimur Sahito,Litigated,Due,Clear,Due,33400000.0
4559,Umar Marwat,DEMO-KPT-4559,House No. RB-741,Street 10,Malir,2,4,Portion,Umar Marwat,Zawar Hameed,Verified,Paid,Issue Found,Due,41100000.0
6084,Hammad Shakir,DEMO-KPT-6084,House No. BD-805,Street 18,Malir,2,4,Portion,Hammad Shakir,Sajid Bhittani,Litigated,Due,Issue Found,Due,34100000.0
12362,Minhaj Qazi,DEMO-KPT-12362,House No. DB-459,Street 18,Malir,2,4,Portion,Minhaj Qazi,Mahnoor Khuhro,Litigated,Paid,Issue Found,Due,79400000.0
3080,Ayaz Bugti,DEMO-KPT-3080,House No. D-560,Street 19,Malir,2,4,Portion,Ayaz Bugti,Mubeen Bangash,Verified,Paid,Under Review,Paid,75400000.0
6149,Hussnain Imran,DEMO-KPT-6149,House No. RD-792,Street 19,Malir,2,4,Portion,Hussnain Imran,Anmol Sheikh,Litigated,Paid,Issue Found,Paid,40700000.0
10677,Hamid Dogar,DEMO-KPT-10677,House No. BB-642,Street 20,Malir,2,4,Portion,Hamid Dogar,Riaz Umer,Verified,Paid,Under Review,Paid,34100000.0
15385,Shahzadi Shinwari,DEMO-KPT-15385,House No. RCD-755,Street 20,Malir,2,4,Portion,Shahzadi Shinwari,Zehra Wattoo,Verified,Due,Under Review,Due,51600000.0
12304,Mirha Anwar,DEMO-KPT-12304,House No. DB-558,Street 22,Malir,2,4,Portion,Mirha Anwar,Najma Lakhani,Verified,Paid,Issue Found,Due,73600000.0
7592,Shahida Zaidi,DEMO-KPT-7592,House No. BB-495,Street 27,Malir,2,4,Portion,Shahida Zaidi,Kanwar Mustafa,Verified,Paid,Under Review,Due,33800000.0
10697,Nimra Sardar,DEMO-KPT-10697,House No. BR-665,Street 27,Malir,2,4,Portion,Nimra Sardar,Habib Qadri,Litigated,Paid,Issue Found,Paid,64000000.0
10742,Rabia Jamali,DEMO-KPT-10742,House No. BB-674,Street 27,Malir,2,4,Portion,Rabia Jamali,Sajid Chaudhry,Verified,Paid,Under Review,Due,34800000.0
13892,Manahil Orakzai,DEMO-KPT-13892,House No. RDC-609,Street 27,Malir,2,4,Portion,Manahil Orakzai,Mazhar Wazir,Verified,Paid,Under Review,Due,77800000.0
9251,Aneela Dayo,DEMO-KPT-9251,House No. RC-869,Street 12,Malir,3,4,Portion,Aneela Dayo,Zakariya Qazi,Litigated,Paid,Issue Found,Due,36100000.0
9234,Azka Gakhar,DEMO-KPT-9234,House No. DB-686,Street 18,Malir,3,4,Portion,Azka Gakhar,Beenish Gilani,Litigated,Due,Issue Found,Due,52500000.0
15512,Saeeda Pasha,DEMO-KPT-15512,House No. DBR-310,Street 18,Malir,3,4,Portion,Saeeda Pasha,Rakhshanda Sohu,Litigated,Paid,Issue Found,Due,26900000.0
3145,Rehman Qazi,DEMO-KPT-3145,House No. B-842,Street 21,Malir,3,4,Portion,Rehman Qazi,Hanzala Yasin,Pending,Due,Under Review,Due,77000000.0
13940,Sibtain Buriro,DEMO-KPT-13940,House No. CDR-721,Street 23,Malir,3,4,Portion,Sibtain Buriro,Khansa Mughal,Litigated,Paid,Issue Found,Due,74500000.0
6184,Tahir Kasi,DEMO-KPT-6184,House No. CD-784,Street 24,Malir,3,4,Portion,Tahir Kasi,Aneesa Khattak,Verified,Paid,Clear,Paid,32100000.0
10806,Feryal Lughmani,DEMO-KPT-10806,House No. RC-741,Street 25,Malir,3,4,Portion,Feryal Lughmani,Nazia Mehmood,Pending,Paid,Under Review,Due,38800000.0
7686,Neelam Noor,DEMO-KPT-7686,House No. RD-476,Street 26,Malir,3,4,Portion,Neelam Noor,Sabrina Bhutto,Litigated,Paid,Clear,Paid,52500000.0
3092,Sitara Malik,DEMO-KPT-3092,House No. R-542,Street 27,Malir,3,4,Portion,Sitara Malik,Salma Qadri,Verified,Paid,Under Review,Due,34900000.0
9224,Madiha Hafeez,DEMO-KPT-9224,House No. RR-426,Street 27,Malir,3,4,Portion,Madiha Hafeez,Neelam Shakeel,Litigated,Paid,Issue Found,Paid,23000000.0
10817,Nudrat Unar,DEMO-KPT-10817,House No. CB-817,Street 27,Malir,3,4,Portion,Nudrat Unar,Arslan Marri,Pending,Paid,Under Review,Due,52600000.0
4651,Shama Yousafzai,DEMO-KPT-4651,House No. BD-528,Street 29,Malir,3,4,Portion,Shama Yousafzai,Shagufta Dawood,Verified,Due,Under Review,Due,62300000.0
15451,Atif Mirza,DEMO-KPT-15451,House No. DCB-626,Street 29,Malir,3,4,Portion,Atif Mirza,Fawad Sipra,Verified,Due,Under Review,Due,62100000.0
4719,Wasim Sial,DEMO-KPT-4719,House No. BD-340,Street 4,Malir,4,4,Portion,Wasim Sial,Qadir Imran,Pending,Paid,Under Review,Paid,51000000.0
14009,Arbaz Turk,DEMO-KPT-14009,House No. CDB-404,Street 10,Malir,4,4,Portion,Arbaz Turk,Tamim Sial,Verified,Paid,Issue Found,Due,65300000.0
9304,Ijaz Sohu,DEMO-KPT-9304,House No. CR-617,Street 14,Malir,4,4,Portion,Ijaz Sohu,Shahzadi Jamali,Pending,Due,Clear,Paid,48000000.0
1740,Inayat Iqbal,DEMO-KPT-1740,House No. R-563,Street 15,Malir,4,4,Portion,Inayat Iqbal,Rubina Sandhu,Litigated,Due,Clear,Due,35500000.0
3212,Habib Kayani,DEMO-KPT-3212,House No. B-411,Street 18,Malir,4,4,Portion,Habib Kayani,Sidra Naqvi,Pending,Paid,Under Review,Paid,39200000.0
7758,Maryam Yasin,DEMO-KPT-7758,House No. BD-806,Street 18,Malir,4,4,Portion,Maryam Yasin,Ibrahim Minhas,Litigated,Paid,Clear,Due,30900000.0
10862,Rakhshanda Bhatti,DEMO-KPT-10862,House No. BR-468,Street 18,Malir,4,4,Portion,Rakhshanda Bhatti,Palwasha Mangi,Pending,Paid,Under Review,Paid,33400000.0
1730,Wajiha Barakzai,DEMO-KPT-1730,House No. B-427,Street 19,Malir,4,4,Portion,Wajiha Barakzai,Pervaiz Noor,Verified,Paid,Under Review,Paid,38900000.0
6230,Sabih Zubairi,DEMO-KPT-6230,House No. CR-660,Street 19,Malir,4,4,Portion,Sabih Zubairi,Rameez Dar,Verified,Paid,Under Review,Paid,22600000.0
10840,Sibtain Palijo,DEMO-KPT-10840,House No. DB-819,Street 19,Malir,4,4,Portion,Sibtain Palijo,Noreen Panezai,Litigated,Paid,Issue Found,Paid,47300000.0
3158,Saeeda Sandhu,DEMO-KPT-3158,House No. C-881,Street 22,Malir,4,4,Portion,Saeeda Sandhu,Aneesa Ghazali,Verified,Paid,Issue Found,Paid,78000000.0
4733,Hadiqa Hinjra,DEMO-KPT-4733,House No. CC-658,Street 24,Malir,4,4,Portion,Hadiqa Hinjra,Sahar Wattoo,Pending,Paid,Under Review,Paid,43600000.0
15533,Dilawar Nadeem,DEMO-KPT-15533,House No. CBD-862,Street 24,Malir,4,4,Portion,Dilawar Nadeem,Sohaib Lone,Pending,Paid,Under Review,Paid,43700000.0
10882,Talal Ahmed,DEMO-KPT-10882,House No. CC-378,Street 27,Malir,4,4,Portion,Talal Ahmed,Zehra Mahsud,Litigated,Due,Issue Found,Paid,43600000.0
7773,Rizwaan Khattak,DEMO-KPT-7773,House No. BB-598,Street 3,Malir,5,4,Portion,Rizwaan Khattak,Aisha Shakeel,Litigated,Paid,Clear,Due,22600000.0
10909,Tariq Panezai,DEMO-KPT-10909,House No. DR-596,Street 6,Malir,5,4,Portion,Tariq Panezai,Shahid Janjua,Verified,Paid,Clear,Due,56700000.0
1783,Awais Tahir,DEMO-KPT-1783,House No. C-645,Street 16,Malir,5,4,Portion,Awais Tahir,Aqib Mohmand,Verified,Due,Clear,Due,28100000.0
6283,Shehryar Siddiqui,DEMO-KPT-6283,House No. DC-819,Street 16,Malir,5,4,Portion,Shehryar Siddiqui,Feryal Tanvir,Verified,Due,Clear,Due,68800000.0
3258,Sajid Ali,DEMO-KPT-3258,House No. B-835,Street 18,Malir,5,4,Portion,Sajid Ali,Arfa Ghumman,Litigated,Paid,Clear,Due,33700000.0
10908,Obaid Sabri,DEMO-KPT-10908,House No. CB-530,Street 18,Malir,5,4,Portion,Obaid Sabri,Sadia Yousaf,Litigated,Paid,Clear,Due,71400000.0
4827,Imran Bugti,DEMO-KPT-4827,House No. DR-658,Street 20,Malir,5,4,Portion,Imran Bugti,Zamzam Bhittani,Verified,Paid,Under Review,Paid,68000000.0
1795,Hussam Saleem,DEMO-KPT-1795,House No. C-590,Street 21,Malir,5,4,Portion,Hussam Saleem,Moiz Yousaf,Pending,Due,Under Review,Due,58200000.0
1829,Shahab Warraich,DEMO-KPT-1829,House No. D-371,Street 22,Malir,5,4,Portion,Shahab Warraich,Affan Awan,Verified,Due,Clear,Due,38800000.0
14104,Shahmeer Riaz,DEMO-KPT-14104,House No. CDR-536,Street 22,Malir,5,4,Portion,Shahmeer Riaz,Nailah Tanvir,Verified,Paid,Issue Found,Due,59600000.0
6257,Muhammad Bhutto,DEMO-KPT-6257,House No. RD-632,Street 25,Malir,5,4,Portion,Muhammad Bhutto,Zuha Daudzai,Verified,Paid,Issue Found,Due,70300000.0
3232,Mukarram Leghari,DEMO-KPT-3232,House No. B-332,Street 27,Malir,5,4,Portion,Mukarram Leghari,Tabassum Bangash,Litigated,Due,Issue Found,Paid,68500000.0
9347,Izhar Unar,DEMO-KPT-9347,House No. BB-807,Street 27,Malir,5,4,Portion,Izhar Unar,Samina Sipra,Litigated,Paid,Issue Found,Paid,34000000.0
1875,Saeed Butt,DEMO-KPT-1875,House No. R-611,Street 3,Malir,6,4,Portion,Saeed Butt,Haseeb Panhwar,Verified,Due,Under Review,Paid,36700000.0
9413,Tahmina Gill,DEMO-KPT-9413,House No. DR-647,Street 3,Malir,6,4,Portion,Tahmina Gill,Dilshad Hoti,Verified,Due,Under Review,Due,39700000.0
15741,Bushra Pirzada,DEMO-KPT-15741,House No. CRD-825,Street 4,Malir,6,4,Portion,Bushra Pirzada,Nadia Kasi,Pending,Due,Clear,Paid,43100000.0
4838,Zohra Jamali,DEMO-KPT-4838,House No. RD-873,Street 7,Malir,6,4,Portion,Zohra Jamali,Nosheen Tarar,Litigated,Due,Clear,Paid,23300000.0
1841,Ammar Nawaz,DEMO-KPT-1841,House No. R-808,Street 8,Malir,6,4,Portion,Ammar Nawaz,Shazia Khan,Pending,Due,Clear,Paid,61800000.0
12659,Rehan Dayo,DEMO-KPT-12659,House No. DB-543,Street 10,Malir,6,4,Portion,Rehan Dayo,Waseem Bangash,Verified,Paid,Issue Found,Due,21500000.0
11044,Aslam Bhatti,DEMO-KPT-11044,House No. BB-648,Street 14,Malir,6,4,Portion,Aslam Bhatti,Noman Ranjha,Litigated,Due,Under Review,Due,47600000.0
14194,Abeera Kazmi,DEMO-KPT-14194,House No. DBR-598,Street 14,Malir,6,4,Portion,Abeera Kazmi,Erum Bhat,Litigated,Due,Under Review,Due,62200000.0
1908,Aashir Farooq,DEMO-KPT-1908,House No. D-774,Street 18,Malir,6,4,Portion,Aashir Farooq,Rehmat Sardar,Litigated,Paid,Clear,Due,42700000.0
12662,Hassan Hafeez,DEMO-KPT-12662,House No. CC-875,Street 18,Malir,6,4,Portion,Hassan Hafeez,Fakhar Awan,Pending,Paid,Under Review,Paid,40700000.0
3353,Saba Jogezai,DEMO-KPT-3353,House No. B-374,Street 19,Malir,6,4,Portion,Saba Jogezai,Israr Rajput,Verified,Paid,Issue Found,Due,40900000.0
9427,Siddique Farooqi,DEMO-KPT-9427,House No. CC-709,Street 19,Malir,6,4,Portion,Siddique Farooqi,Shamim Mughal,Pending,Due,Issue Found,Paid,26700000.0
12640,Alamgir Bhatti,DEMO-KPT-12640,House No. BD-597,Street 19,Malir,6,4,Portion,Alamgir Bhatti,Fazal Kakar,Litigated,Paid,Issue Found,Paid,38100000.0
15727,Fakhar Kharal,DEMO-KPT-15727,House No. BRD-781,Street 19,Malir,6,4,Portion,Fakhar Kharal,Shabbir Memon,Pending,Due,Issue Found,Paid,64900000.0
11030,Zakir Minhas,DEMO-KPT-11030,House No. CD-531,Street 21,Malir,6,4,Portion,Zakir Minhas,Zainab Lughmani,Pending,Paid,Under Review,Paid,70100000.0
4842,Mazhar Qureshi,DEMO-KPT-4842,House No. RB-576,Street 22,Malir,6,4,Portion,Mazhar Qureshi,Tanveer Ghazali,Pending,Due,Under Review,Paid,53200000.0
4853,Shoaib Rashid,DEMO-KPT-4853,House No. BC-520,Street 22,Malir,6,4,Portion,Shoaib Rashid,Zaheer Jadoon,Verified,Due,Under Review,Due,66800000.0
12608,Rehman Palijo,DEMO-KPT-12608,House No. DR-437,Street 22,Malir,6,4,Portion,Rehman Palijo,Bisma Kayani,Verified,Paid,Issue Found,Paid,45200000.0
11033,Ikram Riaz,DEMO-KPT-11033,House No. RB-786,Street 24,Malir,6,4,Portion,Ikram Riaz,Javeria Tahir,Pending,Paid,Under Review,Paid,63700000.0
14212,Moiz Siddiqui,DEMO-KPT-14212,House No. CRB-642,Street 24,Malir,6,4,Portion,Moiz Siddiqui,Zahida Durrani,Verified,Due,Under Review,Due,61400000.0
3320,Khadija Bhutto,DEMO-KPT-3320,House No. C-392,Street 26,Malir,6,4,Portion,Khadija Bhutto,Shaheen Nadeem,Verified,Paid,Issue Found,Paid,24200000.0
15786,Tahreem Kalhoro,DEMO-KPT-15786,House No. RCB-458,Street 26,Malir,6,4,Portion,Tahreem Kalhoro,Zahid Mahar,Litigated,Paid,Clear,Paid,58900000.0
14215,Marium Zardari,DEMO-KPT-14215,House No. RCB-514,Street 29,Malir,6,4,Portion,Marium Zardari,Tahseen Magsi,Litigated,Paid,Issue Found,Due,52000000.0
1923,Rakhshanda Tunio,DEMO-KPT-1923,House No. R-606,Street 3,Malir,7,4,Portion,Rakhshanda Tunio,Mahmood Latif,Litigated,Paid,Clear,Due,60300000.0
4944,Huma Hanif,DEMO-KPT-4944,House No. DD-608,Street 7,Malir,7,4,Portion,Huma Hanif,Marium Rafique,Verified,Paid,Clear,Paid,78500000.0
7901,Zubaid Malik,DEMO-KPT-7901,House No. DR-877,Street 12,Malir,7,4,Portion,Zubaid Malik,Rabia Zafar,Litigated,Paid,Issue Found,Due,74900000.0
9459,Sania Zaidi,DEMO-KPT-9459,House No. CD-505,Street 15,Malir,7,4,Portion,Sania Zaidi,Mubeen Bashir,Litigated,Due,Clear,Paid,73700000.0
6385,Sami Mangi,DEMO-KPT-6385,House No. DC-375,Street 20,Malir,7,4,Portion,Sami Mangi,Hussain Sial,Verified,Due,Under Review,Due,23900000.0
11127,Ghazanfar Mahar,DEMO-KPT-11127,House No. BB-477,Street 20,Malir,7,4,Portion,Ghazanfar Mahar,Nargis Zardari,Verified,Paid,Under Review,Paid,73300000.0
4940,Izhar Khan,DEMO-KPT-4940,House No. RR-563,Street 23,Malir,7,4,Portion,Izhar Khan,Salman Achakzai,Litigated,Paid,Issue Found,Due,31100000.0
6398,Sanam Achakzai,DEMO-KPT-6398,House No. CR-749,Street 25,Malir,7,4,Portion,Sanam Achakzai,Syeda Lak,Pending,Due,Issue Found,Due,66200000.0
3374,Fakhar Ghaffar,DEMO-KPT-3374,House No. R-621,Street 27,Malir,7,4,Portion,Fakhar Ghaffar,Nailah Ranjha,Litigated,Paid,Issue Found,Paid,66700000.0
7874,Mubeen Yasin,DEMO-KPT-7874,House No. DC-636,Street 27,Malir,7,4,Portion,Mubeen Yasin,Neelam Minhas,Litigated,Paid,Issue Found,Paid,24300000.0
1966,Zahida Dogar,DEMO-KPT-1966,House No. D-429,Street 30,Malir,7,4,Portion,Zahida Dogar,Tayyeb Jogezai,Litigated,Due,Issue Found,Due,45100000.0
14394,Sabrina Jamali,DEMO-KPT-14394,House No. DCB-465,Street 7,Malir,8,4,Portion,Sabrina Jamali,Talal Ranjha,Verified,Paid,Clear,Paid,73100000.0
4991,Hafiz Hinjra,DEMO-KPT-4991,House No. RC-733,Street 8,Malir,8,4,Portion,Hafiz Hinjra,Rehman Gondal,Pending,Due,Clear,Paid,75000000.0
8043,Irfan Chaudhry,DEMO-KPT-8043,House No. DR-448,Street 8,Malir,8,4,Portion,Irfan Chaudhry,Rayyan Mangi,Litigated,Paid,Clear,Due,60500000.0
11193,Farrukh Unar,DEMO-KPT-11193,House No. DB-357,Street 8,Malir,8,4,Portion,Farrukh Unar,Shamim Zardari,Litigated,Paid,Clear,Due,24000000.0
3498,Inam Saeed,DEMO-KPT-3498,House No. B-656,Street 9,Malir,8,4,Portion,Inam Saeed,Ayan Bugti,Verified,Paid,Issue Found,Due,77100000.0
2051,Muneeba Lari,DEMO-KPT-2051,House No. B-857,Street 12,Malir,8,4,Portion,Muneeba Lari,Abrar Afridi,Litigated,Paid,Issue Found,Due,59600000.0
3454,Mahjabeen Bugti,DEMO-KPT-3454,House No. C-712,Street 14,Malir,8,4,Portion,Mahjabeen Bugti,Mansha Marwat,Pending,Due,Clear,Paid,72800000.0
15994,Khadija Panhwar,DEMO-KPT-15994,House No. BDC-580,Street 14,Malir,8,4,Portion,Khadija Panhwar,Dania Buriro,Litigated,Due,Under Review,Due,25000000.0
9512,Kamal Sindhi,DEMO-KPT-9512,House No. BR-889,Street 18,Malir,8,4,Portion,Kamal Sindhi,Arslan Lodhi,Pending,Paid,Under Review,Paid,39400000.0
9558,Saba Soomro,DEMO-KPT-9558,House No. DC-657,Street 18,Malir,8,4,Portion,Saba Soomro,Ghazala Ghaffar,Litigated,Paid,Clear,Due,49800000.0
6503,Tauseef Qadri,DEMO-KPT-6503,House No. BB-438,Street 19,Malir,8,4,Portion,Tauseef Qadri,Ammar Afridi,Verified,Paid,Issue Found,Due,65000000.0
3503,Bareera Aslam,DEMO-KPT-3503,House No. C-810,Street 22,Malir,8,4,Portion,Bareera Aslam,Zunaira Zafar,Verified,Due,Under Review,Due,60700000.0
12833,Rehmat Lakhani,DEMO-KPT-12833,House No. CD-843,Street 24,Malir,8,4,Portion,Rehmat Lakhani,Javeria Ghani,Pending,Paid,Under Review,Paid,51100000.0
15986,Ayeza Ghaffar,DEMO-KPT-15986,House No. DRC-520,Street 24,Malir,8,4,Portion,Ayeza Ghaffar,Arisha Ansari,Verified,Due,Issue Found,Paid,49200000.0
2024,Aleeza Rashid,DEMO-KPT-2024,House No. R-715,Street 27,Malir,8,4,Portion,Aleeza Rashid,Umar Korai,Litigated,Paid,Issue Found,Paid,67200000.0
5028,Zubia Jadoon,DEMO-KPT-5028,House No. BR-652,Street 27,Malir,8,4,Portion,Zubia Jadoon,Tanveer Popalzai,Pending,Paid,Clear,Paid,37000000.0
7997,Jamshed Bhurgri,DEMO-KPT-7997,House No. BB-742,Street 27,Malir,8,4,Portion,Jamshed Bhurgri,Muneeb Mughal,Litigated,Paid,Issue Found,Paid,63200000.0
11192,Javaria Mahar,DEMO-KPT-11192,House No. BB-883,Street 27,Malir,8,4,Portion,Javaria Mahar,Sara Zafar,Verified,Paid,Under Review,Due,50100000.0
6466,Kainat Mohmand,DEMO-KPT-6466,House No. BR-603,Street 30,Malir,8,4,Portion,Kainat Mohmand,Zakir Nawaz,Litigated,Due,Issue Found,Due,25500000.0
3594,Sitara Imran,DEMO-KPT-3594,House No. B-765,Street 7,Malir,9,4,Portion,Sitara Imran,Nawaz Lashari,Verified,Paid,Clear,Paid,72900000.0
3543,Bilal Hinjra,DEMO-KPT-3543,House No. R-850,Street 8,Malir,9,4,Portion,Bilal Hinjra,Zakariya Rana,Litigated,Paid,Clear,Due,34500000.0
14459,Tariq Rashid,DEMO-KPT-14459,House No. CDR-661,Street 10,Malir,9,4,Portion,Tariq Rashid,Yasir Gakhar,Verified,Paid,Issue Found,Due,67400000.0
9598,Akif Mughal,DEMO-KPT-9598,House No. BD-634,Street 15,Malir,9,4,Portion,Akif Mughal,Sania Zafar,Litigated,Due,Clear,Due,66200000.0
8083,Osama Kiani,DEMO-KPT-8083,House No. CC-596,Street 16,Malir,9,4,Portion,Osama Kiani,Nigar Kamal,Verified,Due,Clear,Due,29200000.0
14462,Mahmood Yasin,DEMO-KPT-14462,House No. BRD-472,Street 18,Malir,9,4,Portion,Mahmood Yasin,Shahzad Tiwana,Pending,Paid,Under Review,Paid,71200000.0
16049,Huma Marwat,DEMO-KPT-16049,House No. BRD-337,Street 19,Malir,9,4,Portion,Huma Marwat,Rohail Lakhani,Litigated,Paid,Issue Found,Paid,31500000.0
5035,Sohail Tarar,DEMO-KPT-5035,House No. BD-705,Street 20,Malir,9,4,Portion,Sohail Tarar,Inam Chaudhry,Verified,Due,Under Review,Due,38400000.0
14429,Sabika Bijarani,DEMO-KPT-14429,House No. BRD-741,Street 22,Malir,9,4,Portion,Sabika Bijarani,Mehreen Bugti,Verified,Due,Clear,Due,79900000.0
14433,Shahroz Zafar,DEMO-KPT-14433,House No. RDB-510,Street 24,Malir,9,4,Portion,Shahroz Zafar,Zahid Buriro,Verified,Paid,Under Review,Paid,75900000.0
5032,Zain Dawood,DEMO-KPT-5032,House No. CC-416,Street 27,Malir,9,4,Portion,Zain Dawood,Sabika Mohmand,Litigated,Due,Issue Found,Paid,33800000.0
14417,Sonia Samo,DEMO-KPT-14417,House No. RCD-454,Street 27,Malir,9,4,Portion,Sonia Samo,Siddique Cheena,Pending,Paid,Under Review,Due,60200000.0
11325,Haroon Daudzai,DEMO-KPT-11325,House No. BB-852,Street 3,Malir,10,4,Portion,Haroon Daudzai,Ifrah Tariq,Verified,Due,Under Review,Paid,62300000.0
3641,Naila Farooqi,DEMO-KPT-3641,House No. B-544,Street 8,Malir,10,4,Portion,Naila Farooqi,Yaqoob Shafi,Pending,Due,Clear,Paid,53100000.0
2148,Rehman Malik,DEMO-KPT-2148,House No. C-842,Street 9,Malir,10,4,Portion,Rehman Malik,Zohair Umer,Verified,Paid,Issue Found,Due,66100000.0
16098,Farah Ahmed,DEMO-KPT-16098,House No. CDR-898,Street 9,Malir,10,4,Portion,Farah Ahmed,Kaneez Soomro,Verified,Paid,Issue Found,Due,22500000.0
12990,Ajmal Leghari,DEMO-KPT-12990,House No. DD-586,Street 15,Malir,10,4,Portion,Ajmal Leghari,Sabeen Bhat,Litigated,Due,Clear,Due,38300000.0
3708,Amna Zia,DEMO-KPT-3708,House No. D-574,Street 18,Malir,10,4,Portion,Amna Zia,Nabila Warsi,Litigated,Paid,Clear,Due,66400000.0
8185,Tahira Jaffri,DEMO-KPT-8185,House No. RB-382,Street 20,Malir,10,4,Portion,Tahira Jaffri,Faizan Mahsud,Verified,Due,Under Review,Due,40600000.0
2142,Ahad Kakar,DEMO-KPT-2142,House No. C-548,Street 22,Malir,10,4,Portion,Ahad Kakar,Arooj Unar,Pending,Due,Under Review,Paid,66500000.0
16092,Hadi Tahir,DEMO-KPT-16092,House No. CBD-455,Street 22,Malir,10,4,Portion,Hadi Tahir,Kainat Kalhoro,Pending,Due,Under Review,Paid,29200000.0
16157,Uroosa Turk,DEMO-KPT-16157,House No. DRB-507,Street 25,Malir,10,4,Portion,Uroosa Turk,Parveen Gakhar,Verified,Paid,Issue Found,Due,45600000.0
11420,Sabrina Jafri,DEMO-KPT-11420,House No. DC-755,Street 26,Malir,10,4,Portion,Sabrina Jafri,Aneesa Nadeem,Verified,Paid,Issue Found,Paid,53100000.0
8178,Amjad Kayani,DEMO-KPT-8178,House No. CD-576,Street 27,Malir,10,4,Portion,Amjad Kayani,Rahila Hafeez,Pending,Paid,Clear,Paid,36700000.0
8135,Sajida Sial,DEMO-KPT-8135,House No. CD-653,Street 29,Malir,10,4,Portion,Sajida Sial,Saher Kamal,Pending,Paid,Under Review,Due,32600000.0
5116,Zia Gandapur,DEMO-KPT-5116,House No. BB-341,Street 30,Malir,10,4,Portion,Zia Gandapur,Rahim Zubair,Litigated,Due,Issue Found,Due,29300000.0
6741,Mashal Kamal,DEMO-KPT-6741,House No. RC-487,Street 4,Malir,11,4,Portion,Mashal Kamal,Bakhtawar Mustafa,Pending,Due,Clear,Paid,31600000.0
3709,Momina Baloch,DEMO-KPT-3709,House No. R-349,Street 6,Malir,11,4,Portion,Momina Baloch,Hina Sahito,Verified,Paid,Clear,Due,66000000.0
13044,Mishal Shafi,DEMO-KPT-13044,House No. DD-838,Street 7,Malir,11,4,Portion,Mishal Shafi,Alishba Shinwari,Verified,Paid,Clear,Paid,57100000.0
5298,Zara Mengal,DEMO-KPT-5298,House No. CB-406,Street 9,Malir,11,4,Portion,Zara Mengal,Shahzadi Cheema,Verified,Paid,Issue Found,Due,28700000.0
14559,Minahil Achakzai,DEMO-KPT-14559,House No. RCD-775,Street 11,Malir,11,4,Portion,Minahil Achakzai,Nayyar Mustafa,Verified,Due,Under Review,Due,73600000.0
2223,Muneeb Umer,DEMO-KPT-2223,House No. D-468,Street 14,Malir,11,4,Portion,Muneeb Umer,Daniyal Parvez,Litigated,Due,Issue Found,Paid,59300000.0
6727,Awais Khalid,DEMO-KPT-6727,House No. BD-863,Street 19,Malir,11,4,Portion,Awais Khalid,Shaheer Junejo,Pending,Due,Issue Found,Paid,72300000.0
14603,Fauzia Jafri,DEMO-KPT-14603,House No. DRB-421,Street 19,Malir,11,4,Portion,Fauzia Jafri,Shaheer Wani,Verified,Paid,Issue Found,Due,36300000.0
11480,Zohair Awan,DEMO-KPT-11480,House No. DC-554,Street 21,Malir,11,4,Portion,Zohair Awan,Ashraf Lak,Pending,Paid,Under Review,Paid,58700000.0
2240,Imran Usmani,DEMO-KPT-2240,House No. D-511,Street 23,Malir,11,4,Portion,Imran Usmani,Alina Mohmand,Litigated,Paid,Issue Found,Due,76300000.0
3727,Alam Shakir,DEMO-KPT-3727,House No. D-663,Street 24,Malir,11,4,Portion,Alam Shakir,Nailah Toor,Pending,Due,Issue Found,Due,58900000.0
16233,Sakina Ahmed,DEMO-KPT-16233,House No. DBR-509,Street 24,Malir,11,4,Portion,Sakina Ahmed,Inaya Dogar,Verified,Paid,Under Review,Paid,24400000.0
16206,Fatima Hafeez,DEMO-KPT-16206,House No. CRB-528,Street 25,Malir,11,4,Portion,Fatima Hafeez,Nimra Mahesar,Pending,Paid,Under Review,Due,37400000.0
3770,Imtiaz Khan,DEMO-KPT-3770,House No. C-348,Street 26,Malir,11,4,Portion,Imtiaz Khan,Noaman Farooq,Verified,Paid,Issue Found,Paid,54300000.0
5363,Hoorain Chandio,DEMO-KPT-5363,House No. DC-396,Street 3,Malir,12,4,Portion,Hoorain Chandio,Saima Gakhar,Verified,Due,Under Review,Due,77900000.0
6789,Bushra Rajput,DEMO-KPT-6789,House No. RR-809,Street 9,Malir,12,4,Portion,Bushra Rajput,Ifrah Khosa,Pending,Due,Clear,Paid,35300000.0
13089,Zohra Bukhari,DEMO-KPT-13089,House No. RB-875,Street 9,Malir,12,4,Portion,Zohra Bukhari,Urooj Lari,Pending,Due,Clear,Paid,36600000.0
16239,Daniyal Pasha,DEMO-KPT-16239,House No. BDR-391,Street 9,Malir,12,4,Portion,Daniyal Pasha,Ijaz Jafri,Pending,Due,Clear,Paid,34800000.0
14644,Rohail Rana,DEMO-KPT-14644,House No. CDR-645,Street 14,Malir,12,4,Portion,Rohail Rana,Sobia Khan,Litigated,Due,Under Review,Due,38300000.0
11526,Komal Swati,DEMO-KPT-11526,House No. CB-466,Street 17,Malir,12,4,Portion,Komal Swati,Zawar Hafeez,Pending,Paid,Clear,Paid,25200000.0
3812,Junaid Sheikh,DEMO-KPT-3812,House No. B-306,Street 18,Malir,12,4,Portion,Junaid Sheikh,Alamgir Wattoo,Litigated,Paid,Issue Found,Due,62900000.0
6812,Yasir Mustafa,DEMO-KPT-6812,House No. RD-505,Street 18,Malir,12,4,Portion,Yasir Mustafa,Kaleem Lughmani,Pending,Paid,Under Review,Paid,51500000.0
8303,Liaquat Saif,DEMO-KPT-8303,House No. RB-344,Street 19,Malir,12,4,Portion,Liaquat Saif,Shabbir Barakzai,Verified,Paid,Issue Found,Due,51600000.0
11549,Urwa Ijaz,DEMO-KPT-11549,House No. BR-310,Street 19,Malir,12,4,Portion,Urwa Ijaz,Javeria Kamboh,Litigated,Paid,Issue Found,Paid,65600000.0
3808,Inshal Usmani,DEMO-KPT-3808,House No. B-492,Street 20,Malir,12,4,Portion,Inshal Usmani,Arsalan Mohammadzai,Pending,Paid,Under Review,Paid,49500000.0
6779,Omer Lak,DEMO-KPT-6779,House No. RR-628,Street 22,Malir,12,4,Portion,Omer Lak,Manahil Kayani,Verified,Due,Clear,Due,38500000.0
2283,Sabahat Yousaf,DEMO-KPT-2283,House No. R-679,Street 24,Malir,12,4,Portion,Sabahat Yousaf,Kausar Dreshak,Verified,Paid,Under Review,Paid,32000000.0
3836,Fakhar Bhurgri,DEMO-KPT-3836,House No. C-765,Street 24,Malir,12,4,Portion,Fakhar Bhurgri,Beenish Parvez,Verified,Due,Issue Found,Paid,33400000.0
6783,Nuzhat Shaikh,DEMO-KPT-6783,House No. BR-634,Street 24,Malir,12,4,Portion,Nuzhat Shaikh,Danish Bijarani,Verified,Paid,Under Review,Paid,40700000.0
16236,Moeen Yasin,DEMO-KPT-16236,House No. RBC-452,Street 26,Malir,12,4,Portion,Moeen Yasin,Bahadur Rehman,Litigated,Paid,Clear,Paid,20300000.0
14615,Saima Kiani,DEMO-KPT-14615,House No. DCB-506,Street 29,Malir,12,4,Portion,Saima Kiani,Mishal Mangi,Pending,Paid,Clear,Paid,45900000.0
5475,Aamir Mir,DEMO-KPT-5475,House No. DR-498,Street 3,Malir,13,4,Portion,Aamir Mir,Zarar Shafi,Verified,Due,Under Review,Paid,21200000.0
6873,Rehana Barakzai,DEMO-KPT-6873,House No. BR-316,Street 3,Malir,13,4,Portion,Rehana Barakzai,Tayyaba Tiwana,Litigated,Paid,Clear,Due,66900000.0
9863,Nazia Ahmed,DEMO-KPT-9863,House No. RD-896,Street 3,Malir,13,4,Portion,Nazia Ahmed,Osama Tunio,Verified,Due,Under Review,Due,70900000.0
16323,Laiba Mughal,DEMO-KPT-16323,House No. RDC-589,Street 3,Malir,13,4,Portion,Laiba Mughal,Salahuddin Hameed,Litigated,Paid,Clear,Due,71000000.0
9891,Inam Khan,DEMO-KPT-9891,House No. DR-730,Street 4,Malir,13,4,Portion,Inam Khan,Sahil Yazdani,Pending,Due,Clear,Paid,75600000.0
6838,Farooq Mahar,DEMO-KPT-6838,House No. DR-804,Street 7,Malir,13,4,Portion,Farooq Mahar,Mubeen Daudzai,Litigated,Due,Clear,Due,20500000.0
11598,Sumaira Sahito,DEMO-KPT-11598,House No. DR-565,Street 9,Malir,13,4,Portion,Sumaira Sahito,Zayan Niazi,Verified,Paid,Issue Found,Due,70500000.0
13209,Ikhlaq Nawaz,DEMO-KPT-13209,House No. BB-644,Street 11,Malir,13,4,Portion,Ikhlaq Nawaz,Hussnain Magsi,Verified,Due,Under Review,Due,44300000.0
9909,Jamila Dawood,DEMO-KPT-9909,House No. CD-813,Street 15,Malir,13,4,Portion,Jamila Dawood,Ashar Shaikh,Litigated,Due,Clear,Paid,42200000.0
11640,Mishal Yousafzai,DEMO-KPT-11640,House No. DR-782,Street 15,Malir,13,4,Portion,Mishal Yousafzai,Muzammil Zaidi,Litigated,Due,Clear,Due,68700000.0
13158,Fahad Dogar,DEMO-KPT-13158,House No. RD-782,Street 18,Malir,13,4,Portion,Fahad Dogar,Irfan Rana,Litigated,Paid,Clear,Due,66400000.0
2404,Naeem Panhwar,DEMO-KPT-2404,House No. R-436,Street 22,Malir,13,4,Portion,Naeem Panhwar,Minahil Mian,Verified,Paid,Issue Found,Due,61900000.0
16354,Ayaz Yousaf,DEMO-KPT-16354,House No. CDR-805,Street 22,Malir,13,4,Portion,Ayaz Yousaf,Inam Shakir,Verified,Paid,Issue Found,Due,65200000.0
5433,Irum Sabri,DEMO-KPT-5433,House No. RB-691,Street 24,Malir,13,4,Portion,Irum Sabri,Fahad Bhurgri,Verified,Paid,Under Review,Paid,28100000.0
13148,Hussam Panezai,DEMO-KPT-13148,House No. BR-382,Street 25,Malir,13,4,Portion,Hussam Panezai,Rubab Mir,Pending,Due,Issue Found,Due,20600000.0
6920,Inshal Anwar,DEMO-KPT-6920,House No. RB-879,Street 26,Malir,13,4,Portion,Inshal Anwar,Majid Samo,Verified,Paid,Issue Found,Paid,45000000.0
9936,Kausar Jaffri,DEMO-KPT-9936,House No. DR-830,Street 26,Malir,13,4,Portion,Kausar Jaffri,Alishba Farooq,Litigated,Paid,Clear,Paid,76000000.0
6828,Akif Saleem,DEMO-KPT-6828,House No. RD-625,Street 27,Malir,13,4,Portion,Akif Saleem,Parveen Khuhro,Pending,Paid,Clear,Paid,48400000.0
11642,Hussam Butt,DEMO-KPT-11642,House No. DB-862,Street 27,Malir,13,4,Portion,Hussam Butt,Yousaf Kamal,Verified,Paid,Under Review,Due,77000000.0
2401,Abrar Gakhar,DEMO-KPT-2401,House No. C-865,Street 29,Malir,13,4,Portion,Abrar Gakhar,Hussnain Virk,Verified,Due,Under Review,Due,41200000.0
5435,Inaya Kharal,DEMO-KPT-5435,House No. BB-585,Street 29,Malir,13,4,Portion,Inaya Kharal,Mansha Dawood,Pending,Paid,Under Review,Due,25000000.0
6965,Suleman Bettani,DEMO-KPT-6965,House No. BD-573,Street 29,Malir,13,4,Portion,Suleman Bettani,Zahra Unar,Pending,Paid,Clear,Paid,38900000.0
11775,Taimoor Mohammadzai,DEMO-KPT-11775,House No. DB-542,Street 3,Malir,14,4,Portion,Taimoor Mohammadzai,Inayat Bukhari,Verified,Due,Under Review,Paid,35100000.0
13269,Rakhshanda Minhas,DEMO-KPT-13269,House No. DD-780,Street 4,Malir,14,4,Portion,Rakhshanda Minhas,Amara Farooq,Pending,Paid,Under Review,Paid,25600000.0
14793,Nauman Malik,DEMO-KPT-14793,House No. CRD-563,Street 8,Malir,14,4,Portion,Nauman Malik,Rakhshanda Peerzada,Litigated,Paid,Clear,Due,55700000.0
3948,Rida Rafique,DEMO-KPT-3948,House No. RR-342,Street 9,Malir,14,4,Portion,Rida Rafique,Benazir Jafri,Verified,Paid,Issue Found,Due,23700000.0
8448,Saleha Tunio,DEMO-KPT-8448,House No. RB-836,Street 9,Malir,14,4,Portion,Saleha Tunio,Tayyaba Gabol,Verified,Paid,Issue Found,Due,34800000.0
6994,Danish Abro,DEMO-KPT-6994,House No. RB-711,Street 14,Malir,14,4,Portion,Danish Abro,Humayun Janjua,Litigated,Due,Under Review,Due,23300000.0
2526,Kafeel Zubairi,DEMO-KPT-2526,House No. D-665,Street 17,Malir,14,4,Portion,Kafeel Zubairi,Mahira Tiwana,Pending,Paid,Clear,Paid,79100000.0
13284,Shamim Rabbani,DEMO-KPT-13284,House No. RC-440,Street 18,Malir,14,4,Portion,Shamim Rabbani,Zaynab Baloch,Litigated,Due,Issue Found,Due,50500000.0
16412,Eman Chandio,DEMO-KPT-16412,House No. DRB-608,Street 18,Malir,14,4,Portion,Eman Chandio,Amna Lakhani,Litigated,Paid,Issue Found,Due,53900000.0
2480,Nafisa Lone,DEMO-KPT-2480,House No. R-345,Street 21,Malir,14,4,Portion,Nafisa Lone,Javaria Sohu,Pending,Paid,Under Review,Paid,28900000.0
16430,Samra Hashmi,DEMO-KPT-16430,House No. BCR-336,Street 21,Malir,14,4,Portion,Samra Hashmi,Mahreen Ranjha,Pending,Paid,Under Review,Paid,25000000.0
3942,Nosheen Yaqoob,DEMO-KPT-3942,House No. RD-304,Street 22,Malir,14,4,Portion,Nosheen Yaqoob,Sonia Jadoon,Pending,Due,Under Review,Paid,31100000.0
8442,Naeem Bijarani,DEMO-KPT-8442,House No. DR-617,Street 22,Malir,14,4,Portion,Naeem Bijarani,Tabassum Memon,Pending,Due,Under Review,Paid,62600000.0
11690,Farzana Qazi,DEMO-KPT-11690,House No. CB-695,Street 23,Malir,14,4,Portion,Farzana Qazi,Shaheer Aslam,Litigated,Paid,Issue Found,Due,38200000.0
13283,Alina Zahid,DEMO-KPT-13283,House No. RR-793,Street 24,Malir,14,4,Portion,Alina Zahid,Noman Akhtar,Pending,Paid,Under Review,Paid,36500000.0
2465,Azhar Mustafa,DEMO-KPT-2465,House No. C-494,Street 29,Malir,14,4,Portion,Azhar Mustafa,Zamzam Bashir,Pending,Paid,Clear,Paid,49100000.0
13216,Haleema Mirza,DEMO-KPT-13216,House No. DD-338,Street 30,Malir,14,4,Portion,Haleema Mirza,Riaz Lak,Litigated,Due,Issue Found,Due,78600000.0
10119,Shahbaz Talpur,DEMO-KPT-10119,House No. DB-675,Street 4,Malir,15,4,Portion,Shahbaz Talpur,Shifa Saif,Pending,Paid,Under Review,Paid,77500000.0
14891,Nabeel Afridi,DEMO-KPT-14891,House No. CRD-855,Street 8,Malir,15,4,Portion,Nabeel Afridi,Iram Sial,Pending,Due,Clear,Paid,38100000.0
5559,Tabassum Tahir,DEMO-KPT-5559,House No. CR-334,Street 11,Malir,15,4,Portion,Tabassum Tahir,Abdullah Gondal,Verified,Due,Under Review,Due,66600000.0
16504,Noshaba Wattoo,DEMO-KPT-16504,House No. DCB-453,Street 14,Malir,15,4,Portion,Noshaba Wattoo,Mehmood Sandhu,Pending,Due,Clear,Paid,79200000.0
8559,Nadir Latif,DEMO-KPT-8559,House No. DC-645,Street 15,Malir,15,4,Portion,Nadir Latif,Nawaz Khuhro,Litigated,Due,Clear,Paid,56800000.0
10112,Rizwaan Talpur,DEMO-KPT-10112,House No. CD-426,Street 18,Malir,15,4,Portion,Rizwaan Talpur,Saba Cheema,Litigated,Paid,Issue Found,Due,23600000.0
10108,Jazib Ali,DEMO-KPT-10108,House No. DC-570,Street 20,Malir,15,4,Portion,Jazib Ali,Sharmeen Siddiqui,Pending,Paid,Under Review,Paid,29500000.0
2592,Zeshan Pasha,DEMO-KPT-2592,House No. D-530,Street 22,Malir,15,4,Portion,Zeshan Pasha,Arfa Leghari,Pending,Due,Under Review,Paid,50600000.0
8579,Sohail Mazari,DEMO-KPT-8579,House No. CD-804,Street 22,Malir,15,4,Portion,Sohail Mazari,Murtaza Haral,Verified,Due,Clear,Due,53000000.0
8583,Shan Soomro,DEMO-KPT-8583,House No. BD-480,Street 24,Malir,15,4,Portion,Shan Soomro,Rimsha Yaqoob,Verified,Paid,Under Review,Paid,57700000.0
10133,Tahir Hashmi,DEMO-KPT-10133,House No. CC-349,Street 24,Malir,15,4,Portion,Tahir Hashmi,Obaid Swati,Pending,Paid,Under Review,Paid,58800000.0
10136,Aneeqa Farooqi,DEMO-KPT-10136,House No. BR-794,Street 24,Malir,15,4,Portion,Aneeqa Farooqi,Shumaila Saleem,Verified,Due,Issue Found,Paid,26900000.0
11827,Rooman Zaman,DEMO-KPT-11827,House No. RC-475,Street 24,Malir,15,4,Portion,Rooman Zaman,Subhan Bettani,Pending,Due,Issue Found,Due,63700000.0
7015,Shifa Sabri,DEMO-KPT-7015,House No. RR-539,Street 29,Malir,15,4,Portion,Shifa Sabri,Zoya Haral,Litigated,Paid,Issue Found,Due,76300000.0
10115,Tayyaba Nadeem,DEMO-KPT-10115,House No. BR-731,Street 29,Malir,15,4,Portion,Tayyaba Nadeem,Rafiq Khosa,Pending,Paid,Clear,Paid,26600000.0
2663,Komal Usmani,DEMO-KPT-2663,House No. C-735,Street 3,Malir,16,4,Portion,Komal Usmani,Ayesha Waheed,Verified,Due,Under Review,Due,49900000.0
14959,Haris Tahir,DEMO-KPT-14959,House No. BDC-386,Street 6,Malir,16,4,Portion,Haris Tahir,Amal Soomro,Verified,Paid,Clear,Due,68200000.0
11859,Farrukh Umer,DEMO-KPT-11859,House No. CD-516,Street 11,Malir,16,4,Portion,Farrukh Umer,Jamil Marri,Verified,Due,Under Review,Due,33700000.0
5612,Mustafa Sohu,DEMO-KPT-5612,House No. RC-644,Street 18,Malir,16,4,Portion,Mustafa Sohu,Nadir Swati,Litigated,Paid,Issue Found,Due,32400000.0
4090,Kabeer Bilgrami,DEMO-KPT-4090,House No. CD-646,Street 19,Malir,16,4,Portion,Kabeer Bilgrami,Mahira Nadeem,Litigated,Paid,Issue Found,Paid,48100000.0
4135,Yusra Toor,DEMO-KPT-4135,House No. BD-808,Street 20,Malir,16,4,Portion,Yusra Toor,Waseem Ali,Verified,Due,Under Review,Due,53700000.0
11908,Nudrat Aslam,DEMO-KPT-11908,House No. DR-304,Street 20,Malir,16,4,Portion,Nudrat Aslam,Sabeen Ghaffar,Pending,Paid,Under Review,Paid,73900000.0
2603,Sami Ghumman,DEMO-KPT-2603,House No. C-733,Street 22,Malir,16,4,Portion,Sami Ghumman,Munir Hinjra,Verified,Due,Under Review,Due,62300000.0
7092,Iqra Mir,DEMO-KPT-7092,House No. RC-764,Street 22,Malir,16,4,Portion,Iqra Mir,Kashaf Khokhar,Pending,Due,Under Review,Paid,73700000.0
16542,Yasmeen Ghaffar,DEMO-KPT-16542,House No. DCR-449,Street 22,Malir,16,4,Portion,Yasmeen Ghaffar,Waseem Zaidi,Pending,Due,Under Review,Paid,41400000.0
8648,Zulekha Hinjra,DEMO-KPT-8648,House No. CR-758,Street 25,Malir,16,4,Portion,Zulekha Hinjra,Alizeh Imran,Pending,Due,Issue Found,Due,41400000.0
8632,Farooq Dawood,DEMO-KPT-8632,House No. DC-555,Street 27,Malir,16,4,Portion,Farooq Dawood,Shagufta Joiya,Litigated,Due,Issue Found,Paid,25900000.0
5665,Marwa Daudzai,DEMO-KPT-5665,House No. DB-751,Street 29,Malir,16,4,Portion,Marwa Daudzai,Shees Abbasi,Litigated,Paid,Issue Found,Due,31100000.0
10165,Erum Bijarani,DEMO-KPT-10165,House No. RR-804,Street 29,Malir,16,4,Portion,Erum Bijarani,Rubina Tunio,Litigated,Paid,Issue Found,Due,78500000.0
7163,Anum Sardar,DEMO-KPT-7163,House No. RR-533,Street 3,Malir,17,4,Portion,Anum Sardar,Aftab Khuhro,Verified,Due,Under Review,Due,74100000.0
2691,Zara Buriro,DEMO-KPT-2691,House No. D-898,Street 4,Malir,17,4,Portion,Zara Buriro,Bakhtawar Majeed,Pending,Due,Clear,Paid,28900000.0
13541,Talat Rabbani,DEMO-KPT-13541,House No. DRC-724,Street 8,Malir,17,4,Portion,Talat Rabbani,Moiz Lodhi,Pending,Due,Clear,Paid,69500000.0
13539,Nigar Laghari,DEMO-KPT-13539,House No. RDB-696,Street 9,Malir,17,4,Portion,Nigar Laghari,Anum Lone,Pending,Due,Clear,Paid,49400000.0
11951,Muneeba Korai,DEMO-KPT-11951,House No. BD-386,Street 12,Malir,17,4,Portion,Muneeba Korai,Arisha Bettani,Litigated,Paid,Issue Found,Due,63700000.0
7173,Irum Ijaz,DEMO-KPT-7173,House No. CB-818,Street 14,Malir,17,4,Portion,Irum Ijaz,Inshal Kidwai,Litigated,Due,Issue Found,Paid,52400000.0
11944,Zohair Nawaz,DEMO-KPT-11944,House No. RC-426,Street 14,Malir,17,4,Portion,Zohair Nawaz,Sarah Qureshi,Litigated,Due,Under Review,Due,46500000.0
14993,Hashir Unar,DEMO-KPT-14993,House No. DRB-378,Street 15,Malir,17,4,Portion,Hashir Unar,Nadia Kayani,Verified,Paid,Issue Found,Due,73800000.0
7183,Ejaz Yasin,DEMO-KPT-7183,House No. RC-782,Street 16,Malir,17,4,Portion,Ejaz Yasin,Haziq Hussain,Verified,Due,Clear,Due,78800000.0
4158,Farooq Mehmood,DEMO-KPT-4158,House No. CC-564,Street 18,Malir,17,4,Portion,Farooq Mehmood,Saima Zia,Litigated,Paid,Clear,Due,56200000.0
11912,Sara Laghari,DEMO-KPT-11912,House No. DD-693,Street 18,Malir,17,4,Portion,Sara Laghari,Tamkeen Minhas,Litigated,Paid,Issue Found,Due,33200000.0
2695,Sana Abbasi,DEMO-KPT-2695,House No. C-469,Street 21,Malir,17,4,Portion,Sana Abbasi,Kausar Ilyas,Pending,Due,Under Review,Due,77600000.0
15004,Musa Chandio,DEMO-KPT-15004,House No. DCR-501,Street 22,Malir,17,4,Portion,Musa Chandio,Zulekha Rehman,Verified,Paid,Issue Found,Due,70800000.0
16679,Saima Yousaf,DEMO-KPT-16679,House No. DCR-571,Street 22,Malir,17,4,Portion,Saima Yousaf,Shabbir Saleem,Verified,Due,Clear,Due,73200000.0
2690,Kaleem Ghani,DEMO-KPT-2690,House No. R-321,Street 23,Malir,17,4,Portion,Kaleem Ghani,Nigar Qureshi,Litigated,Paid,Issue Found,Due,70900000.0
11933,Benazir Shinwari,DEMO-KPT-11933,House No. BD-753,Street 24,Malir,17,4,Portion,Benazir Shinwari,Rida Lari,Pending,Paid,Under Review,Paid,70400000.0
16564,Samra Ghumman,DEMO-KPT-16564,House No. BCD-759,Street 26,Malir,17,4,Portion,Samra Ghumman,Kanwar Rajput,Pending,Due,Issue Found,Paid,38400000.0
2717,Aqsa Kalhoro,DEMO-KPT-2717,House No. B-887,Street 27,Malir,17,4,Portion,Aqsa Kalhoro,Faizan Panezai,Pending,Paid,Under Review,Due,43800000.0
4201,Fasih Umer,DEMO-KPT-4201,House No. BC-842,Street 29,Malir,17,4,Portion,Fasih Umer,Hashim Lone,Verified,Due,Under Review,Due,49700000.0
16725,Zohair Talpur,DEMO-KPT-16725,House No. DRB-490,Street 3,Malir,18,4,Portion,Zohair Talpur,Zubair Warraich,Verified,Due,Under Review,Paid,39800000.0
16691,Humayun Marri,DEMO-KPT-16691,House No. RBC-502,Street 8,Malir,18,4,Portion,Humayun Marri,Maira Lone,Pending,Due,Clear,Paid,20100000.0
5748,Shaista Raza,DEMO-KPT-5748,House No. CD-742,Street 9,Malir,18,4,Portion,Shaista Raza,Lamia Jamali,Verified,Paid,Issue Found,Due,32100000.0
7209,Maham Qadri,DEMO-KPT-7209,House No. CB-621,Street 15,Malir,18,4,Portion,Maham Qadri,Unaiza Shakeel,Litigated,Due,Clear,Paid,22400000.0
4284,Arbaz Wattoo,DEMO-KPT-4284,House No. BR-443,Street 18,Malir,18,4,Portion,Arbaz Wattoo,Yumna Shinwari,Litigated,Due,Issue Found,Due,67600000.0
13562,Alina Rabbani,DEMO-KPT-13562,House No. CRD-822,Street 18,Malir,18,4,Portion,Alina Rabbani,Sania Mirani,Pending,Paid,Under Review,Paid,32000000.0
4253,Mohsin Tariq,DEMO-KPT-4253,House No. DD-503,Street 19,Malir,18,4,Portion,Mohsin Tariq,Maryum Palijo,Verified,Paid,Issue Found,Due,41200000.0
7240,Mahira Saleem,DEMO-KPT-7240,House No. BR-571,Street 19,Malir,18,4,Portion,Mahira Saleem,Zaid Lughmani,Litigated,Paid,Issue Found,Paid,62400000.0
8758,Sobia Achakzai,DEMO-KPT-8758,House No. CB-824,Street 20,Malir,18,4,Portion,Sobia Achakzai,Aqsa Farooqi,Pending,Paid,Under Review,Paid,62300000.0
5742,Samad Buriro,DEMO-KPT-5742,House No. RD-428,Street 22,Malir,18,4,Portion,Samad Buriro,Dua Ghaffar,Pending,Due,Under Review,Paid,24600000.0
4286,Mahreen Magsi,DEMO-KPT-4286,House No. RB-331,Street 24,Malir,18,4,Portion,Mahreen Magsi,Yasmeen Mughal,Verified,Due,Issue Found,Paid,54100000.0
7233,Tamim Parvez,DEMO-KPT-7233,House No. BR-353,Street 24,Malir,18,4,Portion,Tamim Parvez,Zeshan Mirani,Verified,Paid,Under Review,Paid,55800000.0
10386,Shaista Achakzai,DEMO-KPT-10386,House No. CC-628,Street 26,Malir,18,4,Portion,Shaista Achakzai,Nageen Naseem,Litigated,Paid,Clear,Paid,77300000.0
2782,Tahseen Achakzai,DEMO-KPT-2782,House No. C-467,Street 27,Malir,18,4,Portion,Tahseen Achakzai,Dawood Dogar,Litigated,Due,Issue Found,Paid,41700000.0
16798,Hussnain Marri,DEMO-KPT-16798,House No. BCR-861,Street 15,Malir,19,4,Portion,Hussnain Marri,Hadiqa Bhat,Litigated,Due,Clear,Due,21100000.0
5958,Nawal Abbasi,DEMO-KPT-5958,House No. DC-411,Street 18,Malir,19,4,Portion,Nawal Abbasi,Sehar Samo,Litigated,Paid,Clear,Due,40600000.0
15080,Nudrat Mengal,DEMO-KPT-15080,House No. BCD-368,Street 21,Malir,19,4,Portion,Nudrat Mengal,Mahira Peerzada,Pending,Paid,Under Review,Paid,48800000.0
8892,Muhammad Sipra,DEMO-KPT-8892,House No. RB-556,Street 22,Malir,19,4,Portion,Muhammad Sipra,Yawar Yaqoob,Pending,Due,Under Review,Paid,46000000.0
16804,Muhammad Kharal,DEMO-KPT-16804,House No. BDR-683,Street 22,Malir,19,4,Portion,Muhammad Kharal,Ali Dahri,Verified,Paid,Issue Found,Due,26900000.0
12140,Sikandar Naseem,DEMO-KPT-12140,House No. BD-601,Street 23,Malir,19,4,Portion,Sikandar Naseem,Alina Panezai,Litigated,Paid,Issue Found,Due,51500000.0
8884,Khushbu Junejo,DEMO-KPT-8884,House No. CC-314,Street 24,Malir,19,4,Portion,Khushbu Junejo,Hadiqa Wani,Verified,Paid,Clear,Paid,50700000.0
13627,Zohaib Jamali,DEMO-KPT-13627,House No. RCD-788,Street 24,Malir,19,4,Portion,Zohaib Jamali,Haroon Lughmani,Pending,Due,Issue Found,Due,71800000.0
7282,Zainab Zubairi,DEMO-KPT-7282,House No. CR-582,Street 27,Malir,19,4,Portion,Zainab Zubairi,Rizwaan Kiani,Litigated,Due,Issue Found,Paid,76300000.0
16874,Athar Mian,DEMO-KPT-16874,House No. CDB-685,Street 27,Malir,19,4,Portion,Athar Mian,Ambreen Peerzada,Litigated,Paid,Issue Found,Paid,53100000.0
10501,Imran Laghari,DEMO-KPT-10501,House No. RD-558,Street 29,Malir,19,4,Portion,Imran Laghari,Ayub Durrani,Verified,Due,Under Review,Due,20600000.0
16816,Alina Marri,DEMO-KPT-16816,House No. BDR-389,Street 30,Malir,19,4,Portion,Alina Marri,Nageen Soomro,Litigated,Due,Issue Found,Due,31600000.0
2919,Numan Kalhoro,DEMO-KPT-2919,House No. D-784,Street 4,Malir,20,4,Portion,Numan Kalhoro,Qadir Bukhari,Pending,Paid,Under Review,Paid,54100000.0
10569,Maqsood Niazi,DEMO-KPT-10569,House No. BB-375,Street 4,Malir,20,4,Portion,Maqsood Niazi,Nabeel Lodhi,Pending,Paid,Under Review,Paid,54900000.0
5959,Ahtisham Nasar,DEMO-KPT-5959,House No. RC-454,Street 6,Malir,20,4,Portion,Ahtisham Nasar,Imtiaz Yousaf,Verified,Paid,Clear,Due,60500000.0
10509,Kashif Farooqi,DEMO-KPT-10509,House No. DB-712,Street 11,Malir,20,4,Portion,Kashif Farooqi,Afreen Imran,Verified,Due,Under Review,Due,78200000.0
16901,Ruqayya Butt,DEMO-KPT-16901,House No. DBR-312,Street 12,Malir,20,4,Portion,Ruqayya Butt,Qasim Achakzai,Litigated,Paid,Issue Found,Due,22900000.0
13744,Bashir Sipra,DEMO-KPT-13744,House No. DCR-611,Street 14,Malir,20,4,Portion,Bashir Sipra,Tabassum Bugti,Litigated,Due,Under Review,Due,37900000.0
8940,Rustam Bilgrami,DEMO-KPT-8940,House No. RC-759,Street 15,Malir,20,4,Portion,Rustam Bilgrami,Sonia Marri,Litigated,Due,Clear,Due,39800000.0
16926,Nasrullah Zaidi,DEMO-KPT-16926,House No. RDB-577,Street 17,Malir,20,4,Portion,Nasrullah Zaidi,Shabbir Dogar,Pending,Paid,Clear,Paid,53800000.0
7403,Dania Mirani,DEMO-KPT-7403,House No. RB-666,Street 19,Malir,20,4,Portion,Dania Mirani,Waqas Nadeem,Verified,Paid,Issue Found,Due,54600000.0
8930,Faizan Wani,DEMO-KPT-8930,House No. RD-709,Street 19,Malir,20,4,Portion,Faizan Wani,Aneela Rind,Verified,Paid,Under Review,Paid,69000000.0
10553,Tayyaba Bhat,DEMO-KPT-10553,House No. RC-554,Street 19,Malir,20,4,Portion,Tayyaba Bhat,Syeda Sadiq,Verified,Paid,Issue Found,Due,68500000.0
13708,Neha Imran,DEMO-KPT-13708,House No. RBC-365,Street 20,Malir,20,4,Portion,Neha Imran,Uroosa Leghari,Pending,Paid,Under Review,Paid,23600000.0
10504,Bilawal Nasar,DEMO-KPT-10504,House No. RD-586,Street 22,Malir,20,4,Portion,Bilawal Nasar,Zameer Sipra,Verified,Paid,Issue Found,Due,33900000.0
12183,Zubair Wani,DEMO-KPT-12183,House No. CR-755,Street 24,Malir,20,4,Portion,Zubair Wani,Kanwal Khattak,Verified,Paid,Under Review,Paid,69300000.0
13733,Saad Yaqoob,DEMO-KPT-13733,House No. BCR-637,Street 24,Malir,20,4,Portion,Saad Yaqoob,Abdullah Riaz,Pending,Paid,Under Review,Paid,35900000.0
13762,Beenish Ranjha,DEMO-KPT-13762,House No. CBD-415,Street 24,Malir,20,4,Portion,Beenish Ranjha,Zayan Lashari,Verified,Due,Under Review,Due,67100000.0
2915,Shakeel Gabol,DEMO-KPT-2915,House No. C-454,Street 29,Malir,20,4,Portion,Shakeel Gabol,Anwar Qadri,Pending,Paid,Clear,Paid,74900000.0
8438,Abbas Soomro,DEMO-KPT-8438,House No. CC-447,Street 7,Model Town,1,4,Portion,Abbas Soomro,Kaneez Shakir,Litigated,Due,Clear,Paid,44300000.0
14889,Liaquat Minhas,DEMO-KPT-14889,House No. BCR-768,Street 9,Model Town,1,4,Portion,Liaquat Minhas,Tahira Warsi,Pending,Due,Clear,Paid,31900000.0
14833,Rehana Shakeel,DEMO-KPT-14833,House No. RBD-787,Street 16,Model Town,1,4,Portion,Rehana Shakeel,Noshaba Ali,Verified,Due,Clear,Due,24200000.0
14958,Arham Daudzai,DEMO-KPT-14958,House No. RCD-502,Street 18,Model Town,1,4,Portion,Arham Daudzai,Dania Rizvi,Litigated,Paid,Clear,Due,52400000.0
11458,Samra Usmani,DEMO-KPT-11458,House No. DB-706,Street 20,Model Town,1,4,Portion,Samra Usmani,Parveen Yaqoob,Pending,Paid,Under Review,Paid,78800000.0
8333,Kaif Toor,DEMO-KPT-8333,House No. BC-342,Street 24,Model Town,1,4,Portion,Kaif Toor,Mahrukh Lodhi,Pending,Paid,Under Review,Paid,32900000.0
8336,Mahwish Zia,DEMO-KPT-8336,House No. CR-697,Street 24,Model Town,1,4,Portion,Mahwish Zia,Zarar Pirzada,Verified,Due,Issue Found,Paid,65100000.0
1520,Tauseef Hashmi,DEMO-KPT-1520,House No. B-423,Street 26,Model Town,1,4,Portion,Tauseef Hashmi,Talat Aslam,Verified,Paid,Issue Found,Paid,46600000.0
5288,Rakhshanda Gabol,DEMO-KPT-5288,House No. DB-524,Street 7,Model Town,2,4,Portion,Rakhshanda Gabol,Zulekha Rabbani,Litigated,Due,Clear,Paid,57800000.0
8589,Tasneem Ghauri,DEMO-KPT-8589,House No. RR-717,Street 9,Model Town,2,4,Portion,Tasneem Ghauri,Ali Dreshak,Pending,Due,Clear,Paid,38800000.0
1601,Farid Kamboh,DEMO-KPT-1601,House No. D-455,Street 12,Model Town,2,4,Portion,Farid Kamboh,Urooj Panhwar,Litigated,Paid,Issue Found,Due,41000000.0
1594,Mahad Popalzai,DEMO-KPT-1594,House No. B-889,Street 14,Model Town,2,4,Portion,Mahad Popalzai,Raheela Hayat,Litigated,Due,Under Review,Due,77500000.0
8523,Ashar Jogezai,DEMO-KPT-8523,House No. CD-627,Street 14,Model Town,2,4,Portion,Ashar Jogezai,Osama Mohmand,Litigated,Due,Issue Found,Paid,23500000.0
11709,Samiya Turk,DEMO-KPT-11709,House No. BC-589,Street 15,Model Town,2,4,Portion,Samiya Turk,Nadeem Bhat,Litigated,Due,Clear,Paid,52400000.0
14998,Jahangir Rajper,DEMO-KPT-14998,House No. BDC-860,Street 15,Model Town,2,4,Portion,Jahangir Rajper,Noshaba Sipra,Litigated,Due,Clear,Due,55200000.0
1134,Shoaib Ali,DEMO-KPT-1134,House No. A-166,Street 18,Model Town,2,4,Portion,Shoaib Ali,Zain Farooq,Litigated,Due,Issue Found,Due,35100000.0
11630,Azhar Sultan,DEMO-KPT-11630,House No. CB-483,Street 19,Model Town,2,4,Portion,Azhar Sultan,Dilshad Rajper,Verified,Paid,Under Review,Paid,58100000.0
8558,Azhar Korai,DEMO-KPT-8558,House No. BC-646,Street 22,Model Town,2,4,Portion,Azhar Korai,Tahira Aslam,Verified,Paid,Issue Found,Paid,65900000.0
1124,Fatima Ali,DEMO-KPT-1124,House No. A-485,Street 27,Model Town,2,4,Portion,Fatima Ali,Kashif Shah,Litigated,Paid,Issue Found,Paid,75200000.0
5441,Zeeshan Saif,DEMO-KPT-5441,House No. BB-786,Street 8,Model Town,3,4,Portion,Zeeshan Saif,Jamil Jamali,Pending,Due,Clear,Paid,36600000.0
8609,Sadiq Hinjra,DEMO-KPT-8609,House No. CD-753,Street 10,Model Town,3,4,Portion,Sadiq Hinjra,Mehak Haral,Verified,Paid,Issue Found,Due,74600000.0
8693,Sana Tareen,DEMO-KPT-8693,House No. CC-870,Street 15,Model Town,3,4,Portion,Sana Tareen,Mazhar Kamboh,Verified,Paid,Issue Found,Due,50800000.0
15283,Sehrish Turk,DEMO-KPT-15283,House No. BRC-355,Street 16,Model Town,3,4,Portion,Sehrish Turk,Daniya Rana,Verified,Due,Clear,Due,32400000.0
12027,Rubina Hameed,DEMO-KPT-12027,House No. BB-737,Street 20,Model Town,3,4,Portion,Rubina Hameed,Mehak Rizvi,Verified,Paid,Under Review,Paid,22500000.0
5395,Saba Panhwar,DEMO-KPT-5395,House No. DB-446,Street 21,Model Town,3,4,Portion,Saba Panhwar,Rabia Turk,Pending,Due,Under Review,Due,61400000.0
1833,Noman Lak,DEMO-KPT-1833,House No. R-450,Street 24,Model Town,3,4,Portion,Noman Lak,Hafeez Ghaffar,Verified,Paid,Under Review,Paid,71100000.0
15214,Uzair Hanif,DEMO-KPT-15214,House No. RDC-851,Street 26,Model Town,3,4,Portion,Uzair Hanif,Haziq Pirzada,Pending,Due,Issue Found,Paid,34800000.0
5417,Raees Rabbani,DEMO-KPT-5417,House No. DR-599,Street 27,Model Town,3,4,Portion,Raees Rabbani,Rehana Kazmi,Pending,Paid,Under Review,Due,66900000.0
1165,Ahmed Noor,DEMO-KPT-1165,House No. A-269,Street 29,Model Town,3,4,Portion,Ahmed Noor,Muhammad Iqbal,Litigated,Paid,Issue Found,Due,52700000.0
15375,Hussnain Tareen,DEMO-KPT-15375,House No. RBC-345,Street 3,Model Town,4,4,Portion,Hussnain Tareen,Urwa Janjua,Verified,Due,Under Review,Paid,35900000.0
15443,Mehboob Zaidi,DEMO-KPT-15443,House No. CRD-893,Street 15,Model Town,4,4,Portion,Mehboob Zaidi,Nawaz Rizvi,Verified,Paid,Issue Found,Due,20400000.0
1199,Hussain Butt,DEMO-KPT-1199,House No. A-120,Street 19,Model Town,4,4,Portion,Hussain Butt,Mariam Hussain,Litigated,Paid,Issue Found,Paid,75900000.0
1898,Javaria Lari,DEMO-KPT-1898,House No. D-472,Street 25,Model Town,4,4,Portion,Javaria Lari,Umar Latif,Pending,Due,Issue Found,Due,71900000.0
1247,Arsalan Aslam,DEMO-KPT-1247,House No. A-162,Street 27,Model Town,4,4,Portion,Arsalan Aslam,Ahsan Qureshi,Litigated,Paid,Issue Found,Paid,53900000.0
15378,Nadeem Bukhari,DEMO-KPT-15378,House No. RDC-708,Street 27,Model Town,4,4,Portion,Nadeem Bukhari,Amna Yazdani,Pending,Paid,Clear,Paid,50200000.0
12185,Shahzadi Zardari,DEMO-KPT-12185,House No. CR-460,Street 29,Model Town,4,4,Portion,Shahzadi Zardari,Taimoor Toor,Pending,Paid,Under Review,Due,68500000.0
15466,Aisha Raza,DEMO-KPT-15466,House No. CRD-577,Street 30,Model Town,4,4,Portion,Aisha Raza,Zaynab Shafi,Litigated,Due,Issue Found,Due,49600000.0
1278,Komal Javed,DEMO-KPT-1278,House No. A-158,Street 4,Model Town,5,4,Portion,Komal Javed,Imran Ahmed,Pending,Paid,Under Review,Due,78700000.0
2241,Fayyaz Mehmood,DEMO-KPT-2241,House No. C-851,Street 4,Model Town,5,4,Portion,Fayyaz Mehmood,Qaiser Rashid,Pending,Due,Clear,Paid,35000000.0
5619,Arbaz Bhittani,DEMO-KPT-5619,House No. RC-306,Street 4,Model Town,5,4,Portion,Arbaz Bhittani,Ashar Lak,Pending,Paid,Under Review,Paid,77800000.0
8898,Alishba Shaikh,DEMO-KPT-8898,House No. BR-894,Street 9,Model Town,5,4,Portion,Alishba Shaikh,Farhan Joiya,Verified,Paid,Issue Found,Due,65200000.0
5651,Faizan Swati,DEMO-KPT-5651,House No. RR-553,Street 12,Model Town,5,4,Portion,Faizan Swati,Humayun Dahri,Litigated,Paid,Issue Found,Due,54600000.0
12235,Hadi Shakeel,DEMO-KPT-12235,House No. CB-832,Street 20,Model Town,5,4,Portion,Hadi Shakeel,Hafsa Sultan,Verified,Due,Under Review,Due,31500000.0
12358,Kanwal Warraich,DEMO-KPT-12358,House No. CC-836,Street 20,Model Town,5,4,Portion,Kanwal Warraich,Rayyan Rajper,Pending,Paid,Under Review,Paid,69000000.0
1253,Alina Ali,DEMO-KPT-1253,House No. A-668,Street 22,Model Town,5,4,Portion,Alina Ali,Hassan Iqbal,Verified,Due,Under Review,Due,24100000.0
15536,Iftikhar Kazmi,DEMO-KPT-15536,House No. BDR-797,Street 24,Model Town,5,4,Portion,Iftikhar Kazmi,Nasreen Gakhar,Verified,Due,Issue Found,Paid,34200000.0
12365,Ambreen Alvi,DEMO-KPT-12365,House No. RD-593,Street 29,Model Town,5,4,Portion,Ambreen Alvi,Balaj Zubairi,Pending,Paid,Clear,Paid,76400000.0
1293,Mariam Butt,DEMO-KPT-1293,House No. A-487,Street 8,Model Town,6,4,Portion,Mariam Butt,Nimra Farooq,Litigated,Paid,Clear,Due,31900000.0
12454,Shabbir Ahmed,DEMO-KPT-12454,House No. CD-508,Street 14,Model Town,6,4,Portion,Shabbir Ahmed,Nayab Farooq,Pending,Due,Clear,Paid,51500000.0
15690,Bashir Sadiq,DEMO-KPT-15690,House No. RBC-541,Street 15,Model Town,6,4,Portion,Bashir Sadiq,Afshan Tahir,Litigated,Due,Clear,Due,22500000.0
1301,Zain Hussain,DEMO-KPT-1301,House No. A-459,Street 19,Model Town,6,4,Portion,Zain Hussain,Muhammad Naeem,Verified,Paid,Issue Found,Paid,61100000.0
12530,Luqmaan Rashid,DEMO-KPT-12530,House No. BB-868,Street 19,Model Town,6,4,Portion,Luqmaan Rashid,Ruqayya Mahsud,Verified,Paid,Under Review,Paid,42500000.0
5753,Samra Khuhro,DEMO-KPT-5753,House No. BD-605,Street 22,Model Town,6,4,Portion,Samra Khuhro,Arooj Leghari,Verified,Due,Under Review,Due,65600000.0
2486,Javed Leghari,DEMO-KPT-2486,House No. D-692,Street 24,Model Town,6,4,Portion,Javed Leghari,Mateen Sahito,Verified,Due,Issue Found,Paid,56500000.0
5734,Jawad Bhurgri,DEMO-KPT-5734,House No. DB-658,Street 24,Model Town,6,4,Portion,Jawad Bhurgri,Rafia Ranjha,Verified,Paid,Clear,Paid,29400000.0
1307,Hira Siddiqui,DEMO-KPT-1307,House No. A-850,Street 25,Model Town,6,4,Portion,Hira Siddiqui,Usman Siddiqui,Verified,Paid,Issue Found,Due,53400000.0
9006,Muneeb Riaz,DEMO-KPT-9006,House No. BB-428,Street 25,Model Town,6,4,Portion,Muneeb Riaz,Bilawal Parvez,Pending,Paid,Under Review,Due,25600000.0
15692,Haleema Wattoo,DEMO-KPT-15692,House No. DBR-559,Street 27,Model Town,6,4,Portion,Haleema Wattoo,Obaid Zubair,Verified,Paid,Under Review,Due,39900000.0
2643,Hafiz Gandapur,DEMO-KPT-2643,House No. D-772,Street 8,Model Town,7,4,Portion,Hafiz Gandapur,Rameez Zia,Litigated,Paid,Clear,Due,79700000.0
1359,Laiba Malik,DEMO-KPT-1359,House No. A-911,Street 15,Model Town,7,4,Portion,Laiba Malik,Kashif Tariq,Litigated,Due,Clear,Paid,73900000.0
12609,Zohra Bangash,DEMO-KPT-12609,House No. BD-588,Street 15,Model Town,7,4,Portion,Zohra Bangash,Bilal Ranjha,Litigated,Due,Clear,Paid,42700000.0
5833,Azka Sandhu,DEMO-KPT-5833,House No. DR-559,Street 16,Model Town,7,4,Portion,Azka Sandhu,Fariha Pasha,Verified,Due,Clear,Due,48400000.0
5801,Zahra Qazi,DEMO-KPT-5801,House No. BC-381,Street 19,Model Town,7,4,Portion,Zahra Qazi,Laraib Nasar,Verified,Paid,Issue Found,Paid,40000000.0
9299,Yusuf Sabri,DEMO-KPT-9299,House No. BD-325,Street 19,Model Town,7,4,Portion,Yusuf Sabri,Shama Baig,Litigated,Paid,Issue Found,Paid,22300000.0
12685,Rahim Tanoli,DEMO-KPT-12685,House No. CR-890,Street 20,Model Town,7,4,Portion,Rahim Tanoli,Ihsan Nasar,Verified,Due,Under Review,Due,28500000.0
1358,Danish Butt,DEMO-KPT-1358,House No. A-247,Street 22,Model Town,7,4,Portion,Danish Butt,Komal Aslam,Verified,Paid,Issue Found,Paid,75100000.0
5883,Rafiq Siddiqui,DEMO-KPT-5883,House No. RD-492,Street 24,Model Town,7,4,Portion,Rafiq Siddiqui,Noman Wani,Verified,Paid,Under Review,Paid,65600000.0
5948,Urwa Naseem,DEMO-KPT-5948,House No. RD-544,Street 25,Model Town,7,4,Portion,Urwa Naseem,Naveed Turk,Pending,Due,Issue Found,Due,28900000.0
15785,Hussam Gill,DEMO-KPT-15785,House No. CBR-388,Street 29,Model Town,7,4,Portion,Hussam Gill,Sameer Kazmi,Pending,Paid,Under Review,Due,72400000.0
12723,Ayesha Khosa,DEMO-KPT-12723,House No. BD-748,Street 3,Model Town,8,4,Portion,Ayesha Khosa,Inaya Umer,Litigated,Paid,Clear,Due,60300000.0
6069,Salman Ali,DEMO-KPT-6069,House No. CR-770,Street 4,Model Town,8,4,Portion,Salman Ali,Safa Shafiq,Pending,Paid,Under Review,Paid,39900000.0
1438,Ahmed Naeem,DEMO-KPT-1438,House No. A-58,Street 7,Model Town,8,4,Portion,Ahmed Naeem,Hassan Khan,Litigated,Due,Clear,Due,70200000.0
2788,Ahsan Rana,DEMO-KPT-2788,House No. D-735,Street 7,Model Town,8,4,Portion,Ahsan Rana,Zartaj Memon,Litigated,Due,Clear,Due,52500000.0
1391,Fatima Farooq,DEMO-KPT-1391,House No. A-884,Street 8,Model Town,8,4,Portion,Fatima Farooq,Ali Naeem,Pending,Due,Clear,Paid,72300000.0
1389,Shoaib Noor,DEMO-KPT-1389,House No. A-731,Street 9,Model Town,8,4,Portion,Shoaib Noor,Iqra Shah,Pending,Due,Clear,Paid,25700000.0
2759,Wali Sipra,DEMO-KPT-2759,House No. D-312,Street 10,Model Town,8,4,Portion,Wali Sipra,Aryan Ranjha,Verified,Paid,Issue Found,Due,56900000.0
9423,Tariq Khan,DEMO-KPT-9423,House No. BB-890,Street 14,Model Town,8,4,Portion,Tariq Khan,Yasmeen Korai,Litigated,Due,Issue Found,Paid,60700000.0
1412,Muhammad Naeem,DEMO-KPT-1412,House No. A-969,Street 18,Model Town,8,4,Portion,Muhammad Naeem,Muhammad Farooq,Pending,Paid,Under Review,Paid,35100000.0
9445,Murtaza Kazmi,DEMO-KPT-9445,House No. BR-515,Street 21,Model Town,8,4,Portion,Murtaza Kazmi,Ahsan Jaffri,Pending,Due,Under Review,Due,63700000.0
12727,Nageen Marri,DEMO-KPT-12727,House No. CD-853,Street 24,Model Town,8,4,Portion,Nageen Marri,Nargis Bhatti,Pending,Due,Issue Found,Due,57800000.0
16012,Hoor Qadir,DEMO-KPT-16012,House No. BCD-692,Street 24,Model Town,8,4,Portion,Hoor Qadir,Nasir Warraich,Verified,Due,Under Review,Due,59500000.0
12770,Sobia Chandio,DEMO-KPT-12770,House No. CB-582,Street 26,Model Town,8,4,Portion,Sobia Chandio,Asra Saeed,Verified,Paid,Issue Found,Paid,58100000.0
9467,Shayan Laghari,DEMO-KPT-9467,House No. RB-802,Street 27,Model Town,8,4,Portion,Shayan Laghari,Nadia Yaqoob,Pending,Paid,Under Review,Due,21200000.0
2866,Anwar Noor,DEMO-KPT-2866,House No. D-847,Street 30,Model Town,8,4,Portion,Anwar Noor,Rida Daudzai,Litigated,Due,Issue Found,Due,49100000.0
16163,Saqib Bhatti,DEMO-KPT-16163,House No. BRC-517,Street 3,Model Town,9,4,Portion,Saqib Bhatti,Shehzad Qureshi,Verified,Due,Under Review,Due,55300000.0
6188,Khizar Rind,DEMO-KPT-6188,House No. CB-888,Street 7,Model Town,9,4,Portion,Khizar Rind,Nafisa Baloch,Litigated,Due,Clear,Paid,55900000.0
9490,Jalal Hoti,DEMO-KPT-9490,House No. DD-841,Street 19,Model Town,9,4,Portion,Jalal Hoti,Mahnaz Sheikh,Litigated,Paid,Issue Found,Paid,51500000.0
12980,Nigar Mir,DEMO-KPT-12980,House No. DD-391,Street 19,Model Town,9,4,Portion,Nigar Mir,Imad Sandhu,Verified,Paid,Under Review,Paid,65600000.0
9604,Iqbal Achakzai,DEMO-KPT-9604,House No. RD-560,Street 22,Model Town,9,4,Portion,Iqbal Achakzai,Affan Sohu,Verified,Paid,Issue Found,Due,77400000.0
16229,Batool Shakir,DEMO-KPT-16229,House No. CRD-542,Street 22,Model Town,9,4,Portion,Batool Shakir,Zehra Ali,Verified,Due,Clear,Due,28900000.0
16084,Arsalan Kazmi,DEMO-KPT-16084,House No. CRB-618,Street 24,Model Town,9,4,Portion,Arsalan Kazmi,Sakina Shakir,Verified,Paid,Clear,Paid,42000000.0
2924,Haris Awan,DEMO-KPT-2924,House No. D-415,Street 27,Model Town,9,4,Portion,Haris Awan,Mashal Swati,Litigated,Paid,Issue Found,Paid,65400000.0
3141,Azhar Zubairi,DEMO-KPT-3141,House No. R-316,Street 4,Model Town,10,4,Portion,Azhar Zubairi,Atiya Ranjha,Pending,Due,Clear,Paid,62500000.0
3238,Younas Bashir,DEMO-KPT-3238,House No. R-509,Street 7,Model Town,10,4,Portion,Younas Bashir,Kanwal Panhwar,Litigated,Due,Clear,Due,65300000.0
16308,Mahir Soomro,DEMO-KPT-16308,House No. CRD-377,Street 18,Model Town,10,4,Portion,Mahir Soomro,Mahjabeen Kiani,Litigated,Paid,Clear,Due,49500000.0
9749,Inaya Sardar,DEMO-KPT-9749,House No. CC-737,Street 19,Model Town,10,4,Portion,Inaya Sardar,Hafsa Raza,Litigated,Paid,Issue Found,Paid,36700000.0
16285,Sadiq Yasin,DEMO-KPT-16285,House No. BCD-881,Street 20,Model Town,10,4,Portion,Sadiq Yasin,Isha Gakhar,Verified,Due,Under Review,Due,63400000.0
13079,Shahbaz Nawaz,DEMO-KPT-13079,House No. DD-372,Street 22,Model Town,10,4,Portion,Shahbaz Nawaz,Yousaf Sabri,Verified,Due,Clear,Due,62400000.0
3183,Saima Mansoor,DEMO-KPT-3183,House No. B-483,Street 24,Model Town,10,4,Portion,Saima Mansoor,Asif Hanif,Verified,Paid,Under Review,Paid,34200000.0
3167,Nafisa Yousaf,DEMO-KPT-3167,House No. R-319,Street 27,Model Town,10,4,Portion,Nafisa Yousaf,Siddique Sadiq,Pending,Paid,Under Review,Due,28800000.0
6627,Hafiz Khosa,DEMO-KPT-6627,House No. BD-717,Street 20,Model Town,11,4,Portion,Hafiz Khosa,Ghulam Jamali,Verified,Paid,Under Review,Paid,34700000.0
6664,Hafiz Sindhi,DEMO-KPT-6664,House No. RB-651,Street 26,Model Town,11,4,Portion,Hafiz Sindhi,Shahid Hashmi,Pending,Due,Issue Found,Paid,41200000.0
13220,Hanzala Rajper,DEMO-KPT-13220,House No. RB-511,Street 26,Model Town,11,4,Portion,Hanzala Rajper,Ifrah Leghari,Verified,Paid,Issue Found,Paid,51000000.0
16424,Dilshad Chaudhry,DEMO-KPT-16424,House No. BRD-668,Street 27,Model Town,11,4,Portion,Dilshad Chaudhry,Asra Yousafzai,Litigated,Paid,Issue Found,Paid,68600000.0
16547,Saeeda Haral,DEMO-KPT-16547,House No. BRC-703,Street 27,Model Town,11,4,Portion,Saeeda Haral,Atiya Imran,Litigated,Paid,Issue Found,Paid,73700000.0
3301,Haider Mangi,DEMO-KPT-3301,House No. R-711,Street 29,Model Town,11,4,Portion,Haider Mangi,Qudrat Rajput,Verified,Due,Under Review,Due,54300000.0
13265,Talha Soomro,DEMO-KPT-13265,House No. CC-699,Street 29,Model Town,11,4,Portion,Talha Soomro,Shumaila Mohmand,Pending,Paid,Clear,Paid,26700000.0
13315,Javed Bhat,DEMO-KPT-13315,House No. CB-311,Street 29,Model Town,11,4,Portion,Javed Bhat,Naeem Anwar,Litigated,Paid,Issue Found,Due,58400000.0
16590,Muneeba Hayat,DEMO-KPT-16590,House No. DRC-422,Street 15,Model Town,12,4,Portion,Muneeba Hayat,Parvez Mustafa,Litigated,Due,Clear,Due,29000000.0
16659,Hashim Butt,DEMO-KPT-16659,House No. BRC-728,Street 15,Model Town,12,4,Portion,Hashim Butt,Alamgir Kayani,Litigated,Due,Clear,Paid,20600000.0
13392,Azan Mian,DEMO-KPT-13392,House No. BR-404,Street 22,Model Town,12,4,Portion,Azan Mian,Shafaq Lashari,Pending,Due,Under Review,Paid,61900000.0
3606,Iram Popalzai,DEMO-KPT-3606,House No. B-475,Street 25,Model Town,12,4,Portion,Iram Popalzai,Hafeez Kasi,Pending,Paid,Under Review,Due,47900000.0
16607,Nashra Minhas,DEMO-KPT-16607,House No. DCB-844,Street 25,Model Town,12,4,Portion,Nashra Minhas,Hina Alvi,Verified,Paid,Issue Found,Due,62400000.0
16667,Hashim Khalid,DEMO-KPT-16667,House No. CBD-823,Street 27,Model Town,12,4,Portion,Hashim Khalid,Laiba Parvez,Pending,Paid,Under Review,Due,37900000.0
13473,Shabbir Laghari,DEMO-KPT-13473,House No. RCB-502,Street 14,Model Town,13,4,Portion,Shabbir Laghari,Tauseef Gakhar,Litigated,Due,Issue Found,Paid,76900000.0
16793,Aftab Bajwa,DEMO-KPT-16793,House No. BDC-844,Street 15,Model Town,13,4,Portion,Aftab Bajwa,Hina Ranjha,Verified,Paid,Issue Found,Due,67300000.0
6984,Samra Rafique,DEMO-KPT-6984,House No. BD-784,Street 18,Model Town,13,4,Portion,Samra Rafique,Fasih Chandio,Litigated,Due,Issue Found,Due,78100000.0
10301,Emaan Panezai,DEMO-KPT-10301,House No. DD-684,Street 19,Model Town,13,4,Portion,Emaan Panezai,Maryam Afridi,Verified,Paid,Issue Found,Paid,34000000.0
10379,Talal Sheikh,DEMO-KPT-10379,House No. CD-503,Street 22,Model Town,13,4,Portion,Talal Sheikh,Sara Lashari,Verified,Due,Clear,Due,40400000.0
13508,Zayan Sindhi,DEMO-KPT-13508,House No. RCB-822,Street 22,Model Town,13,4,Portion,Zayan Sindhi,Zoya Yousaf,Verified,Paid,Issue Found,Paid,39000000.0
6983,Misbah Chandio,DEMO-KPT-6983,House No. CR-833,Street 24,Model Town,13,4,Portion,Misbah Chandio,Sadaf Mohammadzai,Pending,Paid,Under Review,Paid,59000000.0
16886,Sonia Tahir,DEMO-KPT-16886,House No. BDR-553,Street 24,Model Town,13,4,Portion,Sonia Tahir,Shafay Bettani,Verified,Due,Issue Found,Paid,49600000.0
4041,Amber Dayo,DEMO-KPT-4041,House No. CR-734,Street 4,Model Town,14,4,Portion,Amber Dayo,Sharjeel Gabol,Pending,Due,Clear,Paid,76700000.0
7194,Afshan Javed,DEMO-KPT-7194,House No. RD-700,Street 7,Model Town,14,4,Portion,Afshan Javed,Amal Sabri,Verified,Paid,Clear,Paid,70200000.0
7241,Asra Mian,DEMO-KPT-7241,House No. CC-652,Street 8,Model Town,14,4,Portion,Asra Mian,Bakhtawar Tanvir,Pending,Due,Clear,Paid,24300000.0
4109,Shahzadi Niazi,DEMO-KPT-4109,House No. DR-413,Street 10,Model Town,14,4,Portion,Shahzadi Niazi,Alizeh Memon,Verified,Paid,Issue Found,Due,50900000.0
13559,Anila Awan,DEMO-KPT-13559,House No. CBD-896,Street 10,Model Town,14,4,Portion,Anila Awan,Inshal Joiya,Verified,Paid,Issue Found,Due,79900000.0
10498,Zunair Rizvi,DEMO-KPT-10498,House No. CB-858,Street 15,Model Town,14,4,Portion,Zunair Rizvi,Yousaf Khattak,Litigated,Due,Clear,Due,51100000.0
7049,Sadaf Yasin,DEMO-KPT-7049,House No. DR-416,Street 19,Model Town,14,4,Portion,Sadaf Yasin,Ibrahim Rizvi,Litigated,Paid,Issue Found,Paid,70500000.0
10520,Mina Yasin,DEMO-KPT-10520,House No. RD-732,Street 26,Model Town,14,4,Portion,Mina Yasin,Akram Naqvi,Verified,Paid,Issue Found,Paid,77200000.0
7262,Neha Zardari,DEMO-KPT-7262,House No. RB-512,Street 18,Model Town,15,4,Portion,Neha Zardari,Mukhtar Dogar,Pending,Paid,Under Review,Paid,67400000.0
4258,Noor Virk,DEMO-KPT-4258,House No. RR-664,Street 20,Model Town,15,4,Portion,Noor Virk,Rehana Mohmand,Pending,Paid,Under Review,Paid,42900000.0
10580,Ruqayya Mansoor,DEMO-KPT-10580,House No. RR-669,Street 21,Model Town,15,4,Portion,Ruqayya Mansoor,Abeera Saif,Pending,Paid,Under Review,Paid,22700000.0
10692,Laraib Ghumman,DEMO-KPT-10692,House No. DC-485,Street 22,Model Town,15,4,Portion,Laraib Ghumman,Talat Awan,Pending,Due,Under Review,Paid,20200000.0
4220,Haider Kiani,DEMO-KPT-4220,House No. RD-863,Street 26,Model Town,15,4,Portion,Haider Kiani,Sajjad Akhtar,Verified,Paid,Issue Found,Paid,35700000.0
4128,Wahab Gill,DEMO-KPT-4128,House No. RC-694,Street 27,Model Town,15,4,Portion,Wahab Gill,Daniya Kamboh,Pending,Paid,Clear,Paid,46800000.0
13838,Mehak Chattha,DEMO-KPT-13838,House No. DCR-832,Street 7,Model Town,16,4,Portion,Mehak Chattha,Sidra Magsi,Litigated,Due,Clear,Paid,50700000.0
7593,Saleha Panezai,DEMO-KPT-7593,House No. BR-510,Street 8,Model Town,16,4,Portion,Saleha Panezai,Zaid Kasi,Litigated,Paid,Clear,Due,68300000.0
13890,Waqas Javed,DEMO-KPT-13890,House No. CBD-624,Street 15,Model Town,16,4,Portion,Waqas Javed,Muneeba Kalhoro,Litigated,Due,Clear,Due,32700000.0
7633,Fida Bugti,DEMO-KPT-7633,House No. RD-848,Street 16,Model Town,16,4,Portion,Fida Bugti,Noor Mughal,Verified,Due,Clear,Due,49400000.0
4430,Saba Jamali,DEMO-KPT-4430,House No. RC-365,Street 19,Model Town,16,4,Portion,Saba Jamali,Kanwal Khokhar,Verified,Paid,Under Review,Paid,62700000.0
13901,Tamim Mangi,DEMO-KPT-13901,House No. CRD-678,Street 19,Model Town,16,4,Portion,Tamim Mangi,Nadeem Mehmood,Verified,Paid,Issue Found,Paid,38300000.0
13736,Zarmeen Wattoo,DEMO-KPT-13736,House No. CDB-791,Street 24,Model Town,16,4,Portion,Zarmeen Wattoo,Mahmood Popalzai,Verified,Due,Issue Found,Paid,70300000.0
7465,Hasnain Chandio,DEMO-KPT-7465,House No. CR-694,Street 29,Model Town,16,4,Portion,Hasnain Chandio,Mishal Saif,Litigated,Paid,Issue Found,Due,45000000.0
11051,Mirha Yousaf,DEMO-KPT-11051,House No. BR-843,Street 12,Model Town,17,4,Portion,Mirha Yousaf,Zohra Talpur,Litigated,Paid,Issue Found,Due,22900000.0
10948,Zartaj Rind,DEMO-KPT-10948,House No. BR-560,Street 15,Model Town,17,4,Portion,Zartaj Rind,Kamil Daudzai,Litigated,Due,Clear,Due,32200000.0
14098,Qudrat Warsi,DEMO-KPT-14098,House No. RBC-560,Street 15,Model Town,17,4,Portion,Qudrat Warsi,Sitara Zubairi,Litigated,Due,Clear,Due,48300000.0
7820,Sufyan Aslam,DEMO-KPT-7820,House No. BB-771,Street 26,Model Town,17,4,Portion,Sufyan Aslam,Jamila Zubairi,Verified,Paid,Issue Found,Paid,70400000.0
7954,Ishaq Zafar,DEMO-KPT-7954,House No. BD-600,Street 14,Model Town,18,4,Portion,Ishaq Zafar,Zeshan Saif,Pending,Due,Clear,Paid,26800000.0
14340,Saad Kamal,DEMO-KPT-14340,House No. RBD-641,Street 15,Model Town,18,4,Portion,Saad Kamal,Babar Farooqi,Litigated,Due,Clear,Due,57000000.0
14303,Ijaz Jamali,DEMO-KPT-14303,House No. CRB-548,Street 22,Model Town,18,4,Portion,Ijaz Jamali,Mashal Awan,Verified,Due,Under Review,Due,79500000.0
8175,Rashida Kamboh,DEMO-KPT-8175,House No. RC-338,Street 3,Model Town,19,4,Portion,Rashida Kamboh,Ayan Khalid,Verified,Due,Under Review,Paid,69200000.0
4804,Imtiaz Jafri,DEMO-KPT-4804,House No. RR-675,Street 14,Model Town,19,4,Portion,Imtiaz Jafri,Afzal Korai,Pending,Due,Clear,Paid,77900000.0
14548,Talha Sheikh,DEMO-KPT-14548,House No. BDR-313,Street 15,Model Town,19,4,Portion,Talha Sheikh,Ayub Lughmani,Litigated,Due,Clear,Due,64600000.0
11283,Hania Ghaffar,DEMO-KPT-11283,House No. BR-563,Street 24,Model Town,19,4,Portion,Hania Ghaffar,Ayub Swati,Verified,Paid,Under Review,Paid,46400000.0
11267,Haris Ali,DEMO-KPT-11267,House No. RC-584,Street 27,Model Town,19,4,Portion,Haris Ali,Rahila Sardar,Pending,Paid,Under Review,Due,68700000.0
14482,Waleed Raza,DEMO-KPT-14482,House No. RBD-891,Street 27,Model Town,19,4,Portion,Waleed Raza,Kaleemullah Haral,Litigated,Due,Issue Found,Paid,32200000.0
8209,Nadia Sial,DEMO-KPT-8209,House No. BD-456,Street 6,Model Town,20,4,Portion,Nadia Sial,Tanveer Lari,Verified,Paid,Clear,Due,58200000.0
14823,Mahreen Kidwai,DEMO-KPT-14823,House No. BDC-374,Street 14,Model Town,20,4,Portion,Mahreen Kidwai,Uroosa Rajper,Litigated,Due,Issue Found,Paid,72400000.0
5098,Asra Saif,DEMO-KPT-5098,House No. BD-731,Street 15,Model Town,20,4,Portion,Asra Saif,Yasmeen Bukhari,Litigated,Due,Clear,Due,78900000.0
8248,Ikhlaq Bilgrami,DEMO-KPT-8248,House No. DD-382,Street 15,Model Town,20,4,Portion,Ikhlaq Bilgrami,Ijaz Yasin,Litigated,Due,Clear,Due,21700000.0
8270,Sobia Hanif,DEMO-KPT-8270,House No. BC-517,Street 26,Model Town,20,4,Portion,Sobia Hanif,Zawar Tunio,Verified,Paid,Issue Found,Paid,46500000.0
14792,Saif Qazi,DEMO-KPT-14792,House No. RBC-367,Street 27,Model Town,20,4,Portion,Saif Qazi,Farzana Yousafzai,Verified,Paid,Under Review,Due,36600000.0
9988,Rida Bashir,DEMO-KPT-9988,House No. DR-759,Street 7,North Karachi,1,4,Portion,Rida Bashir,Shabbir Kidwai,Litigated,Due,Clear,Due,46100000.0
15101,Aamir Zubairi,DEMO-KPT-15101,House No. DBR-850,Street 12,North Karachi,1,4,Portion,Aamir Zubairi,Mukhtar Kayani,Litigated,Paid,Issue Found,Due,38200000.0
15094,Waseem Mustafa,DEMO-KPT-15094,House No. CDR-632,Street 14,North Karachi,1,4,Portion,Waseem Mustafa,Ayub Mohammadzai,Litigated,Due,Under Review,Due,44500000.0
3159,Ayan Pasha,DEMO-KPT-3159,House No. B-582,Street 15,North Karachi,1,4,Portion,Ayan Pasha,Talat Ali,Litigated,Due,Clear,Paid,60800000.0
8330,Jannat Sipra,DEMO-KPT-8330,House No. RD-800,Street 21,North Karachi,1,4,Portion,Jannat Sipra,Rafia Tanoli,Pending,Paid,Under Review,Paid,29100000.0
3179,Fauzia Hinjra,DEMO-KPT-3179,House No. B-408,Street 22,North Karachi,1,4,Portion,Fauzia Hinjra,Haziq Mughal,Verified,Due,Clear,Due,22100000.0
11729,Yaqoob Barakzai,DEMO-KPT-11729,House No. DD-661,Street 22,North Karachi,1,4,Portion,Yaqoob Barakzai,Mina Ghani,Verified,Due,Clear,Due,41300000.0
1477,Alina Sohu,DEMO-KPT-1477,House No. B-683,Street 24,North Karachi,1,4,Portion,Alina Sohu,Nashra Rajput,Pending,Due,Issue Found,Due,36600000.0
6707,Qasim Gakhar,DEMO-KPT-6707,House No. DR-637,Street 25,North Karachi,1,4,Portion,Qasim Gakhar,Fareeha Tanoli,Verified,Paid,Issue Found,Due,59700000.0
11706,Bakhtawar Rana,DEMO-KPT-11706,House No. CC-717,Street 25,North Karachi,1,4,Portion,Bakhtawar Rana,Aziz Bajwa,Pending,Paid,Under Review,Due,61200000.0
4892,Nida Ali,DEMO-KPT-4892,House No. CR-345,Street 27,North Karachi,1,4,Portion,Nida Ali,Adil Kazmi,Verified,Paid,Under Review,Due,49100000.0
9982,Munir Kayani,DEMO-KPT-9982,House No. DD-553,Street 27,North Karachi,1,4,Portion,Munir Kayani,Raheel Bijarani,Litigated,Due,Issue Found,Paid,35700000.0
11717,Armaghan Tiwana,DEMO-KPT-11717,House No. CR-718,Street 27,North Karachi,1,4,Portion,Armaghan Tiwana,Fozia Soomro,Pending,Paid,Under Review,Due,32300000.0
13397,Nida Lakhani,DEMO-KPT-13397,House No. RR-731,Street 27,North Karachi,1,4,Portion,Nida Lakhani,Alam Bettani,Litigated,Paid,Issue Found,Paid,50500000.0
11823,Marium Ghani,DEMO-KPT-11823,House No. DB-856,Street 3,North Karachi,2,4,Portion,Marium Ghani,Noor Dreshak,Litigated,Paid,Clear,Due,70200000.0
4989,Samiya Majeed,DEMO-KPT-4989,House No. BC-819,Street 9,North Karachi,2,4,Portion,Samiya Majeed,Munir Alvi,Pending,Due,Clear,Paid,64200000.0
6723,Rashida Mirani,DEMO-KPT-6723,House No. RR-477,Street 14,North Karachi,2,4,Portion,Rashida Mirani,Mushtaq Majeed,Litigated,Due,Issue Found,Paid,51700000.0
3298,Laiba Soomro,DEMO-KPT-3298,House No. C-542,Street 15,North Karachi,2,4,Portion,Laiba Soomro,Laiba Tarar,Litigated,Due,Clear,Due,33400000.0
8490,Tahseen Jaffri,DEMO-KPT-8490,House No. BR-820,Street 15,North Karachi,2,4,Portion,Tahseen Jaffri,Yaqoob Peerzada,Litigated,Due,Clear,Due,56700000.0
1553,Amara Hinjra,DEMO-KPT-1553,House No. C-572,Street 19,North Karachi,2,4,Portion,Amara Hinjra,Sana Akhtar,Verified,Paid,Issue Found,Due,29800000.0
8427,Sharjeel Umer,DEMO-KPT-8427,House No. RB-612,Street 20,North Karachi,2,4,Portion,Sharjeel Umer,Sara Popalzai,Verified,Paid,Under Review,Paid,57600000.0
16858,Ayaz Bashir,DEMO-KPT-16858,House No. RDB-636,Street 20,North Karachi,2,4,Portion,Ayaz Bashir,Zoya Palijo,Pending,Paid,Under Review,Paid,72400000.0
6756,Sarfraz Anwar,DEMO-KPT-6756,House No. CD-712,Street 25,North Karachi,2,4,Portion,Sarfraz Anwar,Rohail Pasha,Pending,Paid,Under Review,Due,40400000.0
1615,Arslan Rafique,DEMO-KPT-1615,House No. D-307,Street 29,North Karachi,2,4,Portion,Arslan Rafique,Manzoor Mahesar,Litigated,Paid,Issue Found,Due,70100000.0
13535,Kashif Cheema,DEMO-KPT-13535,House No. RBC-400,Street 29,North Karachi,2,4,Portion,Kashif Cheema,Taimur Niazi,Pending,Paid,Under Review,Due,65600000.0
10066,Zameer Noor,DEMO-KPT-10066,House No. BC-897,Street 30,North Karachi,2,4,Portion,Zameer Noor,Zain Khan,Litigated,Due,Issue Found,Due,59700000.0
1728,Iqbal Bukhari,DEMO-KPT-1728,House No. B-345,Street 4,North Karachi,3,4,Portion,Iqbal Bukhari,Daniya Wazir,Pending,Paid,Under Review,Due,68700000.0
15188,Tanveer Kalhoro,DEMO-KPT-15188,House No. BRC-472,Street 7,North Karachi,3,4,Portion,Tanveer Kalhoro,Mudassar Sial,Litigated,Due,Clear,Paid,47400000.0
3394,Rafia Yazdani,DEMO-KPT-3394,House No. C-764,Street 14,North Karachi,3,4,Portion,Rafia Yazdani,Jazib Rind,Litigated,Due,Under Review,Due,77600000.0
3384,Kamal Baig,DEMO-KPT-3384,House No. C-700,Street 18,North Karachi,3,4,Portion,Kamal Baig,Sundas Ghazali,Litigated,Due,Issue Found,Due,63300000.0
10103,Sobia Peerzada,DEMO-KPT-10103,House No. DD-869,Street 19,North Karachi,3,4,Portion,Sobia Peerzada,Noshaba Kakar,Verified,Paid,Issue Found,Due,29200000.0
1677,Naveed Imran,DEMO-KPT-1677,House No. R-658,Street 20,North Karachi,3,4,Portion,Naveed Imran,Ayeza Tareen,Verified,Paid,Under Review,Paid,63200000.0
13585,Noor Lodhi,DEMO-KPT-13585,House No. BDC-780,Street 20,North Karachi,3,4,Portion,Noor Lodhi,Fasih Bhatti,Verified,Due,Under Review,Due,57700000.0
3304,Mubashra Mahesar,DEMO-KPT-3304,House No. B-355,Street 22,North Karachi,3,4,Portion,Mubashra Mahesar,Uzair Naqvi,Verified,Paid,Issue Found,Due,39000000.0
15184,Zohair Mohammadzai,DEMO-KPT-15184,House No. CDB-723,Street 24,North Karachi,3,4,Portion,Zohair Mohammadzai,Bilquis Bhutto,Verified,Paid,Clear,Paid,64400000.0
16984,Bilawal Bhat,DEMO-KPT-16984,House No. CRD-701,Street 24,North Karachi,3,4,Portion,Bilawal Bhat,Arisha Mohammadzai,Verified,Paid,Clear,Paid,63600000.0
13582,Maryum Mehmood,DEMO-KPT-13582,House No. CBR-389,Street 27,North Karachi,3,4,Portion,Maryum Mehmood,Sajida Khan,Litigated,Due,Issue Found,Paid,29500000.0
11866,Mubashra Shah,DEMO-KPT-11866,House No. RC-798,Street 30,North Karachi,3,4,Portion,Mubashra Shah,Ghazala Shaikh,Litigated,Due,Issue Found,Due,24100000.0
8673,Ismail Khokhar,DEMO-KPT-8673,House No. CR-454,Street 3,North Karachi,4,4,Portion,Ismail Khokhar,Idrees Ilyas,Litigated,Paid,Clear,Due,72500000.0
11919,Zohair Minhas,DEMO-KPT-11919,House No. DC-365,Street 4,North Karachi,4,4,Portion,Zohair Minhas,Arfa Soomro,Pending,Paid,Under Review,Paid,54900000.0
13719,Lina Gabol,DEMO-KPT-13719,House No. DRC-760,Street 4,North Karachi,4,4,Portion,Lina Gabol,Madiha Chaudhry,Pending,Paid,Under Review,Paid,67400000.0
6859,Fasih Hinjra,DEMO-KPT-6859,House No. RR-406,Street 6,North Karachi,4,4,Portion,Fasih Hinjra,Noor Kamboh,Verified,Paid,Clear,Due,42900000.0
8638,Mahira Qazi,DEMO-KPT-8638,House No. DB-661,Street 7,North Karachi,4,4,Portion,Mahira Qazi,Mahreen Kayani,Litigated,Due,Clear,Due,35800000.0
1773,Irfan Bijarani,DEMO-KPT-1773,House No. D-458,Street 14,North Karachi,4,4,Portion,Irfan Bijarani,Farwa Dawood,Litigated,Due,Issue Found,Paid,70700000.0
5194,Subhan Bhurgri,DEMO-KPT-5194,House No. DB-690,Street 14,North Karachi,4,4,Portion,Subhan Bhurgri,Hammad Pasha,Litigated,Due,Under Review,Due,73900000.0
6858,Fawad Dogar,DEMO-KPT-6858,House No. BB-550,Street 18,North Karachi,4,4,Portion,Fawad Dogar,Farrukh Warsi,Litigated,Paid,Clear,Due,73700000.0
1751,Nazia Dreshak,DEMO-KPT-1751,House No. B-352,Street 19,North Karachi,4,4,Portion,Nazia Dreshak,Shabbir Mian,Verified,Paid,Issue Found,Paid,28500000.0
15277,Izhar Jadoon,DEMO-KPT-15277,House No. BRD-801,Street 19,North Karachi,4,4,Portion,Izhar Jadoon,Mehreen Pasha,Pending,Due,Issue Found,Paid,49700000.0
10253,Zainab Achakzai,DEMO-KPT-10253,House No. DD-378,Street 22,North Karachi,4,4,Portion,Zainab Achakzai,Sarmad Lari,Verified,Due,Under Review,Due,67900000.0
15290,Javed Randhawa,DEMO-KPT-15290,House No. CRD-526,Street 23,North Karachi,4,4,Portion,Javed Randhawa,Farwa Tanvir,Litigated,Paid,Issue Found,Due,64700000.0
1742,Malaika Dayo,DEMO-KPT-1742,House No. R-555,Street 27,North Karachi,4,4,Portion,Malaika Dayo,Erum Mahar,Verified,Paid,Under Review,Due,28100000.0
11915,Khawar Dar,DEMO-KPT-11915,House No. CD-849,Street 29,North Karachi,4,4,Portion,Khawar Dar,Saleem Sadiq,Pending,Paid,Clear,Paid,68900000.0
10341,Fayyaz Kamboh,DEMO-KPT-10341,House No. RR-808,Street 4,North Karachi,5,4,Portion,Fayyaz Kamboh,Hoorain Abbasi,Pending,Due,Clear,Paid,50700000.0
13804,Zara Javed,DEMO-KPT-13804,House No. DRB-440,Street 14,North Karachi,5,4,Portion,Zara Javed,Mehreen Mangi,Pending,Due,Clear,Paid,35200000.0
8698,Arsalan Rana,DEMO-KPT-8698,House No. RD-479,Street 15,North Karachi,5,4,Portion,Arsalan Rana,Tariq Latif,Litigated,Due,Clear,Due,33000000.0
10290,Misbah Sandhu,DEMO-KPT-10290,House No. DR-750,Street 15,North Karachi,5,4,Portion,Misbah Sandhu,Nageen Panhwar,Litigated,Due,Clear,Due,50700000.0
1862,Wahab Ghauri,DEMO-KPT-1862,House No. D-580,Street 18,North Karachi,5,4,Portion,Wahab Ghauri,Alina Ilyas,Pending,Paid,Under Review,Paid,45400000.0
3551,Hafeez Mari,DEMO-KPT-3551,House No. R-558,Street 19,North Karachi,5,4,Portion,Hafeez Mari,Ismail Wattoo,Verified,Paid,Issue Found,Paid,73500000.0
11999,Yumna Naqvi,DEMO-KPT-11999,House No. DC-735,Street 19,North Karachi,5,4,Portion,Yumna Naqvi,Hania Bettani,Litigated,Paid,Issue Found,Paid,63700000.0
3477,Noman Ijaz,DEMO-KPT-3477,House No. B-613,Street 20,North Karachi,5,4,Portion,Noman Ijaz,Qaiser Tahir,Verified,Paid,Under Review,Paid,50200000.0
1836,Malaika Waheed,DEMO-KPT-1836,House No. D-381,Street 26,North Karachi,5,4,Portion,Malaika Waheed,Tasneem Khan,Litigated,Paid,Clear,Paid,78200000.0
1817,Fabiha Qadir,DEMO-KPT-1817,House No. R-514,Street 27,North Karachi,5,4,Portion,Fabiha Qadir,Kainat Javed,Pending,Paid,Under Review,Due,24800000.0
1882,Laiba Baig,DEMO-KPT-1882,House No. B-315,Street 27,North Karachi,5,4,Portion,Laiba Baig,Maham Qureshi,Litigated,Due,Issue Found,Paid,76400000.0
7097,Asim Hinjra,DEMO-KPT-7097,House No. RR-531,Street 27,North Karachi,5,4,Portion,Asim Hinjra,Zohaib Ali,Litigated,Paid,Issue Found,Paid,27800000.0
8769,Abeera Panezai,DEMO-KPT-8769,House No. RD-612,Street 4,North Karachi,6,4,Portion,Abeera Panezai,Urwa Yaqoob,Pending,Paid,Under Review,Paid,24600000.0
15409,Zaynab Mengal,DEMO-KPT-15409,House No. CBR-683,Street 6,North Karachi,6,4,Portion,Zaynab Mengal,Hamza Kamal,Verified,Paid,Clear,Due,72500000.0
12093,Sajjad Saif,DEMO-KPT-12093,House No. DC-408,Street 8,North Karachi,6,4,Portion,Sajjad Saif,Daniya Shah,Litigated,Paid,Clear,Due,31000000.0
8801,Kabeer Zardari,DEMO-KPT-8801,House No. BD-317,Street 12,North Karachi,6,4,Portion,Kabeer Zardari,Ayeza Rana,Litigated,Paid,Issue Found,Due,72200000.0
3573,Tayyab Turk,DEMO-KPT-3573,House No. B-394,Street 14,North Karachi,6,4,Portion,Tayyab Turk,Balaj Achakzai,Litigated,Due,Issue Found,Paid,63500000.0
3583,Liaquat Mirza,DEMO-KPT-3583,House No. D-319,Street 16,North Karachi,6,4,Portion,Liaquat Mirza,Marwa Umer,Verified,Due,Clear,Due,62200000.0
10412,Hussnain Gandapur,DEMO-KPT-10412,House No. BB-741,Street 18,North Karachi,6,4,Portion,Hussnain Gandapur,Syeda Soomro,Pending,Paid,Under Review,Paid,29600000.0
15408,Shazia Ilyas,DEMO-KPT-15408,House No. DCR-840,Street 18,North Karachi,6,4,Portion,Shazia Ilyas,Hoor Bhittani,Litigated,Paid,Clear,Due,67500000.0
2003,Sanam Bhurgri,DEMO-KPT-2003,House No. D-816,Street 19,North Karachi,6,4,Portion,Sanam Bhurgri,Salahuddin Rajput,Verified,Paid,Issue Found,Due,78200000.0
7130,Marwa Farooqi,DEMO-KPT-7130,House No. BB-476,Street 19,North Karachi,6,4,Portion,Marwa Farooqi,Zehra Farooq,Verified,Paid,Under Review,Paid,45900000.0
2008,Anmol Cheena,DEMO-KPT-2008,House No. B-690,Street 20,North Karachi,6,4,Portion,Anmol Cheena,Qadir Qureshi,Pending,Paid,Under Review,Paid,56300000.0
3595,Inam Gabol,DEMO-KPT-3595,House No. R-470,Street 21,North Karachi,6,4,Portion,Inam Gabol,Laraib Afridi,Pending,Due,Under Review,Due,46000000.0
5292,Emaan Mahar,DEMO-KPT-5292,House No. BR-879,Street 22,North Karachi,6,4,Portion,Emaan Mahar,Waseem Shinwari,Pending,Due,Under Review,Paid,79900000.0
3590,Samina Nadeem,DEMO-KPT-3590,House No. R-374,Street 23,North Karachi,6,4,Portion,Samina Nadeem,Manzoor Shafi,Litigated,Paid,Issue Found,Due,28300000.0
10383,Adeel Sadiq,DEMO-KPT-10383,House No. BR-694,Street 24,North Karachi,6,4,Portion,Adeel Sadiq,Farwa Qureshi,Verified,Paid,Under Review,Paid,71500000.0
15398,Ambreen Janjua,DEMO-KPT-15398,House No. DBR-442,Street 25,North Karachi,6,4,Portion,Ambreen Janjua,Khawar Chaudhry,Pending,Due,Issue Found,Due,21600000.0
13864,Khansa Saleem,DEMO-KPT-13864,House No. RBC-780,Street 26,North Karachi,6,4,Portion,Khansa Saleem,Khadija Wani,Pending,Due,Issue Found,Paid,31600000.0
10432,Shees Dawood,DEMO-KPT-10432,House No. RR-315,Street 27,North Karachi,6,4,Portion,Shees Dawood,Naila Samo,Litigated,Due,Issue Found,Paid,67300000.0
3635,Bisma Zubairi,DEMO-KPT-3635,House No. D-424,Street 29,North Karachi,6,4,Portion,Bisma Zubairi,Inshal Latif,Pending,Paid,Under Review,Due,38300000.0
8815,Qaiser Yousaf,DEMO-KPT-8815,House No. RC-618,Street 29,North Karachi,6,4,Portion,Qaiser Yousaf,Umar Panezai,Litigated,Paid,Issue Found,Due,38600000.0
3675,Zara Alvi,DEMO-KPT-3675,House No. C-807,Street 3,North Karachi,7,4,Portion,Zara Alvi,Haziq Wani,Verified,Due,Under Review,Paid,60200000.0
10473,Azan Noor,DEMO-KPT-10473,House No. DB-614,Street 3,North Karachi,7,4,Portion,Azan Noor,Sehar Yousaf,Litigated,Paid,Clear,Due,24600000.0
14025,Inshal Mengal,DEMO-KPT-14025,House No. CBD-490,Street 3,North Karachi,7,4,Portion,Inshal Mengal,Mahira Lone,Verified,Due,Under Review,Paid,28500000.0
12141,Rubab Khalid,DEMO-KPT-12141,House No. BC-503,Street 4,North Karachi,7,4,Portion,Rubab Khalid,Zeeshan Zubairi,Pending,Due,Clear,Paid,62600000.0
15519,Ambreen Mari,DEMO-KPT-15519,House No. BCR-511,Street 4,North Karachi,7,4,Portion,Ambreen Mari,Amber Mansoor,Pending,Paid,Under Review,Paid,50400000.0
8854,Irtaza Khuhro,DEMO-KPT-8854,House No. BD-310,Street 14,North Karachi,7,4,Portion,Irtaza Khuhro,Marwa Popalzai,Pending,Due,Clear,Paid,52100000.0
15576,Safa Akhtar,DEMO-KPT-15576,House No. BRC-431,Street 17,North Karachi,7,4,Portion,Safa Akhtar,Rustam Kamal,Pending,Paid,Clear,Paid,66500000.0
2034,Adeel Bettani,DEMO-KPT-2034,House No. C-546,Street 18,North Karachi,7,4,Portion,Adeel Bettani,Rubab Kharal,Litigated,Due,Issue Found,Due,66000000.0
14012,Shan Gill,DEMO-KPT-14012,House No. DRB-395,Street 18,North Karachi,7,4,Portion,Shan Gill,Amara Qureshi,Pending,Paid,Under Review,Paid,47100000.0
15534,Sanam Khattak,DEMO-KPT-15534,House No. BDR-820,Street 18,North Karachi,7,4,Portion,Sanam Khattak,Fauzia Rajper,Litigated,Due,Issue Found,Due,54900000.0
13990,Daniyal Dogar,DEMO-KPT-13990,House No. RBD-390,Street 19,North Karachi,7,4,Portion,Daniyal Dogar,Fareed Afridi,Litigated,Paid,Issue Found,Paid,39100000.0
3685,Yusra Randhawa,DEMO-KPT-3685,House No. B-811,Street 20,North Karachi,7,4,Portion,Yusra Randhawa,Fareeha Sadiq,Verified,Due,Under Review,Due,41600000.0
5408,Eman Qadir,DEMO-KPT-5408,House No. DD-617,Street 22,North Karachi,7,4,Portion,Eman Qadir,Alishba Ghauri,Verified,Paid,Issue Found,Paid,38900000.0
5390,Shumaila Latif,DEMO-KPT-5390,House No. DD-768,Street 23,North Karachi,7,4,Portion,Shumaila Latif,Amara Bhutto,Litigated,Paid,Issue Found,Due,28000000.0
13907,Shan Warsi,DEMO-KPT-13907,House No. RBC-513,Street 25,North Karachi,7,4,Portion,Shan Warsi,Naeem Ghumman,Verified,Paid,Issue Found,Due,46500000.0
8914,Saeeda Mazari,DEMO-KPT-8914,House No. BB-395,Street 26,North Karachi,7,4,Portion,Saeeda Mazari,Yumna Jamali,Pending,Due,Issue Found,Paid,30800000.0
12186,Iqra Jaffri,DEMO-KPT-12186,House No. CD-859,Street 26,North Karachi,7,4,Portion,Iqra Jaffri,Uzma Toor,Litigated,Paid,Clear,Paid,64400000.0
12273,Minahil Chandio,DEMO-KPT-12273,House No. DD-335,Street 3,North Karachi,8,4,Portion,Minahil Chandio,Shifa Laghari,Litigated,Paid,Clear,Due,74700000.0
5509,Nuzhat Tunio,DEMO-KPT-5509,House No. CR-678,Street 6,North Karachi,8,4,Portion,Nuzhat Tunio,Rizwan Rehman,Verified,Paid,Clear,Due,21800000.0
14059,Mahrukh Saeed,DEMO-KPT-14059,House No. BCR-436,Street 6,North Karachi,8,4,Portion,Mahrukh Saeed,Maaz Yousaf,Verified,Paid,Clear,Due,20500000.0
5488,Naveed Dar,DEMO-KPT-5488,House No. RD-820,Street 7,North Karachi,8,4,Portion,Naveed Dar,Abbas Tunio,Litigated,Due,Clear,Due,60400000.0
12309,Emaan Tanvir,DEMO-KPT-12309,House No. RB-742,Street 11,North Karachi,8,4,Portion,Emaan Tanvir,Yusuf Lari,Verified,Due,Under Review,Due,31900000.0
10601,Muzammil Abbasi,DEMO-KPT-10601,House No. RR-718,Street 12,North Karachi,8,4,Portion,Muzammil Abbasi,Ghazanfar Rajper,Litigated,Paid,Issue Found,Due,21300000.0
3844,Yusra Mazari,DEMO-KPT-3844,House No. R-323,Street 14,North Karachi,8,4,Portion,Yusra Mazari,Zunair Mohammadzai,Litigated,Due,Under Review,Due,37500000.0
12258,Rakhshanda Talpur,DEMO-KPT-12258,House No. RD-680,Street 18,North Karachi,8,4,Portion,Rakhshanda Talpur,Rashid Naqvi,Litigated,Paid,Clear,Due,68800000.0
2127,Yasir Ghumman,DEMO-KPT-2127,House No. R-783,Street 20,North Karachi,8,4,Portion,Yasir Ghumman,Aqsa Noor,Verified,Paid,Under Review,Paid,67100000.0
10574,Iffat Lashari,DEMO-KPT-10574,House No. CD-304,Street 27,North Karachi,8,4,Portion,Iffat Lashari,Yousaf Dawood,Litigated,Paid,Issue Found,Paid,61400000.0
12316,Unaiza Kiani,DEMO-KPT-12316,House No. BR-519,Street 30,North Karachi,8,4,Portion,Unaiza Kiani,Mirha Palijo,Litigated,Due,Issue Found,Due,69800000.0
7323,Haider Jogezai,DEMO-KPT-7323,House No. RB-513,Street 3,North Karachi,9,4,Portion,Haider Jogezai,Arif Lak,Litigated,Paid,Clear,Due,51000000.0
15713,Yasmeen Hussain,DEMO-KPT-15713,House No. CBR-864,Street 3,North Karachi,9,4,Portion,Yasmeen Hussain,Sohaib Tahir,Verified,Due,Under Review,Due,56900000.0
2244,Usman Saeed,DEMO-KPT-2244,House No. D-743,Street 7,North Karachi,9,4,Portion,Usman Saeed,Kainat Dreshak,Verified,Paid,Clear,Paid,60400000.0
10698,Shabbir Qazi,DEMO-KPT-10698,House No. RD-677,Street 9,North Karachi,9,4,Portion,Shabbir Qazi,Hania Mazari,Verified,Paid,Issue Found,Due,50900000.0
9059,Sidrah Virk,DEMO-KPT-9059,House No. CR-655,Street 10,North Karachi,9,4,Portion,Sidrah Virk,Raheela Riaz,Verified,Paid,Issue Found,Due,28900000.0
14109,Tanzeela Tiwana,DEMO-KPT-14109,House No. BCR-797,Street 11,North Karachi,9,4,Portion,Tanzeela Tiwana,Sadaqat Ghumman,Verified,Due,Under Review,Due,32800000.0
2233,Nabeeha Gondal,DEMO-KPT-2233,House No. B-440,Street 16,North Karachi,9,4,Portion,Nabeeha Gondal,Khushbu Virk,Verified,Due,Clear,Due,33800000.0
12384,Asifa Waheed,DEMO-KPT-12384,House No. CB-553,Street 18,North Karachi,9,4,Portion,Asifa Waheed,Hussain Qazi,Litigated,Due,Issue Found,Due,21400000.0
2227,Athar Buriro,DEMO-KPT-2227,House No. B-786,Street 19,North Karachi,9,4,Portion,Athar Buriro,Noshaba Bilgrami,Pending,Due,Issue Found,Paid,39500000.0
5554,Zubia Bettani,DEMO-KPT-5554,House No. RB-467,Street 22,North Karachi,9,4,Portion,Zubia Bettani,Rahila Ilyas,Verified,Paid,Issue Found,Due,31400000.0
9029,Kausar Bilgrami,DEMO-KPT-9029,House No. RC-533,Street 22,North Karachi,9,4,Portion,Kausar Bilgrami,Zarar Mustafa,Verified,Due,Clear,Due,21600000.0
15740,Mahnoor Zahid,DEMO-KPT-15740,House No. DCR-731,Street 23,North Karachi,9,4,Portion,Mahnoor Zahid,Shazia Mahesar,Litigated,Paid,Issue Found,Due,39200000.0
9033,Sheeba Bukhari,DEMO-KPT-9033,House No. BR-742,Street 24,North Karachi,9,4,Portion,Sheeba Bukhari,Kaif Saif,Verified,Paid,Under Review,Paid,22700000.0
12374,Samiya Kalhoro,DEMO-KPT-12374,House No. DR-663,Street 27,North Karachi,9,4,Portion,Samiya Kalhoro,Ayla Cheena,Litigated,Paid,Issue Found,Paid,41400000.0
14101,Madiha Mustafa,DEMO-KPT-14101,House No. DRC-409,Street 29,North Karachi,9,4,Portion,Madiha Mustafa,Nida Palijo,Verified,Due,Under Review,Due,69200000.0
2325,Qadir Aslam,DEMO-KPT-2325,House No. B-372,Street 3,North Karachi,10,4,Portion,Qadir Aslam,Rafia Imran,Verified,Due,Under Review,Paid,34800000.0
15838,Maira Niazi,DEMO-KPT-15838,House No. BRD-430,Street 7,North Karachi,10,4,Portion,Maira Niazi,Jamil Swati,Litigated,Due,Clear,Due,44700000.0
10730,Furqan Yasin,DEMO-KPT-10730,House No. CC-826,Street 19,North Karachi,10,4,Portion,Furqan Yasin,Saif Kamboh,Verified,Paid,Under Review,Paid,64600000.0
14153,Esha Samo,DEMO-KPT-14153,House No. CDB-746,Street 19,North Karachi,10,4,Portion,Esha Samo,Owais Yaqoob,Verified,Paid,Issue Found,Due,75100000.0
9085,Zubia Cheena,DEMO-KPT-9085,House No. BC-399,Street 20,North Karachi,10,4,Portion,Zubia Cheena,Saher Siddiqui,Verified,Due,Under Review,Due,39500000.0
15835,Zawar Ghaffar,DEMO-KPT-15835,House No. BRC-619,Street 20,North Karachi,10,4,Portion,Zawar Ghaffar,Momina Bukhari,Verified,Due,Under Review,Due,28800000.0
7436,Shamim Pirzada,DEMO-KPT-7436,House No. CD-698,Street 24,North Karachi,10,4,Portion,Shamim Pirzada,Ahsan Laghari,Verified,Due,Issue Found,Paid,50800000.0
2348,Nudrat Shafi,DEMO-KPT-2348,House No. C-361,Street 25,North Karachi,10,4,Portion,Nudrat Shafi,Abid Mirani,Pending,Due,Issue Found,Due,67400000.0
4007,Fabiha Dawood,DEMO-KPT-4007,House No. DB-654,Street 25,North Karachi,10,4,Portion,Fabiha Dawood,Zubaid Sadiq,Verified,Paid,Issue Found,Due,35100000.0
10804,Mahad Tunio,DEMO-KPT-10804,House No. BB-362,Street 25,North Karachi,10,4,Portion,Mahad Tunio,Asifa Hinjra,Verified,Paid,Issue Found,Due,68500000.0
3964,Minahil Tareen,DEMO-KPT-3964,House No. CD-432,Street 26,North Karachi,10,4,Portion,Minahil Tareen,Zain Jadoon,Pending,Due,Issue Found,Paid,63200000.0
10714,Fareeha Akhtar,DEMO-KPT-10714,House No. RB-600,Street 26,North Karachi,10,4,Portion,Fareeha Akhtar,Zehra Hinjra,Pending,Due,Issue Found,Paid,22200000.0
9078,Mustafa Rehman,DEMO-KPT-9078,House No. BD-441,Street 27,North Karachi,10,4,Portion,Mustafa Rehman,Khansa Zaidi,Pending,Paid,Clear,Paid,31900000.0
9082,Rehan Umer,DEMO-KPT-9082,House No. RB-705,Street 27,North Karachi,10,4,Portion,Rehan Umer,Zainab Hussain,Litigated,Due,Issue Found,Paid,37000000.0
4013,Sohaib Kakar,DEMO-KPT-4013,House No. RD-404,Street 3,North Karachi,11,4,Portion,Sohaib Kakar,Samina Korai,Verified,Due,Under Review,Due,35600000.0
15873,Aneela Tunio,DEMO-KPT-15873,House No. BRD-844,Street 3,North Karachi,11,4,Portion,Aneela Tunio,Zawar Hussain,Litigated,Paid,Clear,Due,65500000.0
12488,Alizeh Sheikh,DEMO-KPT-12488,House No. BB-462,Street 7,North Karachi,11,4,Portion,Alizeh Sheikh,Lina Gondal,Litigated,Due,Clear,Paid,69600000.0
4091,Anmol Bukhari,DEMO-KPT-4091,House No. BC-465,Street 8,North Karachi,11,4,Portion,Anmol Bukhari,Sajid Panezai,Pending,Due,Clear,Paid,68200000.0
9159,Naeem Shakir,DEMO-KPT-9159,House No. CB-819,Street 11,North Karachi,11,4,Portion,Naeem Shakir,Misbah Naqvi,Verified,Due,Under Review,Due,22000000.0
14254,Tayyaba Shaikh,DEMO-KPT-14254,House No. BCR-430,Street 14,North Karachi,11,4,Portion,Tayyaba Shaikh,Bushra Raza,Pending,Due,Clear,Paid,66000000.0
15893,Shahida Bashir,DEMO-KPT-15893,House No. BCR-562,Street 15,North Karachi,11,4,Portion,Shahida Bashir,Fabiha Majeed,Verified,Paid,Issue Found,Due,79900000.0
4027,Sumbal Khan,DEMO-KPT-4027,House No. BD-603,Street 19,North Karachi,11,4,Portion,Sumbal Khan,Javaria Janjua,Pending,Due,Issue Found,Paid,44800000.0
7580,Fozia Tiwana,DEMO-KPT-7580,House No. DR-812,Street 19,North Karachi,11,4,Portion,Fozia Tiwana,Nadeem Janjua,Verified,Paid,Under Review,Paid,40600000.0
9203,Tahira Ijaz,DEMO-KPT-9203,House No. DB-564,Street 19,North Karachi,11,4,Portion,Tahira Ijaz,Mukhtar Gakhar,Verified,Paid,Issue Found,Due,50100000.0
2458,Abubakar Wattoo,DEMO-KPT-2458,House No. B-391,Street 20,North Karachi,11,4,Portion,Abubakar Wattoo,Ramsha Sipra,Pending,Paid,Under Review,Paid,78300000.0
7527,Qadir Raza,DEMO-KPT-7527,House No. RD-784,Street 20,North Karachi,11,4,Portion,Qadir Raza,Zainab Ali,Verified,Paid,Under Review,Paid,60100000.0
9208,Anila Mian,DEMO-KPT-9208,House No. RR-516,Street 20,North Karachi,11,4,Portion,Anila Mian,Shafiq Gabol,Pending,Paid,Under Review,Paid,25200000.0
4045,Mina Barakzai,DEMO-KPT-4045,House No. DC-773,Street 21,North Karachi,11,4,Portion,Mina Barakzai,Shagufta Daudzai,Pending,Due,Under Review,Due,54100000.0
12492,Zaib Mehmood,DEMO-KPT-12492,House No. BD-453,Street 22,North Karachi,11,4,Portion,Zaib Mehmood,Furqan Warsi,Pending,Due,Under Review,Paid,20800000.0
4083,Palwasha Rabbani,DEMO-KPT-4083,House No. CR-516,Street 24,North Karachi,11,4,Portion,Palwasha Rabbani,Zehra Dawood,Verified,Paid,Under Review,Paid,30500000.0
15848,Jannat Saeed,DEMO-KPT-15848,House No. BRD-630,Street 25,North Karachi,11,4,Portion,Jannat Saeed,Zarar Janjua,Pending,Due,Issue Found,Due,64200000.0
10878,Rabia Pasha,DEMO-KPT-10878,House No. CC-370,Street 27,North Karachi,11,4,Portion,Rabia Pasha,Salma Wazir,Pending,Paid,Clear,Paid,62500000.0
4085,Sharjeel Leghari,DEMO-KPT-4085,House No. CD-495,Street 29,North Karachi,11,4,Portion,Sharjeel Leghari,Shafay Sahito,Pending,Paid,Under Review,Due,70700000.0
15901,Mahad Warsi,DEMO-KPT-15901,House No. RBC-623,Street 29,North Karachi,11,4,Portion,Mahad Warsi,Shahzadi Usmani,Verified,Due,Under Review,Due,79200000.0
10923,Shabbir Shinwari,DEMO-KPT-10923,House No. CR-448,Street 3,North Karachi,12,4,Portion,Shabbir Shinwari,Affan Tariq,Litigated,Paid,Clear,Due,76700000.0
7641,Afzal Qazi,DEMO-KPT-7641,House No. CB-670,Street 4,North Karachi,12,4,Portion,Afzal Qazi,Dania Lari,Pending,Due,Clear,Paid,49700000.0
10888,Arbaz Zubair,DEMO-KPT-10888,House No. DC-844,Street 7,North Karachi,12,4,Portion,Arbaz Zubair,Hira Warsi,Litigated,Due,Clear,Due,23700000.0
7623,Mahreen Bajwa,DEMO-KPT-7623,House No. BB-622,Street 14,North Karachi,12,4,Portion,Mahreen Bajwa,Nadia Mirani,Litigated,Due,Issue Found,Paid,69900000.0
12577,Sakina Rafique,DEMO-KPT-12577,House No. CB-304,Street 19,North Karachi,12,4,Portion,Sakina Rafique,Ikram Kamal,Pending,Due,Issue Found,Paid,60900000.0
5879,Arham Cheena,DEMO-KPT-5879,House No. CB-776,Street 22,North Karachi,12,4,Portion,Arham Cheena,Aisha Janjua,Verified,Due,Clear,Due,69700000.0
2483,Omer Zaidi,DEMO-KPT-2483,House No. B-853,Street 24,North Karachi,12,4,Portion,Omer Zaidi,Farwa Gandapur,Pending,Paid,Under Review,Paid,72500000.0
4177,Shafaq Jogezai,DEMO-KPT-4177,House No. RR-741,Street 24,North Karachi,12,4,Portion,Shafaq Jogezai,Sibtain Qadir,Pending,Due,Issue Found,Due,69900000.0
9233,Anmol Baig,DEMO-KPT-9233,House No. CC-645,Street 24,North Karachi,12,4,Portion,Anmol Baig,Maira Bilgrami,Pending,Paid,Under Review,Paid,43700000.0
14284,Mahira Mari,DEMO-KPT-14284,House No. CDR-739,Street 24,North Karachi,12,4,Portion,Mahira Mari,Faizan Majeed,Verified,Paid,Clear,Paid,26200000.0
7607,Irfan Nadeem,DEMO-KPT-7607,House No. BB-666,Street 25,North Karachi,12,4,Portion,Irfan Nadeem,Kausar Gill,Verified,Paid,Issue Found,Due,74000000.0
10898,Rukhsana Rind,DEMO-KPT-10898,House No. RB-405,Street 25,North Karachi,12,4,Portion,Rukhsana Rind,Sabeen Bettani,Pending,Due,Issue Found,Due,21900000.0
12542,Hira Naseem,DEMO-KPT-12542,House No. RB-324,Street 27,North Karachi,12,4,Portion,Hira Naseem,Kashif Dayo,Verified,Paid,Under Review,Due,63200000.0
9378,Basit Saleem,DEMO-KPT-9378,House No. CD-555,Street 4,North Karachi,13,4,Portion,Basit Saleem,Zamzam Bugti,Pending,Paid,Under Review,Due,79000000.0
5938,Danish Ghani,DEMO-KPT-5938,House No. CR-576,Street 7,North Karachi,13,4,Portion,Danish Ghani,Sameen Akhtar,Litigated,Due,Clear,Due,52300000.0
7644,Owais Hameed,DEMO-KPT-7644,House No. CR-530,Street 7,North Karachi,13,4,Portion,Owais Hameed,Sharmeen Umer,Verified,Paid,Clear,Paid,76600000.0
2598,Maham Warraich,DEMO-KPT-2598,House No. C-883,Street 9,North Karachi,13,4,Portion,Maham Warraich,Zaheer Khosa,Verified,Paid,Issue Found,Due,26500000.0
4209,Naeem Ansari,DEMO-KPT-4209,House No. BC-383,Street 11,North Karachi,13,4,Portion,Naeem Ansari,Zaib Khalid,Verified,Due,Under Review,Due,47400000.0
16077,Sakina Zia,DEMO-KPT-16077,House No. CRB-420,Street 20,North Karachi,13,4,Portion,Sakina Zia,Zaib Kasi,Verified,Paid,Under Review,Paid,62700000.0
14390,Naila Laghari,DEMO-KPT-14390,House No. DCB-437,Street 23,North Karachi,13,4,Portion,Naila Laghari,Humayun Kamal,Litigated,Paid,Issue Found,Due,68400000.0
4312,Nailah Shakir,DEMO-KPT-4312,House No. CD-417,Street 24,North Karachi,13,4,Portion,Nailah Shakir,Naveed Akhtar,Verified,Due,Under Review,Due,31900000.0
9334,Bahadur Parvez,DEMO-KPT-9334,House No. BC-343,Street 24,North Karachi,13,4,Portion,Bahadur Parvez,Nayyar Talpur,Verified,Paid,Clear,Paid,70600000.0
14436,Kinza Naseem,DEMO-KPT-14436,House No. RBC-831,Street 26,North Karachi,13,4,Portion,Kinza Naseem,Raza Turk,Litigated,Paid,Clear,Paid,55500000.0
7728,Yasmeen Tariq,DEMO-KPT-7728,House No. BB-581,Street 27,North Karachi,13,4,Portion,Yasmeen Tariq,Yaqoob Tariq,Pending,Paid,Clear,Paid,65900000.0
12617,Shifa Pasha,DEMO-KPT-12617,House No. BB-811,Street 27,North Karachi,13,4,Portion,Shifa Pasha,Kamal Rizvi,Pending,Paid,Under Review,Due,64600000.0
12675,Uzma Lak,DEMO-KPT-12675,House No. RC-693,Street 3,North Karachi,14,4,Portion,Uzma Lak,Mahnoor Ghaffar,Verified,Due,Under Review,Paid,22100000.0
2628,Haleema Wazir,DEMO-KPT-2628,House No. C-730,Street 4,North Karachi,14,4,Portion,Haleema Wazir,Wajid Bilgrami,Pending,Paid,Under Review,Due,36500000.0
7738,Fida Farooqi,DEMO-KPT-7738,House No. RD-506,Street 7,North Karachi,14,4,Portion,Fida Farooqi,Aiman Abbasi,Litigated,Due,Clear,Due,49400000.0
6009,Khushbu Dreshak,DEMO-KPT-6009,House No. RR-331,Street 11,North Karachi,14,4,Portion,Khushbu Dreshak,Mahnaz Ghumman,Verified,Due,Under Review,Due,39600000.0
2640,Masood Sabri,DEMO-KPT-2640,House No. B-680,Street 15,North Karachi,14,4,Portion,Masood Sabri,Ifrah Dogar,Litigated,Due,Clear,Due,68000000.0
7793,Abdullah Sipra,DEMO-KPT-7793,House No. RC-477,Street 15,North Karachi,14,4,Portion,Abdullah Sipra,Bilquis Parvez,Verified,Paid,Issue Found,Due,55200000.0
16130,Affan Dogar,DEMO-KPT-16130,House No. BRC-629,Street 19,North Karachi,14,4,Portion,Affan Dogar,Humaira Dahri,Verified,Paid,Under Review,Paid,64800000.0
9407,Izhar Samo,DEMO-KPT-9407,House No. CB-865,Street 25,North Karachi,14,4,Portion,Izhar Samo,Farooq Turk,Verified,Paid,Issue Found,Due,43700000.0
2614,Jazib Bilgrami,DEMO-KPT-2614,House No. R-654,Street 26,North Karachi,14,4,Portion,Jazib Bilgrami,Arham Ghumman,Pending,Due,Issue Found,Paid,71900000.0
6020,Waleed Shafiq,DEMO-KPT-6020,House No. DB-666,Street 26,North Karachi,14,4,Portion,Waleed Shafiq,Palwasha Swati,Verified,Paid,Issue Found,Paid,42400000.0
14478,Rehmat Hashmi,DEMO-KPT-14478,House No. RBC-527,Street 27,North Karachi,14,4,Portion,Rehmat Hashmi,Aamir Farooq,Pending,Paid,Clear,Paid,54700000.0
16142,Dania Zafar,DEMO-KPT-16142,House No. BCD-394,Street 27,North Karachi,14,4,Portion,Dania Zafar,Rashid Majeed,Verified,Paid,Under Review,Due,67900000.0
7801,Wajid Mustafa,DEMO-KPT-7801,House No. BR-584,Street 29,North Karachi,14,4,Portion,Wajid Mustafa,Aqsa Ghaffar,Verified,Due,Under Review,Due,33400000.0
12819,Umar Zaidi,DEMO-KPT-12819,House No. RC-490,Street 4,North Karachi,15,4,Portion,Umar Zaidi,Mehreen Bhurgri,Pending,Paid,Under Review,Paid,50000000.0
2694,Asim Kiani,DEMO-KPT-2694,House No. B-602,Street 7,North Karachi,15,4,Portion,Asim Kiani,Wahab Yaqoob,Verified,Paid,Clear,Paid,59900000.0
9491,Muneeb Abbasi,DEMO-KPT-9491,House No. DD-849,Street 8,North Karachi,15,4,Portion,Muneeb Abbasi,Naseer Bhittani,Pending,Due,Clear,Paid,62600000.0
11104,Waseem Lughmani,DEMO-KPT-11104,House No. BR-364,Street 14,North Karachi,15,4,Portion,Waseem Lughmani,Lamia Zaman,Pending,Due,Clear,Paid,56800000.0
16183,Asad Niazi,DEMO-KPT-16183,House No. BDR-697,Street 16,North Karachi,15,4,Portion,Asad Niazi,Jamila Marwat,Verified,Due,Clear,Due,68300000.0
7862,Mahir Dogar,DEMO-KPT-7862,House No. CD-777,Street 18,North Karachi,15,4,Portion,Mahir Dogar,Misbah Iqbal,Litigated,Paid,Issue Found,Due,36500000.0
7853,Tooba Khokhar,DEMO-KPT-7853,House No. RD-440,Street 19,North Karachi,15,4,Portion,Tooba Khokhar,Hussain Yazdani,Verified,Paid,Issue Found,Due,41200000.0
6058,Saima Lak,DEMO-KPT-6058,House No. CC-537,Street 20,North Karachi,15,4,Portion,Saima Lak,Haider Virk,Pending,Paid,Under Review,Paid,48900000.0
7858,Wali Wazir,DEMO-KPT-7858,House No. BB-407,Street 20,North Karachi,15,4,Portion,Wali Wazir,Salman Buriro,Pending,Paid,Under Review,Paid,28800000.0
2729,Atif Dayo,DEMO-KPT-2729,House No. R-442,Street 22,North Karachi,15,4,Portion,Atif Dayo,Zahid Hussain,Verified,Due,Clear,Due,69400000.0
4392,Asim Bijarani,DEMO-KPT-4392,House No. CR-312,Street 22,North Karachi,15,4,Portion,Asim Bijarani,Mina Shafiq,Pending,Due,Under Review,Paid,33200000.0
4403,Ishaq Bijarani,DEMO-KPT-4403,House No. BR-555,Street 22,North Karachi,15,4,Portion,Ishaq Bijarani,Ali Sadiq,Verified,Due,Under Review,Due,37700000.0
11142,Saeeda Afridi,DEMO-KPT-11142,House No. CD-544,Street 22,North Karachi,15,4,Portion,Saeeda Afridi,Mahjabeen Rind,Pending,Due,Under Review,Paid,40400000.0
16190,Naila Lodhi,DEMO-KPT-16190,House No. CDB-519,Street 23,North Karachi,15,4,Portion,Naila Lodhi,Sabeen Durrani,Litigated,Paid,Issue Found,Due,36000000.0
9483,Sitara Alvi,DEMO-KPT-9483,House No. BD-367,Street 24,North Karachi,15,4,Portion,Sitara Alvi,Hadi Iqbal,Verified,Paid,Under Review,Paid,70300000.0
11134,Mehrunnisa Rabbani,DEMO-KPT-11134,House No. RD-751,Street 24,North Karachi,15,4,Portion,Mehrunnisa Rabbani,Maryam Junejo,Verified,Paid,Clear,Paid,30300000.0
2657,Sehar Khalid,DEMO-KPT-2657,House No. D-818,Street 25,North Karachi,15,4,Portion,Sehar Khalid,Anwar Siddiqui,Verified,Paid,Issue Found,Due,62500000.0
2706,Zeshan Unar,DEMO-KPT-2706,House No. R-624,Street 25,North Karachi,15,4,Portion,Zeshan Unar,Sobia Kakar,Pending,Paid,Under Review,Due,70500000.0
9454,Uzair Niazi,DEMO-KPT-9454,House No. CC-619,Street 25,North Karachi,15,4,Portion,Uzair Niazi,Huma Panhwar,Verified,Paid,Issue Found,Due,51000000.0
16204,Nabeel Virk,DEMO-KPT-16204,House No. RCD-539,Street 25,North Karachi,15,4,Portion,Nabeel Virk,Mahir Tanoli,Verified,Paid,Issue Found,Due,44000000.0
4414,Rida Mahesar,DEMO-KPT-4414,House No. RR-360,Street 26,North Karachi,15,4,Portion,Rida Mahesar,Majid Yousaf,Pending,Due,Issue Found,Paid,41400000.0
11164,Zoya Hussain,DEMO-KPT-11164,House No. BC-541,Street 26,North Karachi,15,4,Portion,Zoya Hussain,Talat Tariq,Pending,Due,Issue Found,Paid,77000000.0
9485,Raheela Lak,DEMO-KPT-9485,House No. CR-713,Street 29,North Karachi,15,4,Portion,Raheela Lak,Anas Khosa,Pending,Paid,Under Review,Due,24800000.0
16275,Suleman Sial,DEMO-KPT-16275,House No. CRD-611,Street 3,North Karachi,16,4,Portion,Suleman Sial,Nabeeha Pirzada,Verified,Due,Under Review,Paid,21800000.0
11244,Iffat Rashid,DEMO-KPT-11244,House No. CD-744,Street 7,North Karachi,16,4,Portion,Iffat Rashid,Haris Hussain,Verified,Paid,Clear,Paid,56700000.0
11223,Saira Afridi,DEMO-KPT-11223,House No. BC-759,Street 14,North Karachi,16,4,Portion,Saira Afridi,Noman Bhatti,Litigated,Due,Issue Found,Paid,46700000.0
2762,Zayan Mughal,DEMO-KPT-2762,House No. D-557,Street 18,North Karachi,16,4,Portion,Zayan Mughal,Hussnain Qureshi,Pending,Paid,Under Review,Paid,56500000.0
14634,Fawad Sardar,DEMO-KPT-14634,House No. RCD-566,Street 18,North Karachi,16,4,Portion,Fawad Sardar,Nabila Lak,Litigated,Due,Issue Found,Due,36200000.0
2740,Madiha Kakar,DEMO-KPT-2740,House No. B-594,Street 19,North Karachi,16,4,Portion,Madiha Kakar,Babar Ghumman,Litigated,Paid,Issue Found,Paid,37800000.0
4540,Kainat Tanvir,DEMO-KPT-4540,House No. BC-371,Street 19,North Karachi,16,4,Portion,Kainat Tanvir,Tayyeb Ali,Litigated,Paid,Issue Found,Paid,71500000.0
7949,Moiz Magsi,DEMO-KPT-7949,House No. CC-336,Street 19,North Karachi,16,4,Portion,Moiz Magsi,Abeera Iqbal,Litigated,Paid,Issue Found,Paid,23200000.0
4495,Noreen Zardari,DEMO-KPT-4495,House No. BD-557,Street 21,North Karachi,16,4,Portion,Noreen Zardari,Fauzia Shah,Pending,Due,Under Review,Due,26500000.0
4508,Gohar Dahri,DEMO-KPT-4508,House No. DB-550,Street 22,North Karachi,16,4,Portion,Gohar Dahri,Sabika Yousafzai,Verified,Paid,Issue Found,Paid,54500000.0
14633,Bilquis Rabbani,DEMO-KPT-14633,House No. BDC-754,Street 24,North Karachi,16,4,Portion,Bilquis Rabbani,Yusra Yasin,Pending,Paid,Under Review,Paid,64000000.0
14636,Rashida Lughmani,DEMO-KPT-14636,House No. BCD-538,Street 24,North Karachi,16,4,Portion,Rashida Lughmani,Dua Zaman,Verified,Due,Issue Found,Paid,31600000.0
11254,Isha Lughmani,DEMO-KPT-11254,House No. DR-611,Street 25,North Karachi,16,4,Portion,Isha Lughmani,Ayeza Unar,Verified,Paid,Issue Found,Due,43200000.0
4536,Numan Chattha,DEMO-KPT-4536,House No. CR-400,Street 26,North Karachi,16,4,Portion,Numan Chattha,Iftikhar Sheikh,Litigated,Paid,Clear,Paid,32300000.0
6214,Akram Dayo,DEMO-KPT-6214,House No. BC-499,Street 26,North Karachi,16,4,Portion,Akram Dayo,Maqsood Virk,Pending,Due,Issue Found,Paid,77500000.0
6242,Humayun Zubair,DEMO-KPT-6242,House No. RC-775,Street 27,North Karachi,16,4,Portion,Humayun Zubair,Ejaz Hoti,Verified,Paid,Under Review,Due,42900000.0
16282,Ashar Siddiqui,DEMO-KPT-16282,House No. RBD-471,Street 27,North Karachi,16,4,Portion,Ashar Siddiqui,Komal Bhatti,Litigated,Due,Issue Found,Paid,69800000.0
2823,Uzma Sheikh,DEMO-KPT-2823,House No. C-648,Street 3,North Karachi,17,4,Portion,Uzma Sheikh,Hafeez Daudzai,Litigated,Paid,Clear,Due,46400000.0
8028,Muneeb Qadir,DEMO-KPT-8028,House No. RB-652,Street 4,North Karachi,17,4,Portion,Muneeb Qadir,Rubab Sadiq,Pending,Paid,Under Review,Due,54800000.0
13041,Sundas Hafeez,DEMO-KPT-13041,House No. RB-683,Street 4,North Karachi,17,4,Portion,Sundas Hafeez,Mansoor Hanif,Pending,Due,Clear,Paid,56300000.0
9726,Moiz Gill,DEMO-KPT-9726,House No. RD-620,Street 17,North Karachi,17,4,Portion,Moiz Gill,Yumna Lakhani,Pending,Paid,Clear,Paid,24700000.0
9662,Zarar Popalzai,DEMO-KPT-9662,House No. DR-701,Street 18,North Karachi,17,4,Portion,Zarar Popalzai,Amara Saeed,Litigated,Paid,Issue Found,Due,77000000.0
13027,Shahmeer Bhatti,DEMO-KPT-13027,House No. CR-468,Street 19,North Karachi,17,4,Portion,Shahmeer Bhatti,Farooq Sandhu,Pending,Due,Issue Found,Paid,47300000.0
2785,Farid Awan,DEMO-KPT-2785,House No. C-859,Street 20,North Karachi,17,4,Portion,Farid Awan,Kaleemullah Khokhar,Verified,Due,Under Review,Due,35400000.0
2827,Mahnoor Zardari,DEMO-KPT-2827,House No. D-327,Street 24,North Karachi,17,4,Portion,Mahnoor Zardari,Tayyaba Khosa,Pending,Due,Issue Found,Due,72700000.0
6333,Shaista Mustafa,DEMO-KPT-6333,House No. CD-716,Street 24,North Karachi,17,4,Portion,Shaista Mustafa,Hamza Naseem,Verified,Paid,Under Review,Paid,30600000.0
9712,Ghazanfar Leghari,DEMO-KPT-9712,House No. DD-375,Street 24,North Karachi,17,4,Portion,Ghazanfar Leghari,Sumbal Sindhi,Verified,Due,Under Review,Due,25100000.0
16433,Zeeshan Sadiq,DEMO-KPT-16433,House No. CDB-532,Street 24,North Karachi,17,4,Portion,Zeeshan Sadiq,Zohair Joiya,Pending,Paid,Under Review,Paid,64800000.0
6304,Daniyal Joiya,DEMO-KPT-6304,House No. DR-490,Street 25,North Karachi,17,4,Portion,Daniyal Joiya,Fareed Gondal,Verified,Paid,Issue Found,Due,66800000.0
4670,Umair Zubairi,DEMO-KPT-4670,House No. CB-556,Street 26,North Karachi,17,4,Portion,Umair Zubairi,Marium Warsi,Verified,Paid,Issue Found,Paid,31300000.0
16351,Batool Talpur,DEMO-KPT-16351,House No. BCR-441,Street 29,North Karachi,17,4,Portion,Batool Talpur,Jamshed Orakzai,Verified,Due,Under Review,Due,30800000.0
13109,Shahid Khuhro,DEMO-KPT-13109,House No. CD-373,Street 10,North Karachi,18,4,Portion,Shahid Khuhro,Saeeda Lone,Verified,Paid,Issue Found,Due,30400000.0
11409,Sobia Warraich,DEMO-KPT-11409,House No. BB-733,Street 11,North Karachi,18,4,Portion,Sobia Warraich,Shazia Dahri,Verified,Due,Under Review,Due,77500000.0
16451,Raheela Shakeel,DEMO-KPT-16451,House No. RCD-786,Street 12,North Karachi,18,4,Portion,Raheela Shakeel,Javeria Noor,Litigated,Paid,Issue Found,Due,24200000.0
2976,Arham Korai,DEMO-KPT-2976,House No. R-494,Street 17,North Karachi,18,4,Portion,Arham Korai,Sahar Popalzai,Pending,Paid,Clear,Paid,71900000.0
6340,Asim Palijo,DEMO-KPT-6340,House No. CB-826,Street 19,North Karachi,18,4,Portion,Asim Palijo,Aqib Zaidi,Litigated,Paid,Issue Found,Paid,30700000.0
2908,Iqbal Gabol,DEMO-KPT-2908,House No. B-556,Street 20,North Karachi,18,4,Portion,Iqbal Gabol,Sabir Ranjha,Pending,Paid,Under Review,Paid,37100000.0
4708,Aleeza Awan,DEMO-KPT-4708,House No. CR-681,Street 20,North Karachi,18,4,Portion,Aleeza Awan,Sakina Khattak,Pending,Paid,Under Review,Paid,32000000.0
9777,Haris Magsi,DEMO-KPT-9777,House No. DD-612,Street 20,North Karachi,18,4,Portion,Haris Magsi,Omer Randhawa,Verified,Paid,Under Review,Paid,41000000.0
16527,Mahreen Pirzada,DEMO-KPT-16527,House No. DCB-335,Street 20,North Karachi,18,4,Portion,Mahreen Pirzada,Bareera Laghari,Verified,Paid,Under Review,Paid,57000000.0
13045,Qudrat Sabri,DEMO-KPT-13045,House No. DC-779,Street 21,North Karachi,18,4,Portion,Qudrat Sabri,Raheela Wattoo,Pending,Due,Under Review,Due,36000000.0
6454,Majid Jamali,DEMO-KPT-6454,House No. RB-775,Street 22,North Karachi,18,4,Portion,Majid Jamali,Hira Riaz,Verified,Paid,Issue Found,Due,49900000.0
9803,Ayeza Mahesar,DEMO-KPT-9803,House No. DC-342,Street 22,North Karachi,18,4,Portion,Ayeza Mahesar,Sahrish Rashid,Verified,Due,Under Review,Due,65200000.0
9784,Sahar Jaffri,DEMO-KPT-9784,House No. BB-455,Street 24,North Karachi,18,4,Portion,Sahar Jaffri,Wasim Abro,Verified,Paid,Clear,Paid,71800000.0
8104,Mustafa Mari,DEMO-KPT-8104,House No. DR-574,Street 25,North Karachi,18,4,Portion,Mustafa Mari,Fakhar Sohu,Verified,Paid,Issue Found,Due,71000000.0
14764,Bakht Sabri,DEMO-KPT-14764,House No. CBD-731,Street 26,North Karachi,18,4,Portion,Bakht Sabri,Aneesa Afridi,Pending,Due,Issue Found,Paid,30100000.0
4724,Ramsha Minhas,DEMO-KPT-4724,House No. RB-469,Street 27,North Karachi,18,4,Portion,Ramsha Minhas,Noaman Minhas,Litigated,Paid,Issue Found,Paid,35700000.0
16465,Idrees Jogezai,DEMO-KPT-16465,House No. CDB-858,Street 29,North Karachi,18,4,Portion,Idrees Jogezai,Zubia Marwat,Litigated,Paid,Issue Found,Due,57200000.0
8188,Areeba Khan,DEMO-KPT-8188,House No. CR-404,Street 7,North Karachi,19,4,Portion,Areeba Khan,Sabeen Khattak,Litigated,Due,Clear,Due,54200000.0
9894,Raza Latif,DEMO-KPT-9894,House No. RC-410,Street 7,North Karachi,19,4,Portion,Raza Latif,Emaan Waheed,Verified,Paid,Clear,Paid,34100000.0
4776,Zeshan Zaman,DEMO-KPT-4776,House No. BB-460,Street 17,North Karachi,19,4,Portion,Zeshan Zaman,Sabrina Abro,Pending,Paid,Clear,Paid,32500000.0
16601,Raheela Mehmood,DEMO-KPT-16601,House No. BDC-885,Street 19,North Karachi,19,4,Portion,Raheela Mehmood,Nauman Noor,Verified,Paid,Issue Found,Paid,40600000.0
4736,Pervaiz Bugti,DEMO-KPT-4736,House No. RR-790,Street 24,North Karachi,19,4,Portion,Pervaiz Bugti,Inam Bilgrami,Verified,Due,Issue Found,Paid,64900000.0
13177,Fazal Kharal,DEMO-KPT-13177,House No. BB-788,Street 24,North Karachi,19,4,Portion,Fazal Kharal,Ambreen Memon,Pending,Due,Issue Found,Due,62500000.0
16534,Sakina Dawood,DEMO-KPT-16534,House No. CRB-657,Street 24,North Karachi,19,4,Portion,Sakina Dawood,Tooba Nadeem,Verified,Paid,Clear,Paid,20600000.0
9857,Iftikhar Ali,DEMO-KPT-9857,House No. BB-461,Street 25,North Karachi,19,4,Portion,Iftikhar Ali,Sabahat Naqvi,Verified,Paid,Issue Found,Due,45100000.0
16689,Zunair Sadiq,DEMO-KPT-16689,House No. BCR-450,Street 9,North Karachi,20,4,Portion,Zunair Sadiq,Nudrat Kakar,Pending,Due,Clear,Paid,68500000.0
16633,Ahsan Abro,DEMO-KPT-16633,House No. RCB-715,Street 16,North Karachi,20,4,Portion,Ahsan Abro,Qasim Dar,Verified,Due,Clear,Due,54900000.0
3053,Farwa Virk,DEMO-KPT-3053,House No. C-596,Street 22,North Karachi,20,4,Portion,Farwa Virk,Hamid Jamal,Verified,Due,Under Review,Due,49300000.0
8254,Batool Raza,DEMO-KPT-8254,House No. RR-365,Street 22,North Karachi,20,4,Portion,Batool Raza,Fareeha Bettani,Verified,Paid,Issue Found,Due,71700000.0
9929,Shaista Shinwari,DEMO-KPT-9929,House No. BD-628,Street 22,North Karachi,20,4,Portion,Shaista Shinwari,Sahrish Sadiq,Verified,Due,Clear,Due,37500000.0
4864,Mohib Swati,DEMO-KPT-4864,House No. CB-501,Street 26,North Karachi,20,4,Portion,Mohib Swati,Wania Mirza,Pending,Due,Issue Found,Paid,28700000.0
14932,Ubaid Bhatti,DEMO-KPT-14932,House No. RCD-317,Street 27,North Karachi,20,4,Portion,Ubaid Bhatti,Fiza Magsi,Litigated,Due,Issue Found,Paid,47200000.0
6565,Rukhsana Khan,DEMO-KPT-6565,House No. DB-634,Street 29,North Karachi,20,4,Portion,Rukhsana Khan,Faiza Bugti,Litigated,Paid,Issue Found,Due,58100000.0
15001,Jalal Dar,DEMO-KPT-15001,House No. RDB-424,Street 29,North Karachi,20,4,Portion,Jalal Dar,Arsalan Gakhar,Verified,Due,Under Review,Due,62400000.0
1023,Hira Naeem,DEMO-KPT-1023,House No. A-685,Street 3,North Nazimabad,1,4,Portion,Hira Naeem,Ali Malik,Litigated,Paid,Clear,Due,62500000.0
11289,Sabika Janjua,DEMO-KPT-11289,House No. CB-494,Street 9,North Nazimabad,1,4,Portion,Sabika Janjua,Burhan Zardari,Pending,Due,Clear,Paid,45500000.0
8159,Yameen Chaudhry,DEMO-KPT-8159,House No. RB-578,Street 10,North Nazimabad,1,4,Portion,Yameen Chaudhry,Zohair Janjua,Verified,Paid,Issue Found,Due,38300000.0
11309,Jazib Peerzada,DEMO-KPT-11309,House No. RD-662,Street 10,North Nazimabad,1,4,Portion,Jazib Peerzada,Zakariya Siddiqui,Verified,Paid,Issue Found,Due,64200000.0
14373,Hashir Qadri,DEMO-KPT-14373,House No. DCB-812,Street 14,North Nazimabad,1,4,Portion,Hashir Qadri,Saira Dreshak,Litigated,Due,Issue Found,Paid,66800000.0
11393,Ihsan Zubair,DEMO-KPT-11393,House No. DC-743,Street 15,North Nazimabad,1,4,Portion,Ihsan Zubair,Nida Korai,Verified,Paid,Issue Found,Due,59300000.0
14383,Saqib Shafi,DEMO-KPT-14383,House No. BDR-326,Street 16,North Nazimabad,1,4,Portion,Saqib Shafi,Neha Minhas,Verified,Due,Clear,Due,38700000.0
11279,Tayyeb Sipra,DEMO-KPT-11279,House No. BC-670,Street 22,North Nazimabad,1,4,Portion,Tayyeb Sipra,Irum Sial,Verified,Due,Clear,Due,78200000.0
14406,Javaria Kazmi,DEMO-KPT-14406,House No. RCD-476,Street 25,North Nazimabad,1,4,Portion,Javaria Kazmi,Sabika Naseem,Pending,Paid,Under Review,Due,29700000.0
5101,Saira Yousaf,DEMO-KPT-5101,House No. CB-785,Street 29,North Nazimabad,1,4,Portion,Saira Yousaf,Samra Sardar,Verified,Due,Under Review,Due,60200000.0
11501,Raheela Nawaz,DEMO-KPT-11501,House No. CR-387,Street 12,North Nazimabad,2,4,Portion,Raheela Nawaz,Asifa Mohmand,Litigated,Paid,Issue Found,Due,24400000.0
1043,Fahad Malik,DEMO-KPT-1043,House No. A-512,Street 15,North Nazimabad,2,4,Portion,Fahad Malik,Ali Farooq,Verified,Paid,Issue Found,Due,44500000.0
1048,Shoaib Javed,DEMO-KPT-1048,House No. A-320,Street 15,North Nazimabad,2,4,Portion,Shoaib Javed,Zara Ali,Litigated,Due,Clear,Due,36100000.0
11484,Syeda Ghumman,DEMO-KPT-11484,House No. CR-868,Street 18,North Nazimabad,2,4,Portion,Syeda Ghumman,Zuha Barakzai,Litigated,Due,Issue Found,Due,48000000.0
14485,Kanwal Mahsud,DEMO-KPT-14485,House No. RCD-818,Street 20,North Nazimabad,2,4,Portion,Kanwal Mahsud,Shahroz Hussain,Verified,Due,Under Review,Due,75000000.0
14624,Uroosa Barakzai,DEMO-KPT-14624,House No. DBC-497,Street 27,North Nazimabad,2,4,Portion,Uroosa Barakzai,Sibtain Latif,Litigated,Paid,Issue Found,Paid,49800000.0
8315,Hashim Yaqoob,DEMO-KPT-8315,House No. DC-385,Street 29,North Nazimabad,2,4,Portion,Hashim Yaqoob,Aftab Chandio,Pending,Paid,Clear,Paid,26800000.0
14551,Saher Chandio,DEMO-KPT-14551,House No. DCR-735,Street 29,North Nazimabad,2,4,Portion,Saher Chandio,Tahira Rafique,Verified,Due,Under Review,Due,42200000.0
1066,Ali Qureshi,DEMO-KPT-1066,House No. A-226,Street 30,North Nazimabad,2,4,Portion,Ali Qureshi,Salman Tariq,Litigated,Due,Issue Found,Due,70500000.0
11554,Areeba Popalzai,DEMO-KPT-11554,House No. CC-581,Street 14,North Nazimabad,3,4,Portion,Areeba Popalzai,Sakina Sadiq,Pending,Due,Clear,Paid,62100000.0
14801,Luqman Saleem,DEMO-KPT-14801,House No. BRD-723,Street 19,North Nazimabad,3,4,Portion,Luqman Saleem,Shoaib Mirza,Verified,Paid,Issue Found,Paid,76600000.0
5314,Maham Malik,DEMO-KPT-5314,House No. CC-372,Street 26,North Nazimabad,3,4,Portion,Maham Malik,Naveed Nawaz,Pending,Due,Issue Found,Paid,32400000.0
8447,Danish Lak,DEMO-KPT-8447,House No. BB-746,Street 27,North Nazimabad,3,4,Portion,Danish Lak,Daniya Ahmed,Litigated,Paid,Issue Found,Paid,57700000.0
2065,Shahzadi Mughal,DEMO-KPT-2065,House No. C-461,Street 29,North Nazimabad,3,4,Portion,Shahzadi Mughal,Tahseen Yazdani,Litigated,Paid,Issue Found,Due,27800000.0
14813,Ambreen Lughmani,DEMO-KPT-14813,House No. RDB-675,Street 3,North Nazimabad,4,4,Portion,Ambreen Lughmani,Taimur Kiani,Verified,Due,Under Review,Due,30700000.0
11694,Nigar Popalzai,DEMO-KPT-11694,House No. RB-367,Street 7,North Nazimabad,4,4,Portion,Nigar Popalzai,Saad Farooq,Verified,Paid,Clear,Paid,71600000.0
14938,Uzma Chattha,DEMO-KPT-14938,House No. CBR-695,Street 7,North Nazimabad,4,4,Portion,Uzma Chattha,Rehana Afridi,Litigated,Due,Clear,Due,53300000.0
1144,Sara Shah,DEMO-KPT-1144,House No. A-835,Street 14,North Nazimabad,4,4,Portion,Sara Shah,Bilal Malik,Litigated,Due,Under Review,Due,61900000.0
11673,Mehboob Gill,DEMO-KPT-11673,House No. CR-634,Street 14,North Nazimabad,4,4,Portion,Mehboob Gill,Shahmeer Memon,Litigated,Due,Issue Found,Paid,66100000.0
2290,Suleman Hinjra,DEMO-KPT-2290,House No. R-439,Street 19,North Nazimabad,4,4,Portion,Suleman Hinjra,Sameer Aslam,Litigated,Paid,Issue Found,Paid,36800000.0
5603,Asif Zaman,DEMO-KPT-5603,House No. CC-457,Street 19,North Nazimabad,4,4,Portion,Asif Zaman,Kanwar Chandio,Verified,Paid,Issue Found,Due,45800000.0
5485,Samina Rabbani,DEMO-KPT-5485,House No. RD-746,Street 20,North Nazimabad,4,4,Portion,Samina Rabbani,Yusra Majeed,Verified,Due,Under Review,Due,41200000.0
5608,Kafeel Sheikh,DEMO-KPT-5608,House No. BB-753,Street 20,North Nazimabad,4,4,Portion,Kafeel Sheikh,Noreen Mirza,Pending,Paid,Under Review,Paid,71800000.0
11708,Alishba Ghani,DEMO-KPT-11708,House No. RR-630,Street 22,North Nazimabad,4,4,Portion,Alishba Ghani,Sajid Kidwai,Verified,Paid,Issue Found,Paid,24500000.0
1136,Hira Shah,DEMO-KPT-1136,House No. A-512,Street 24,North Nazimabad,4,4,Portion,Hira Shah,Shoaib Sheikh,Verified,Due,Issue Found,Paid,67300000.0
11704,Farwa Zubairi,DEMO-KPT-11704,House No. CR-378,Street 25,North Nazimabad,4,4,Portion,Farwa Zubairi,Aryan Mohammadzai,Verified,Paid,Issue Found,Due,22700000.0
8586,Amal Qadri,DEMO-KPT-8586,House No. DD-481,Street 26,North Nazimabad,4,4,Portion,Amal Qadri,Zubia Saleem,Litigated,Paid,Clear,Paid,27400000.0
2147,Mina Khosa,DEMO-KPT-2147,House No. C-622,Street 27,North Nazimabad,4,4,Portion,Mina Khosa,Manahil Ali,Litigated,Paid,Issue Found,Paid,67200000.0
8567,Mahjabeen Malik,DEMO-KPT-8567,House No. BD-707,Street 27,North Nazimabad,4,4,Portion,Mahjabeen Malik,Naseer Mari,Pending,Paid,Under Review,Due,59000000.0
14867,Shahzadi Panhwar,DEMO-KPT-14867,House No. CRD-712,Street 27,North Nazimabad,4,4,Portion,Shahzadi Panhwar,Shees Farooq,Pending,Paid,Under Review,Due,55100000.0
2359,Shan Gakhar,DEMO-KPT-2359,House No. C-675,Street 6,North Nazimabad,5,4,Portion,Shan Gakhar,Faizan Gilani,Verified,Paid,Clear,Due,60800000.0
11788,Nigar Tanoli,DEMO-KPT-11788,House No. BR-473,Street 7,North Nazimabad,5,4,Portion,Nigar Tanoli,Syeda Yousaf,Litigated,Due,Clear,Due,39900000.0
8786,Fauzia Qureshi,DEMO-KPT-8786,House No. CR-457,Street 24,North Nazimabad,5,4,Portion,Fauzia Qureshi,Mehwish Dar,Verified,Due,Issue Found,Paid,60600000.0
15086,Ammar Randhawa,DEMO-KPT-15086,House No. DBC-697,Street 24,North Nazimabad,5,4,Portion,Ammar Randhawa,Qaiser Laghari,Verified,Due,Issue Found,Paid,23800000.0
2420,Sobia Awan,DEMO-KPT-2420,House No. C-432,Street 26,North Nazimabad,5,4,Portion,Sobia Awan,Hammad Mahsud,Verified,Paid,Issue Found,Paid,21000000.0
8765,Burhan Ijaz,DEMO-KPT-8765,House No. DD-606,Street 29,North Nazimabad,5,4,Portion,Burhan Ijaz,Raheela Gakhar,Pending,Paid,Clear,Paid,45600000.0
8888,Nadir Malik,DEMO-KPT-8888,House No. DR-386,Street 7,North Nazimabad,6,4,Portion,Nadir Malik,Farheen Tanoli,Litigated,Due,Clear,Paid,31700000.0
2501,Imran Mian,DEMO-KPT-2501,House No. C-793,Street 12,North Nazimabad,6,4,Portion,Imran Mian,Haseeb Bhutto,Litigated,Paid,Issue Found,Due,33900000.0
15251,Zoya Mian,DEMO-KPT-15251,House No. RBD-332,Street 19,North Nazimabad,6,4,Portion,Zoya Mian,Shabbir Majeed,Verified,Paid,Issue Found,Paid,53400000.0
5845,Bakhtawar Alvi,DEMO-KPT-5845,House No. DD-871,Street 21,North Nazimabad,6,4,Portion,Bakhtawar Alvi,Hanzala Jafri,Pending,Due,Under Review,Due,67500000.0
15295,Afreen Dayo,DEMO-KPT-15295,House No. RBD-612,Street 21,North Nazimabad,6,4,Portion,Afreen Dayo,Nadia Panhwar,Pending,Due,Under Review,Due,69600000.0
8903,Luqman Yousafzai,DEMO-KPT-8903,House No. BB-617,Street 22,North Nazimabad,6,4,Portion,Luqman Yousafzai,Sabika Gilani,Verified,Due,Under Review,Due,67200000.0
2584,Shamim Butt,DEMO-KPT-2584,House No. B-593,Street 24,North Nazimabad,6,4,Portion,Shamim Butt,Fazal Joiya,Verified,Paid,Clear,Paid,26900000.0
12034,Faisal Bhatti,DEMO-KPT-12034,House No. RR-386,Street 24,North Nazimabad,6,4,Portion,Faisal Bhatti,Manahil Magsi,Verified,Paid,Clear,Paid,28400000.0
1264,Komal Ali,DEMO-KPT-1264,House No. A-384,Street 26,North Nazimabad,6,4,Portion,Komal Ali,Iqra Ahmed,Pending,Due,Issue Found,Paid,76100000.0
8994,Abubakar Mohammadzai,DEMO-KPT-8994,House No. BB-527,Street 7,North Nazimabad,7,4,Portion,Abubakar Mohammadzai,Kafeel Kasi,Verified,Paid,Clear,Paid,44800000.0
1290,Imran Noor,DEMO-KPT-1290,House No. A-995,Street 15,North Nazimabad,7,4,Portion,Imran Noor,Waleed Hussain,Litigated,Due,Clear,Due,64800000.0
1333,Talha Siddiqui,DEMO-KPT-1333,House No. A-652,Street 16,North Nazimabad,7,4,Portion,Talha Siddiqui,Usman Hussain,Verified,Due,Clear,Due,34300000.0
12190,Uzma Barakzai,DEMO-KPT-12190,House No. DC-440,Street 19,North Nazimabad,7,4,Portion,Uzma Barakzai,Tahreem Cheema,Litigated,Paid,Issue Found,Paid,68200000.0
9017,Irtaza Kharal,DEMO-KPT-9017,House No. CB-626,Street 27,North Nazimabad,7,4,Portion,Irtaza Kharal,Jamila Mehmood,Pending,Paid,Under Review,Due,48500000.0
15382,Yumna Nawaz,DEMO-KPT-15382,House No. BRD-842,Street 27,North Nazimabad,7,4,Portion,Yumna Nawaz,Yawar Jamali,Litigated,Due,Issue Found,Paid,36500000.0
6065,Parveen Kamal,DEMO-KPT-6065,House No. BD-716,Street 29,North Nazimabad,7,4,Portion,Parveen Kamal,Mahmood Rizvi,Pending,Paid,Clear,Paid,37400000.0
2775,Owais Mengal,DEMO-KPT-2775,House No. B-481,Street 3,North Nazimabad,8,4,Portion,Owais Mengal,Rashida Shah,Verified,Due,Under Review,Paid,21800000.0
1341,Saad Tariq,DEMO-KPT-1341,House No. A-218,Street 4,North Nazimabad,8,4,Portion,Saad Tariq,Hussain Hussain,Pending,Due,Clear,Paid,30200000.0
12369,Momina Mustafa,DEMO-KPT-12369,House No. CC-475,Street 4,North Nazimabad,8,4,Portion,Momina Mustafa,Shaista Rind,Pending,Paid,Under Review,Paid,38100000.0
1354,Owais Khan,DEMO-KPT-1354,House No. A-2,Street 25,North Nazimabad,8,4,Portion,Owais Khan,Iqra Raza,Verified,Paid,Issue Found,Due,50100000.0
1356,Sara Mirza,DEMO-KPT-1356,House No. A-748,Street 25,North Nazimabad,8,4,Portion,Sara Mirza,Sadia Ali,Pending,Paid,Under Review,Due,32700000.0
6115,Hamza Mughal,DEMO-KPT-6115,House No. BR-713,Street 29,North Nazimabad,8,4,Portion,Hamza Mughal,Inshal Tahir,Litigated,Paid,Issue Found,Due,74700000.0
6375,Rashida Wani,DEMO-KPT-6375,House No. RD-714,Street 3,North Nazimabad,9,4,Portion,Rashida Wani,Ishaq Cheena,Verified,Due,Under Review,Paid,60000000.0
12528,Sajid Khokhar,DEMO-KPT-12528,House No. DB-813,Street 4,North Nazimabad,9,4,Portion,Sajid Khokhar,Qayyum Jaffri,Pending,Paid,Under Review,Due,37200000.0
12573,Aryan Mehmood,DEMO-KPT-12573,House No. BC-721,Street 14,North Nazimabad,9,4,Portion,Aryan Mehmood,Husna Ahmed,Litigated,Due,Issue Found,Paid,27900000.0
15604,Alina Gabol,DEMO-KPT-15604,House No. CBR-437,Street 14,North Nazimabad,9,4,Portion,Alina Gabol,Sehrish Abbasi,Pending,Due,Clear,Paid,21100000.0
6508,Mahnaz Bashir,DEMO-KPT-6508,House No. DB-805,Street 20,North Nazimabad,9,4,Portion,Mahnaz Bashir,Iram Usmani,Pending,Paid,Under Review,Paid,47900000.0
9353,Aqsa Rana,DEMO-KPT-9353,House No. BR-301,Street 22,North Nazimabad,9,4,Portion,Aqsa Rana,Ghazanfar Sipra,Verified,Due,Under Review,Due,35700000.0
6336,Zayan Ijaz,DEMO-KPT-6336,House No. CB-852,Street 26,North Nazimabad,9,4,Portion,Zayan Ijaz,Majid Shah,Litigated,Paid,Clear,Paid,65100000.0
15647,Qamar Dahri,DEMO-KPT-15647,House No. BCD-679,Street 27,North Nazimabad,9,4,Portion,Qamar Dahri,Arisha Bajwa,Litigated,Paid,Issue Found,Paid,56600000.0
15565,Noshaba Marri,DEMO-KPT-15565,House No. CDR-338,Street 29,North Nazimabad,9,4,Portion,Noshaba Marri,Saqib Ghauri,Litigated,Paid,Issue Found,Due,38200000.0
6544,Mehreen Wani,DEMO-KPT-6544,House No. RB-751,Street 14,North Nazimabad,10,4,Portion,Mehreen Wani,Saira Waheed,Litigated,Due,Under Review,Due,42100000.0
15723,Atiya Lone,DEMO-KPT-15723,House No. DCB-342,Street 14,North Nazimabad,10,4,Portion,Atiya Lone,Sameer Ali,Litigated,Due,Issue Found,Paid,23500000.0
1435,Anaya Sheikh,DEMO-KPT-1435,House No. A-870,Street 20,North Nazimabad,10,4,Portion,Anaya Sheikh,Bilal Siddiqui,Verified,Due,Under Review,Due,74500000.0
9535,Anila Toor,DEMO-KPT-9535,House No. DC-323,Street 20,North Nazimabad,10,4,Portion,Anila Toor,Aisha Cheema,Verified,Due,Under Review,Due,42100000.0
3277,Kanwal Marri,DEMO-KPT-3277,House No. D-769,Street 24,North Nazimabad,10,4,Portion,Kanwal Marri,Malaika Rafique,Pending,Due,Issue Found,Due,65200000.0
12633,Mehreen Ali,DEMO-KPT-12633,House No. RB-380,Street 24,North Nazimabad,10,4,Portion,Mehreen Ali,Saima Khosa,Verified,Paid,Under Review,Paid,24800000.0
3154,Kanwal Qureshi,DEMO-KPT-3154,House No. B-734,Street 25,North Nazimabad,10,4,Portion,Kanwal Qureshi,Sonia Wazir,Verified,Paid,Issue Found,Due,73500000.0
1432,Saad Siddiqui,DEMO-KPT-1432,House No. A-270,Street 27,North Nazimabad,10,4,Portion,Saad Siddiqui,Mariam Ahmed,Litigated,Due,Issue Found,Paid,30500000.0
12948,Hafeez Bugti,DEMO-KPT-12948,House No. RC-337,Street 9,North Nazimabad,11,4,Portion,Hafeez Bugti,Sufyan Rafique,Verified,Paid,Issue Found,Due,59900000.0
16140,Ehsan Zia,DEMO-KPT-16140,House No. BDR-321,Street 15,North Nazimabad,11,4,Portion,Ehsan Zia,Bisma Lari,Litigated,Due,Clear,Due,51500000.0
3362,Nabeel Mohammadzai,DEMO-KPT-3362,House No. B-684,Street 18,North Nazimabad,11,4,Portion,Nabeel Mohammadzai,Farooq Mustafa,Litigated,Paid,Issue Found,Due,65400000.0
9684,Sana Lughmani,DEMO-KPT-9684,House No. CD-352,Street 18,North Nazimabad,11,4,Portion,Sana Lughmani,Mahjabeen Warraich,Litigated,Due,Issue Found,Due,25300000.0
6835,Nadeem Rind,DEMO-KPT-6835,House No. DR-355,Street 20,North Nazimabad,11,4,Portion,Nadeem Rind,Rahim Baloch,Verified,Due,Under Review,Due,20400000.0
9658,Mahir Qazi,DEMO-KPT-9658,House No. CB-639,Street 20,North Nazimabad,11,4,Portion,Mahir Qazi,Lubna Sultan,Pending,Paid,Under Review,Paid,24900000.0
15980,Maira Warraich,DEMO-KPT-15980,House No. RDC-812,Street 21,North Nazimabad,11,4,Portion,Maira Warraich,Rafia Mazari,Pending,Paid,Under Review,Paid,58600000.0
12836,Muneeba Sheikh,DEMO-KPT-12836,House No. DR-738,Street 24,North Nazimabad,11,4,Portion,Muneeba Sheikh,Musa Hoti,Verified,Due,Issue Found,Paid,40600000.0
16309,Rizwan Chandio,DEMO-KPT-16309,House No. DRC-714,Street 6,North Nazimabad,12,4,Portion,Rizwan Chandio,Murtaza Tahir,Verified,Paid,Clear,Due,45500000.0
16288,Safa Waheed,DEMO-KPT-16288,House No. BCR-586,Street 7,North Nazimabad,12,4,Portion,Safa Waheed,Sabir Tariq,Litigated,Due,Clear,Due,58300000.0
12953,Nasir Bajwa,DEMO-KPT-12953,House No. DC-820,Street 22,North Nazimabad,12,4,Portion,Nasir Bajwa,Aiman Siddiqui,Verified,Due,Under Review,Due,44400000.0
13040,Jawad Orakzai,DEMO-KPT-13040,House No. DR-882,Street 23,North Nazimabad,12,4,Portion,Jawad Orakzai,Sharmeen Qadri,Litigated,Paid,Issue Found,Due,40400000.0
3557,Maryum Kazmi,DEMO-KPT-3557,House No. B-470,Street 25,North Nazimabad,12,4,Portion,Maryum Kazmi,Ikram Hashmi,Verified,Paid,Issue Found,Due,29300000.0
3542,Fakhar Yasin,DEMO-KPT-3542,House No. D-354,Street 27,North Nazimabad,12,4,Portion,Fakhar Yasin,Saba Gandapur,Verified,Paid,Under Review,Due,21600000.0
3819,Alina Shafiq,DEMO-KPT-3819,House No. C-601,Street 4,North Nazimabad,13,4,Portion,Alina Shafiq,Iqra Sabri,Pending,Paid,Under Review,Paid,63100000.0
3834,Izhar Mahsud,DEMO-KPT-3834,House No. R-862,Street 18,North Nazimabad,13,4,Portion,Izhar Mahsud,Ayla Lak,Litigated,Due,Issue Found,Due,22800000.0
16434,Zahida Sial,DEMO-KPT-16434,House No. RDB-854,Street 18,North Nazimabad,13,4,Portion,Zahida Sial,Bareera Sabri,Litigated,Due,Issue Found,Due,21400000.0
3830,Sumbal Hanif,DEMO-KPT-3830,House No. C-472,Street 21,North Nazimabad,13,4,Portion,Sumbal Hanif,Aisha Mir,Pending,Paid,Under Review,Paid,54500000.0
13086,Rimsha Jamal,DEMO-KPT-13086,House No. DB-785,Street 26,North Nazimabad,13,4,Portion,Rimsha Jamal,Ahmed Hayat,Litigated,Paid,Clear,Paid,39600000.0
3751,Urooj Samo,DEMO-KPT-3751,House No. D-732,Street 29,North Nazimabad,13,4,Portion,Urooj Samo,Firdous Mehmood,Verified,Due,Under Review,Due,26400000.0
13201,Mahir Lodhi,DEMO-KPT-13201,House No. RC-674,Street 29,North Nazimabad,13,4,Portion,Mahir Lodhi,Anwar Shinwari,Verified,Due,Under Review,Due,42500000.0
16613,Sehrish Pirzada,DEMO-KPT-16613,House No. BCD-535,Street 3,North Nazimabad,14,4,Portion,Sehrish Pirzada,Mehwish Zaman,Verified,Due,Under Review,Due,29800000.0
3978,Waheed Raza,DEMO-KPT-3978,House No. CD-651,Street 4,North Nazimabad,14,4,Portion,Waheed Raza,Uroosa Hoti,Pending,Paid,Under Review,Due,37100000.0
16593,Gohar Kharal,DEMO-KPT-16593,House No. BRD-855,Street 8,North Nazimabad,14,4,Portion,Gohar Kharal,Tahira Toor,Litigated,Paid,Clear,Due,37100000.0
13349,Fasih Rana,DEMO-KPT-13349,House No. CD-347,Street 19,North Nazimabad,14,4,Portion,Fasih Rana,Fariha Hussain,Litigated,Paid,Issue Found,Paid,24500000.0
16580,Waseem Chandio,DEMO-KPT-16580,House No. RCB-842,Street 19,North Nazimabad,14,4,Portion,Waseem Chandio,Ismail Bhurgri,Verified,Paid,Under Review,Paid,62500000.0
3927,Malaika Ijaz,DEMO-KPT-3927,House No. BC-896,Street 20,North Nazimabad,14,4,Portion,Malaika Ijaz,Aqeel Lak,Verified,Paid,Under Review,Paid,72400000.0
10242,Hanif Shakeel,DEMO-KPT-10242,House No. CR-641,Street 22,North Nazimabad,14,4,Portion,Hanif Shakeel,Hira Kayani,Pending,Due,Under Review,Paid,31000000.0
10358,Rafiq Waheed,DEMO-KPT-10358,House No. RB-726,Street 22,North Nazimabad,14,4,Portion,Rafiq Waheed,Jazib Cheena,Verified,Paid,Issue Found,Paid,53400000.0
10340,Sana Latif,DEMO-KPT-10340,House No. CR-574,Street 23,North Nazimabad,14,4,Portion,Sana Latif,Bakhtiar Wani,Litigated,Paid,Issue Found,Due,53000000.0
13457,Zohair Panezai,DEMO-KPT-13457,House No. DRB-708,Street 25,North Nazimabad,14,4,Portion,Zohair Panezai,Tahreem Buriro,Verified,Paid,Issue Found,Due,77500000.0
7235,Tauseef Abbasi,DEMO-KPT-7235,House No. DR-689,Street 29,North Nazimabad,14,4,Portion,Tauseef Abbasi,Talha Mahesar,Pending,Paid,Under Review,Due,39400000.0
13575,Armaghan Mustafa,DEMO-KPT-13575,House No. RBC-475,Street 3,North Nazimabad,15,4,Portion,Armaghan Mustafa,Ayla Kharal,Verified,Due,Under Review,Paid,41200000.0
3993,Humayun Zaman,DEMO-KPT-3993,House No. RB-754,Street 8,North Nazimabad,15,4,Portion,Humayun Zaman,Abid Sindhi,Litigated,Paid,Clear,Due,75400000.0
16709,Aslam Sultan,DEMO-KPT-16709,House No. CDR-497,Street 10,North Nazimabad,15,4,Portion,Aslam Sultan,Faiza Shafi,Verified,Paid,Issue Found,Due,60400000.0
13509,Anila Khattak,DEMO-KPT-13509,House No. BRC-396,Street 15,North Nazimabad,15,4,Portion,Anila Khattak,Zakir Popalzai,Litigated,Due,Clear,Paid,63800000.0
7412,Armaghan Dreshak,DEMO-KPT-7412,House No. DR-662,Street 18,North Nazimabad,15,4,Portion,Armaghan Dreshak,Nasir Laghari,Litigated,Paid,Issue Found,Due,32300000.0
13540,Moeen Janjua,DEMO-KPT-13540,House No. BCD-496,Street 19,North Nazimabad,15,4,Portion,Moeen Janjua,Khalid Mahesar,Litigated,Paid,Issue Found,Paid,43700000.0
10435,Balaj Chandio,DEMO-KPT-10435,House No. CR-599,Street 20,North Nazimabad,15,4,Portion,Balaj Chandio,Sheeba Hinjra,Verified,Due,Under Review,Due,41800000.0
4148,Unaiza Hanif,DEMO-KPT-4148,House No. RR-813,Street 25,North Nazimabad,15,4,Portion,Unaiza Hanif,Sobia Laghari,Pending,Due,Issue Found,Due,30800000.0
7370,Shaista Jamali,DEMO-KPT-7370,House No. DC-641,Street 26,North Nazimabad,15,4,Portion,Shaista Jamali,Aslam Rind,Verified,Paid,Issue Found,Paid,56500000.0
16686,Omer Rashid,DEMO-KPT-16686,House No. RBC-894,Street 26,North Nazimabad,15,4,Portion,Omer Rashid,Mahmood Panhwar,Litigated,Paid,Clear,Paid,53100000.0
7415,Shama Gilani,DEMO-KPT-7415,House No. DR-382,Street 29,North Nazimabad,15,4,Portion,Shama Gilani,Zarar Warraich,Pending,Paid,Clear,Paid,37700000.0
4301,Hafsa Hoti,DEMO-KPT-4301,House No. BC-889,Street 12,North Nazimabad,16,4,Portion,Hafsa Hoti,Zehra Shah,Litigated,Paid,Issue Found,Due,21500000.0
10584,Mahreen Wazir,DEMO-KPT-10584,House No. DB-326,Street 18,North Nazimabad,16,4,Portion,Mahreen Wazir,Sundas Baloch,Litigated,Due,Issue Found,Due,61100000.0
7462,Hoorain Anwar,DEMO-KPT-7462,House No. BR-327,Street 24,North Nazimabad,16,4,Portion,Hoorain Anwar,Sonia Bugti,Verified,Due,Under Review,Due,52300000.0
13724,Asifa Zubairi,DEMO-KPT-13724,House No. RDC-581,Street 27,North Nazimabad,16,4,Portion,Asifa Zubairi,Malaika Buriro,Litigated,Paid,Issue Found,Paid,21200000.0
13715,Mina Qadri,DEMO-KPT-13715,House No. CBD-544,Street 29,North Nazimabad,16,4,Portion,Mina Qadri,Nafisa Khosa,Pending,Paid,Clear,Paid,59800000.0
4443,Waseem Nasar,DEMO-KPT-4443,House No. BD-747,Street 8,North Nazimabad,17,4,Portion,Waseem Nasar,Shama Marwat,Litigated,Paid,Clear,Due,41700000.0
4398,Hussam Tareen,DEMO-KPT-4398,House No. CD-511,Street 9,North Nazimabad,17,4,Portion,Hussam Tareen,Irtaza Mengal,Verified,Paid,Issue Found,Due,66900000.0
10773,Sameer Javed,DEMO-KPT-10773,House No. BD-643,Street 14,North Nazimabad,17,4,Portion,Sameer Javed,Ikram Zahid,Litigated,Due,Issue Found,Paid,42500000.0
4442,Zayan Kakar,DEMO-KPT-4442,House No. RB-780,Street 27,North Nazimabad,17,4,Portion,Zayan Kakar,Ali Parvez,Verified,Paid,Under Review,Due,26700000.0
7690,Hussnain Sandhu,DEMO-KPT-7690,House No. BC-597,Street 19,North Nazimabad,18,4,Portion,Hussnain Sandhu,Arfa Kiani,Litigated,Paid,Issue Found,Paid,48500000.0
11003,Rameez Sabri,DEMO-KPT-11003,House No. RD-860,Street 19,North Nazimabad,18,4,Portion,Rameez Sabri,Hanzala Usmani,Verified,Paid,Issue Found,Due,57700000.0
4585,Zaheer Pirzada,DEMO-KPT-4585,House No. RB-876,Street 20,North Nazimabad,18,4,Portion,Zaheer Pirzada,Haleema Bangash,Verified,Due,Under Review,Due,24400000.0
4730,Rafia Sultan,DEMO-KPT-4730,House No. DR-301,Street 21,North Nazimabad,18,4,Portion,Rafia Sultan,Ejaz Hinjra,Pending,Paid,Under Review,Paid,26800000.0
7679,Waleed Imran,DEMO-KPT-7679,House No. BB-772,Street 22,North Nazimabad,18,4,Portion,Waleed Imran,Rahila Marwat,Verified,Due,Clear,Due,42300000.0
13958,Mina Ahmed,DEMO-KPT-13958,House No. BDC-891,Street 22,North Nazimabad,18,4,Portion,Mina Ahmed,Zuha Nasar,Verified,Paid,Issue Found,Paid,62000000.0
13985,Urooj Sultan,DEMO-KPT-13985,House No. DRB-454,Street 29,North Nazimabad,18,4,Portion,Urooj Sultan,Aiman Mahar,Pending,Paid,Under Review,Due,50800000.0
4878,Malaika Jogezai,DEMO-KPT-4878,House No. BR-724,Street 4,North Nazimabad,19,4,Portion,Malaika Jogezai,Affan Mustafa,Pending,Paid,Under Review,Due,71100000.0
14093,Abdullah Turk,DEMO-KPT-14093,House No. DCR-433,Street 15,North Nazimabad,19,4,Portion,Abdullah Turk,Zameer Swati,Verified,Paid,Issue Found,Due,30400000.0
7926,Qudrat Popalzai,DEMO-KPT-7926,House No. RB-661,Street 17,North Nazimabad,19,4,Portion,Qudrat Popalzai,Arooj Lak,Pending,Paid,Clear,Paid,74900000.0
11062,Affan Lakhani,DEMO-KPT-11062,House No. DR-878,Street 24,North Nazimabad,19,4,Portion,Affan Lakhani,Irfan Sandhu,Verified,Due,Under Review,Due,78200000.0
14048,Shahroz Daudzai,DEMO-KPT-14048,House No. BRC-623,Street 25,North Nazimabad,19,4,Portion,Shahroz Daudzai,Humaira Yousafzai,Pending,Due,Issue Found,Due,37500000.0
11065,Zahida Ghaffar,DEMO-KPT-11065,House No. CR-711,Street 29,North Nazimabad,19,4,Portion,Zahida Ghaffar,Saeeda Leghari,Litigated,Paid,Issue Found,Due,45700000.0
11233,Amber Usmani,DEMO-KPT-11233,House No. CC-469,Street 16,North Nazimabad,20,4,Portion,Amber Usmani,Maryum Jamali,Verified,Due,Clear,Due,29700000.0
14330,Kaneez Mahar,DEMO-KPT-14330,House No. BCR-557,Street 19,North Nazimabad,20,4,Portion,Kaneez Mahar,Rauf Farooq,Verified,Paid,Under Review,Paid,53200000.0
14158,Osama Kidwai,DEMO-KPT-14158,House No. RDC-512,Street 20,North Nazimabad,20,4,Portion,Osama Kidwai,Tahmina Mazari,Pending,Paid,Under Review,Paid,59700000.0
8090,Samad Kakar,DEMO-KPT-8090,House No. CD-724,Street 23,North Nazimabad,20,4,Portion,Samad Kakar,Zeshan Wazir,Litigated,Paid,Issue Found,Due,33600000.0
11240,Mahjabeen Bijarani,DEMO-KPT-11240,House No. BR-308,Street 23,North Nazimabad,20,4,Portion,Mahjabeen Bijarani,Nargis Rehman,Litigated,Paid,Issue Found,Due,54000000.0
4956,Kaif Lashari,DEMO-KPT-4956,House No. CB-541,Street 25,North Nazimabad,20,4,Portion,Kaif Lashari,Ammar Waheed,Pending,Paid,Under Review,Due,37900000.0
7309,Sidrah Sardar,DEMO-KPT-7309,House No. RC-650,Street 6,Saddar,1,4,Portion,Sidrah Sardar,Bilawal Ghumman,Verified,Paid,Clear,Due,58200000.0
9088,Irtaza Lughmani,DEMO-KPT-9088,House No. DD-407,Street 7,Saddar,1,4,Portion,Irtaza Lughmani,Ihtisham Saif,Litigated,Due,Clear,Due,31500000.0
1498,Younas Bhittani,DEMO-KPT-1498,House No. R-384,Street 15,Saddar,1,4,Portion,Younas Bhittani,Shaheer Hafeez,Litigated,Due,Clear,Due,54600000.0
9143,Azan Tunio,DEMO-KPT-9143,House No. BB-752,Street 15,Saddar,1,4,Portion,Azan Tunio,Sanam Tahir,Verified,Paid,Issue Found,Due,45500000.0
12540,Ahtisham Korai,DEMO-KPT-12540,House No. CR-663,Street 15,Saddar,1,4,Portion,Ahtisham Korai,Muneeb Mahesar,Litigated,Due,Clear,Due,75200000.0
7308,Khizar Mohammadzai,DEMO-KPT-7308,House No. RR-660,Street 18,Saddar,1,4,Portion,Khizar Mohammadzai,Marwa Bhittani,Litigated,Paid,Clear,Due,32000000.0
9108,Ejaz Lari,DEMO-KPT-9108,House No. BR-502,Street 18,Saddar,1,4,Portion,Ejaz Lari,Hashir Talpur,Litigated,Paid,Clear,Due,49700000.0
15962,Aneeqa Lakhani,DEMO-KPT-15962,House No. DRB-704,Street 18,Saddar,1,4,Portion,Aneeqa Lakhani,Rustam Jaffri,Litigated,Paid,Issue Found,Due,50600000.0
5377,Faiza Yazdani,DEMO-KPT-5377,House No. RC-712,Street 19,Saddar,1,4,Portion,Faiza Yazdani,Sabeen Kiani,Pending,Due,Issue Found,Paid,69400000.0
9040,Abbas Bukhari,DEMO-KPT-9040,House No. RB-696,Street 19,Saddar,1,4,Portion,Abbas Bukhari,Arham Hashmi,Litigated,Paid,Issue Found,Paid,50000000.0
12590,Salahuddin Haral,DEMO-KPT-12590,House No. BB-548,Street 23,Saddar,1,4,Portion,Salahuddin Haral,Feroz Jafri,Litigated,Paid,Issue Found,Due,47100000.0
3412,Yusra Chandio,DEMO-KPT-3412,House No. B-526,Street 24,Saddar,1,4,Portion,Yusra Chandio,Parveen Toor,Verified,Due,Under Review,Due,41800000.0
9127,Sohaib Mohammadzai,DEMO-KPT-9127,House No. DC-453,Street 24,Saddar,1,4,Portion,Sohaib Mohammadzai,Nazia Jamal,Pending,Due,Issue Found,Due,20200000.0
15983,Ashfaq Nadeem,DEMO-KPT-15983,House No. CDR-822,Street 24,Saddar,1,4,Portion,Ashfaq Nadeem,Sundas Zaidi,Pending,Paid,Under Review,Paid,78200000.0
12606,Waheed Saleem,DEMO-KPT-12606,House No. BR-873,Street 25,Saddar,1,4,Portion,Waheed Saleem,Mushtaq Farooqi,Pending,Paid,Under Review,Due,60300000.0
10836,Shafiq Jadoon,DEMO-KPT-10836,House No. RC-319,Street 26,Saddar,1,4,Portion,Shafiq Jadoon,Yaqoob Mehmood,Litigated,Paid,Clear,Paid,42200000.0
15974,Owais Korai,DEMO-KPT-15974,House No. DCR-837,Street 27,Saddar,1,4,Portion,Owais Korai,Jannat Lughmani,Litigated,Paid,Issue Found,Paid,51200000.0
1501,Fayyaz Umer,DEMO-KPT-1501,House No. D-444,Street 29,Saddar,1,4,Portion,Fayyaz Umer,Tanzeela Farooq,Verified,Due,Under Review,Due,72700000.0
9151,Osama Baig,DEMO-KPT-9151,House No. RD-403,Street 29,Saddar,1,4,Portion,Osama Baig,Hashir Zardari,Verified,Due,Under Review,Due,23600000.0
9219,Ghazala Kharal,DEMO-KPT-9219,House No. DB-827,Street 4,Saddar,2,4,Portion,Ghazala Kharal,Nailah Barakzai,Pending,Paid,Under Review,Paid,67400000.0
12688,Noaman Alvi,DEMO-KPT-12688,House No. CC-520,Street 7,Saddar,2,4,Portion,Noaman Alvi,Zaynab Korai,Litigated,Due,Clear,Due,69900000.0
10959,Tanzeela Mansoor,DEMO-KPT-10959,House No. DR-346,Street 11,Saddar,2,4,Portion,Tanzeela Mansoor,Najma Kidwai,Verified,Due,Under Review,Due,25800000.0
16054,Younas Shafiq,DEMO-KPT-16054,House No. BRD-405,Street 14,Saddar,2,4,Portion,Younas Shafiq,Nasreen Shafi,Pending,Due,Clear,Paid,56400000.0
14351,Aleena Rajput,DEMO-KPT-14351,House No. DBR-799,Street 19,Saddar,2,4,Portion,Aleena Rajput,Farwa Hafeez,Verified,Paid,Issue Found,Paid,20600000.0
1583,Esha Leghari,DEMO-KPT-1583,House No. C-887,Street 24,Saddar,2,4,Portion,Esha Leghari,Fauzia Sheikh,Pending,Paid,Under Review,Paid,67100000.0
1612,Kanwar Rehman,DEMO-KPT-1612,House No. R-875,Street 24,Saddar,2,4,Portion,Kanwar Rehman,Nayyar Umer,Verified,Due,Under Review,Due,53600000.0
5404,Saeeda Mian,DEMO-KPT-5404,House No. RB-354,Street 25,Saddar,2,4,Portion,Saeeda Mian,Ruqayya Zia,Verified,Paid,Issue Found,Due,50500000.0
14357,Sitara Kiani,DEMO-KPT-14357,House No. DRC-542,Street 25,Saddar,2,4,Portion,Sitara Kiani,Marwa Janjua,Verified,Paid,Issue Found,Due,56200000.0
10970,Rida Umer,DEMO-KPT-10970,House No. BD-637,Street 26,Saddar,2,4,Portion,Rida Umer,Tayyeb Dar,Verified,Paid,Issue Found,Paid,30900000.0
5482,Sahrish Dreshak,DEMO-KPT-5482,House No. RC-495,Street 27,Saddar,2,4,Portion,Sahrish Dreshak,Zubaida Ijaz,Litigated,Due,Issue Found,Paid,20500000.0
7351,Rida Gondal,DEMO-KPT-7351,House No. RB-889,Street 29,Saddar,2,4,Portion,Rida Gondal,Ayla Sohu,Verified,Due,Under Review,Due,55800000.0
9215,Wajiha Imran,DEMO-KPT-9215,House No. CB-407,Street 29,Saddar,2,4,Portion,Wajiha Imran,Zawar Kiani,Pending,Paid,Clear,Paid,39000000.0
10951,Afreen Abro,DEMO-KPT-10951,House No. DD-579,Street 29,Saddar,2,4,Portion,Afreen Abro,Ayeza Mir,Verified,Due,Under Review,Due,61100000.0
12635,Fauzia Nadeem,DEMO-KPT-12635,House No. BR-541,Street 29,Saddar,2,4,Portion,Fauzia Nadeem,Nailah Rehman,Pending,Paid,Under Review,Due,56300000.0
7366,Zamzam Lone,DEMO-KPT-7366,House No. RR-345,Street 30,Saddar,2,4,Portion,Zamzam Lone,Sidrah Bangash,Litigated,Due,Issue Found,Due,20900000.0
7419,Ashar Yousaf,DEMO-KPT-7419,House No. RR-357,Street 4,Saddar,3,4,Portion,Ashar Yousaf,Junaid Ghauri,Pending,Paid,Under Review,Paid,30300000.0
12709,Wajiha Khokhar,DEMO-KPT-12709,House No. BR-839,Street 6,Saddar,3,4,Portion,Wajiha Khokhar,Misbah Ali,Verified,Paid,Clear,Due,64100000.0
14441,Raza Yasin,DEMO-KPT-14441,House No. RDB-507,Street 8,Saddar,3,4,Portion,Raza Yasin,Esha Yazdani,Pending,Due,Clear,Paid,70300000.0
16143,Nasreen Dayo,DEMO-KPT-16143,House No. CRB-514,Street 8,Saddar,3,4,Portion,Nasreen Dayo,Haris Saif,Litigated,Paid,Clear,Due,40200000.0
3662,Fawad Gakhar,DEMO-KPT-3662,House No. C-690,Street 18,Saddar,3,4,Portion,Fawad Gakhar,Areeba Haral,Pending,Paid,Under Review,Paid,28600000.0
11034,Affan Zubair,DEMO-KPT-11034,House No. DR-873,Street 18,Saddar,3,4,Portion,Affan Zubair,Majid Kazmi,Litigated,Due,Issue Found,Due,74100000.0
3604,Jahangir Cheema,DEMO-KPT-3604,House No. B-847,Street 25,Saddar,3,4,Portion,Jahangir Cheema,Samiya Farooqi,Verified,Paid,Issue Found,Due,72600000.0
5551,Arham Panhwar,DEMO-KPT-5551,House No. DR-538,Street 29,Saddar,3,4,Portion,Arham Panhwar,Farhan Mengal,Verified,Due,Under Review,Due,35700000.0
11178,Inayat Sial,DEMO-KPT-11178,House No. BR-702,Street 4,Saddar,4,4,Portion,Inayat Sial,Qasim Warraich,Pending,Paid,Under Review,Due,62000000.0
7538,Saba Shafi,DEMO-KPT-7538,House No. DC-644,Street 7,Saddar,4,4,Portion,Saba Shafi,Samina Butt,Litigated,Due,Clear,Paid,32600000.0
1839,Fakhar Rashid,DEMO-KPT-1839,House No. R-697,Street 9,Saddar,4,4,Portion,Fakhar Rashid,Sheraz Zardari,Pending,Due,Clear,Paid,69900000.0
7548,Samra Lashari,DEMO-KPT-7548,House No. CB-673,Street 9,Saddar,4,4,Portion,Samra Lashari,Rashida Saeed,Verified,Paid,Issue Found,Due,20700000.0
16259,Feryal Bukhari,DEMO-KPT-16259,House No. CBD-569,Street 10,Saddar,4,4,Portion,Feryal Bukhari,Asim Awan,Verified,Paid,Issue Found,Due,35900000.0
12759,Shayan Waheed,DEMO-KPT-12759,House No. CD-521,Street 11,Saddar,4,4,Portion,Shayan Waheed,Sadiq Zardari,Verified,Due,Under Review,Due,45600000.0
11190,Irtaza Hinjra,DEMO-KPT-11190,House No. BR-786,Street 15,Saddar,4,4,Portion,Irtaza Hinjra,Rizwan Zubair,Litigated,Due,Clear,Due,43100000.0
16209,Beenish Tareen,DEMO-KPT-16209,House No. DCB-589,Street 15,Saddar,4,4,Portion,Beenish Tareen,Fareed Lodhi,Litigated,Due,Clear,Paid,68100000.0
5699,Humaira Butt,DEMO-KPT-5699,House No. CD-439,Street 19,Saddar,4,4,Portion,Humaira Butt,Kabir Kakar,Litigated,Paid,Issue Found,Paid,60400000.0
7542,Sumaira Jadoon,DEMO-KPT-7542,House No. RB-866,Street 22,Saddar,4,4,Portion,Sumaira Jadoon,Majid Bugti,Pending,Due,Under Review,Paid,58300000.0
7553,Zainab Tariq,DEMO-KPT-7553,House No. RC-742,Street 22,Saddar,4,4,Portion,Zainab Tariq,Ihsan Khuhro,Verified,Due,Under Review,Due,50600000.0
7534,Sehar Jamal,DEMO-KPT-7534,House No. DD-308,Street 24,Saddar,4,4,Portion,Sehar Jamal,Faiza Umer,Verified,Paid,Clear,Paid,57300000.0
7564,Maira Kharal,DEMO-KPT-7564,House No. DR-566,Street 26,Saddar,4,4,Portion,Maira Kharal,Umaima Kharal,Pending,Due,Issue Found,Paid,63800000.0
9364,Erum Kharal,DEMO-KPT-9364,House No. RR-894,Street 26,Saddar,4,4,Portion,Erum Kharal,Faiza Farooq,Pending,Due,Issue Found,Paid,38600000.0
1878,Armaghan Aslam,DEMO-KPT-1878,House No. C-641,Street 27,Saddar,4,4,Portion,Armaghan Aslam,Zuha Niazi,Pending,Paid,Clear,Paid,74900000.0
3682,Sarmad Warsi,DEMO-KPT-3682,House No. B-861,Street 27,Saddar,4,4,Portion,Sarmad Warsi,Emaan Jadoon,Litigated,Due,Issue Found,Paid,47500000.0
7547,Faiza Baloch,DEMO-KPT-7547,House No. CB-793,Street 27,Saddar,4,4,Portion,Faiza Baloch,Saeed Marwat,Litigated,Paid,Issue Found,Paid,31100000.0
1835,Sana Ghaffar,DEMO-KPT-1835,House No. R-453,Street 29,Saddar,4,4,Portion,Sana Ghaffar,Jabbar Sabri,Pending,Paid,Under Review,Due,64900000.0
12766,Saeed Imran,DEMO-KPT-12766,House No. BR-436,Street 30,Saddar,4,4,Portion,Saeed Imran,Arbaz Haral,Litigated,Due,Issue Found,Due,64900000.0
14566,Amir Ghauri,DEMO-KPT-14566,House No. BRC-667,Street 30,Saddar,4,4,Portion,Amir Ghauri,Sadaqat Kasi,Litigated,Due,Issue Found,Due,36500000.0
5813,Unaiza Sabri,DEMO-KPT-5813,House No. DB-475,Street 3,Saddar,5,4,Portion,Unaiza Sabri,Qamar Saif,Verified,Due,Under Review,Due,34300000.0
11241,Qasim Raza,DEMO-KPT-11241,House No. DC-344,Street 4,Saddar,5,4,Portion,Qasim Raza,Izhar Jaffri,Pending,Due,Clear,Paid,56200000.0
16419,Mehmood Saif,DEMO-KPT-16419,House No. CBR-630,Street 4,Saddar,5,4,Portion,Mehmood Saif,Tooba Qureshi,Pending,Paid,Under Review,Paid,64400000.0
1909,Kamil Jafri,DEMO-KPT-1909,House No. B-578,Street 6,Saddar,5,4,Portion,Kamil Jafri,Tasneem Bugti,Verified,Paid,Clear,Due,20500000.0
9444,Shahida Naseem,DEMO-KPT-9444,House No. CD-869,Street 7,Saddar,5,4,Portion,Shahida Naseem,Arsalan Javed,Verified,Paid,Clear,Paid,56700000.0
12851,Aneeqa Usmani,DEMO-KPT-12851,House No. BD-306,Street 12,Saddar,5,4,Portion,Aneeqa Usmani,Farhan Bugti,Litigated,Paid,Issue Found,Due,40300000.0
7590,Fida Abbasi,DEMO-KPT-7590,House No. RC-833,Street 15,Saddar,5,4,Portion,Fida Abbasi,Uzma Tarar,Litigated,Due,Clear,Due,31300000.0
16403,Kanwar Junejo,DEMO-KPT-16403,House No. BCD-724,Street 19,Saddar,5,4,Portion,Kanwar Junejo,Asra Yasin,Verified,Paid,Issue Found,Due,39400000.0
12830,Zahid Khuhro,DEMO-KPT-12830,House No. CR-510,Street 21,Saddar,5,4,Portion,Zahid Khuhro,Fiza Zubair,Pending,Paid,Under Review,Paid,49100000.0
5840,Daniyal Malik,DEMO-KPT-5840,House No. BB-799,Street 23,Saddar,5,4,Portion,Daniyal Malik,Gohar Tarar,Litigated,Paid,Issue Found,Due,24100000.0
3824,Jibran Achakzai,DEMO-KPT-3824,House No. C-882,Street 27,Saddar,5,4,Portion,Jibran Achakzai,Ramsha Ghazali,Litigated,Paid,Issue Found,Paid,33600000.0
7667,Majid Sadiq,DEMO-KPT-7667,House No. DC-301,Street 27,Saddar,5,4,Portion,Majid Sadiq,Inayat Unar,Pending,Paid,Under Review,Due,60400000.0
9528,Tahseen Lakhani,DEMO-KPT-9528,House No. DD-760,Street 27,Saddar,5,4,Portion,Tahseen Lakhani,Alizeh Dawood,Pending,Paid,Clear,Paid,63100000.0
16278,Sheeba Chattha,DEMO-KPT-16278,House No. CDB-741,Street 27,Saddar,5,4,Portion,Sheeba Chattha,Zartaj Panezai,Pending,Paid,Clear,Paid,53900000.0
11359,Waqas Zaman,DEMO-KPT-11359,House No. DR-306,Street 6,Saddar,6,4,Portion,Waqas Zaman,Aneeqa Khokhar,Verified,Paid,Clear,Due,23200000.0
11338,Ayla Yazdani,DEMO-KPT-11338,House No. DD-835,Street 7,Saddar,6,4,Portion,Ayla Yazdani,Marium Hayat,Litigated,Due,Clear,Due,36400000.0
12938,Nasrullah Mahesar,DEMO-KPT-12938,House No. BD-769,Street 7,Saddar,6,4,Portion,Nasrullah Mahesar,Jabbar Rajper,Litigated,Due,Clear,Paid,40300000.0
16538,Sibtain Saif,DEMO-KPT-16538,House No. RBC-826,Street 7,Saddar,6,4,Portion,Sibtain Saif,Mashal Waheed,Litigated,Due,Clear,Paid,69000000.0
1954,Shafaq Lari,DEMO-KPT-1954,House No. B-310,Street 22,Saddar,6,4,Portion,Shafaq Lari,Zayan Mustafa,Verified,Paid,Issue Found,Due,47200000.0
7804,Zafar Sohu,DEMO-KPT-7804,House No. RR-752,Street 22,Saddar,6,4,Portion,Zafar Sohu,Sajjad Lak,Verified,Paid,Issue Found,Due,32100000.0
3947,Aisha Ranjha,DEMO-KPT-3947,House No. BR-532,Street 27,Saddar,6,4,Portion,Aisha Ranjha,Sabrina Chaudhry,Litigated,Paid,Issue Found,Paid,63100000.0
5885,Ayaz Mazari,DEMO-KPT-5885,House No. DR-535,Street 29,Saddar,6,4,Portion,Ayaz Mazari,Iftikhar Riaz,Pending,Paid,Under Review,Due,70000000.0
7816,Sikandar Sardar,DEMO-KPT-7816,House No. RR-325,Street 30,Saddar,6,4,Portion,Sikandar Sardar,Faizan Dawood,Litigated,Due,Issue Found,Due,76300000.0
9616,Tayyaba Aslam,DEMO-KPT-9616,House No. RC-617,Street 30,Saddar,6,4,Portion,Tayyaba Aslam,Farwa Magsi,Litigated,Due,Issue Found,Due,70700000.0
5925,Zia Shinwari,DEMO-KPT-5925,House No. RR-827,Street 3,Saddar,7,4,Portion,Zia Shinwari,Rehmat Ilyas,Verified,Due,Under Review,Paid,33000000.0
14844,Alam Durrani,DEMO-KPT-14844,House No. BRD-831,Street 7,Saddar,7,4,Portion,Alam Durrani,Mazen Mazari,Verified,Paid,Clear,Paid,53200000.0
12993,Mariam Rabbani,DEMO-KPT-12993,House No. RR-505,Street 8,Saddar,7,4,Portion,Mariam Rabbani,Tamkeen Ghaffar,Litigated,Paid,Clear,Due,60900000.0
16548,Sitara Pasha,DEMO-KPT-16548,House No. BCD-605,Street 9,Saddar,7,4,Portion,Sitara Pasha,Hoorain Bijarani,Verified,Paid,Issue Found,Due,71300000.0
3980,Nayab Qadir,DEMO-KPT-3980,House No. BB-869,Street 19,Saddar,7,4,Portion,Nayab Qadir,Shoaib Bhurgri,Verified,Paid,Under Review,Paid,59800000.0
14827,Kainat Tahir,DEMO-KPT-14827,House No. BRD-756,Street 19,Saddar,7,4,Portion,Kainat Tahir,Ilyas Joiya,Pending,Due,Issue Found,Paid,33400000.0
7880,Azka Tariq,DEMO-KPT-7880,House No. DB-812,Street 21,Saddar,7,4,Portion,Azka Tariq,Yawar Usmani,Pending,Paid,Under Review,Paid,31200000.0
3953,Anmol Tareen,DEMO-KPT-3953,House No. CC-486,Street 22,Saddar,7,4,Portion,Anmol Tareen,Ayesha Malik,Verified,Due,Under Review,Due,31000000.0
11404,Maira Javed,DEMO-KPT-11404,House No. DD-501,Street 22,Saddar,7,4,Portion,Maira Javed,Ijaz Mohmand,Verified,Paid,Issue Found,Due,22100000.0
14886,Moiz Akhtar,DEMO-KPT-14886,House No. BCD-815,Street 26,Saddar,7,4,Portion,Moiz Akhtar,Ambreen Hanif,Litigated,Paid,Clear,Paid,32900000.0
5928,Mehboob Hanif,DEMO-KPT-5928,House No. BR-872,Street 27,Saddar,7,4,Portion,Mehboob Hanif,Rukhsana Rajper,Pending,Paid,Clear,Paid,35900000.0
11474,Waqas Farooqi,DEMO-KPT-11474,House No. BC-627,Street 27,Saddar,7,4,Portion,Waqas Farooqi,Hafeez Naseem,Litigated,Paid,Issue Found,Paid,55200000.0
12992,Ghazanfar Shafiq,DEMO-KPT-12992,House No. BR-418,Street 27,Saddar,7,4,Portion,Ghazanfar Shafiq,Wania Saif,Verified,Paid,Under Review,Due,71200000.0
11401,Farhan Dawood,DEMO-KPT-11401,House No. RC-802,Street 29,Saddar,7,4,Portion,Farhan Dawood,Sitara Jamali,Verified,Due,Under Review,Due,21300000.0
14885,Sumbal Sandhu,DEMO-KPT-14885,House No. CBR-598,Street 29,Saddar,7,4,Portion,Sumbal Sandhu,Arham Marri,Pending,Paid,Under Review,Due,44200000.0
6016,Maimoona Dawood,DEMO-KPT-6016,House No. BR-620,Street 30,Saddar,7,4,Portion,Maimoona Dawood,Zartaj Toor,Litigated,Due,Issue Found,Due,25300000.0
14909,Saima Bhurgri,DEMO-KPT-14909,House No. BCR-735,Street 10,Saddar,8,4,Portion,Saima Bhurgri,Faizan Nasar,Verified,Paid,Issue Found,Due,55000000.0
6101,Kausar Shafiq,DEMO-KPT-6101,House No. BR-756,Street 12,Saddar,8,4,Portion,Kausar Shafiq,Nudrat Leghari,Litigated,Paid,Issue Found,Due,63900000.0
9694,Maryum Sahito,DEMO-KPT-9694,House No. CB-669,Street 14,Saddar,8,4,Portion,Maryum Sahito,Alam Samo,Litigated,Due,Under Review,Due,20800000.0
2190,Rahim Sultan,DEMO-KPT-2190,House No. C-759,Street 15,Saddar,8,4,Portion,Rahim Sultan,Nafisa Shafi,Litigated,Due,Clear,Due,64400000.0
2180,Basit Toor,DEMO-KPT-2180,House No. R-758,Street 19,Saddar,8,4,Portion,Basit Toor,Mahir Magsi,Verified,Paid,Under Review,Paid,69100000.0
16645,Nudrat Sandhu,DEMO-KPT-16645,House No. CRD-797,Street 21,Saddar,8,4,Portion,Nudrat Sandhu,Hafeez Tiwana,Pending,Due,Under Review,Due,49600000.0
13058,Saleha Rafique,DEMO-KPT-13058,House No. DR-523,Street 22,Saddar,8,4,Portion,Saleha Rafique,Marwa Mir,Verified,Paid,Issue Found,Paid,48800000.0
2164,Nasreen Mian,DEMO-KPT-2164,House No. C-571,Street 26,Saddar,8,4,Portion,Nasreen Mian,Aneeqa Mehmood,Pending,Due,Issue Found,Paid,69700000.0
4132,Hadi Saeed,DEMO-KPT-4132,House No. CC-883,Street 27,Saddar,8,4,Portion,Hadi Saeed,Sabeen Mughal,Litigated,Due,Issue Found,Paid,28400000.0
13067,Khurram Kalhoro,DEMO-KPT-13067,House No. BR-635,Street 27,Saddar,8,4,Portion,Khurram Kalhoro,Ali Peerzada,Pending,Paid,Under Review,Due,63900000.0
16728,Aneesa Cheena,DEMO-KPT-16728,House No. DCR-422,Street 27,Saddar,8,4,Portion,Aneesa Cheena,Dilshad Shafiq,Pending,Paid,Clear,Paid,45300000.0
2213,Asifa Chaudhry,DEMO-KPT-2213,House No. R-612,Street 3,Saddar,9,4,Portion,Asifa Chaudhry,Obaid Yousaf,Verified,Due,Under Review,Due,35600000.0
13125,Zubaida Ranjha,DEMO-KPT-13125,House No. RB-361,Street 3,Saddar,9,4,Portion,Zubaida Ranjha,Fida Hinjra,Verified,Due,Under Review,Paid,72300000.0
11628,Nayab Zubairi,DEMO-KPT-11628,House No. RR-728,Street 4,Saddar,9,4,Portion,Nayab Zubairi,Nauman Jamali,Pending,Paid,Under Review,Due,39100000.0
16759,Komal Panhwar,DEMO-KPT-16759,House No. RBC-648,Street 6,Saddar,9,4,Portion,Komal Panhwar,Fayyaz Baig,Verified,Paid,Clear,Due,45500000.0
11603,Palwasha Pasha,DEMO-KPT-11603,House No. RR-465,Street 22,Saddar,9,4,Portion,Palwasha Pasha,Aleeza Mohammadzai,Verified,Due,Under Review,Due,48700000.0
13083,Siddique Qureshi,DEMO-KPT-13083,House No. CD-667,Street 24,Saddar,9,4,Portion,Siddique Qureshi,Manahil Mian,Verified,Paid,Under Review,Paid,31700000.0
9814,Hafiz Umer,DEMO-KPT-9814,House No. RB-330,Street 26,Saddar,9,4,Portion,Hafiz Umer,Momina Janjua,Pending,Due,Issue Found,Paid,46900000.0
9797,Najma Panhwar,DEMO-KPT-9797,House No. CR-399,Street 27,Saddar,9,4,Portion,Najma Panhwar,Neha Tarar,Litigated,Paid,Issue Found,Paid,45300000.0
9842,Azeem Hashmi,DEMO-KPT-9842,House No. BB-424,Street 27,Saddar,9,4,Portion,Azeem Hashmi,Taha Gondal,Verified,Paid,Under Review,Due,63900000.0
16732,Sami Mian,DEMO-KPT-16732,House No. CDB-429,Street 27,Saddar,9,4,Portion,Sami Mian,Uzair Tunio,Litigated,Due,Issue Found,Paid,40300000.0
13085,Mustafa Dawood,DEMO-KPT-13085,House No. BR-790,Street 29,Saddar,9,4,Portion,Mustafa Dawood,Armaghan Bhittani,Pending,Paid,Under Review,Due,68500000.0
6294,Samiya Dahri,DEMO-KPT-6294,House No. RB-517,Street 7,Saddar,10,4,Portion,Samiya Dahri,Arham Soomro,Verified,Paid,Clear,Paid,30500000.0
11741,Mahwish Nadeem,DEMO-KPT-11741,House No. CR-865,Street 8,Saddar,10,4,Portion,Mahwish Nadeem,Saqib Mahsud,Pending,Due,Clear,Paid,71400000.0
6359,Lamia Mir,DEMO-KPT-6359,House No. CB-561,Street 10,Saddar,10,4,Portion,Lamia Mir,Sarah Ilyas,Verified,Paid,Issue Found,Due,38500000.0
16809,Jamil Sial,DEMO-KPT-16809,House No. CBR-373,Street 11,Saddar,10,4,Portion,Jamil Sial,Jalal Lughmani,Verified,Due,Under Review,Due,39300000.0
9873,Aleena Sandhu,DEMO-KPT-9873,House No. CD-897,Street 14,Saddar,10,4,Portion,Aleena Sandhu,Jamila Tunio,Litigated,Due,Issue Found,Paid,35200000.0
15154,Tariq Dogar,DEMO-KPT-15154,House No. DCB-669,Street 14,Saddar,10,4,Portion,Tariq Dogar,Shamim Ilyas,Pending,Due,Clear,Paid,43400000.0
13198,Aleena Sipra,DEMO-KPT-13198,House No. DR-890,Street 15,Saddar,10,4,Portion,Aleena Sipra,Yumna Latif,Litigated,Due,Clear,Due,32300000.0
8140,Hafiz Tahir,DEMO-KPT-8140,House No. RR-403,Street 19,Saddar,10,4,Portion,Hafiz Tahir,Sikandar Bijarani,Litigated,Paid,Issue Found,Paid,33500000.0
15149,Shan Kakar,DEMO-KPT-15149,House No. BCD-362,Street 19,Saddar,10,4,Portion,Shan Kakar,Sabih Junejo,Litigated,Paid,Issue Found,Paid,61000000.0
16853,Shabbir Hoti,DEMO-KPT-16853,House No. RCD-420,Street 19,Saddar,10,4,Portion,Shabbir Hoti,Amir Turk,Verified,Paid,Issue Found,Due,23900000.0
9906,Nida Afridi,DEMO-KPT-9906,House No. RC-815,Street 25,Saddar,10,4,Portion,Nida Afridi,Yahya Sohu,Pending,Paid,Under Review,Due,48000000.0
11736,Ismail Cheena,DEMO-KPT-11736,House No. CB-726,Street 26,Saddar,10,4,Portion,Ismail Cheena,Zakir Yousaf,Litigated,Paid,Clear,Paid,39600000.0
8117,Junaid Qadri,DEMO-KPT-8117,House No. DB-497,Street 27,Saddar,10,4,Portion,Junaid Qadri,Farrukh Shah,Pending,Paid,Under Review,Due,34900000.0
8223,Mehreen Majeed,DEMO-KPT-8223,House No. DD-500,Street 3,Saddar,11,4,Portion,Mehreen Majeed,Hanif Riaz,Litigated,Paid,Clear,Due,63600000.0
9975,Majid Sandhu,DEMO-KPT-9975,House No. RB-867,Street 3,Saddar,11,4,Portion,Majid Sandhu,Athar Hanif,Verified,Due,Under Review,Paid,21800000.0
11759,Hira Kasi,DEMO-KPT-11759,House No. BC-322,Street 10,Saddar,11,4,Portion,Hira Kasi,Omer Bajwa,Verified,Paid,Issue Found,Due,40400000.0
16894,Danish Mari,DEMO-KPT-16894,House No. RCD-388,Street 14,Saddar,11,4,Portion,Danish Mari,Amjad Achakzai,Litigated,Due,Under Review,Due,29300000.0
8243,Tamkeen Hussain,DEMO-KPT-8243,House No. DD-550,Street 15,Saddar,11,4,Portion,Tamkeen Hussain,Amber Memon,Verified,Paid,Issue Found,Due,25200000.0
9962,Idrees Shafi,DEMO-KPT-9962,House No. CR-601,Street 18,Saddar,11,4,Portion,Idrees Shafi,Sadia Yousafzai,Pending,Paid,Under Review,Paid,58900000.0
4349,Ihsan Abro,DEMO-KPT-4349,House No. DB-404,Street 19,Saddar,11,4,Portion,Ihsan Abro,Burhan Leghari,Litigated,Paid,Issue Found,Paid,61700000.0
4377,Daniyal Marri,DEMO-KPT-4377,House No. RR-387,Street 20,Saddar,11,4,Portion,Daniyal Marri,Aisha Kazmi,Verified,Paid,Under Review,Paid,73700000.0
13258,Ambreen Usmani,DEMO-KPT-13258,House No. CC-840,Street 20,Saddar,11,4,Portion,Ambreen Usmani,Dilshad Magsi,Pending,Paid,Under Review,Paid,51300000.0
13280,Zarmeen Qadir,DEMO-KPT-13280,House No. BB-694,Street 21,Saddar,11,4,Portion,Zarmeen Qadir,Fozia Usmani,Pending,Paid,Under Review,Paid,43600000.0
16883,Rooman Ghazali,DEMO-KPT-16883,House No. CBR-897,Street 24,Saddar,11,4,Portion,Rooman Ghazali,Waleed Rajput,Pending,Paid,Under Review,Paid,42700000.0
16912,Tahmina Kamal,DEMO-KPT-16912,House No. DBR-358,Street 24,Saddar,11,4,Portion,Tahmina Kamal,Aqsa Ghauri,Verified,Due,Under Review,Due,54400000.0
9998,Unaiza Mirza,DEMO-KPT-9998,House No. CB-401,Street 25,Saddar,11,4,Portion,Unaiza Mirza,Suleman Iqbal,Pending,Due,Issue Found,Due,63600000.0
11798,Salman Lakhani,DEMO-KPT-11798,House No. BB-756,Street 25,Saddar,11,4,Portion,Salman Lakhani,Syeda Mohmand,Pending,Due,Issue Found,Due,69000000.0
9917,Mohsin Shaikh,DEMO-KPT-9917,House No. RD-655,Street 27,Saddar,11,4,Portion,Mohsin Shaikh,Masood Afridi,Pending,Paid,Under Review,Due,26200000.0
10023,Salahuddin Tanvir,DEMO-KPT-10023,House No. RR-467,Street 3,Saddar,12,4,Portion,Salahuddin Tanvir,Waseem Tareen,Litigated,Paid,Clear,Due,72200000.0
15263,Ikram Qureshi,DEMO-KPT-15263,House No. DRC-529,Street 3,Saddar,12,4,Portion,Ikram Qureshi,Kinza Pirzada,Verified,Due,Under Review,Due,63700000.0
6519,Nuzhat Javed,DEMO-KPT-6519,House No. BB-474,Street 4,Saddar,12,4,Portion,Nuzhat Javed,Iftikhar Aslam,Pending,Paid,Under Review,Paid,25200000.0
15291,Amna Bijarani,DEMO-KPT-15291,House No. DBR-636,Street 4,Saddar,12,4,Portion,Amna Bijarani,Humaira Baig,Pending,Due,Clear,Paid,51100000.0
16954,Ismail Abbasi,DEMO-KPT-16954,House No. DCR-351,Street 14,Saddar,12,4,Portion,Ismail Abbasi,Qasim Yasin,Pending,Due,Clear,Paid,31200000.0
10043,Bareera Korai,DEMO-KPT-10043,House No. RB-761,Street 15,Saddar,12,4,Portion,Bareera Korai,Shahmeer Sandhu,Verified,Paid,Issue Found,Due,47500000.0
10048,Hussain Laghari,DEMO-KPT-10048,House No. RB-790,Street 15,Saddar,12,4,Portion,Hussain Laghari,Nabila Mehmood,Litigated,Due,Clear,Due,57200000.0
2484,Momina Mahsud,DEMO-KPT-2484,House No. C-359,Street 18,Saddar,12,4,Portion,Momina Mahsud,Momina Leghari,Litigated,Due,Issue Found,Due,48700000.0
6512,Zubair Kazmi,DEMO-KPT-6512,House No. DC-596,Street 18,Saddar,12,4,Portion,Zubair Kazmi,Ihsan Rafique,Litigated,Paid,Issue Found,Due,55900000.0
13377,Nasreen Soomro,DEMO-KPT-13377,House No. CR-808,Street 20,Saddar,12,4,Portion,Nasreen Soomro,Waleed Javed,Verified,Paid,Under Review,Paid,62800000.0
16992,Khurram Abbasi,DEMO-KPT-16992,House No. DBR-579,Street 22,Saddar,12,4,Portion,Khurram Abbasi,Wahab Zafar,Pending,Due,Under Review,Paid,45200000.0
6533,Numan Bajwa,DEMO-KPT-6533,House No. RB-746,Street 24,Saddar,12,4,Portion,Numan Bajwa,Izhar Awan,Pending,Paid,Under Review,Paid,52700000.0
15304,Shaheen Shinwari,DEMO-KPT-15304,House No. RCB-746,Street 25,Saddar,12,4,Portion,Shaheen Shinwari,Mansoor Ghauri,Verified,Paid,Issue Found,Due,24800000.0
6524,Saba Saif,DEMO-KPT-6524,House No. DD-806,Street 27,Saddar,12,4,Portion,Saba Saif,Raheel Tanvir,Litigated,Paid,Issue Found,Paid,38600000.0
8251,Majid Mir,DEMO-KPT-8251,House No. CR-390,Street 29,Saddar,12,4,Portion,Majid Mir,Muneeba Mazari,Verified,Due,Under Review,Due,24100000.0
10051,Hussain Lodhi,DEMO-KPT-10051,House No. DD-733,Street 29,Saddar,12,4,Portion,Hussain Lodhi,Hussam Mahesar,Verified,Due,Under Review,Due,20000000.0
13428,Haleema Mangi,DEMO-KPT-13428,House No. BB-767,Street 4,Saddar,13,4,Portion,Haleema Mangi,Maham Jaffri,Pending,Paid,Under Review,Due,25300000.0
15341,Mahira Yousafzai,DEMO-KPT-15341,House No. CBR-690,Street 8,Saddar,13,4,Portion,Mahira Yousafzai,Fauzia Ijaz,Pending,Due,Clear,Paid,52900000.0
15339,Nadir Hinjra,DEMO-KPT-15339,House No. BDR-508,Street 9,Saddar,13,4,Portion,Nadir Hinjra,Ayan Lone,Pending,Due,Clear,Paid,41700000.0
10204,Khushbu Yasin,DEMO-KPT-10204,House No. DB-313,Street 14,Saddar,13,4,Portion,Khushbu Yasin,Saher Rajput,Pending,Due,Clear,Paid,49200000.0
6576,Nudrat Buriro,DEMO-KPT-6576,House No. CD-610,Street 17,Saddar,13,4,Portion,Nudrat Buriro,Rustam Daudzai,Pending,Paid,Clear,Paid,68300000.0
11934,Sami Riaz,DEMO-KPT-11934,House No. DB-353,Street 18,Saddar,13,4,Portion,Sami Riaz,Maimoona Zubair,Litigated,Due,Issue Found,Due,48600000.0
2630,Shahida Hayat,DEMO-KPT-2630,House No. R-463,Street 19,Saddar,13,4,Portion,Shahida Hayat,Nizam Shafiq,Verified,Paid,Under Review,Paid,30300000.0
11903,Nimra Unar,DEMO-KPT-11903,House No. DB-888,Street 19,Saddar,13,4,Portion,Nimra Unar,Bahadur Iqbal,Verified,Paid,Issue Found,Due,64100000.0
13430,Hoorain Yasin,DEMO-KPT-13430,House No. CR-853,Street 19,Saddar,13,4,Portion,Hoorain Yasin,Aleena Waheed,Verified,Paid,Under Review,Paid,38900000.0
15333,Benazir Sheikh,DEMO-KPT-15333,House No. CDR-750,Street 24,Saddar,13,4,Portion,Benazir Sheikh,Mubashra Achakzai,Verified,Paid,Under Review,Paid,45800000.0
4598,Kabir Shaikh,DEMO-KPT-4598,House No. DB-476,Street 25,Saddar,13,4,Portion,Kabir Shaikh,Azhar Mengal,Pending,Due,Issue Found,Due,70300000.0
13414,Irfan Wattoo,DEMO-KPT-13414,House No. BC-893,Street 26,Saddar,13,4,Portion,Irfan Wattoo,Junaid Khosa,Pending,Due,Issue Found,Paid,57200000.0
2597,Faisal Sahito,DEMO-KPT-2597,House No. R-692,Street 27,Saddar,13,4,Portion,Faisal Sahito,Akif Unar,Litigated,Paid,Issue Found,Paid,54200000.0
2642,Javeria Rehman,DEMO-KPT-2642,House No. B-791,Street 27,Saddar,13,4,Portion,Javeria Rehman,Nageen Rajper,Verified,Paid,Under Review,Due,51100000.0
15317,Suleman Zaidi,DEMO-KPT-15317,House No. BDR-366,Street 27,Saddar,13,4,Portion,Suleman Zaidi,Nauman Shakir,Pending,Paid,Under Review,Due,31400000.0
11965,Malaika Chaudhry,DEMO-KPT-11965,House No. CR-806,Street 29,Saddar,13,4,Portion,Malaika Chaudhry,Waqar Qureshi,Litigated,Paid,Issue Found,Due,29900000.0
15423,Kashif Toor,DEMO-KPT-15423,House No. RDB-668,Street 3,Saddar,14,4,Portion,Kashif Toor,Khalid Afridi,Litigated,Paid,Clear,Due,21300000.0
8478,Taimur Mehmood,DEMO-KPT-8478,House No. RC-631,Street 4,Saddar,14,4,Portion,Taimur Mehmood,Kaif Zafar,Pending,Paid,Under Review,Due,76500000.0
10293,Ayaz Warraich,DEMO-KPT-10293,House No. RB-674,Street 8,Saddar,14,4,Portion,Ayaz Warraich,Zartaj Tarar,Litigated,Paid,Clear,Due,33300000.0
13443,Aryan Hafeez,DEMO-KPT-13443,House No. BDR-330,Street 8,Saddar,14,4,Portion,Aryan Hafeez,Faiza Jamali,Litigated,Paid,Clear,Due,53900000.0
10248,Sumayya Naqvi,DEMO-KPT-10248,House No. RR-369,Street 9,Saddar,14,4,Portion,Sumayya Naqvi,Anum Imran,Verified,Paid,Issue Found,Due,56900000.0
2709,Zahid Dayo,DEMO-KPT-2709,House No. R-666,Street 15,Saddar,14,4,Portion,Zahid Dayo,Arsalan Mazari,Litigated,Due,Clear,Paid,57000000.0
6690,Hanif Rana,DEMO-KPT-6690,House No. CB-761,Street 15,Saddar,14,4,Portion,Hanif Rana,Sheeba Sindhi,Litigated,Due,Clear,Due,74100000.0
11976,Manzoor Khuhro,DEMO-KPT-11976,House No. RR-764,Street 17,Saddar,14,4,Portion,Manzoor Khuhro,Aneela Ghani,Pending,Paid,Clear,Paid,58000000.0
6599,Shama Mirza,DEMO-KPT-6599,House No. RR-510,Street 19,Saddar,14,4,Portion,Shama Mirza,Maira Mengal,Litigated,Paid,Issue Found,Paid,44300000.0
8480,Rimsha Mir,DEMO-KPT-8480,House No. CB-636,Street 19,Saddar,14,4,Portion,Rimsha Mir,Firdous Popalzai,Verified,Paid,Under Review,Paid,48200000.0
10280,Yameen Sheikh,DEMO-KPT-10280,House No. BB-472,Street 19,Saddar,14,4,Portion,Yameen Sheikh,Mirza Kasi,Verified,Paid,Under Review,Paid,41500000.0
13477,Kanwal Qadir,DEMO-KPT-13477,House No. RCB-722,Street 19,Saddar,14,4,Portion,Kanwal Qadir,Arisha Qureshi,Pending,Due,Issue Found,Paid,79800000.0
6653,Ayesha Zaidi,DEMO-KPT-6653,House No. RB-695,Street 22,Saddar,14,4,Portion,Ayesha Zaidi,Ayub Mengal,Verified,Due,Under Review,Due,59300000.0
8434,Rehana Haral,DEMO-KPT-8434,House No. RC-384,Street 24,Saddar,14,4,Portion,Rehana Haral,Zohair Daudzai,Verified,Paid,Clear,Paid,28900000.0
10307,Jamila Bhutto,DEMO-KPT-10307,House No. DD-392,Street 25,Saddar,14,4,Portion,Jamila Bhutto,Farwa Baig,Verified,Paid,Issue Found,Due,30800000.0
13506,Amna Korai,DEMO-KPT-13506,House No. RBD-305,Street 25,Saddar,14,4,Portion,Amna Korai,Sameen Magsi,Pending,Paid,Under Review,Due,33300000.0
2736,Anmol Samo,DEMO-KPT-2736,House No. B-710,Street 26,Saddar,14,4,Portion,Anmol Samo,Qurat Kamal,Litigated,Paid,Clear,Paid,32300000.0
8464,Gohar Imran,DEMO-KPT-8464,House No. BR-801,Street 26,Saddar,14,4,Portion,Gohar Imran,Taimoor Marwat,Pending,Due,Issue Found,Paid,24200000.0
10292,Bareera Baig,DEMO-KPT-10292,House No. CC-669,Street 27,Saddar,14,4,Portion,Bareera Baig,Arfa Yousafzai,Verified,Paid,Under Review,Due,80000000.0
13609,Ahmed Javed,DEMO-KPT-13609,House No. BRD-895,Street 6,Saddar,15,4,Portion,Ahmed Javed,Nimra Tunio,Verified,Paid,Clear,Due,39500000.0
8544,Haseeb Sardar,DEMO-KPT-8544,House No. DD-839,Street 7,Saddar,15,4,Portion,Haseeb Sardar,Mehrunnisa Wani,Verified,Paid,Clear,Paid,39700000.0
10344,Sahil Orakzai,DEMO-KPT-10344,House No. RB-431,Street 7,Saddar,15,4,Portion,Sahil Orakzai,Sami Rashid,Verified,Paid,Clear,Paid,65600000.0
6693,Ambreen Ghumman,DEMO-KPT-6693,House No. CD-609,Street 8,Saddar,15,4,Portion,Ambreen Ghumman,Sahrish Samo,Litigated,Paid,Clear,Due,30100000.0
10333,Sidrah Javed,DEMO-KPT-10333,House No. CC-405,Street 16,Saddar,15,4,Portion,Sidrah Javed,Aneela Tanvir,Verified,Due,Clear,Due,27600000.0
6790,Tooba Lughmani,DEMO-KPT-6790,House No. BB-636,Street 19,Saddar,15,4,Portion,Tooba Lughmani,Shafaq Unar,Litigated,Paid,Issue Found,Paid,75900000.0
12042,Yumna Dreshak,DEMO-KPT-12042,House No. CR-687,Street 22,Saddar,15,4,Portion,Yumna Dreshak,Shahzad Shaikh,Pending,Due,Under Review,Paid,55100000.0
10356,Inaya Wani,DEMO-KPT-10356,House No. CD-322,Street 25,Saddar,15,4,Portion,Inaya Wani,Iram Talpur,Pending,Paid,Under Review,Due,50800000.0
13670,Sakina Rana,DEMO-KPT-13670,House No. RCB-700,Street 26,Saddar,15,4,Portion,Sakina Rana,Khushbu Rashid,Verified,Paid,Issue Found,Paid,68500000.0
15470,Tabish Shakeel,DEMO-KPT-15470,House No. CBD-870,Street 26,Saddar,15,4,Portion,Tabish Shakeel,Qaiser Tarar,Verified,Paid,Issue Found,Paid,40600000.0
2851,Anam Dogar,DEMO-KPT-2851,House No. C-734,Street 29,Saddar,15,4,Portion,Anam Dogar,Tabassum Sadiq,Verified,Due,Under Review,Due,74600000.0
6785,Sobia Hoti,DEMO-KPT-6785,House No. CR-640,Street 29,Saddar,15,4,Portion,Sobia Hoti,Beenish Unar,Pending,Paid,Under Review,Due,35700000.0
10385,Arfa Panhwar,DEMO-KPT-10385,House No. DR-496,Street 29,Saddar,15,4,Portion,Arfa Panhwar,Liaquat Nasar,Pending,Paid,Under Review,Due,24400000.0
4941,Zaheer Jaffri,DEMO-KPT-4941,House No. BR-342,Street 4,Saddar,16,4,Portion,Zaheer Jaffri,Samra Warsi,Pending,Due,Clear,Paid,33000000.0
15551,Haziq Zafar,DEMO-KPT-15551,House No. CBR-791,Street 12,Saddar,16,4,Portion,Haziq Zafar,Irfan Hussain,Litigated,Paid,Issue Found,Due,39600000.0
4923,Sara Toor,DEMO-KPT-4923,House No. RB-893,Street 14,Saddar,16,4,Portion,Sara Toor,Sumaira Tariq,Litigated,Due,Issue Found,Paid,62800000.0
12133,Aleeza Mahar,DEMO-KPT-12133,House No. CC-482,Street 16,Saddar,16,4,Portion,Aleeza Mahar,Zayan Mian,Verified,Due,Clear,Due,76300000.0
4880,Saira Sadiq,DEMO-KPT-4880,House No. DD-887,Street 19,Saddar,16,4,Portion,Saira Sadiq,Zahra Panezai,Verified,Paid,Under Review,Paid,45800000.0
12101,Yahya Unar,DEMO-KPT-12101,House No. RB-387,Street 19,Saddar,16,4,Portion,Yahya Unar,Zarar Lakhani,Verified,Paid,Issue Found,Paid,77300000.0
12127,Tahira Usmani,DEMO-KPT-12127,House No. BD-510,Street 19,Saddar,16,4,Portion,Tahira Usmani,Armaghan Saeed,Pending,Due,Issue Found,Paid,55500000.0
15562,Raheel Mohammadzai,DEMO-KPT-15562,House No. DCB-875,Street 24,Saddar,16,4,Portion,Raheel Mohammadzai,Adeel Mirani,Verified,Due,Under Review,Due,57400000.0
10448,Rashid Randhawa,DEMO-KPT-10448,House No. RR-823,Street 25,Saddar,16,4,Portion,Rashid Randhawa,Siddique Rana,Pending,Due,Issue Found,Due,65900000.0
4959,Sarfraz Warsi,DEMO-KPT-4959,House No. BB-776,Street 15,Saddar,17,4,Portion,Sarfraz Warsi,Shafaq Farooq,Litigated,Due,Clear,Paid,32000000.0
6962,Naseer Dogar,DEMO-KPT-6962,House No. DR-670,Street 18,Saddar,17,4,Portion,Naseer Dogar,Batool Achakzai,Litigated,Paid,Issue Found,Due,64600000.0
2999,Aneesa Jaffri,DEMO-KPT-2999,House No. R-680,Street 19,Saddar,17,4,Portion,Aneesa Jaffri,Zunaira Afridi,Litigated,Paid,Issue Found,Paid,26900000.0
15599,Subhan Afridi,DEMO-KPT-15599,House No. DBR-823,Street 19,Saddar,17,4,Portion,Subhan Afridi,Tahreem Bashir,Litigated,Paid,Issue Found,Paid,69400000.0
4958,Farzana Marri,DEMO-KPT-4958,House No. BR-355,Street 22,Saddar,17,4,Portion,Farzana Marri,Maryam Mahar,Verified,Paid,Issue Found,Paid,62900000.0
15642,Nayab Hashmi,DEMO-KPT-15642,House No. RBC-453,Street 22,Saddar,17,4,Portion,Nayab Hashmi,Farwa Soomro,Pending,Due,Under Review,Paid,73600000.0
15653,Sagheer Orakzai,DEMO-KPT-15653,House No. RBD-383,Street 22,Saddar,17,4,Portion,Sagheer Orakzai,Zainab Shafi,Verified,Due,Under Review,Due,71500000.0
2962,Umar Gakhar,DEMO-KPT-2962,House No. C-399,Street 24,Saddar,17,4,Portion,Umar Gakhar,Raheel Dawood,Verified,Due,Under Review,Due,22200000.0
6974,Zaynab Mahesar,DEMO-KPT-6974,House No. DC-509,Street 27,Saddar,17,4,Portion,Zaynab Mahesar,Mahad Noor,Litigated,Paid,Issue Found,Paid,37000000.0
5073,Iftikhar Saif,DEMO-KPT-5073,House No. CB-433,Street 3,Saddar,18,4,Portion,Iftikhar Saif,Atif Janjua,Litigated,Paid,Clear,Due,48000000.0
13944,Aslam Khosa,DEMO-KPT-13944,House No. DRB-862,Street 7,Saddar,18,4,Portion,Aslam Khosa,Pervaiz Qadir,Verified,Paid,Clear,Paid,33200000.0
15693,Nasir Peerzada,DEMO-KPT-15693,House No. DBC-441,Street 8,Saddar,18,4,Portion,Nasir Peerzada,Mahira Chattha,Litigated,Paid,Clear,Due,49600000.0
7098,Qasim Rajput,DEMO-KPT-7098,House No. DD-482,Street 9,Saddar,18,4,Portion,Qasim Rajput,Mukarram Marwat,Verified,Paid,Issue Found,Due,24600000.0
10594,Qayyum Bhittani,DEMO-KPT-10594,House No. CC-785,Street 14,Saddar,18,4,Portion,Qayyum Bhittani,Rashid Usmani,Litigated,Due,Under Review,Due,77900000.0
8826,Wania Jadoon,DEMO-KPT-8826,House No. BC-458,Street 17,Saddar,18,4,Portion,Wania Jadoon,Aun Mengal,Pending,Paid,Clear,Paid,26200000.0
5077,Sana Turk,DEMO-KPT-5077,House No. RC-567,Street 24,Saddar,18,4,Portion,Sana Turk,Zaid Sardar,Pending,Due,Issue Found,Due,39400000.0
8783,Fawad Kalhoro,DEMO-KPT-8783,House No. BC-743,Street 24,Saddar,18,4,Portion,Fawad Kalhoro,Hidayat Yousafzai,Pending,Paid,Under Review,Paid,60700000.0
10583,Nageen Akhtar,DEMO-KPT-10583,House No. CD-594,Street 24,Saddar,18,4,Portion,Nageen Akhtar,Ali Zubair,Pending,Paid,Under Review,Paid,70600000.0
3107,Liaquat Randhawa,DEMO-KPT-3107,House No. B-337,Street 25,Saddar,18,4,Portion,Liaquat Randhawa,Tahseen Mazari,Verified,Paid,Issue Found,Due,74500000.0
3156,Farah Orakzai,DEMO-KPT-3156,House No. R-520,Street 25,Saddar,18,4,Portion,Farah Orakzai,Shahbaz Mughal,Pending,Paid,Under Review,Due,72500000.0
5048,Mahjabeen Khokhar,DEMO-KPT-5048,House No. CD-622,Street 25,Saddar,18,4,Portion,Mahjabeen Khokhar,Zarar Akhtar,Pending,Due,Issue Found,Due,27600000.0
15754,Shaheer Kamboh,DEMO-KPT-15754,House No. RDB-744,Street 25,Saddar,18,4,Portion,Shaheer Kamboh,Sumaira Hameed,Verified,Paid,Issue Found,Due,36900000.0
14032,Sumaira Chattha,DEMO-KPT-14032,House No. RBC-877,Street 27,Saddar,18,4,Portion,Sumaira Chattha,Haider Gondal,Litigated,Due,Issue Found,Paid,64800000.0
3185,Hadiqa Bashir,DEMO-KPT-3185,House No. R-846,Street 29,Saddar,18,4,Portion,Hadiqa Bashir,Wajiha Ilyas,Pending,Paid,Under Review,Due,72100000.0
3225,Nida Dreshak,DEMO-KPT-3225,House No. D-645,Street 3,Saddar,19,4,Portion,Nida Dreshak,Burhan Kalhoro,Verified,Due,Under Review,Paid,59300000.0
15825,Anmol Kidwai,DEMO-KPT-15825,House No. BCD-491,Street 3,Saddar,19,4,Portion,Anmol Kidwai,Talat Rind,Verified,Due,Under Review,Paid,77500000.0
3209,Zohaib Mansoor,DEMO-KPT-3209,House No. B-770,Street 10,Saddar,19,4,Portion,Zohaib Mansoor,Anmol Ghumman,Verified,Paid,Issue Found,Due,59900000.0
5153,Sabahat Jamal,DEMO-KPT-5153,House No. RC-300,Street 19,Saddar,19,4,Portion,Sabahat Jamal,Kamran Lodhi,Verified,Paid,Issue Found,Due,61000000.0
7151,Nizam Sardar,DEMO-KPT-7151,House No. CB-351,Street 19,Saddar,19,4,Portion,Nizam Sardar,Sohail Chaudhry,Verified,Paid,Issue Found,Paid,47800000.0
10649,Raza Malik,DEMO-KPT-10649,House No. RR-522,Street 19,Saddar,19,4,Portion,Raza Malik,Zohra Siddiqui,Litigated,Paid,Issue Found,Paid,41100000.0
15779,Mishal Randhawa,DEMO-KPT-15779,House No. CRB-452,Street 22,Saddar,19,4,Portion,Mishal Randhawa,Iffat Dawood,Verified,Due,Clear,Due,38800000.0
7190,Tariq Leghari,DEMO-KPT-7190,House No. BR-630,Street 23,Saddar,19,4,Portion,Tariq Leghari,Rida Kalhoro,Litigated,Paid,Issue Found,Due,20300000.0
12383,Shabbir Shafi,DEMO-KPT-12383,House No. RD-764,Street 24,Saddar,19,4,Portion,Shabbir Shafi,Shamim Imran,Pending,Paid,Under Review,Paid,36300000.0
12386,Younas Mehmood,DEMO-KPT-12386,House No. RR-347,Street 24,Saddar,19,4,Portion,Younas Mehmood,Ayeza Ranjha,Verified,Due,Issue Found,Paid,78500000.0
15832,Akram Khosa,DEMO-KPT-15832,House No. DCR-544,Street 27,Saddar,19,4,Portion,Akram Khosa,Shafay Daudzai,Litigated,Due,Issue Found,Paid,42300000.0
12415,Sibtain Malik,DEMO-KPT-12415,House No. CB-640,Street 29,Saddar,19,4,Portion,Sibtain Malik,Mahira Kazmi,Litigated,Paid,Issue Found,Due,20900000.0
10743,Adil Mohammadzai,DEMO-KPT-10743,House No. CD-517,Street 8,Saddar,20,4,Portion,Adil Mohammadzai,Fauzia Mian,Litigated,Paid,Clear,Due,72500000.0
3401,Erum Hinjra,DEMO-KPT-3401,House No. C-538,Street 12,Saddar,20,4,Portion,Erum Hinjra,Maira Panhwar,Litigated,Paid,Issue Found,Due,66600000.0
5254,Qasim Daudzai,DEMO-KPT-5254,House No. DC-384,Street 14,Saddar,20,4,Portion,Qasim Daudzai,Sajjad Mustafa,Pending,Due,Clear,Paid,71500000.0
5249,Zulfiqar Panezai,DEMO-KPT-5249,House No. DD-866,Street 19,Saddar,20,4,Portion,Zulfiqar Panezai,Salma Qazi,Litigated,Paid,Issue Found,Paid,73700000.0
15953,Wania Shinwari,DEMO-KPT-15953,House No. BRC-870,Street 19,Saddar,20,4,Portion,Wania Shinwari,Sagheer Hussain,Verified,Paid,Issue Found,Due,46500000.0
14180,Ubaid Waheed,DEMO-KPT-14180,House No. CBD-598,Street 21,Saddar,20,4,Portion,Ubaid Waheed,Aashir Haral,Pending,Paid,Under Review,Paid,51000000.0
3386,Rizwaan Tanvir,DEMO-KPT-3386,House No. C-777,Street 24,Saddar,20,4,Portion,Rizwaan Tanvir,Taimoor Kasi,Verified,Due,Issue Found,Paid,42500000.0
7236,Muzammil Talpur,DEMO-KPT-7236,House No. CC-710,Street 26,Saddar,20,4,Portion,Muzammil Talpur,Jamil Panhwar,Litigated,Paid,Clear,Paid,50300000.0
5297,Israr Yazdani,DEMO-KPT-5297,House No. DB-811,Street 27,Saddar,20,4,Portion,Israr Yazdani,Talha Anwar,Litigated,Paid,Issue Found,Paid,47400000.0
3365,Rauf Jaffri,DEMO-KPT-3365,House No. D-378,Street 29,Saddar,20,4,Portion,Rauf Jaffri,Affan Tiwana,Pending,Paid,Clear,Paid,76500000.0
14116,Shabbir Khokhar,DEMO-KPT-14116,House No. BRD-765,Street 30,Saddar,20,4,Portion,Shabbir Khokhar,Sidrah Durrani,Litigated,Due,Issue Found,Due,32100000.0
10875,Ahmed Ijaz,DEMO-KPT-10875,House No. BC-532,Street 3,Tower,1,4,Portion,Ahmed Ijaz,Raheela Chaudhry,Verified,Due,Under Review,Paid,49100000.0
10839,Saeed Qadir,DEMO-KPT-10839,House No. DB-440,Street 9,Tower,1,4,Portion,Saeed Qadir,Shafaq Panhwar,Pending,Due,Clear,Paid,21800000.0
1059,Ahmed Mirza,DEMO-KPT-1059,House No. A-786,Street 11,Tower,1,4,Portion,Ahmed Mirza,Salman Mirza,Verified,Due,Under Review,Due,78900000.0
1509,Sumbal Lodhi,DEMO-KPT-1509,House No. D-566,Street 11,Tower,1,4,Portion,Sumbal Lodhi,Aleena Durrani,Verified,Due,Under Review,Due,20400000.0
4193,Ahsan Usmani,DEMO-KPT-4193,House No. RB-892,Street 15,Tower,1,4,Portion,Ahsan Usmani,Sami Popalzai,Verified,Paid,Issue Found,Due,67200000.0
1562,Tahreem Toor,DEMO-KPT-1562,House No. C-575,Street 18,Tower,1,4,Portion,Tahreem Toor,Ilyas Saeed,Litigated,Paid,Issue Found,Due,49100000.0
13954,Shumaila Baloch,DEMO-KPT-13954,House No. BDC-347,Street 25,Tower,1,4,Portion,Shumaila Baloch,Noor Warraich,Verified,Paid,Issue Found,Due,33400000.0
1574,Rehan Shaikh,DEMO-KPT-1574,House No. B-739,Street 27,Tower,1,4,Portion,Rehan Shaikh,Mahnoor Rafique,Litigated,Paid,Issue Found,Paid,61200000.0
4274,Mahnaz Korai,DEMO-KPT-4274,House No. CD-398,Street 27,Tower,1,4,Portion,Mahnaz Korai,Mehboob Panezai,Litigated,Paid,Issue Found,Paid,23700000.0
4265,Ayesha Haral,DEMO-KPT-4265,House No. CR-586,Street 29,Tower,1,4,Portion,Ayesha Haral,Bilawal Daudzai,Pending,Paid,Clear,Paid,74600000.0
11012,Shaheer Kalhoro,DEMO-KPT-11012,House No. DB-663,Street 18,Tower,2,4,Portion,Shaheer Kalhoro,Nayyar Achakzai,Litigated,Paid,Issue Found,Due,74000000.0
1649,Nadeem Cheena,DEMO-KPT-1649,House No. R-556,Street 19,Tower,2,4,Portion,Nadeem Cheena,Sidrah Rashid,Litigated,Paid,Issue Found,Paid,24000000.0
4384,Rohail Kiani,DEMO-KPT-4384,House No. DD-487,Street 24,Tower,2,4,Portion,Rohail Kiani,Yusuf Butt,Verified,Paid,Clear,Paid,54500000.0
7886,Shafaq Lodhi,DEMO-KPT-7886,House No. BD-652,Street 24,Tower,2,4,Portion,Shafaq Lodhi,Hoor Mari,Verified,Due,Issue Found,Paid,21600000.0
11024,Sabika Bashir,DEMO-KPT-11024,House No. DC-327,Street 27,Tower,2,4,Portion,Sabika Bashir,Zaheer Junejo,Litigated,Paid,Issue Found,Paid,27100000.0
4315,Zoya Waheed,DEMO-KPT-4315,House No. DC-546,Street 29,Tower,2,4,Portion,Zoya Waheed,Eman Sultan,Litigated,Paid,Issue Found,Due,68100000.0
10966,Bahadur Nawaz,DEMO-KPT-10966,House No. CR-860,Street 30,Tower,2,4,Portion,Bahadur Nawaz,Rooman Shaikh,Litigated,Due,Issue Found,Due,29700000.0
1763,Fareed Bugti,DEMO-KPT-1763,House No. D-838,Street 3,Tower,3,4,Portion,Fareed Bugti,Ilyas Buriro,Verified,Due,Under Review,Due,62500000.0
14328,Marwa Bangash,DEMO-KPT-14328,House No. CRB-551,Street 4,Tower,3,4,Portion,Marwa Bangash,Marium Shakeel,Pending,Paid,Under Review,Due,50800000.0
8139,Sarfraz Ghauri,DEMO-KPT-8139,House No. RB-768,Street 9,Tower,3,4,Portion,Sarfraz Ghauri,Shamoon Lughmani,Pending,Due,Clear,Paid,48100000.0
4659,Sumayya Zaidi,DEMO-KPT-4659,House No. CD-896,Street 11,Tower,3,4,Portion,Sumayya Zaidi,Nabila Shah,Verified,Due,Under Review,Due,52400000.0
1103,Danish Qureshi,DEMO-KPT-1103,House No. A-793,Street 19,Tower,3,4,Portion,Danish Qureshi,Ahmed Ahmed,Verified,Paid,Issue Found,Due,55400000.0
8030,Taimur Cheema,DEMO-KPT-8030,House No. RC-403,Street 19,Tower,3,4,Portion,Taimur Cheema,Ashraf Rizvi,Verified,Paid,Under Review,Paid,60900000.0
1108,Zara Noor,DEMO-KPT-1108,House No. A-861,Street 20,Tower,3,4,Portion,Zara Noor,Saad Naeem,Pending,Paid,Under Review,Paid,28100000.0
7977,Rizwaan Waheed,DEMO-KPT-7977,House No. BD-636,Street 20,Tower,3,4,Portion,Rizwaan Waheed,Samad Achakzai,Verified,Paid,Under Review,Paid,76900000.0
4654,Asma Magsi,DEMO-KPT-4654,House No. DC-887,Street 22,Tower,3,4,Portion,Asma Magsi,Aneesa Warraich,Verified,Paid,Issue Found,Due,52000000.0
8129,Iffat Bhittani,DEMO-KPT-8129,House No. DB-576,Street 22,Tower,3,4,Portion,Iffat Bhittani,Shahzad Abro,Verified,Due,Clear,Due,70500000.0
1162,Danish Ahmed,DEMO-KPT-1162,House No. A-767,Street 24,Tower,3,4,Portion,Danish Ahmed,Talha Haider,Verified,Due,Under Review,Due,24800000.0
8057,Warda Peerzada,DEMO-KPT-8057,House No. BD-434,Street 25,Tower,3,4,Portion,Warda Peerzada,Farooq Rabbani,Verified,Paid,Issue Found,Due,60200000.0
11256,Alamgir Yousafzai,DEMO-KPT-11256,House No. CC-867,Street 25,Tower,3,4,Portion,Alamgir Yousafzai,Fakhar Sipra,Pending,Paid,Under Review,Due,50500000.0
14435,Moeen Chaudhry,DEMO-KPT-14435,House No. RBC-864,Street 29,Tower,3,4,Portion,Moeen Chaudhry,Warda Ghazali,Pending,Paid,Under Review,Due,66500000.0
1888,Mansha Khuhro,DEMO-KPT-1888,House No. R-749,Street 7,Tower,4,4,Portion,Mansha Khuhro,Mazhar Pirzada,Litigated,Due,Clear,Due,70500000.0
1948,Zarar Sohu,DEMO-KPT-1948,House No. R-545,Street 15,Tower,4,4,Portion,Zarar Sohu,Zahid Qazi,Litigated,Due,Clear,Due,32400000.0
11259,Rauf Mirani,DEMO-KPT-11259,House No. RC-310,Street 15,Tower,4,4,Portion,Rauf Mirani,Hina Kidwai,Litigated,Due,Clear,Paid,58200000.0
14543,Rashid Sardar,DEMO-KPT-14543,House No. BRC-816,Street 15,Tower,4,4,Portion,Rashid Sardar,Samad Mir,Verified,Paid,Issue Found,Due,30500000.0
8162,Zaynab Leghari,DEMO-KPT-8162,House No. DB-609,Street 18,Tower,4,4,Portion,Zaynab Leghari,Ilyas Ghani,Pending,Paid,Under Review,Paid,22900000.0
11312,Qasim Rabbani,DEMO-KPT-11312,House No. DB-529,Street 18,Tower,4,4,Portion,Qasim Rabbani,Ammar Tiwana,Pending,Paid,Under Review,Paid,42900000.0
14612,Sultan Randhawa,DEMO-KPT-14612,House No. DCR-587,Street 18,Tower,4,4,Portion,Sultan Randhawa,Shafaq Mohammadzai,Litigated,Paid,Issue Found,Due,24800000.0
4799,Zartaj Lakhani,DEMO-KPT-4799,House No. CC-590,Street 19,Tower,4,4,Portion,Zartaj Lakhani,Asad Zahid,Litigated,Paid,Issue Found,Paid,21000000.0
11258,Shahzadi Ghaffar,DEMO-KPT-11258,House No. RR-380,Street 22,Tower,4,4,Portion,Shahzadi Ghaffar,Aneeqa Waheed,Verified,Paid,Issue Found,Paid,34200000.0
14527,Rehan Rana,DEMO-KPT-14527,House No. BCR-712,Street 24,Tower,4,4,Portion,Rehan Rana,Misbah Mian,Pending,Due,Issue Found,Due,30700000.0
1951,Inaya Soomro,DEMO-KPT-1951,House No. R-854,Street 29,Tower,4,4,Portion,Inaya Soomro,Hashir Swati,Verified,Due,Under Review,Due,53000000.0
4893,Sagheer Dar,DEMO-KPT-4893,House No. CD-574,Street 8,Tower,5,4,Portion,Sagheer Dar,Salahuddin Kidwai,Litigated,Paid,Clear,Due,64600000.0
11398,Rubina Bajwa,DEMO-KPT-11398,House No. BC-882,Street 15,Tower,5,4,Portion,Rubina Bajwa,Nadia Minhas,Litigated,Due,Clear,Due,43100000.0
14676,Samad Kazmi,DEMO-KPT-14676,House No. DCR-655,Street 17,Tower,5,4,Portion,Samad Kazmi,Zulekha Jamali,Pending,Paid,Clear,Paid,37400000.0
11453,Shabbir Khan,DEMO-KPT-11453,House No. CD-852,Street 19,Tower,5,4,Portion,Shabbir Khan,Bakhtiar Khalid,Verified,Paid,Issue Found,Due,29000000.0
14630,Rehan Mansoor,DEMO-KPT-14630,House No. DBR-820,Street 21,Tower,5,4,Portion,Rehan Mansoor,Uzma Shakir,Pending,Paid,Under Review,Paid,39500000.0
1234,Saad Siddiqui,DEMO-KPT-1234,House No. A-835,Street 24,Tower,5,4,Portion,Saad Siddiqui,Zara Aslam,Verified,Paid,Clear,Paid,57700000.0
4967,Zohaib Usmani,DEMO-KPT-4967,House No. RD-577,Street 27,Tower,5,4,Portion,Zohaib Usmani,Kabir Wani,Pending,Paid,Under Review,Due,75000000.0
1313,Komal Butt,DEMO-KPT-1313,House No. A-818,Street 3,Tower,6,4,Portion,Komal Butt,Mahnoor Tariq,Verified,Due,Under Review,Due,20500000.0
5169,Rakhshanda Tanoli,DEMO-KPT-5169,House No. DB-644,Street 4,Tower,6,4,Portion,Rakhshanda Tanoli,Mehwish Soomro,Pending,Paid,Under Review,Paid,25300000.0
14748,Suleman Mansoor,DEMO-KPT-14748,House No. CBD-362,Street 9,Tower,6,4,Portion,Suleman Mansoor,Munib Jaffri,Verified,Paid,Issue Found,Due,46500000.0
2309,Haroon Dar,DEMO-KPT-2309,House No. B-703,Street 10,Tower,6,4,Portion,Haroon Dar,Tayyab Achakzai,Verified,Paid,Issue Found,Due,24400000.0
5012,Nouman Tariq,DEMO-KPT-5012,House No. DR-434,Street 18,Tower,6,4,Portion,Nouman Tariq,Nida Daudzai,Pending,Paid,Under Review,Paid,31300000.0
5184,Pervaiz Dar,DEMO-KPT-5184,House No. RD-416,Street 18,Tower,6,4,Portion,Pervaiz Dar,Kabir Mahar,Litigated,Due,Issue Found,Due,24900000.0
1280,Komal Siddiqui,DEMO-KPT-1280,House No. A-599,Street 19,Tower,6,4,Portion,Komal Siddiqui,Fahad Ahmed,Verified,Paid,Under Review,Paid,51100000.0
4990,Nayyar Baloch,DEMO-KPT-4990,House No. BC-693,Street 19,Tower,6,4,Portion,Nayyar Baloch,Shahbaz Ranjha,Litigated,Paid,Issue Found,Paid,27600000.0
8501,Hina Bhatti,DEMO-KPT-8501,House No. RC-396,Street 19,Tower,6,4,Portion,Hina Bhatti,Israr Jafri,Verified,Paid,Issue Found,Paid,47000000.0
5158,Saqib Turk,DEMO-KPT-5158,House No. BB-469,Street 20,Tower,6,4,Portion,Saqib Turk,Saeed Shakir,Pending,Paid,Under Review,Paid,53700000.0
14742,Sumayya Shafiq,DEMO-KPT-14742,House No. CBR-625,Street 22,Tower,6,4,Portion,Sumayya Shafiq,Ghazala Cheema,Pending,Due,Under Review,Paid,58800000.0
11614,Mukarram Khalid,DEMO-KPT-11614,House No. CC-512,Street 26,Tower,6,4,Portion,Mukarram Khalid,Burhan Gandapur,Pending,Due,Issue Found,Paid,47600000.0
1292,Nimra Javed,DEMO-KPT-1292,House No. A-730,Street 27,Tower,6,4,Portion,Nimra Javed,Salman Siddiqui,Verified,Paid,Under Review,Due,37400000.0
2332,Naseer Mahesar,DEMO-KPT-2332,House No. R-552,Street 27,Tower,6,4,Portion,Naseer Mahesar,Farheen Magsi,Litigated,Due,Issue Found,Paid,34100000.0
2373,Sadia Gill,DEMO-KPT-2373,House No. B-726,Street 3,Tower,7,4,Portion,Sadia Gill,Waqas Minhas,Litigated,Paid,Clear,Due,79700000.0
2338,Fariha Kalhoro,DEMO-KPT-2338,House No. R-702,Street 7,Tower,7,4,Portion,Fariha Kalhoro,Sarah Yaqoob,Litigated,Due,Clear,Due,67100000.0
15009,Zain Shakeel,DEMO-KPT-15009,House No. BDR-435,Street 11,Tower,7,4,Portion,Zain Shakeel,Zubair Jogezai,Verified,Due,Under Review,Due,32200000.0
11677,Wajid Chandio,DEMO-KPT-11677,House No. RC-573,Street 19,Tower,7,4,Portion,Wajid Chandio,Ilyas Bashir,Pending,Due,Issue Found,Paid,32900000.0
1340,Owais Aslam,DEMO-KPT-1340,House No. A-75,Street 23,Tower,7,4,Portion,Owais Aslam,Salman Javed,Litigated,Paid,Issue Found,Due,52600000.0
2377,Talal Memon,DEMO-KPT-2377,House No. D-653,Street 24,Tower,7,4,Portion,Talal Memon,Aisha Tunio,Pending,Due,Issue Found,Due,35100000.0
8720,Danish Hameed,DEMO-KPT-8720,House No. CB-537,Street 26,Tower,7,4,Portion,Danish Hameed,Zahra Yaqoob,Verified,Paid,Issue Found,Paid,79800000.0
11782,Ghazanfar Hinjra,DEMO-KPT-11782,House No. RB-485,Street 27,Tower,7,4,Portion,Ghazanfar Hinjra,Aisha Gandapur,Litigated,Due,Issue Found,Paid,62300000.0
15065,Abeera Gill,DEMO-KPT-15065,House No. BDR-311,Street 29,Tower,7,4,Portion,Abeera Gill,Iqra Sultan,Pending,Paid,Clear,Paid,65700000.0
1344,Owais Sheikh,DEMO-KPT-1344,House No. A-137,Street 7,Tower,8,4,Portion,Owais Sheikh,Zara Qureshi,Verified,Paid,Clear,Paid,32500000.0
12048,Arisha Umer,DEMO-KPT-12048,House No. BC-476,Street 9,Tower,8,4,Portion,Arisha Umer,Idrees Sultan,Verified,Paid,Issue Found,Due,73400000.0
8753,Sadaqat Zaidi,DEMO-KPT-8753,House No. CD-316,Street 19,Tower,8,4,Portion,Sadaqat Zaidi,Aslam Lak,Verified,Paid,Issue Found,Due,74000000.0
15192,Farah Ghani,DEMO-KPT-15192,House No. RCB-795,Street 22,Tower,8,4,Portion,Farah Ghani,Nailah Mazari,Pending,Due,Under Review,Paid,44600000.0
1383,Sara Butt,DEMO-KPT-1383,House No. A-467,Street 24,Tower,8,4,Portion,Sara Butt,Sadia Aslam,Verified,Paid,Under Review,Paid,79100000.0
15112,Hidayat Rizvi,DEMO-KPT-15112,House No. DBC-717,Street 24,Tower,8,4,Portion,Hidayat Rizvi,Hadiqa Chattha,Verified,Due,Under Review,Due,68900000.0
1367,Waleed Malik,DEMO-KPT-1367,House No. A-561,Street 27,Tower,8,4,Portion,Waleed Malik,Fatima Butt,Pending,Paid,Under Review,Due,70100000.0
5342,Shakeel Marwat,DEMO-KPT-5342,House No. RB-765,Street 27,Tower,8,4,Portion,Shakeel Marwat,Ehsan Gakhar,Verified,Paid,Under Review,Due,48700000.0
12078,Rida Qadri,DEMO-KPT-12078,House No. CC-344,Street 4,Tower,9,4,Portion,Rida Qadri,Aqeel Peerzada,Pending,Paid,Under Review,Due,52900000.0
5644,Sadia Khalid,DEMO-KPT-5644,House No. BC-722,Street 14,Tower,9,4,Portion,Sadia Khalid,Tayyeb Rajper,Litigated,Due,Under Review,Due,69400000.0
5543,Sonia Minhas,DEMO-KPT-5543,House No. RR-351,Street 15,Tower,9,4,Portion,Sonia Minhas,Mina Palijo,Verified,Paid,Issue Found,Due,43100000.0
1390,Imran Qureshi,DEMO-KPT-1390,House No. A-251,Street 19,Tower,9,4,Portion,Imran Qureshi,Ali Haider,Litigated,Paid,Issue Found,Paid,29400000.0
12080,Majid Tarar,DEMO-KPT-12080,House No. DR-822,Street 19,Tower,9,4,Portion,Majid Tarar,Ihtisham Shaikh,Verified,Paid,Under Review,Paid,47000000.0
12145,Emaan Mughal,DEMO-KPT-12145,House No. RC-466,Street 21,Tower,9,4,Portion,Emaan Mughal,Jannat Naseem,Pending,Due,Under Review,Due,50300000.0
12053,Humaira Jamali,DEMO-KPT-12053,House No. RB-313,Street 22,Tower,9,4,Portion,Humaira Jamali,Shayan Peerzada,Verified,Due,Under Review,Due,28400000.0
15329,Kausar Mir,DEMO-KPT-15329,House No. BRD-609,Street 22,Tower,9,4,Portion,Kausar Mir,Wali Jogezai,Verified,Due,Clear,Due,56100000.0
1428,Hassan Mirza,DEMO-KPT-1428,House No. A-41,Street 27,Tower,9,4,Portion,Hassan Mirza,Laiba Haider,Pending,Paid,Clear,Paid,77100000.0
5624,Liaquat Sahito,DEMO-KPT-5624,House No. CD-591,Street 27,Tower,9,4,Portion,Liaquat Sahito,Ghazala Orakzai,Litigated,Paid,Issue Found,Paid,44800000.0
1385,Sadia Khan,DEMO-KPT-1385,House No. A-204,Street 29,Tower,9,4,Portion,Sadia Khan,Ahsan Noor,Pending,Paid,Under Review,Due,41000000.0
5566,Daniyal Lakhani,DEMO-KPT-5566,House No. BD-496,Street 30,Tower,9,4,Portion,Daniyal Lakhani,Benazir Gondal,Litigated,Due,Issue Found,Due,27900000.0
15459,Rafiq Shakir,DEMO-KPT-15459,House No. RDC-385,Street 11,Tower,10,4,Portion,Rafiq Shakir,Syeda Mahar,Verified,Due,Under Review,Due,27600000.0
5790,Shamoon Haral,DEMO-KPT-5790,House No. BC-805,Street 15,Tower,10,4,Portion,Shamoon Haral,Shayan Bhat,Litigated,Due,Clear,Due,70600000.0
9262,Bisma Mahar,DEMO-KPT-9262,House No. RR-404,Street 24,Tower,10,4,Portion,Bisma Mahar,Sana Warraich,Verified,Due,Under Review,Due,26100000.0
2704,Rida Gill,DEMO-KPT-2704,House No. R-634,Street 25,Tower,10,4,Portion,Rida Gill,Nigar Bukhari,Verified,Paid,Issue Found,Due,41700000.0
12320,Urwa Aslam,DEMO-KPT-12320,House No. RC-822,Street 26,Tower,10,4,Portion,Urwa Aslam,Zafar Pasha,Verified,Paid,Issue Found,Paid,21300000.0
15515,Kanwar Qureshi,DEMO-KPT-15515,House No. RBC-725,Street 29,Tower,10,4,Portion,Kanwar Qureshi,Shafay Rizvi,Pending,Paid,Clear,Paid,42100000.0
5859,Ishaq Lak,DEMO-KPT-5859,House No. DB-420,Street 15,Tower,11,4,Portion,Ishaq Lak,Sadiq Turk,Litigated,Due,Clear,Paid,67900000.0
15634,Jalal Khattak,DEMO-KPT-15634,House No. RCB-349,Street 24,Tower,11,4,Portion,Jalal Khattak,Mehrunnisa Mahar,Verified,Paid,Clear,Paid,59400000.0
2870,Mubashir Sultan,DEMO-KPT-2870,House No. D-804,Street 26,Tower,11,4,Portion,Mubashir Sultan,Sumbal Raza,Verified,Paid,Issue Found,Paid,39200000.0
12563,Ejaz Afridi,DEMO-KPT-12563,House No. BR-507,Street 3,Tower,12,4,Portion,Ejaz Afridi,Mariam Lakhani,Verified,Due,Under Review,Due,69900000.0
15678,Mehak Orakzai,DEMO-KPT-15678,House No. DBR-551,Street 4,Tower,12,4,Portion,Mehak Orakzai,Maryum Pirzada,Pending,Paid,Under Review,Due,30700000.0
3144,Maimoona Ranjha,DEMO-KPT-3144,House No. B-550,Street 7,Tower,12,4,Portion,Maimoona Ranjha,Kausar Sheikh,Verified,Paid,Clear,Paid,54800000.0
15789,Atiya Bhittani,DEMO-KPT-15789,House No. RDB-377,Street 9,Tower,12,4,Portion,Atiya Bhittani,Tahmina Saleem,Pending,Due,Clear,Paid,41300000.0
6126,Malaika Achakzai,DEMO-KPT-6126,House No. RC-879,Street 17,Tower,12,4,Portion,Malaika Achakzai,Faiza Mir,Pending,Paid,Clear,Paid,74000000.0
6062,Ahmed Jadoon,DEMO-KPT-6062,House No. CB-864,Street 18,Tower,12,4,Portion,Ahmed Jadoon,Yusuf Qadri,Litigated,Paid,Issue Found,Due,72600000.0
12708,Mahira Rizvi,DEMO-KPT-12708,House No. BR-654,Street 18,Tower,12,4,Portion,Mahira Rizvi,Tehmina Randhawa,Litigated,Paid,Clear,Due,52000000.0
15898,Nida Mahsud,DEMO-KPT-15898,House No. BRD-813,Street 15,Tower,13,4,Portion,Nida Mahsud,Mubeen Bhittani,Litigated,Due,Clear,Due,51900000.0
12834,Erum Tariq,DEMO-KPT-12834,House No. CC-339,Street 18,Tower,13,4,Portion,Erum Tariq,Komal Waheed,Litigated,Due,Issue Found,Due,66400000.0
12808,Jamila Kakar,DEMO-KPT-12808,House No. CR-483,Street 20,Tower,13,4,Portion,Jamila Kakar,Ali Sahito,Pending,Paid,Under Review,Paid,35700000.0
6382,Athar Riaz,DEMO-KPT-6382,House No. CR-461,Street 27,Tower,13,4,Portion,Athar Riaz,Zehra Shafi,Litigated,Due,Issue Found,Paid,71600000.0
15969,Sidrah Majeed,DEMO-KPT-15969,House No. DRC-668,Street 4,Tower,14,4,Portion,Sidrah Majeed,Rakhshanda Shakir,Pending,Paid,Under Review,Paid,30800000.0
6459,Lubna Gakhar,DEMO-KPT-6459,House No. CC-308,Street 11,Tower,14,4,Portion,Lubna Gakhar,Hina Khattak,Verified,Due,Under Review,Due,33300000.0
6443,Aisha Hafeez,DEMO-KPT-6443,House No. CD-588,Street 15,Tower,14,4,Portion,Aisha Hafeez,Khalid Ghumman,Verified,Paid,Issue Found,Due,42400000.0
9883,Nawaz Anwar,DEMO-KPT-9883,House No. BB-492,Street 16,Tower,14,4,Portion,Nawaz Anwar,Zuha Khattak,Verified,Due,Clear,Due,57200000.0
9851,Mahjabeen Sahito,DEMO-KPT-9851,House No. RD-498,Street 19,Tower,14,4,Portion,Mahjabeen Sahito,Mohib Hussain,Verified,Paid,Issue Found,Paid,59400000.0
6530,Sarfraz Dahri,DEMO-KPT-6530,House No. DR-584,Street 21,Tower,14,4,Portion,Sarfraz Dahri,Unaiza Chaudhry,Pending,Paid,Under Review,Paid,66300000.0
3316,Sarfraz Laghari,DEMO-KPT-3316,House No. D-548,Street 30,Tower,14,4,Portion,Sarfraz Laghari,Husna Hussain,Litigated,Due,Issue Found,Due,72500000.0
16128,Urwa Zia,DEMO-KPT-16128,House No. CRB-794,Street 4,Tower,15,4,Portion,Urwa Zia,Ubaid Lakhani,Pending,Paid,Under Review,Due,40700000.0
9939,Shakeel Gandapur,DEMO-KPT-9939,House No. CD-659,Street 9,Tower,15,4,Portion,Shakeel Gandapur,Fauzia Lughmani,Pending,Due,Clear,Paid,60900000.0
16173,Emaad Shafiq,DEMO-KPT-16173,House No. BDC-871,Street 14,Tower,15,4,Portion,Emaad Shafiq,Dilshad Joiya,Litigated,Due,Issue Found,Paid,39200000.0
3530,Hidayat Sahito,DEMO-KPT-3530,House No. C-319,Street 19,Tower,15,4,Portion,Hidayat Sahito,Lubna Wani,Verified,Paid,Under Review,Paid,27000000.0
13253,Afzal Mehmood,DEMO-KPT-13253,House No. CB-343,Street 19,Tower,15,4,Portion,Afzal Mehmood,Zainab Nawaz,Verified,Paid,Issue Found,Due,48400000.0
6642,Habib Bashir,DEMO-KPT-6642,House No. RB-332,Street 22,Tower,15,4,Portion,Habib Bashir,Mahir Qureshi,Pending,Due,Under Review,Paid,63300000.0
10054,Kashif Hafeez,DEMO-KPT-10054,House No. DD-682,Street 22,Tower,15,4,Portion,Kashif Hafeez,Nasrullah Farooqi,Verified,Paid,Issue Found,Due,36800000.0
6562,Shahzadi Mazari,DEMO-KPT-6562,House No. BC-816,Street 24,Tower,15,4,Portion,Shahzadi Mazari,Mehak Khan,Verified,Due,Under Review,Due,51400000.0
3514,Husna Bugti,DEMO-KPT-3514,House No. D-386,Street 26,Tower,15,4,Portion,Husna Bugti,Basit Unar,Pending,Due,Issue Found,Paid,79100000.0
6825,Hafsa Mazari,DEMO-KPT-6825,House No. RR-476,Street 3,Tower,16,4,Portion,Hafsa Mazari,Khizar Rajput,Verified,Due,Under Review,Paid,30400000.0
6791,Zainab Qazi,DEMO-KPT-6791,House No. DB-319,Street 8,Tower,16,4,Portion,Zainab Qazi,Eman Rehman,Pending,Due,Clear,Paid,35000000.0
13354,Rida Mir,DEMO-KPT-13354,House No. RR-490,Street 14,Tower,16,4,Portion,Rida Mir,Uroosa Ilyas,Pending,Due,Clear,Paid,67200000.0
6701,Sibtain Nadeem,DEMO-KPT-6701,House No. CB-358,Street 19,Tower,16,4,Portion,Sibtain Nadeem,Inam Ghazali,Verified,Paid,Issue Found,Paid,30900000.0
10130,Husna Sahito,DEMO-KPT-10130,House No. RC-512,Street 21,Tower,16,4,Portion,Husna Sahito,Neha Korai,Pending,Paid,Under Review,Paid,31200000.0
10162,Sania Peerzada,DEMO-KPT-10162,House No. DD-505,Street 24,Tower,16,4,Portion,Sania Peerzada,Fawad Qadri,Verified,Due,Under Review,Due,44600000.0
6786,Sabahat Qureshi,DEMO-KPT-6786,House No. RC-439,Street 26,Tower,16,4,Portion,Sabahat Qureshi,Shabana Siddiqui,Litigated,Paid,Clear,Paid,21600000.0
3617,Inshal Kamboh,DEMO-KPT-3617,House No. B-454,Street 27,Tower,16,4,Portion,Inshal Kamboh,Nazia Mangi,Pending,Paid,Under Review,Due,67100000.0
16366,Ahmed Mengal,DEMO-KPT-16366,House No. CDB-442,Street 30,Tower,16,4,Portion,Ahmed Mengal,Arif Tunio,Litigated,Due,Issue Found,Due,39100000.0
3723,Benazir Sadiq,DEMO-KPT-3723,House No. R-841,Street 3,Tower,17,4,Portion,Benazir Sadiq,Gohar Bhurgri,Litigated,Paid,Clear,Due,47300000.0
6969,Maira Tanoli,DEMO-KPT-6969,House No. DB-557,Street 4,Tower,17,4,Portion,Maira Tanoli,Nageen Mohammadzai,Pending,Paid,Under Review,Paid,22900000.0
10238,Aleena Daudzai,DEMO-KPT-10238,House No. DD-350,Street 7,Tower,17,4,Portion,Aleena Daudzai,Rabia Khattak,Litigated,Due,Clear,Paid,68700000.0
3748,Farheen Sultan,DEMO-KPT-3748,House No. C-534,Street 15,Tower,17,4,Portion,Farheen Sultan,Fauzia Hameed,Litigated,Due,Clear,Due,74300000.0
13504,Hoor Jaffri,DEMO-KPT-13504,House No. DBC-521,Street 25,Tower,17,4,Portion,Hoor Jaffri,Waheed Memon,Verified,Paid,Issue Found,Due,66300000.0
3938,Marium Palijo,DEMO-KPT-3938,House No. DR-567,Street 7,Tower,18,4,Portion,Marium Palijo,Fabiha Jamal,Litigated,Due,Clear,Paid,56000000.0
7143,Idrees Qadri,DEMO-KPT-7143,House No. RD-719,Street 8,Tower,18,4,Portion,Idrees Qadri,Jamshed Magsi,Litigated,Paid,Clear,Due,47100000.0
13659,Nabeel Ghazali,DEMO-KPT-13659,House No. BRC-493,Street 11,Tower,18,4,Portion,Nabeel Ghazali,Sadia Mehmood,Verified,Due,Under Review,Due,32100000.0
10359,Benazir Lughmani,DEMO-KPT-10359,House No. DB-629,Street 15,Tower,18,4,Portion,Benazir Lughmani,Saeeda Khokhar,Litigated,Due,Clear,Paid,76300000.0
16627,Ifrah Kidwai,DEMO-KPT-16627,House No. RBC-381,Street 19,Tower,18,4,Portion,Ifrah Kidwai,Athar Kharal,Pending,Due,Issue Found,Paid,28600000.0
13598,Vaqar Qureshi,DEMO-KPT-13598,House No. RBD-727,Street 25,Tower,18,4,Portion,Vaqar Qureshi,Fiza Pasha,Pending,Due,Issue Found,Due,56200000.0
3865,Hafiz Ghumman,DEMO-KPT-3865,House No. RB-381,Street 29,Tower,18,4,Portion,Hafiz Ghumman,Mariam Zardari,Litigated,Paid,Issue Found,Due,64100000.0
7275,Ambreen Gandapur,DEMO-KPT-7275,House No. RC-595,Street 3,Tower,19,4,Portion,Ambreen Gandapur,Aneesa Janjua,Verified,Due,Under Review,Paid,41700000.0
4023,Zartaj Tareen,DEMO-KPT-4023,House No. DB-810,Street 14,Tower,19,4,Portion,Zartaj Tareen,Maaz Kharal,Litigated,Due,Issue Found,Paid,35400000.0
4033,Tayyab Ghumman,DEMO-KPT-4033,House No. RB-815,Street 16,Tower,19,4,Portion,Tayyab Ghumman,Ammar Korai,Verified,Due,Clear,Due,60600000.0
7434,Tabish Magsi,DEMO-KPT-7434,House No. BR-647,Street 18,Tower,19,4,Portion,Tabish Magsi,Rashida Lashari,Litigated,Due,Issue Found,Due,71400000.0
10458,Mehmood Abro,DEMO-KPT-10458,House No. CD-842,Street 18,Tower,19,4,Portion,Mehmood Abro,Maimoona Kharal,Litigated,Paid,Clear,Due,64100000.0
13734,Areeba Tanvir,DEMO-KPT-13734,House No. RBC-326,Street 18,Tower,19,4,Portion,Areeba Tanvir,Zaib Sahito,Litigated,Due,Issue Found,Due,72000000.0
13703,Sheeba Marwat,DEMO-KPT-13703,House No. BCD-681,Street 19,Tower,19,4,Portion,Sheeba Marwat,Ahtisham Shaikh,Verified,Paid,Issue Found,Due,54100000.0
7327,Sadaf Riaz,DEMO-KPT-7327,House No. BC-787,Street 24,Tower,19,4,Portion,Sadaf Riaz,Afzal Waheed,Pending,Due,Issue Found,Due,25400000.0
4056,Raheela Bhatti,DEMO-KPT-4056,House No. CB-382,Street 25,Tower,19,4,Portion,Raheela Bhatti,Saqib Hussain,Pending,Paid,Under Review,Due,65100000.0
10615,Tabassum Mohmand,DEMO-KPT-10615,House No. DC-886,Street 29,Tower,19,4,Portion,Tabassum Mohmand,Kinza Bugti,Litigated,Paid,Issue Found,Due,47900000.0
4173,Rida Mirani,DEMO-KPT-4173,House No. RR-819,Street 3,Tower,20,4,Portion,Rida Mirani,Maaz Sipra,Litigated,Paid,Clear,Due,57800000.0
13941,Rabia Shaikh,DEMO-KPT-13941,House No. DBC-669,Street 4,Tower,20,4,Portion,Rabia Shaikh,Ilyas Korai,Pending,Due,Clear,Paid,30000000.0
4159,Dilshad Dreshak,DEMO-KPT-4159,House No. BB-332,Street 6,Tower,20,4,Portion,Dilshad Dreshak,Basit Wattoo,Verified,Paid,Clear,Due,25000000.0
13848,Tehmina Bettani,DEMO-KPT-13848,House No. BRC-864,Street 9,Tower,20,4,Portion,Tehmina Bettani,Afreen Tahir,Verified,Paid,Issue Found,Due,59100000.0
13923,Raheel Gill,DEMO-KPT-13923,House No. BCR-488,Street 14,Tower,20,4,Portion,Raheel Gill,Kinza Ansari,Litigated,Due,Issue Found,Paid,63200000.0
16915,Shahida Kamal,DEMO-KPT-16915,House No. DCB-620,Street 29,Tower,20,4,Portion,Shahida Kamal,Haseeb Ghauri,Litigated,Paid,Issue Found,Due,39800000.0
